Player,Market,Rung,Odds,Game,Commence,PulledAt
Jalen Hurts,pass_att,22.0,-3400,Philadelphia Eagles @ Jacksonville Jaguars,2026-10-11T13:30:00Z,2026-10-08T19:13+00:00
Jalen Hurts,pass_att,24.0,-1180,Philadelphia Eagles @ Jacksonville Jaguars,2026-10-11T13:30:00Z,2026-10-08T19:13+00:00
Jalen Hurts,pass_att,26.0,-559,Philadelphia Eagles @ Jacksonville Jaguars,2026-10-11T13:30:00Z,2026-10-08T19:13+00:00
Jalen Hurts,pass_att,28.0,-299,Philadelphia Eagles @ Jacksonville Jaguars,2026-10-11T13:30:00Z,2026-10-08T19:13+00:00
Jalen Hurts,pass_att,30.0,-173,Philadelphia Eagles @ Jacksonville Jaguars,2026-10-11T13:30:00Z,2026-10-08T19:13+00:00
Jalen Hurts,pass_att,32.0,-106,Philadelphia Eagles @ Jacksonville Jaguars,2026-10-11T13:30:00Z,2026-10-08T19:13+00:00
Jalen Hurts,pass_att,34.0,154,Philadelphia Eagles @ Jacksonville Jaguars,2026-10-11T13:30:00Z,2026-10-08T19:13+00:00
Jalen Hurts,pass_att,36.0,248,Philadelphia Eagles @ Jacksonville Jaguars,2026-10-11T13:30:00Z,2026-10-08T19:13+00:00
Jalen Hurts,pass_att,38.0,390,Philadelphia Eagles @ Jacksonville Jaguars,2026-10-11T13:30:00Z,2026-10-08T19:13+00:00
Jalen Hurts,pass_att,40.0,620,Philadelphia Eagles @ Jacksonville Jaguars,2026-10-11T13:30:00Z,2026-10-08T19:13+00:00
Jalen Hurts,pass_att,42.0,990,Philadelphia Eagles @ Jacksonville Jaguars,2026-10-11T13:30:00Z,2026-10-08T19:13+00:00
Jalen Hurts,pass_att,44.0,1440,Philadelphia Eagles @ Jacksonville Jaguars,2026-10-11T13:30:00Z,2026-10-08T19:13+00:00
Trevor Lawrence,pass_att,22.0,-2600,Philadelphia Eagles @ Jacksonville Jaguars,2026-10-11T13:30:00Z,2026-10-08T19:13+00:00
Trevor Lawrence,pass_att,24.0,-880,Philadelphia Eagles @ Jacksonville Jaguars,2026-10-11T13:30:00Z,2026-10-08T19:13+00:00
Trevor Lawrence,pass_att,26.0,-397,Philadelphia Eagles @ Jacksonville Jaguars,2026-10-11T13:30:00Z,2026-10-08T19:13+00:00
Trevor Lawrence,pass_att,28.0,-210,Philadelphia Eagles @ Jacksonville Jaguars,2026-10-11T13:30:00Z,2026-10-08T19:13+00:00
Trevor Lawrence,pass_att,30.0,-119,Philadelphia Eagles @ Jacksonville Jaguars,2026-10-11T13:30:00Z,2026-10-08T19:13+00:00
Trevor Lawrence,pass_att,32.0,142,Philadelphia Eagles @ Jacksonville Jaguars,2026-10-11T13:30:00Z,2026-10-08T19:13+00:00
Trevor Lawrence,pass_att,34.0,233,Philadelphia Eagles @ Jacksonville Jaguars,2026-10-11T13:30:00Z,2026-10-08T19:13+00:00
Trevor Lawrence,pass_att,36.0,378,Philadelphia Eagles @ Jacksonville Jaguars,2026-10-11T13:30:00Z,2026-10-08T19:13+00:00
Trevor Lawrence,pass_att,38.0,600,Philadelphia Eagles @ Jacksonville Jaguars,2026-10-11T13:30:00Z,2026-10-08T19:13+00:00
Trevor Lawrence,pass_att,40.0,920,Philadelphia Eagles @ Jacksonville Jaguars,2026-10-11T13:30:00Z,2026-10-08T19:13+00:00
Trevor Lawrence,pass_att,42.0,1420,Philadelphia Eagles @ Jacksonville Jaguars,2026-10-11T13:30:00Z,2026-10-08T19:13+00:00
Trevor Lawrence,pass_cmps,14.0,-2600,Philadelphia Eagles @ Jacksonville Jaguars,2026-10-11T13:30:00Z,2026-10-08T19:13+00:00
Trevor Lawrence,pass_cmps,16.0,-680,Philadelphia Eagles @ Jacksonville Jaguars,2026-10-11T13:30:00Z,2026-10-08T19:13+00:00
Trevor Lawrence,pass_cmps,18.0,-270,Philadelphia Eagles @ Jacksonville Jaguars,2026-10-11T13:30:00Z,2026-10-08T19:13+00:00
Trevor Lawrence,pass_cmps,20.0,-122,Philadelphia Eagles @ Jacksonville Jaguars,2026-10-11T13:30:00Z,2026-10-08T19:13+00:00
Trevor Lawrence,pass_cmps,22.0,166,Philadelphia Eagles @ Jacksonville Jaguars,2026-10-11T13:30:00Z,2026-10-08T19:13+00:00
Trevor Lawrence,pass_cmps,24.0,328,Philadelphia Eagles @ Jacksonville Jaguars,2026-10-11T13:30:00Z,2026-10-08T19:13+00:00
Trevor Lawrence,pass_cmps,26.0,640,Philadelphia Eagles @ Jacksonville Jaguars,2026-10-11T13:30:00Z,2026-10-08T19:13+00:00
Trevor Lawrence,pass_cmps,28.0,1160,Philadelphia Eagles @ Jacksonville Jaguars,2026-10-11T13:30:00Z,2026-10-08T19:13+00:00
Jalen Hurts,pass_cmps,14.0,-950,Philadelphia Eagles @ Jacksonville Jaguars,2026-10-11T13:30:00Z,2026-10-08T19:13+00:00
Jalen Hurts,pass_cmps,16.0,-361,Philadelphia Eagles @ Jacksonville Jaguars,2026-10-11T13:30:00Z,2026-10-08T19:13+00:00
Jalen Hurts,pass_cmps,18.0,-161,Philadelphia Eagles @ Jacksonville Jaguars,2026-10-11T13:30:00Z,2026-10-08T19:13+00:00
Jalen Hurts,pass_cmps,19.0,-113,Philadelphia Eagles @ Jacksonville Jaguars,2026-10-11T13:30:00Z,2026-10-08T19:13+00:00
Jalen Hurts,pass_cmps,20.0,124,Philadelphia Eagles @ Jacksonville Jaguars,2026-10-11T13:30:00Z,2026-10-08T19:13+00:00
Jalen Hurts,pass_cmps,22.0,238,Philadelphia Eagles @ Jacksonville Jaguars,2026-10-11T13:30:00Z,2026-10-08T19:13+00:00
Jalen Hurts,pass_cmps,24.0,456,Philadelphia Eagles @ Jacksonville Jaguars,2026-10-11T13:30:00Z,2026-10-08T19:13+00:00
Jalen Hurts,pass_cmps,26.0,900,Philadelphia Eagles @ Jacksonville Jaguars,2026-10-11T13:30:00Z,2026-10-08T19:13+00:00
Jalen Hurts,pass_cmps,28.0,1600,Philadelphia Eagles @ Jacksonville Jaguars,2026-10-11T13:30:00Z,2026-10-08T19:13+00:00
Trevor Lawrence,pass_yds,150.0,-1320,Philadelphia Eagles @ Jacksonville Jaguars,2026-10-11T13:30:00Z,2026-10-08T19:13+00:00
Trevor Lawrence,pass_yds,160.0,-870,Philadelphia Eagles @ Jacksonville Jaguars,2026-10-11T13:30:00Z,2026-10-08T19:13+00:00
Trevor Lawrence,pass_yds,170.0,-600,Philadelphia Eagles @ Jacksonville Jaguars,2026-10-11T13:30:00Z,2026-10-08T19:13+00:00
Trevor Lawrence,pass_yds,180.0,-431,Philadelphia Eagles @ Jacksonville Jaguars,2026-10-11T13:30:00Z,2026-10-08T19:13+00:00
Trevor Lawrence,pass_yds,190.0,-312,Philadelphia Eagles @ Jacksonville Jaguars,2026-10-11T13:30:00Z,2026-10-08T19:13+00:00
Trevor Lawrence,pass_yds,200.0,-232,Philadelphia Eagles @ Jacksonville Jaguars,2026-10-11T13:30:00Z,2026-10-08T19:13+00:00
Trevor Lawrence,pass_yds,210.0,-178,Philadelphia Eagles @ Jacksonville Jaguars,2026-10-11T13:30:00Z,2026-10-08T19:13+00:00
Trevor Lawrence,pass_yds,220.0,-137,Philadelphia Eagles @ Jacksonville Jaguars,2026-10-11T13:30:00Z,2026-10-08T19:13+00:00
Trevor Lawrence,pass_yds,228.0,-111,Philadelphia Eagles @ Jacksonville Jaguars,2026-10-11T13:30:00Z,2026-10-08T19:13+00:00
Trevor Lawrence,pass_yds,230.0,-105,Philadelphia Eagles @ Jacksonville Jaguars,2026-10-11T13:30:00Z,2026-10-08T19:13+00:00
Trevor Lawrence,pass_yds,240.0,122,Philadelphia Eagles @ Jacksonville Jaguars,2026-10-11T13:30:00Z,2026-10-08T19:13+00:00
Trevor Lawrence,pass_yds,250.0,154,Philadelphia Eagles @ Jacksonville Jaguars,2026-10-11T13:30:00Z,2026-10-08T19:13+00:00
Trevor Lawrence,pass_yds,260.0,195,Philadelphia Eagles @ Jacksonville Jaguars,2026-10-11T13:30:00Z,2026-10-08T19:13+00:00
Trevor Lawrence,pass_yds,270.0,246,Philadelphia Eagles @ Jacksonville Jaguars,2026-10-11T13:30:00Z,2026-10-08T19:13+00:00
Trevor Lawrence,pass_yds,280.0,312,Philadelphia Eagles @ Jacksonville Jaguars,2026-10-11T13:30:00Z,2026-10-08T19:13+00:00
Trevor Lawrence,pass_yds,290.0,404,Philadelphia Eagles @ Jacksonville Jaguars,2026-10-11T13:30:00Z,2026-10-08T19:13+00:00
Trevor Lawrence,pass_yds,300.0,515,Philadelphia Eagles @ Jacksonville Jaguars,2026-10-11T13:30:00Z,2026-10-08T19:13+00:00
Trevor Lawrence,pass_yds,310.0,660,Philadelphia Eagles @ Jacksonville Jaguars,2026-10-11T13:30:00Z,2026-10-08T19:13+00:00
Trevor Lawrence,pass_yds,320.0,850,Philadelphia Eagles @ Jacksonville Jaguars,2026-10-11T13:30:00Z,2026-10-08T19:13+00:00
Trevor Lawrence,pass_yds,330.0,1100,Philadelphia Eagles @ Jacksonville Jaguars,2026-10-11T13:30:00Z,2026-10-08T19:13+00:00
Trevor Lawrence,pass_yds,340.0,1440,Philadelphia Eagles @ Jacksonville Jaguars,2026-10-11T13:30:00Z,2026-10-08T19:13+00:00
Trevor Lawrence,pass_yds,350.0,1840,Philadelphia Eagles @ Jacksonville Jaguars,2026-10-11T13:30:00Z,2026-10-08T19:13+00:00
Trevor Lawrence,pass_yds,360.0,2300,Philadelphia Eagles @ Jacksonville Jaguars,2026-10-11T13:30:00Z,2026-10-08T19:13+00:00
Trevor Lawrence,pass_yds,370.0,2900,Philadelphia Eagles @ Jacksonville Jaguars,2026-10-11T13:30:00Z,2026-10-08T19:13+00:00
Trevor Lawrence,pass_yds,380.0,3600,Philadelphia Eagles @ Jacksonville Jaguars,2026-10-11T13:30:00Z,2026-10-08T19:13+00:00
Jalen Hurts,pass_yds,150.0,-383,Philadelphia Eagles @ Jacksonville Jaguars,2026-10-11T13:30:00Z,2026-10-08T19:13+00:00
Jalen Hurts,pass_yds,160.0,-277,Philadelphia Eagles @ Jacksonville Jaguars,2026-10-11T13:30:00Z,2026-10-08T19:13+00:00
Jalen Hurts,pass_yds,170.0,-205,Philadelphia Eagles @ Jacksonville Jaguars,2026-10-11T13:30:00Z,2026-10-08T19:13+00:00
Jalen Hurts,pass_yds,180.0,-154,Philadelphia Eagles @ Jacksonville Jaguars,2026-10-11T13:30:00Z,2026-10-08T19:13+00:00
Jalen Hurts,pass_yds,190.0,-117,Philadelphia Eagles @ Jacksonville Jaguars,2026-10-11T13:30:00Z,2026-10-08T19:13+00:00
Jalen Hurts,pass_yds,192.0,-111,Philadelphia Eagles @ Jacksonville Jaguars,2026-10-11T13:30:00Z,2026-10-08T19:13+00:00
Jalen Hurts,pass_yds,200.0,113,Philadelphia Eagles @ Jacksonville Jaguars,2026-10-11T13:30:00Z,2026-10-08T19:13+00:00
Jalen Hurts,pass_yds,210.0,145,Philadelphia Eagles @ Jacksonville Jaguars,2026-10-11T13:30:00Z,2026-10-08T19:13+00:00
Jalen Hurts,pass_yds,220.0,189,Philadelphia Eagles @ Jacksonville Jaguars,2026-10-11T13:30:00Z,2026-10-08T19:13+00:00
Jalen Hurts,pass_yds,230.0,245,Philadelphia Eagles @ Jacksonville Jaguars,2026-10-11T13:30:00Z,2026-10-08T19:13+00:00
Jalen Hurts,pass_yds,240.0,318,Philadelphia Eagles @ Jacksonville Jaguars,2026-10-11T13:30:00Z,2026-10-08T19:13+00:00
Jalen Hurts,pass_yds,250.0,417,Philadelphia Eagles @ Jacksonville Jaguars,2026-10-11T13:30:00Z,2026-10-08T19:13+00:00
Jalen Hurts,pass_yds,260.0,532,Philadelphia Eagles @ Jacksonville Jaguars,2026-10-11T13:30:00Z,2026-10-08T19:13+00:00
Jalen Hurts,pass_yds,270.0,690,Philadelphia Eagles @ Jacksonville Jaguars,2026-10-11T13:30:00Z,2026-10-08T19:13+00:00
Jalen Hurts,pass_yds,280.0,900,Philadelphia Eagles @ Jacksonville Jaguars,2026-10-11T13:30:00Z,2026-10-08T19:13+00:00
Jalen Hurts,pass_yds,290.0,1160,Philadelphia Eagles @ Jacksonville Jaguars,2026-10-11T13:30:00Z,2026-10-08T19:13+00:00
Jalen Hurts,pass_yds,300.0,1460,Philadelphia Eagles @ Jacksonville Jaguars,2026-10-11T13:30:00Z,2026-10-08T19:13+00:00
Jalen Hurts,pass_yds,310.0,1840,Philadelphia Eagles @ Jacksonville Jaguars,2026-10-11T13:30:00Z,2026-10-08T19:13+00:00
Jalen Hurts,pass_yds,320.0,2300,Philadelphia Eagles @ Jacksonville Jaguars,2026-10-11T13:30:00Z,2026-10-08T19:13+00:00
Jalen Hurts,pass_yds,330.0,2800,Philadelphia Eagles @ Jacksonville Jaguars,2026-10-11T13:30:00Z,2026-10-08T19:13+00:00
Jalen Hurts,pass_yds,340.0,3400,Philadelphia Eagles @ Jacksonville Jaguars,2026-10-11T13:30:00Z,2026-10-08T19:13+00:00
Parker Washington,rec_yds,15.0,-2600,Philadelphia Eagles @ Jacksonville Jaguars,2026-10-11T13:30:00Z,2026-10-08T19:13+00:00
Parker Washington,rec_yds,25.0,-890,Philadelphia Eagles @ Jacksonville Jaguars,2026-10-11T13:30:00Z,2026-10-08T19:13+00:00
Parker Washington,rec_yds,40.0,-337,Philadelphia Eagles @ Jacksonville Jaguars,2026-10-11T13:30:00Z,2026-10-08T19:13+00:00
Parker Washington,rec_yds,50.0,-200,Philadelphia Eagles @ Jacksonville Jaguars,2026-10-11T13:30:00Z,2026-10-08T19:13+00:00
Parker Washington,rec_yds,60.0,-125,Philadelphia Eagles @ Jacksonville Jaguars,2026-10-11T13:30:00Z,2026-10-08T19:13+00:00
Parker Washington,rec_yds,63.0,-110,Philadelphia Eagles @ Jacksonville Jaguars,2026-10-11T13:30:00Z,2026-10-08T19:13+00:00
Parker Washington,rec_yds,70.0,120,Philadelphia Eagles @ Jacksonville Jaguars,2026-10-11T13:30:00Z,2026-10-08T19:13+00:00
Parker Washington,rec_yds,80.0,177,Philadelphia Eagles @ Jacksonville Jaguars,2026-10-11T13:30:00Z,2026-10-08T19:13+00:00
Parker Washington,rec_yds,90.0,259,Philadelphia Eagles @ Jacksonville Jaguars,2026-10-11T13:30:00Z,2026-10-08T19:13+00:00
Parker Washington,rec_yds,100.0,372,Philadelphia Eagles @ Jacksonville Jaguars,2026-10-11T13:30:00Z,2026-10-08T19:13+00:00
Parker Washington,rec_yds,110.0,530,Philadelphia Eagles @ Jacksonville Jaguars,2026-10-11T13:30:00Z,2026-10-08T19:13+00:00
Parker Washington,rec_yds,120.0,760,Philadelphia Eagles @ Jacksonville Jaguars,2026-10-11T13:30:00Z,2026-10-08T19:13+00:00
Parker Washington,rec_yds,130.0,1080,Philadelphia Eagles @ Jacksonville Jaguars,2026-10-11T13:30:00Z,2026-10-08T19:13+00:00
Parker Washington,rec_yds,140.0,1540,Philadelphia Eagles @ Jacksonville Jaguars,2026-10-11T13:30:00Z,2026-10-08T19:13+00:00
Parker Washington,rec_yds,150.0,2100,Philadelphia Eagles @ Jacksonville Jaguars,2026-10-11T13:30:00Z,2026-10-08T19:13+00:00
Parker Washington,rec_yds,160.0,2900,Philadelphia Eagles @ Jacksonville Jaguars,2026-10-11T13:30:00Z,2026-10-08T19:13+00:00
Parker Washington,rec_yds,170.0,3700,Philadelphia Eagles @ Jacksonville Jaguars,2026-10-11T13:30:00Z,2026-10-08T19:13+00:00
Dontayvion Wicks,rec_yds,15.0,-1080,Philadelphia Eagles @ Jacksonville Jaguars,2026-10-11T13:30:00Z,2026-10-08T19:13+00:00
Dontayvion Wicks,rec_yds,25.0,-423,Philadelphia Eagles @ Jacksonville Jaguars,2026-10-11T13:30:00Z,2026-10-08T19:13+00:00
Dontayvion Wicks,rec_yds,40.0,-166,Philadelphia Eagles @ Jacksonville Jaguars,2026-10-11T13:30:00Z,2026-10-08T19:13+00:00
Dontayvion Wicks,rec_yds,48.0,-110,Philadelphia Eagles @ Jacksonville Jaguars,2026-10-11T13:30:00Z,2026-10-08T19:13+00:00
Dontayvion Wicks,rec_yds,50.0,101,Philadelphia Eagles @ Jacksonville Jaguars,2026-10-11T13:30:00Z,2026-10-08T19:13+00:00
Dontayvion Wicks,rec_yds,60.0,163,Philadelphia Eagles @ Jacksonville Jaguars,2026-10-11T13:30:00Z,2026-10-08T19:13+00:00
Dontayvion Wicks,rec_yds,70.0,258,Philadelphia Eagles @ Jacksonville Jaguars,2026-10-11T13:30:00Z,2026-10-08T19:13+00:00
Dontayvion Wicks,rec_yds,80.0,396,Philadelphia Eagles @ Jacksonville Jaguars,2026-10-11T13:30:00Z,2026-10-08T19:13+00:00
Dontayvion Wicks,rec_yds,90.0,600,Philadelphia Eagles @ Jacksonville Jaguars,2026-10-11T13:30:00Z,2026-10-08T19:13+00:00
Dontayvion Wicks,rec_yds,100.0,900,Philadelphia Eagles @ Jacksonville Jaguars,2026-10-11T13:30:00Z,2026-10-08T19:13+00:00
Dontayvion Wicks,rec_yds,110.0,1320,Philadelphia Eagles @ Jacksonville Jaguars,2026-10-11T13:30:00Z,2026-10-08T19:13+00:00
Dontayvion Wicks,rec_yds,120.0,1980,Philadelphia Eagles @ Jacksonville Jaguars,2026-10-11T13:30:00Z,2026-10-08T19:13+00:00
Dontayvion Wicks,rec_yds,130.0,2900,Philadelphia Eagles @ Jacksonville Jaguars,2026-10-11T13:30:00Z,2026-10-08T19:13+00:00
Dontayvion Wicks,rec_yds,140.0,3900,Philadelphia Eagles @ Jacksonville Jaguars,2026-10-11T13:30:00Z,2026-10-08T19:13+00:00
Jakobi Meyers,rec_yds,15.0,-770,Philadelphia Eagles @ Jacksonville Jaguars,2026-10-11T13:30:00Z,2026-10-08T19:13+00:00
Jakobi Meyers,rec_yds,25.0,-321,Philadelphia Eagles @ Jacksonville Jaguars,2026-10-11T13:30:00Z,2026-10-08T19:13+00:00
Jakobi Meyers,rec_yds,40.0,-132,Philadelphia Eagles @ Jacksonville Jaguars,2026-10-11T13:30:00Z,2026-10-08T19:13+00:00
Jakobi Meyers,rec_yds,43.0,-113,Philadelphia Eagles @ Jacksonville Jaguars,2026-10-11T13:30:00Z,2026-10-08T19:13+00:00
Jakobi Meyers,rec_yds,50.0,126,Philadelphia Eagles @ Jacksonville Jaguars,2026-10-11T13:30:00Z,2026-10-08T19:13+00:00
Jakobi Meyers,rec_yds,60.0,199,Philadelphia Eagles @ Jacksonville Jaguars,2026-10-11T13:30:00Z,2026-10-08T19:13+00:00
Jakobi Meyers,rec_yds,70.0,309,Philadelphia Eagles @ Jacksonville Jaguars,2026-10-11T13:30:00Z,2026-10-08T19:13+00:00
Jakobi Meyers,rec_yds,80.0,474,Philadelphia Eagles @ Jacksonville Jaguars,2026-10-11T13:30:00Z,2026-10-08T19:13+00:00
Jakobi Meyers,rec_yds,90.0,710,Philadelphia Eagles @ Jacksonville Jaguars,2026-10-11T13:30:00Z,2026-10-08T19:13+00:00
Jakobi Meyers,rec_yds,100.0,1080,Philadelphia Eagles @ Jacksonville Jaguars,2026-10-11T13:30:00Z,2026-10-08T19:13+00:00
Jakobi Meyers,rec_yds,110.0,1520,Philadelphia Eagles @ Jacksonville Jaguars,2026-10-11T13:30:00Z,2026-10-08T19:13+00:00
Jakobi Meyers,rec_yds,120.0,2200,Philadelphia Eagles @ Jacksonville Jaguars,2026-10-11T13:30:00Z,2026-10-08T19:13+00:00
Jakobi Meyers,rec_yds,130.0,3100,Philadelphia Eagles @ Jacksonville Jaguars,2026-10-11T13:30:00Z,2026-10-08T19:13+00:00
Brenton Strange,rec_yds,15.0,-483,Philadelphia Eagles @ Jacksonville Jaguars,2026-10-11T13:30:00Z,2026-10-08T19:13+00:00
Brenton Strange,rec_yds,25.0,-209,Philadelphia Eagles @ Jacksonville Jaguars,2026-10-11T13:30:00Z,2026-10-08T19:13+00:00
Brenton Strange,rec_yds,35.0,-111,Philadelphia Eagles @ Jacksonville Jaguars,2026-10-11T13:30:00Z,2026-10-08T19:13+00:00
Brenton Strange,rec_yds,40.0,119,Philadelphia Eagles @ Jacksonville Jaguars,2026-10-11T13:30:00Z,2026-10-08T19:13+00:00
Brenton Strange,rec_yds,50.0,195,Philadelphia Eagles @ Jacksonville Jaguars,2026-10-11T13:30:00Z,2026-10-08T19:13+00:00
Brenton Strange,rec_yds,60.0,315,Philadelphia Eagles @ Jacksonville Jaguars,2026-10-11T13:30:00Z,2026-10-08T19:13+00:00
Brenton Strange,rec_yds,70.0,490,Philadelphia Eagles @ Jacksonville Jaguars,2026-10-11T13:30:00Z,2026-10-08T19:13+00:00
Brenton Strange,rec_yds,80.0,770,Philadelphia Eagles @ Jacksonville Jaguars,2026-10-11T13:30:00Z,2026-10-08T19:13+00:00
Brenton Strange,rec_yds,90.0,1160,Philadelphia Eagles @ Jacksonville Jaguars,2026-10-11T13:30:00Z,2026-10-08T19:13+00:00
Brenton Strange,rec_yds,100.0,1760,Philadelphia Eagles @ Jacksonville Jaguars,2026-10-11T13:30:00Z,2026-10-08T19:13+00:00
Brenton Strange,rec_yds,110.0,2500,Philadelphia Eagles @ Jacksonville Jaguars,2026-10-11T13:30:00Z,2026-10-08T19:13+00:00
Brenton Strange,rec_yds,120.0,3500,Philadelphia Eagles @ Jacksonville Jaguars,2026-10-11T13:30:00Z,2026-10-08T19:13+00:00
Makai Lemon,rec_yds,15.0,-487,Philadelphia Eagles @ Jacksonville Jaguars,2026-10-11T13:30:00Z,2026-10-08T19:13+00:00
Makai Lemon,rec_yds,25.0,-197,Philadelphia Eagles @ Jacksonville Jaguars,2026-10-11T13:30:00Z,2026-10-08T19:13+00:00
Makai Lemon,rec_yds,33.0,-113,Philadelphia Eagles @ Jacksonville Jaguars,2026-10-11T13:30:00Z,2026-10-08T19:13+00:00
Makai Lemon,rec_yds,40.0,138,Philadelphia Eagles @ Jacksonville Jaguars,2026-10-11T13:30:00Z,2026-10-08T19:13+00:00
Makai Lemon,rec_yds,50.0,246,Philadelphia Eagles @ Jacksonville Jaguars,2026-10-11T13:30:00Z,2026-10-08T19:13+00:00
Makai Lemon,rec_yds,60.0,430,Philadelphia Eagles @ Jacksonville Jaguars,2026-10-11T13:30:00Z,2026-10-08T19:13+00:00
Makai Lemon,rec_yds,70.0,720,Philadelphia Eagles @ Jacksonville Jaguars,2026-10-11T13:30:00Z,2026-10-08T19:13+00:00
Makai Lemon,rec_yds,80.0,1160,Philadelphia Eagles @ Jacksonville Jaguars,2026-10-11T13:30:00Z,2026-10-08T19:13+00:00
Makai Lemon,rec_yds,90.0,1800,Philadelphia Eagles @ Jacksonville Jaguars,2026-10-11T13:30:00Z,2026-10-08T19:13+00:00
Makai Lemon,rec_yds,100.0,2700,Philadelphia Eagles @ Jacksonville Jaguars,2026-10-11T13:30:00Z,2026-10-08T19:13+00:00
Makai Lemon,rec_yds,110.0,3900,Philadelphia Eagles @ Jacksonville Jaguars,2026-10-11T13:30:00Z,2026-10-08T19:13+00:00
Brian Thomas Jr,rec_yds,15.0,-229,Philadelphia Eagles @ Jacksonville Jaguars,2026-10-11T13:30:00Z,2026-10-08T19:13+00:00
Brian Thomas Jr,rec_yds,25.0,-108,Philadelphia Eagles @ Jacksonville Jaguars,2026-10-11T13:30:00Z,2026-10-08T19:13+00:00
Brian Thomas Jr,rec_yds,40.0,213,Philadelphia Eagles @ Jacksonville Jaguars,2026-10-11T13:30:00Z,2026-10-08T19:13+00:00
Brian Thomas Jr,rec_yds,50.0,356,Philadelphia Eagles @ Jacksonville Jaguars,2026-10-11T13:30:00Z,2026-10-08T19:13+00:00
Brian Thomas Jr,rec_yds,60.0,580,Philadelphia Eagles @ Jacksonville Jaguars,2026-10-11T13:30:00Z,2026-10-08T19:13+00:00
Brian Thomas Jr,rec_yds,70.0,910,Philadelphia Eagles @ Jacksonville Jaguars,2026-10-11T13:30:00Z,2026-10-08T19:13+00:00
Brian Thomas Jr,rec_yds,80.0,1400,Philadelphia Eagles @ Jacksonville Jaguars,2026-10-11T13:30:00Z,2026-10-08T19:13+00:00
Brian Thomas Jr,rec_yds,90.0,2100,Philadelphia Eagles @ Jacksonville Jaguars,2026-10-11T13:30:00Z,2026-10-08T19:13+00:00
Brian Thomas Jr,rec_yds,100.0,2900,Philadelphia Eagles @ Jacksonville Jaguars,2026-10-11T13:30:00Z,2026-10-08T19:13+00:00
Josh Cameron,rec_yds,11.0,-113,Philadelphia Eagles @ Jacksonville Jaguars,2026-10-11T13:30:00Z,2026-10-08T19:13+00:00
Josh Cameron,rec_yds,15.0,126,Philadelphia Eagles @ Jacksonville Jaguars,2026-10-11T13:30:00Z,2026-10-08T19:13+00:00
Josh Cameron,rec_yds,25.0,260,Philadelphia Eagles @ Jacksonville Jaguars,2026-10-11T13:30:00Z,2026-10-08T19:13+00:00
Josh Cameron,rec_yds,40.0,660,Philadelphia Eagles @ Jacksonville Jaguars,2026-10-11T13:30:00Z,2026-10-08T19:13+00:00
Josh Cameron,rec_yds,50.0,1140,Philadelphia Eagles @ Jacksonville Jaguars,2026-10-11T13:30:00Z,2026-10-08T19:13+00:00
Josh Cameron,rec_yds,60.0,1900,Philadelphia Eagles @ Jacksonville Jaguars,2026-10-11T13:30:00Z,2026-10-08T19:13+00:00
Josh Cameron,rec_yds,70.0,2800,Philadelphia Eagles @ Jacksonville Jaguars,2026-10-11T13:30:00Z,2026-10-08T19:13+00:00
Bhayshul Tuten,rec_yds,10.0,-112,Philadelphia Eagles @ Jacksonville Jaguars,2026-10-11T13:30:00Z,2026-10-08T19:13+00:00
Bhayshul Tuten,rec_yds,15.0,150,Philadelphia Eagles @ Jacksonville Jaguars,2026-10-11T13:30:00Z,2026-10-08T19:13+00:00
Bhayshul Tuten,rec_yds,25.0,322,Philadelphia Eagles @ Jacksonville Jaguars,2026-10-11T13:30:00Z,2026-10-08T19:13+00:00
Bhayshul Tuten,rec_yds,40.0,900,Philadelphia Eagles @ Jacksonville Jaguars,2026-10-11T13:30:00Z,2026-10-08T19:13+00:00
Bhayshul Tuten,rec_yds,50.0,1560,Philadelphia Eagles @ Jacksonville Jaguars,2026-10-11T13:30:00Z,2026-10-08T19:13+00:00
Bhayshul Tuten,rec_yds,60.0,2500,Philadelphia Eagles @ Jacksonville Jaguars,2026-10-11T13:30:00Z,2026-10-08T19:13+00:00
Bhayshul Tuten,rec_yds,70.0,3800,Philadelphia Eagles @ Jacksonville Jaguars,2026-10-11T13:30:00Z,2026-10-08T19:13+00:00
Will Shipley,rec_yds,14.0,-116,Philadelphia Eagles @ Jacksonville Jaguars,2026-10-11T13:30:00Z,2026-10-08T19:13+00:00
Will Shipley,rec_yds,15.0,-103,Philadelphia Eagles @ Jacksonville Jaguars,2026-10-11T13:30:00Z,2026-10-08T19:13+00:00
Will Shipley,rec_yds,25.0,241,Philadelphia Eagles @ Jacksonville Jaguars,2026-10-11T13:30:00Z,2026-10-08T19:13+00:00
Will Shipley,rec_yds,40.0,780,Philadelphia Eagles @ Jacksonville Jaguars,2026-10-11T13:30:00Z,2026-10-08T19:13+00:00
Will Shipley,rec_yds,50.0,1520,Philadelphia Eagles @ Jacksonville Jaguars,2026-10-11T13:30:00Z,2026-10-08T19:13+00:00
Will Shipley,rec_yds,60.0,2700,Philadelphia Eagles @ Jacksonville Jaguars,2026-10-11T13:30:00Z,2026-10-08T19:13+00:00
Will Shipley,rec_yds,70.0,4000,Philadelphia Eagles @ Jacksonville Jaguars,2026-10-11T13:30:00Z,2026-10-08T19:13+00:00
Parker Washington,receptions,3.0,-770,Philadelphia Eagles @ Jacksonville Jaguars,2026-10-11T13:30:00Z,2026-10-08T19:13+00:00
Parker Washington,receptions,4.0,-281,Philadelphia Eagles @ Jacksonville Jaguars,2026-10-11T13:30:00Z,2026-10-08T19:13+00:00
Parker Washington,receptions,5.0,-129,Philadelphia Eagles @ Jacksonville Jaguars,2026-10-11T13:30:00Z,2026-10-08T19:13+00:00
Parker Washington,receptions,6.0,157,Philadelphia Eagles @ Jacksonville Jaguars,2026-10-11T13:30:00Z,2026-10-08T19:13+00:00
Parker Washington,receptions,7.0,307,Philadelphia Eagles @ Jacksonville Jaguars,2026-10-11T13:30:00Z,2026-10-08T19:13+00:00
Parker Washington,receptions,8.0,584,Philadelphia Eagles @ Jacksonville Jaguars,2026-10-11T13:30:00Z,2026-10-08T19:13+00:00
Parker Washington,receptions,9.0,1100,Philadelphia Eagles @ Jacksonville Jaguars,2026-10-11T13:30:00Z,2026-10-08T19:13+00:00
Parker Washington,receptions,10.0,1880,Philadelphia Eagles @ Jacksonville Jaguars,2026-10-11T13:30:00Z,2026-10-08T19:13+00:00
Parker Washington,receptions,11.0,2900,Philadelphia Eagles @ Jacksonville Jaguars,2026-10-11T13:30:00Z,2026-10-08T19:13+00:00
Dontayvion Wicks,receptions,2.0,-1240,Philadelphia Eagles @ Jacksonville Jaguars,2026-10-11T13:30:00Z,2026-10-08T19:13+00:00
Dontayvion Wicks,receptions,3.0,-346,Philadelphia Eagles @ Jacksonville Jaguars,2026-10-11T13:30:00Z,2026-10-08T19:13+00:00
Dontayvion Wicks,receptions,4.0,-142,Philadelphia Eagles @ Jacksonville Jaguars,2026-10-11T13:30:00Z,2026-10-08T19:13+00:00
Dontayvion Wicks,receptions,5.0,152,Philadelphia Eagles @ Jacksonville Jaguars,2026-10-11T13:30:00Z,2026-10-08T19:13+00:00
Dontayvion Wicks,receptions,6.0,316,Philadelphia Eagles @ Jacksonville Jaguars,2026-10-11T13:30:00Z,2026-10-08T19:13+00:00
Dontayvion Wicks,receptions,7.0,630,Philadelphia Eagles @ Jacksonville Jaguars,2026-10-11T13:30:00Z,2026-10-08T19:13+00:00
Dontayvion Wicks,receptions,8.0,1200,Philadelphia Eagles @ Jacksonville Jaguars,2026-10-11T13:30:00Z,2026-10-08T19:13+00:00
Dontayvion Wicks,receptions,9.0,2000,Philadelphia Eagles @ Jacksonville Jaguars,2026-10-11T13:30:00Z,2026-10-08T19:13+00:00
Jakobi Meyers,receptions,2.0,-1080,Philadelphia Eagles @ Jacksonville Jaguars,2026-10-11T13:30:00Z,2026-10-08T19:13+00:00
Jakobi Meyers,receptions,3.0,-303,Philadelphia Eagles @ Jacksonville Jaguars,2026-10-11T13:30:00Z,2026-10-08T19:13+00:00
Jakobi Meyers,receptions,4.0,-121,Philadelphia Eagles @ Jacksonville Jaguars,2026-10-11T13:30:00Z,2026-10-08T19:13+00:00
Jakobi Meyers,receptions,5.0,182,Philadelphia Eagles @ Jacksonville Jaguars,2026-10-11T13:30:00Z,2026-10-08T19:13+00:00
Jakobi Meyers,receptions,6.0,377,Philadelphia Eagles @ Jacksonville Jaguars,2026-10-11T13:30:00Z,2026-10-08T19:13+00:00
Jakobi Meyers,receptions,7.0,760,Philadelphia Eagles @ Jacksonville Jaguars,2026-10-11T13:30:00Z,2026-10-08T19:13+00:00
Jakobi Meyers,receptions,8.0,1460,Philadelphia Eagles @ Jacksonville Jaguars,2026-10-11T13:30:00Z,2026-10-08T19:13+00:00
Jakobi Meyers,receptions,9.0,2400,Philadelphia Eagles @ Jacksonville Jaguars,2026-10-11T13:30:00Z,2026-10-08T19:13+00:00
Makai Lemon,receptions,2.0,-980,Philadelphia Eagles @ Jacksonville Jaguars,2026-10-11T13:30:00Z,2026-10-08T19:13+00:00
Makai Lemon,receptions,3.0,-282,Philadelphia Eagles @ Jacksonville Jaguars,2026-10-11T13:30:00Z,2026-10-08T19:13+00:00
Makai Lemon,receptions,4.0,-118,Philadelphia Eagles @ Jacksonville Jaguars,2026-10-11T13:30:00Z,2026-10-08T19:13+00:00
Makai Lemon,receptions,5.0,185,Philadelphia Eagles @ Jacksonville Jaguars,2026-10-11T13:30:00Z,2026-10-08T19:13+00:00
Makai Lemon,receptions,6.0,380,Philadelphia Eagles @ Jacksonville Jaguars,2026-10-11T13:30:00Z,2026-10-08T19:13+00:00
Makai Lemon,receptions,7.0,740,Philadelphia Eagles @ Jacksonville Jaguars,2026-10-11T13:30:00Z,2026-10-08T19:13+00:00
Makai Lemon,receptions,8.0,1420,Philadelphia Eagles @ Jacksonville Jaguars,2026-10-11T13:30:00Z,2026-10-08T19:13+00:00
Makai Lemon,receptions,9.0,2400,Philadelphia Eagles @ Jacksonville Jaguars,2026-10-11T13:30:00Z,2026-10-08T19:13+00:00
Brenton Strange,receptions,2.0,-790,Philadelphia Eagles @ Jacksonville Jaguars,2026-10-11T13:30:00Z,2026-10-08T19:13+00:00
Brenton Strange,receptions,3.0,-236,Philadelphia Eagles @ Jacksonville Jaguars,2026-10-11T13:30:00Z,2026-10-08T19:13+00:00
Brenton Strange,receptions,4.0,104,Philadelphia Eagles @ Jacksonville Jaguars,2026-10-11T13:30:00Z,2026-10-08T19:13+00:00
Brenton Strange,receptions,5.0,231,Philadelphia Eagles @ Jacksonville Jaguars,2026-10-11T13:30:00Z,2026-10-08T19:13+00:00
Brenton Strange,receptions,6.0,489,Philadelphia Eagles @ Jacksonville Jaguars,2026-10-11T13:30:00Z,2026-10-08T19:13+00:00
Brenton Strange,receptions,7.0,1020,Philadelphia Eagles @ Jacksonville Jaguars,2026-10-11T13:30:00Z,2026-10-08T19:13+00:00
Brenton Strange,receptions,8.0,1860,Philadelphia Eagles @ Jacksonville Jaguars,2026-10-11T13:30:00Z,2026-10-08T19:13+00:00
Will Shipley,receptions,2.0,-337,Philadelphia Eagles @ Jacksonville Jaguars,2026-10-11T13:30:00Z,2026-10-08T19:13+00:00
Will Shipley,receptions,3.0,-113,Philadelphia Eagles @ Jacksonville Jaguars,2026-10-11T13:30:00Z,2026-10-08T19:13+00:00
Will Shipley,receptions,4.0,216,Philadelphia Eagles @ Jacksonville Jaguars,2026-10-11T13:30:00Z,2026-10-08T19:13+00:00
Will Shipley,receptions,5.0,488,Philadelphia Eagles @ Jacksonville Jaguars,2026-10-11T13:30:00Z,2026-10-08T19:13+00:00
Will Shipley,receptions,6.0,1080,Philadelphia Eagles @ Jacksonville Jaguars,2026-10-11T13:30:00Z,2026-10-08T19:13+00:00
Will Shipley,receptions,7.0,2000,Philadelphia Eagles @ Jacksonville Jaguars,2026-10-11T13:30:00Z,2026-10-08T19:13+00:00
Brian Thomas Jr,receptions,2.0,-208,Philadelphia Eagles @ Jacksonville Jaguars,2026-10-11T13:30:00Z,2026-10-08T19:13+00:00
Brian Thomas Jr,receptions,3.0,145,Philadelphia Eagles @ Jacksonville Jaguars,2026-10-11T13:30:00Z,2026-10-08T19:13+00:00
Brian Thomas Jr,receptions,4.0,380,Philadelphia Eagles @ Jacksonville Jaguars,2026-10-11T13:30:00Z,2026-10-08T19:13+00:00
Brian Thomas Jr,receptions,5.0,910,Philadelphia Eagles @ Jacksonville Jaguars,2026-10-11T13:30:00Z,2026-10-08T19:13+00:00
Brian Thomas Jr,receptions,6.0,1880,Philadelphia Eagles @ Jacksonville Jaguars,2026-10-11T13:30:00Z,2026-10-08T19:13+00:00
Bhayshul Tuten,receptions,2.0,-111,Philadelphia Eagles @ Jacksonville Jaguars,2026-10-11T13:30:00Z,2026-10-08T19:13+00:00
Bhayshul Tuten,receptions,3.0,280,Philadelphia Eagles @ Jacksonville Jaguars,2026-10-11T13:30:00Z,2026-10-08T19:13+00:00
Bhayshul Tuten,receptions,4.0,760,Philadelphia Eagles @ Jacksonville Jaguars,2026-10-11T13:30:00Z,2026-10-08T19:13+00:00
Bhayshul Tuten,receptions,5.0,1820,Philadelphia Eagles @ Jacksonville Jaguars,2026-10-11T13:30:00Z,2026-10-08T19:13+00:00
Josh Cameron,receptions,2.0,134,Philadelphia Eagles @ Jacksonville Jaguars,2026-10-11T13:30:00Z,2026-10-08T19:13+00:00
Josh Cameron,receptions,3.0,445,Philadelphia Eagles @ Jacksonville Jaguars,2026-10-11T13:30:00Z,2026-10-08T19:13+00:00
Josh Cameron,receptions,4.0,1280,Philadelphia Eagles @ Jacksonville Jaguars,2026-10-11T13:30:00Z,2026-10-08T19:13+00:00
Josh Cameron,receptions,5.0,2600,Philadelphia Eagles @ Jacksonville Jaguars,2026-10-11T13:30:00Z,2026-10-08T19:13+00:00
Bhayshul Tuten,rush_att,10.0,-1240,Philadelphia Eagles @ Jacksonville Jaguars,2026-10-11T13:30:00Z,2026-10-08T19:13+00:00
Bhayshul Tuten,rush_att,12.0,-443,Philadelphia Eagles @ Jacksonville Jaguars,2026-10-11T13:30:00Z,2026-10-08T19:13+00:00
Bhayshul Tuten,rush_att,14.0,-194,Philadelphia Eagles @ Jacksonville Jaguars,2026-10-11T13:30:00Z,2026-10-08T19:13+00:00
Bhayshul Tuten,rush_att,15.0,-131,Philadelphia Eagles @ Jacksonville Jaguars,2026-10-11T13:30:00Z,2026-10-08T19:13+00:00
Bhayshul Tuten,rush_att,16.0,111,Philadelphia Eagles @ Jacksonville Jaguars,2026-10-11T13:30:00Z,2026-10-08T19:13+00:00
Bhayshul Tuten,rush_att,18.0,229,Philadelphia Eagles @ Jacksonville Jaguars,2026-10-11T13:30:00Z,2026-10-08T19:13+00:00
Bhayshul Tuten,rush_att,20.0,462,Philadelphia Eagles @ Jacksonville Jaguars,2026-10-11T13:30:00Z,2026-10-08T19:13+00:00
Bhayshul Tuten,rush_att,22.0,950,Philadelphia Eagles @ Jacksonville Jaguars,2026-10-11T13:30:00Z,2026-10-08T19:13+00:00
Chris Rodriguez Jr.,rush_att,4.0,-940,Philadelphia Eagles @ Jacksonville Jaguars,2026-10-11T13:30:00Z,2026-10-08T19:13+00:00
Chris Rodriguez Jr.,rush_att,6.0,-222,Philadelphia Eagles @ Jacksonville Jaguars,2026-10-11T13:30:00Z,2026-10-08T19:13+00:00
Chris Rodriguez Jr.,rush_att,7.0,-127,Philadelphia Eagles @ Jacksonville Jaguars,2026-10-11T13:30:00Z,2026-10-08T19:13+00:00
Chris Rodriguez Jr.,rush_att,8.0,130,Philadelphia Eagles @ Jacksonville Jaguars,2026-10-11T13:30:00Z,2026-10-08T19:13+00:00
Chris Rodriguez Jr.,rush_att,10.0,343,Philadelphia Eagles @ Jacksonville Jaguars,2026-10-11T13:30:00Z,2026-10-08T19:13+00:00
Chris Rodriguez Jr.,rush_att,12.0,840,Philadelphia Eagles @ Jacksonville Jaguars,2026-10-11T13:30:00Z,2026-10-08T19:13+00:00
Jalen Hurts,rush_att,4.0,-930,Philadelphia Eagles @ Jacksonville Jaguars,2026-10-11T13:30:00Z,2026-10-08T19:13+00:00
Jalen Hurts,rush_att,6.0,-190,Philadelphia Eagles @ Jacksonville Jaguars,2026-10-11T13:30:00Z,2026-10-08T19:13+00:00
Jalen Hurts,rush_att,7.0,-104,Philadelphia Eagles @ Jacksonville Jaguars,2026-10-11T13:30:00Z,2026-10-08T19:13+00:00
Jalen Hurts,rush_att,8.0,169,Philadelphia Eagles @ Jacksonville Jaguars,2026-10-11T13:30:00Z,2026-10-08T19:13+00:00
Jalen Hurts,rush_att,10.0,499,Philadelphia Eagles @ Jacksonville Jaguars,2026-10-11T13:30:00Z,2026-10-08T19:13+00:00
Jalen Hurts,rush_att,12.0,1300,Philadelphia Eagles @ Jacksonville Jaguars,2026-10-11T13:30:00Z,2026-10-08T19:13+00:00
Trevor Lawrence,rush_att,2.0,-670,Philadelphia Eagles @ Jacksonville Jaguars,2026-10-11T13:30:00Z,2026-10-08T19:13+00:00
Trevor Lawrence,rush_att,4.0,-108,Philadelphia Eagles @ Jacksonville Jaguars,2026-10-11T13:30:00Z,2026-10-08T19:13+00:00
Trevor Lawrence,rush_att,6.0,381,Philadelphia Eagles @ Jacksonville Jaguars,2026-10-11T13:30:00Z,2026-10-08T19:13+00:00
Trevor Lawrence,rush_att,8.0,1460,Philadelphia Eagles @ Jacksonville Jaguars,2026-10-11T13:30:00Z,2026-10-08T19:13+00:00
Bhayshul Tuten,rush_yds,25.0,-2100,Philadelphia Eagles @ Jacksonville Jaguars,2026-10-11T13:30:00Z,2026-10-08T19:13+00:00
Bhayshul Tuten,rush_yds,30.0,-1240,Philadelphia Eagles @ Jacksonville Jaguars,2026-10-11T13:30:00Z,2026-10-08T19:13+00:00
Bhayshul Tuten,rush_yds,40.0,-533,Philadelphia Eagles @ Jacksonville Jaguars,2026-10-11T13:30:00Z,2026-10-08T19:13+00:00
Bhayshul Tuten,rush_yds,50.0,-276,Philadelphia Eagles @ Jacksonville Jaguars,2026-10-11T13:30:00Z,2026-10-08T19:13+00:00
Bhayshul Tuten,rush_yds,60.0,-161,Philadelphia Eagles @ Jacksonville Jaguars,2026-10-11T13:30:00Z,2026-10-08T19:13+00:00
Bhayshul Tuten,rush_yds,68.0,-110,Philadelphia Eagles @ Jacksonville Jaguars,2026-10-11T13:30:00Z,2026-10-08T19:13+00:00
Bhayshul Tuten,rush_yds,70.0,100,Philadelphia Eagles @ Jacksonville Jaguars,2026-10-11T13:30:00Z,2026-10-08T19:13+00:00
Bhayshul Tuten,rush_yds,80.0,156,Philadelphia Eagles @ Jacksonville Jaguars,2026-10-11T13:30:00Z,2026-10-08T19:13+00:00
Bhayshul Tuten,rush_yds,90.0,237,Philadelphia Eagles @ Jacksonville Jaguars,2026-10-11T13:30:00Z,2026-10-08T19:13+00:00
Bhayshul Tuten,rush_yds,100.0,356,Philadelphia Eagles @ Jacksonville Jaguars,2026-10-11T13:30:00Z,2026-10-08T19:13+00:00
Bhayshul Tuten,rush_yds,110.0,521,Philadelphia Eagles @ Jacksonville Jaguars,2026-10-11T13:30:00Z,2026-10-08T19:13+00:00
Bhayshul Tuten,rush_yds,120.0,770,Philadelphia Eagles @ Jacksonville Jaguars,2026-10-11T13:30:00Z,2026-10-08T19:13+00:00
Bhayshul Tuten,rush_yds,130.0,1120,Philadelphia Eagles @ Jacksonville Jaguars,2026-10-11T13:30:00Z,2026-10-08T19:13+00:00
Bhayshul Tuten,rush_yds,140.0,1620,Philadelphia Eagles @ Jacksonville Jaguars,2026-10-11T13:30:00Z,2026-10-08T19:13+00:00
Bhayshul Tuten,rush_yds,150.0,2300,Philadelphia Eagles @ Jacksonville Jaguars,2026-10-11T13:30:00Z,2026-10-08T19:13+00:00
Bhayshul Tuten,rush_yds,160.0,3200,Philadelphia Eagles @ Jacksonville Jaguars,2026-10-11T13:30:00Z,2026-10-08T19:13+00:00
Will Shipley,rush_yds,10.0,-1840,Philadelphia Eagles @ Jacksonville Jaguars,2026-10-11T13:30:00Z,2026-10-08T19:13+00:00
Will Shipley,rush_yds,15.0,-800,Philadelphia Eagles @ Jacksonville Jaguars,2026-10-11T13:30:00Z,2026-10-08T19:13+00:00
Will Shipley,rush_yds,20.0,-426,Philadelphia Eagles @ Jacksonville Jaguars,2026-10-11T13:30:00Z,2026-10-08T19:13+00:00
Will Shipley,rush_yds,25.0,-264,Philadelphia Eagles @ Jacksonville Jaguars,2026-10-11T13:30:00Z,2026-10-08T19:13+00:00
Will Shipley,rush_yds,30.0,-177,Philadelphia Eagles @ Jacksonville Jaguars,2026-10-11T13:30:00Z,2026-10-08T19:13+00:00
Will Shipley,rush_yds,37.0,-111,Philadelphia Eagles @ Jacksonville Jaguars,2026-10-11T13:30:00Z,2026-10-08T19:13+00:00
Will Shipley,rush_yds,40.0,108,Philadelphia Eagles @ Jacksonville Jaguars,2026-10-11T13:30:00Z,2026-10-08T19:13+00:00
Will Shipley,rush_yds,50.0,192,Philadelphia Eagles @ Jacksonville Jaguars,2026-10-11T13:30:00Z,2026-10-08T19:13+00:00
Will Shipley,rush_yds,60.0,312,Philadelphia Eagles @ Jacksonville Jaguars,2026-10-11T13:30:00Z,2026-10-08T19:13+00:00
Will Shipley,rush_yds,70.0,480,Philadelphia Eagles @ Jacksonville Jaguars,2026-10-11T13:30:00Z,2026-10-08T19:13+00:00
Will Shipley,rush_yds,80.0,720,Philadelphia Eagles @ Jacksonville Jaguars,2026-10-11T13:30:00Z,2026-10-08T19:13+00:00
Will Shipley,rush_yds,90.0,1060,Philadelphia Eagles @ Jacksonville Jaguars,2026-10-11T13:30:00Z,2026-10-08T19:13+00:00
Will Shipley,rush_yds,100.0,1540,Philadelphia Eagles @ Jacksonville Jaguars,2026-10-11T13:30:00Z,2026-10-08T19:13+00:00
Will Shipley,rush_yds,110.0,2100,Philadelphia Eagles @ Jacksonville Jaguars,2026-10-11T13:30:00Z,2026-10-08T19:13+00:00
Will Shipley,rush_yds,120.0,2900,Philadelphia Eagles @ Jacksonville Jaguars,2026-10-11T13:30:00Z,2026-10-08T19:13+00:00
Will Shipley,rush_yds,130.0,3800,Philadelphia Eagles @ Jacksonville Jaguars,2026-10-11T13:30:00Z,2026-10-08T19:13+00:00
Chris Rodriguez Jr.,rush_yds,10.0,-750,Philadelphia Eagles @ Jacksonville Jaguars,2026-10-11T13:30:00Z,2026-10-08T19:13+00:00
Chris Rodriguez Jr.,rush_yds,15.0,-390,Philadelphia Eagles @ Jacksonville Jaguars,2026-10-11T13:30:00Z,2026-10-08T19:13+00:00
Chris Rodriguez Jr.,rush_yds,20.0,-230,Philadelphia Eagles @ Jacksonville Jaguars,2026-10-11T13:30:00Z,2026-10-08T19:13+00:00
Chris Rodriguez Jr.,rush_yds,25.0,-148,Philadelphia Eagles @ Jacksonville Jaguars,2026-10-11T13:30:00Z,2026-10-08T19:13+00:00
Chris Rodriguez Jr.,rush_yds,29.0,-108,Philadelphia Eagles @ Jacksonville Jaguars,2026-10-11T13:30:00Z,2026-10-08T19:13+00:00
Chris Rodriguez Jr.,rush_yds,30.0,-101,Philadelphia Eagles @ Jacksonville Jaguars,2026-10-11T13:30:00Z,2026-10-08T19:13+00:00
Chris Rodriguez Jr.,rush_yds,40.0,197,Philadelphia Eagles @ Jacksonville Jaguars,2026-10-11T13:30:00Z,2026-10-08T19:13+00:00
Chris Rodriguez Jr.,rush_yds,50.0,348,Philadelphia Eagles @ Jacksonville Jaguars,2026-10-11T13:30:00Z,2026-10-08T19:13+00:00
Chris Rodriguez Jr.,rush_yds,60.0,596,Philadelphia Eagles @ Jacksonville Jaguars,2026-10-11T13:30:00Z,2026-10-08T19:13+00:00
Chris Rodriguez Jr.,rush_yds,70.0,940,Philadelphia Eagles @ Jacksonville Jaguars,2026-10-11T13:30:00Z,2026-10-08T19:13+00:00
Chris Rodriguez Jr.,rush_yds,80.0,1460,Philadelphia Eagles @ Jacksonville Jaguars,2026-10-11T13:30:00Z,2026-10-08T19:13+00:00
Chris Rodriguez Jr.,rush_yds,90.0,2100,Philadelphia Eagles @ Jacksonville Jaguars,2026-10-11T13:30:00Z,2026-10-08T19:13+00:00
Chris Rodriguez Jr.,rush_yds,100.0,2900,Philadelphia Eagles @ Jacksonville Jaguars,2026-10-11T13:30:00Z,2026-10-08T19:13+00:00
Chris Rodriguez Jr.,rush_yds,110.0,4000,Philadelphia Eagles @ Jacksonville Jaguars,2026-10-11T13:30:00Z,2026-10-08T19:13+00:00
Jalen Hurts,rush_yds,10.0,-740,Philadelphia Eagles @ Jacksonville Jaguars,2026-10-11T13:30:00Z,2026-10-08T19:13+00:00
Jalen Hurts,rush_yds,15.0,-364,Philadelphia Eagles @ Jacksonville Jaguars,2026-10-11T13:30:00Z,2026-10-08T19:13+00:00
Jalen Hurts,rush_yds,20.0,-212,Philadelphia Eagles @ Jacksonville Jaguars,2026-10-11T13:30:00Z,2026-10-08T19:13+00:00
Jalen Hurts,rush_yds,25.0,-135,Philadelphia Eagles @ Jacksonville Jaguars,2026-10-11T13:30:00Z,2026-10-08T19:13+00:00
Jalen Hurts,rush_yds,27.0,-113,Philadelphia Eagles @ Jacksonville Jaguars,2026-10-11T13:30:00Z,2026-10-08T19:13+00:00
Jalen Hurts,rush_yds,30.0,111,Philadelphia Eagles @ Jacksonville Jaguars,2026-10-11T13:30:00Z,2026-10-08T19:13+00:00
Jalen Hurts,rush_yds,40.0,228,Philadelphia Eagles @ Jacksonville Jaguars,2026-10-11T13:30:00Z,2026-10-08T19:13+00:00
Jalen Hurts,rush_yds,50.0,421,Philadelphia Eagles @ Jacksonville Jaguars,2026-10-11T13:30:00Z,2026-10-08T19:13+00:00
Jalen Hurts,rush_yds,60.0,740,Philadelphia Eagles @ Jacksonville Jaguars,2026-10-11T13:30:00Z,2026-10-08T19:13+00:00
Jalen Hurts,rush_yds,70.0,1280,Philadelphia Eagles @ Jacksonville Jaguars,2026-10-11T13:30:00Z,2026-10-08T19:13+00:00
Jalen Hurts,rush_yds,80.0,2000,Philadelphia Eagles @ Jacksonville Jaguars,2026-10-11T13:30:00Z,2026-10-08T19:13+00:00
Jalen Hurts,rush_yds,90.0,3100,Philadelphia Eagles @ Jacksonville Jaguars,2026-10-11T13:30:00Z,2026-10-08T19:13+00:00
Trevor Lawrence,rush_yds,10.0,-212,Philadelphia Eagles @ Jacksonville Jaguars,2026-10-11T13:30:00Z,2026-10-08T19:13+00:00
Trevor Lawrence,rush_yds,15.0,-120,Philadelphia Eagles @ Jacksonville Jaguars,2026-10-11T13:30:00Z,2026-10-08T19:13+00:00
Trevor Lawrence,rush_yds,16.0,-109,Philadelphia Eagles @ Jacksonville Jaguars,2026-10-11T13:30:00Z,2026-10-08T19:13+00:00
Trevor Lawrence,rush_yds,20.0,136,Philadelphia Eagles @ Jacksonville Jaguars,2026-10-11T13:30:00Z,2026-10-08T19:13+00:00
Trevor Lawrence,rush_yds,25.0,209,Philadelphia Eagles @ Jacksonville Jaguars,2026-10-11T13:30:00Z,2026-10-08T19:13+00:00
Trevor Lawrence,rush_yds,30.0,313,Philadelphia Eagles @ Jacksonville Jaguars,2026-10-11T13:30:00Z,2026-10-08T19:13+00:00
Trevor Lawrence,rush_yds,40.0,650,Philadelphia Eagles @ Jacksonville Jaguars,2026-10-11T13:30:00Z,2026-10-08T19:13+00:00
Trevor Lawrence,rush_yds,50.0,1280,Philadelphia Eagles @ Jacksonville Jaguars,2026-10-11T13:30:00Z,2026-10-08T19:13+00:00
Trevor Lawrence,rush_yds,60.0,2100,Philadelphia Eagles @ Jacksonville Jaguars,2026-10-11T13:30:00Z,2026-10-08T19:13+00:00
Trevor Lawrence,rush_yds,70.0,3500,Philadelphia Eagles @ Jacksonville Jaguars,2026-10-11T13:30:00Z,2026-10-08T19:13+00:00
Jordan Love,pass_att,26.0,-1320,Chicago Bears @ Green Bay Packers,2026-10-11T17:00:00Z,2026-10-08T19:13+00:00
Jordan Love,pass_att,28.0,-620,Chicago Bears @ Green Bay Packers,2026-10-11T17:00:00Z,2026-10-08T19:13+00:00
Jordan Love,pass_att,30.0,-320,Chicago Bears @ Green Bay Packers,2026-10-11T17:00:00Z,2026-10-08T19:13+00:00
Jordan Love,pass_att,32.0,-185,Chicago Bears @ Green Bay Packers,2026-10-11T17:00:00Z,2026-10-08T19:13+00:00
Jordan Love,pass_att,34.0,-112,Chicago Bears @ Green Bay Packers,2026-10-11T17:00:00Z,2026-10-08T19:13+00:00
Jordan Love,pass_att,36.0,144,Chicago Bears @ Green Bay Packers,2026-10-11T17:00:00Z,2026-10-08T19:13+00:00
Jordan Love,pass_att,38.0,231,Chicago Bears @ Green Bay Packers,2026-10-11T17:00:00Z,2026-10-08T19:13+00:00
Jordan Love,pass_att,40.0,358,Chicago Bears @ Green Bay Packers,2026-10-11T17:00:00Z,2026-10-08T19:13+00:00
Jordan Love,pass_att,42.0,558,Chicago Bears @ Green Bay Packers,2026-10-11T17:00:00Z,2026-10-08T19:13+00:00
Jordan Love,pass_att,44.0,870,Chicago Bears @ Green Bay Packers,2026-10-11T17:00:00Z,2026-10-08T19:13+00:00
Jordan Love,pass_att,46.0,1280,Chicago Bears @ Green Bay Packers,2026-10-11T17:00:00Z,2026-10-08T19:13+00:00
Tyson Bagent,pass_att,24.0,-1460,Chicago Bears @ Green Bay Packers,2026-10-11T17:00:00Z,2026-10-08T19:13+00:00
Tyson Bagent,pass_att,26.0,-620,Chicago Bears @ Green Bay Packers,2026-10-11T17:00:00Z,2026-10-08T19:13+00:00
Tyson Bagent,pass_att,28.0,-318,Chicago Bears @ Green Bay Packers,2026-10-11T17:00:00Z,2026-10-08T19:13+00:00
Tyson Bagent,pass_att,30.0,-181,Chicago Bears @ Green Bay Packers,2026-10-11T17:00:00Z,2026-10-08T19:13+00:00
Tyson Bagent,pass_att,32.0,-109,Chicago Bears @ Green Bay Packers,2026-10-11T17:00:00Z,2026-10-08T19:13+00:00
Tyson Bagent,pass_att,34.0,147,Chicago Bears @ Green Bay Packers,2026-10-11T17:00:00Z,2026-10-08T19:13+00:00
Tyson Bagent,pass_att,36.0,231,Chicago Bears @ Green Bay Packers,2026-10-11T17:00:00Z,2026-10-08T19:13+00:00
Tyson Bagent,pass_att,38.0,359,Chicago Bears @ Green Bay Packers,2026-10-11T17:00:00Z,2026-10-08T19:13+00:00
Tyson Bagent,pass_att,40.0,551,Chicago Bears @ Green Bay Packers,2026-10-11T17:00:00Z,2026-10-08T19:13+00:00
Tyson Bagent,pass_att,42.0,840,Chicago Bears @ Green Bay Packers,2026-10-11T17:00:00Z,2026-10-08T19:13+00:00
Tyson Bagent,pass_att,44.0,1260,Chicago Bears @ Green Bay Packers,2026-10-11T17:00:00Z,2026-10-08T19:13+00:00
Jordan Love,pass_cmps,16.0,-1260,Chicago Bears @ Green Bay Packers,2026-10-11T17:00:00Z,2026-10-08T19:13+00:00
Jordan Love,pass_cmps,18.0,-452,Chicago Bears @ Green Bay Packers,2026-10-11T17:00:00Z,2026-10-08T19:13+00:00
Jordan Love,pass_cmps,20.0,-197,Chicago Bears @ Green Bay Packers,2026-10-11T17:00:00Z,2026-10-08T19:13+00:00
Jordan Love,pass_cmps,22.0,105,Chicago Bears @ Green Bay Packers,2026-10-11T17:00:00Z,2026-10-08T19:13+00:00
Jordan Love,pass_cmps,24.0,207,Chicago Bears @ Green Bay Packers,2026-10-11T17:00:00Z,2026-10-08T19:13+00:00
Jordan Love,pass_cmps,26.0,404,Chicago Bears @ Green Bay Packers,2026-10-11T17:00:00Z,2026-10-08T19:13+00:00
Jordan Love,pass_cmps,28.0,770,Chicago Bears @ Green Bay Packers,2026-10-11T17:00:00Z,2026-10-08T19:13+00:00
Jordan Love,pass_cmps,30.0,1380,Chicago Bears @ Green Bay Packers,2026-10-11T17:00:00Z,2026-10-08T19:13+00:00
Tyson Bagent,pass_cmps,16.0,-980,Chicago Bears @ Green Bay Packers,2026-10-11T17:00:00Z,2026-10-08T19:13+00:00
Tyson Bagent,pass_cmps,18.0,-375,Chicago Bears @ Green Bay Packers,2026-10-11T17:00:00Z,2026-10-08T19:13+00:00
Tyson Bagent,pass_cmps,20.0,-165,Chicago Bears @ Green Bay Packers,2026-10-11T17:00:00Z,2026-10-08T19:13+00:00
Tyson Bagent,pass_cmps,21.0,-115,Chicago Bears @ Green Bay Packers,2026-10-11T17:00:00Z,2026-10-08T19:13+00:00
Tyson Bagent,pass_cmps,22.0,123,Chicago Bears @ Green Bay Packers,2026-10-11T17:00:00Z,2026-10-08T19:13+00:00
Tyson Bagent,pass_cmps,24.0,238,Chicago Bears @ Green Bay Packers,2026-10-11T17:00:00Z,2026-10-08T19:13+00:00
Tyson Bagent,pass_cmps,26.0,445,Chicago Bears @ Green Bay Packers,2026-10-11T17:00:00Z,2026-10-08T19:13+00:00
Tyson Bagent,pass_cmps,28.0,840,Chicago Bears @ Green Bay Packers,2026-10-11T17:00:00Z,2026-10-08T19:13+00:00
Tyson Bagent,pass_cmps,30.0,1500,Chicago Bears @ Green Bay Packers,2026-10-11T17:00:00Z,2026-10-08T19:13+00:00
Jordan Love,pass_yds,160.0,-1060,Chicago Bears @ Green Bay Packers,2026-10-11T17:00:00Z,2026-10-08T19:13+00:00
Jordan Love,pass_yds,170.0,-740,Chicago Bears @ Green Bay Packers,2026-10-11T17:00:00Z,2026-10-08T19:13+00:00
Jordan Love,pass_yds,180.0,-527,Chicago Bears @ Green Bay Packers,2026-10-11T17:00:00Z,2026-10-08T19:13+00:00
Jordan Love,pass_yds,190.0,-382,Chicago Bears @ Green Bay Packers,2026-10-11T17:00:00Z,2026-10-08T19:13+00:00
Jordan Love,pass_yds,200.0,-284,Chicago Bears @ Green Bay Packers,2026-10-11T17:00:00Z,2026-10-08T19:13+00:00
Jordan Love,pass_yds,210.0,-214,Chicago Bears @ Green Bay Packers,2026-10-11T17:00:00Z,2026-10-08T19:13+00:00
Jordan Love,pass_yds,220.0,-165,Chicago Bears @ Green Bay Packers,2026-10-11T17:00:00Z,2026-10-08T19:13+00:00
Jordan Love,pass_yds,230.0,-128,Chicago Bears @ Green Bay Packers,2026-10-11T17:00:00Z,2026-10-08T19:13+00:00
Jordan Love,pass_yds,235.0,-113,Chicago Bears @ Green Bay Packers,2026-10-11T17:00:00Z,2026-10-08T19:13+00:00
Jordan Love,pass_yds,240.0,100,Chicago Bears @ Green Bay Packers,2026-10-11T17:00:00Z,2026-10-08T19:13+00:00
Jordan Love,pass_yds,250.0,128,Chicago Bears @ Green Bay Packers,2026-10-11T17:00:00Z,2026-10-08T19:13+00:00
Jordan Love,pass_yds,260.0,161,Chicago Bears @ Green Bay Packers,2026-10-11T17:00:00Z,2026-10-08T19:13+00:00
Jordan Love,pass_yds,270.0,203,Chicago Bears @ Green Bay Packers,2026-10-11T17:00:00Z,2026-10-08T19:13+00:00
Jordan Love,pass_yds,280.0,259,Chicago Bears @ Green Bay Packers,2026-10-11T17:00:00Z,2026-10-08T19:13+00:00
Jordan Love,pass_yds,290.0,330,Chicago Bears @ Green Bay Packers,2026-10-11T17:00:00Z,2026-10-08T19:13+00:00
Jordan Love,pass_yds,300.0,418,Chicago Bears @ Green Bay Packers,2026-10-11T17:00:00Z,2026-10-08T19:13+00:00
Jordan Love,pass_yds,310.0,534,Chicago Bears @ Green Bay Packers,2026-10-11T17:00:00Z,2026-10-08T19:13+00:00
Jordan Love,pass_yds,320.0,670,Chicago Bears @ Green Bay Packers,2026-10-11T17:00:00Z,2026-10-08T19:13+00:00
Jordan Love,pass_yds,330.0,850,Chicago Bears @ Green Bay Packers,2026-10-11T17:00:00Z,2026-10-08T19:13+00:00
Jordan Love,pass_yds,340.0,1120,Chicago Bears @ Green Bay Packers,2026-10-11T17:00:00Z,2026-10-08T19:13+00:00
Jordan Love,pass_yds,350.0,1380,Chicago Bears @ Green Bay Packers,2026-10-11T17:00:00Z,2026-10-08T19:13+00:00
Jordan Love,pass_yds,360.0,1700,Chicago Bears @ Green Bay Packers,2026-10-11T17:00:00Z,2026-10-08T19:13+00:00
Jordan Love,pass_yds,370.0,2100,Chicago Bears @ Green Bay Packers,2026-10-11T17:00:00Z,2026-10-08T19:13+00:00
Jordan Love,pass_yds,380.0,2600,Chicago Bears @ Green Bay Packers,2026-10-11T17:00:00Z,2026-10-08T19:13+00:00
Jordan Love,pass_yds,390.0,3200,Chicago Bears @ Green Bay Packers,2026-10-11T17:00:00Z,2026-10-08T19:13+00:00
Jordan Love,pass_yds,400.0,3900,Chicago Bears @ Green Bay Packers,2026-10-11T17:00:00Z,2026-10-08T19:13+00:00
Tyson Bagent,pass_yds,150.0,-950,Chicago Bears @ Green Bay Packers,2026-10-11T17:00:00Z,2026-10-08T19:13+00:00
Tyson Bagent,pass_yds,160.0,-640,Chicago Bears @ Green Bay Packers,2026-10-11T17:00:00Z,2026-10-08T19:13+00:00
Tyson Bagent,pass_yds,170.0,-452,Chicago Bears @ Green Bay Packers,2026-10-11T17:00:00Z,2026-10-08T19:13+00:00
Tyson Bagent,pass_yds,180.0,-328,Chicago Bears @ Green Bay Packers,2026-10-11T17:00:00Z,2026-10-08T19:13+00:00
Tyson Bagent,pass_yds,190.0,-244,Chicago Bears @ Green Bay Packers,2026-10-11T17:00:00Z,2026-10-08T19:13+00:00
Tyson Bagent,pass_yds,200.0,-185,Chicago Bears @ Green Bay Packers,2026-10-11T17:00:00Z,2026-10-08T19:13+00:00
Tyson Bagent,pass_yds,210.0,-141,Chicago Bears @ Green Bay Packers,2026-10-11T17:00:00Z,2026-10-08T19:13+00:00
Tyson Bagent,pass_yds,219.0,-111,Chicago Bears @ Green Bay Packers,2026-10-11T17:00:00Z,2026-10-08T19:13+00:00
Tyson Bagent,pass_yds,220.0,-108,Chicago Bears @ Green Bay Packers,2026-10-11T17:00:00Z,2026-10-08T19:13+00:00
Tyson Bagent,pass_yds,230.0,118,Chicago Bears @ Green Bay Packers,2026-10-11T17:00:00Z,2026-10-08T19:13+00:00
Tyson Bagent,pass_yds,240.0,151,Chicago Bears @ Green Bay Packers,2026-10-11T17:00:00Z,2026-10-08T19:13+00:00
Tyson Bagent,pass_yds,250.0,195,Chicago Bears @ Green Bay Packers,2026-10-11T17:00:00Z,2026-10-08T19:13+00:00
Tyson Bagent,pass_yds,260.0,249,Chicago Bears @ Green Bay Packers,2026-10-11T17:00:00Z,2026-10-08T19:13+00:00
Tyson Bagent,pass_yds,270.0,317,Chicago Bears @ Green Bay Packers,2026-10-11T17:00:00Z,2026-10-08T19:13+00:00
Tyson Bagent,pass_yds,280.0,404,Chicago Bears @ Green Bay Packers,2026-10-11T17:00:00Z,2026-10-08T19:13+00:00
Tyson Bagent,pass_yds,290.0,524,Chicago Bears @ Green Bay Packers,2026-10-11T17:00:00Z,2026-10-08T19:13+00:00
Tyson Bagent,pass_yds,300.0,670,Chicago Bears @ Green Bay Packers,2026-10-11T17:00:00Z,2026-10-08T19:13+00:00
Tyson Bagent,pass_yds,310.0,880,Chicago Bears @ Green Bay Packers,2026-10-11T17:00:00Z,2026-10-08T19:13+00:00
Tyson Bagent,pass_yds,320.0,1160,Chicago Bears @ Green Bay Packers,2026-10-11T17:00:00Z,2026-10-08T19:13+00:00
Tyson Bagent,pass_yds,330.0,1480,Chicago Bears @ Green Bay Packers,2026-10-11T17:00:00Z,2026-10-08T19:13+00:00
Tyson Bagent,pass_yds,340.0,1840,Chicago Bears @ Green Bay Packers,2026-10-11T17:00:00Z,2026-10-08T19:13+00:00
Tyson Bagent,pass_yds,350.0,2200,Chicago Bears @ Green Bay Packers,2026-10-11T17:00:00Z,2026-10-08T19:13+00:00
Tyson Bagent,pass_yds,360.0,2900,Chicago Bears @ Green Bay Packers,2026-10-11T17:00:00Z,2026-10-08T19:13+00:00
Tyson Bagent,pass_yds,370.0,3600,Chicago Bears @ Green Bay Packers,2026-10-11T17:00:00Z,2026-10-08T19:13+00:00
Christian Watson,rec_yds,15.0,-1920,Chicago Bears @ Green Bay Packers,2026-10-11T17:00:00Z,2026-10-08T19:13+00:00
Christian Watson,rec_yds,25.0,-760,Chicago Bears @ Green Bay Packers,2026-10-11T17:00:00Z,2026-10-08T19:13+00:00
Christian Watson,rec_yds,40.0,-294,Chicago Bears @ Green Bay Packers,2026-10-11T17:00:00Z,2026-10-08T19:13+00:00
Christian Watson,rec_yds,50.0,-178,Chicago Bears @ Green Bay Packers,2026-10-11T17:00:00Z,2026-10-08T19:13+00:00
Christian Watson,rec_yds,60.0,-116,Chicago Bears @ Green Bay Packers,2026-10-11T17:00:00Z,2026-10-08T19:13+00:00
Christian Watson,rec_yds,61.0,-112,Chicago Bears @ Green Bay Packers,2026-10-11T17:00:00Z,2026-10-08T19:13+00:00
Christian Watson,rec_yds,70.0,128,Chicago Bears @ Green Bay Packers,2026-10-11T17:00:00Z,2026-10-08T19:13+00:00
Christian Watson,rec_yds,80.0,187,Chicago Bears @ Green Bay Packers,2026-10-11T17:00:00Z,2026-10-08T19:13+00:00
Christian Watson,rec_yds,90.0,266,Chicago Bears @ Green Bay Packers,2026-10-11T17:00:00Z,2026-10-08T19:13+00:00
Christian Watson,rec_yds,100.0,378,Chicago Bears @ Green Bay Packers,2026-10-11T17:00:00Z,2026-10-08T19:13+00:00
Christian Watson,rec_yds,110.0,538,Chicago Bears @ Green Bay Packers,2026-10-11T17:00:00Z,2026-10-08T19:13+00:00
Christian Watson,rec_yds,120.0,750,Chicago Bears @ Green Bay Packers,2026-10-11T17:00:00Z,2026-10-08T19:13+00:00
Christian Watson,rec_yds,130.0,1020,Chicago Bears @ Green Bay Packers,2026-10-11T17:00:00Z,2026-10-08T19:13+00:00
Christian Watson,rec_yds,140.0,1420,Chicago Bears @ Green Bay Packers,2026-10-11T17:00:00Z,2026-10-08T19:13+00:00
Christian Watson,rec_yds,150.0,1940,Chicago Bears @ Green Bay Packers,2026-10-11T17:00:00Z,2026-10-08T19:13+00:00
Christian Watson,rec_yds,160.0,2700,Chicago Bears @ Green Bay Packers,2026-10-11T17:00:00Z,2026-10-08T19:13+00:00
Christian Watson,rec_yds,170.0,3500,Chicago Bears @ Green Bay Packers,2026-10-11T17:00:00Z,2026-10-08T19:13+00:00
Matthew Golden,rec_yds,15.0,-1900,Chicago Bears @ Green Bay Packers,2026-10-11T17:00:00Z,2026-10-08T19:13+00:00
Matthew Golden,rec_yds,25.0,-710,Chicago Bears @ Green Bay Packers,2026-10-11T17:00:00Z,2026-10-08T19:13+00:00
Matthew Golden,rec_yds,40.0,-261,Chicago Bears @ Green Bay Packers,2026-10-11T17:00:00Z,2026-10-08T19:13+00:00
Matthew Golden,rec_yds,50.0,-156,Chicago Bears @ Green Bay Packers,2026-10-11T17:00:00Z,2026-10-08T19:13+00:00
Matthew Golden,rec_yds,57.0,-113,Chicago Bears @ Green Bay Packers,2026-10-11T17:00:00Z,2026-10-08T19:13+00:00
Matthew Golden,rec_yds,60.0,101,Chicago Bears @ Green Bay Packers,2026-10-11T17:00:00Z,2026-10-08T19:13+00:00
Matthew Golden,rec_yds,70.0,154,Chicago Bears @ Green Bay Packers,2026-10-11T17:00:00Z,2026-10-08T19:13+00:00
Matthew Golden,rec_yds,80.0,230,Chicago Bears @ Green Bay Packers,2026-10-11T17:00:00Z,2026-10-08T19:13+00:00
Matthew Golden,rec_yds,90.0,345,Chicago Bears @ Green Bay Packers,2026-10-11T17:00:00Z,2026-10-08T19:13+00:00
Matthew Golden,rec_yds,100.0,495,Chicago Bears @ Green Bay Packers,2026-10-11T17:00:00Z,2026-10-08T19:13+00:00
Matthew Golden,rec_yds,110.0,700,Chicago Bears @ Green Bay Packers,2026-10-11T17:00:00Z,2026-10-08T19:13+00:00
Matthew Golden,rec_yds,120.0,1000,Chicago Bears @ Green Bay Packers,2026-10-11T17:00:00Z,2026-10-08T19:13+00:00
Matthew Golden,rec_yds,130.0,1460,Chicago Bears @ Green Bay Packers,2026-10-11T17:00:00Z,2026-10-08T19:13+00:00
Matthew Golden,rec_yds,140.0,1980,Chicago Bears @ Green Bay Packers,2026-10-11T17:00:00Z,2026-10-08T19:13+00:00
Matthew Golden,rec_yds,150.0,2600,Chicago Bears @ Green Bay Packers,2026-10-11T17:00:00Z,2026-10-08T19:13+00:00
Matthew Golden,rec_yds,160.0,3700,Chicago Bears @ Green Bay Packers,2026-10-11T17:00:00Z,2026-10-08T19:13+00:00
Tucker Kraft,rec_yds,15.0,-1400,Chicago Bears @ Green Bay Packers,2026-10-11T17:00:00Z,2026-10-08T19:13+00:00
Tucker Kraft,rec_yds,25.0,-518,Chicago Bears @ Green Bay Packers,2026-10-11T17:00:00Z,2026-10-08T19:13+00:00
Tucker Kraft,rec_yds,40.0,-191,Chicago Bears @ Green Bay Packers,2026-10-11T17:00:00Z,2026-10-08T19:13+00:00
Tucker Kraft,rec_yds,50.0,-113,Chicago Bears @ Green Bay Packers,2026-10-11T17:00:00Z,2026-10-08T19:13+00:00
Tucker Kraft,rec_yds,60.0,142,Chicago Bears @ Green Bay Packers,2026-10-11T17:00:00Z,2026-10-08T19:13+00:00
Tucker Kraft,rec_yds,70.0,220,Chicago Bears @ Green Bay Packers,2026-10-11T17:00:00Z,2026-10-08T19:13+00:00
Tucker Kraft,rec_yds,80.0,328,Chicago Bears @ Green Bay Packers,2026-10-11T17:00:00Z,2026-10-08T19:13+00:00
Tucker Kraft,rec_yds,90.0,499,Chicago Bears @ Green Bay Packers,2026-10-11T17:00:00Z,2026-10-08T19:13+00:00
Tucker Kraft,rec_yds,100.0,730,Chicago Bears @ Green Bay Packers,2026-10-11T17:00:00Z,2026-10-08T19:13+00:00
Tucker Kraft,rec_yds,110.0,1060,Chicago Bears @ Green Bay Packers,2026-10-11T17:00:00Z,2026-10-08T19:13+00:00
Tucker Kraft,rec_yds,120.0,1520,Chicago Bears @ Green Bay Packers,2026-10-11T17:00:00Z,2026-10-08T19:13+00:00
Tucker Kraft,rec_yds,130.0,2200,Chicago Bears @ Green Bay Packers,2026-10-11T17:00:00Z,2026-10-08T19:13+00:00
Tucker Kraft,rec_yds,140.0,3000,Chicago Bears @ Green Bay Packers,2026-10-11T17:00:00Z,2026-10-08T19:13+00:00
Luther Burden III,rec_yds,15.0,-1400,Chicago Bears @ Green Bay Packers,2026-10-11T17:00:00Z,2026-10-08T19:13+00:00
Luther Burden III,rec_yds,25.0,-500,Chicago Bears @ Green Bay Packers,2026-10-11T17:00:00Z,2026-10-08T19:13+00:00
Luther Burden III,rec_yds,40.0,-180,Chicago Bears @ Green Bay Packers,2026-10-11T17:00:00Z,2026-10-08T19:13+00:00
Luther Burden III,rec_yds,49.0,-112,Chicago Bears @ Green Bay Packers,2026-10-11T17:00:00Z,2026-10-08T19:13+00:00
Luther Burden III,rec_yds,50.0,-106,Chicago Bears @ Green Bay Packers,2026-10-11T17:00:00Z,2026-10-08T19:13+00:00
Luther Burden III,rec_yds,60.0,151,Chicago Bears @ Green Bay Packers,2026-10-11T17:00:00Z,2026-10-08T19:13+00:00
Luther Burden III,rec_yds,70.0,236,Chicago Bears @ Green Bay Packers,2026-10-11T17:00:00Z,2026-10-08T19:13+00:00
Luther Burden III,rec_yds,80.0,360,Chicago Bears @ Green Bay Packers,2026-10-11T17:00:00Z,2026-10-08T19:13+00:00
Luther Burden III,rec_yds,90.0,543,Chicago Bears @ Green Bay Packers,2026-10-11T17:00:00Z,2026-10-08T19:13+00:00
Luther Burden III,rec_yds,100.0,820,Chicago Bears @ Green Bay Packers,2026-10-11T17:00:00Z,2026-10-08T19:13+00:00
Luther Burden III,rec_yds,110.0,1240,Chicago Bears @ Green Bay Packers,2026-10-11T17:00:00Z,2026-10-08T19:13+00:00
Luther Burden III,rec_yds,120.0,1780,Chicago Bears @ Green Bay Packers,2026-10-11T17:00:00Z,2026-10-08T19:13+00:00
Luther Burden III,rec_yds,130.0,2600,Chicago Bears @ Green Bay Packers,2026-10-11T17:00:00Z,2026-10-08T19:13+00:00
Luther Burden III,rec_yds,140.0,3500,Chicago Bears @ Green Bay Packers,2026-10-11T17:00:00Z,2026-10-08T19:13+00:00
Rome Odunze,rec_yds,15.0,-650,Chicago Bears @ Green Bay Packers,2026-10-11T17:00:00Z,2026-10-08T19:13+00:00
Rome Odunze,rec_yds,25.0,-281,Chicago Bears @ Green Bay Packers,2026-10-11T17:00:00Z,2026-10-08T19:13+00:00
Rome Odunze,rec_yds,40.0,-120,Chicago Bears @ Green Bay Packers,2026-10-11T17:00:00Z,2026-10-08T19:13+00:00
Rome Odunze,rec_yds,41.0,-114,Chicago Bears @ Green Bay Packers,2026-10-11T17:00:00Z,2026-10-08T19:13+00:00
Rome Odunze,rec_yds,50.0,137,Chicago Bears @ Green Bay Packers,2026-10-11T17:00:00Z,2026-10-08T19:13+00:00
Rome Odunze,rec_yds,60.0,210,Chicago Bears @ Green Bay Packers,2026-10-11T17:00:00Z,2026-10-08T19:13+00:00
Rome Odunze,rec_yds,70.0,322,Chicago Bears @ Green Bay Packers,2026-10-11T17:00:00Z,2026-10-08T19:13+00:00
Rome Odunze,rec_yds,80.0,486,Chicago Bears @ Green Bay Packers,2026-10-11T17:00:00Z,2026-10-08T19:13+00:00
Rome Odunze,rec_yds,90.0,720,Chicago Bears @ Green Bay Packers,2026-10-11T17:00:00Z,2026-10-08T19:13+00:00
Rome Odunze,rec_yds,100.0,1080,Chicago Bears @ Green Bay Packers,2026-10-11T17:00:00Z,2026-10-08T19:13+00:00
Rome Odunze,rec_yds,110.0,1580,Chicago Bears @ Green Bay Packers,2026-10-11T17:00:00Z,2026-10-08T19:13+00:00
Rome Odunze,rec_yds,120.0,2200,Chicago Bears @ Green Bay Packers,2026-10-11T17:00:00Z,2026-10-08T19:13+00:00
Rome Odunze,rec_yds,130.0,3000,Chicago Bears @ Green Bay Packers,2026-10-11T17:00:00Z,2026-10-08T19:13+00:00
Rome Odunze,rec_yds,140.0,3800,Chicago Bears @ Green Bay Packers,2026-10-11T17:00:00Z,2026-10-08T19:13+00:00
Colston Loveland,rec_yds,15.0,-670,Chicago Bears @ Green Bay Packers,2026-10-11T17:00:00Z,2026-10-08T19:13+00:00
Colston Loveland,rec_yds,25.0,-264,Chicago Bears @ Green Bay Packers,2026-10-11T17:00:00Z,2026-10-08T19:13+00:00
Colston Loveland,rec_yds,38.0,-112,Chicago Bears @ Green Bay Packers,2026-10-11T17:00:00Z,2026-10-08T19:13+00:00
Colston Loveland,rec_yds,40.0,100,Chicago Bears @ Green Bay Packers,2026-10-11T17:00:00Z,2026-10-08T19:13+00:00
Colston Loveland,rec_yds,50.0,169,Chicago Bears @ Green Bay Packers,2026-10-11T17:00:00Z,2026-10-08T19:13+00:00
Colston Loveland,rec_yds,60.0,280,Chicago Bears @ Green Bay Packers,2026-10-11T17:00:00Z,2026-10-08T19:13+00:00
Colston Loveland,rec_yds,70.0,447,Chicago Bears @ Green Bay Packers,2026-10-11T17:00:00Z,2026-10-08T19:13+00:00
Colston Loveland,rec_yds,80.0,690,Chicago Bears @ Green Bay Packers,2026-10-11T17:00:00Z,2026-10-08T19:13+00:00
Colston Loveland,rec_yds,90.0,1080,Chicago Bears @ Green Bay Packers,2026-10-11T17:00:00Z,2026-10-08T19:13+00:00
Colston Loveland,rec_yds,100.0,1680,Chicago Bears @ Green Bay Packers,2026-10-11T17:00:00Z,2026-10-08T19:13+00:00
Colston Loveland,rec_yds,110.0,2500,Chicago Bears @ Green Bay Packers,2026-10-11T17:00:00Z,2026-10-08T19:13+00:00
Colston Loveland,rec_yds,120.0,3600,Chicago Bears @ Green Bay Packers,2026-10-11T17:00:00Z,2026-10-08T19:13+00:00
Kalif Raymond,rec_yds,15.0,-353,Chicago Bears @ Green Bay Packers,2026-10-11T17:00:00Z,2026-10-08T19:13+00:00
Kalif Raymond,rec_yds,25.0,-151,Chicago Bears @ Green Bay Packers,2026-10-11T17:00:00Z,2026-10-08T19:13+00:00
Kalif Raymond,rec_yds,29.0,-114,Chicago Bears @ Green Bay Packers,2026-10-11T17:00:00Z,2026-10-08T19:13+00:00
Kalif Raymond,rec_yds,40.0,172,Chicago Bears @ Green Bay Packers,2026-10-11T17:00:00Z,2026-10-08T19:13+00:00
Kalif Raymond,rec_yds,50.0,302,Chicago Bears @ Green Bay Packers,2026-10-11T17:00:00Z,2026-10-08T19:13+00:00
Kalif Raymond,rec_yds,60.0,507,Chicago Bears @ Green Bay Packers,2026-10-11T17:00:00Z,2026-10-08T19:13+00:00
Kalif Raymond,rec_yds,70.0,830,Chicago Bears @ Green Bay Packers,2026-10-11T17:00:00Z,2026-10-08T19:13+00:00
Kalif Raymond,rec_yds,80.0,1320,Chicago Bears @ Green Bay Packers,2026-10-11T17:00:00Z,2026-10-08T19:13+00:00
Kalif Raymond,rec_yds,90.0,2000,Chicago Bears @ Green Bay Packers,2026-10-11T17:00:00Z,2026-10-08T19:13+00:00
Kalif Raymond,rec_yds,100.0,3000,Chicago Bears @ Green Bay Packers,2026-10-11T17:00:00Z,2026-10-08T19:13+00:00
Skyy Moore,rec_yds,12.0,-118,Chicago Bears @ Green Bay Packers,2026-10-11T17:00:00Z,2026-10-08T19:13+00:00
Skyy Moore,rec_yds,15.0,115,Chicago Bears @ Green Bay Packers,2026-10-11T17:00:00Z,2026-10-08T19:13+00:00
Skyy Moore,rec_yds,25.0,251,Chicago Bears @ Green Bay Packers,2026-10-11T17:00:00Z,2026-10-08T19:13+00:00
Skyy Moore,rec_yds,40.0,640,Chicago Bears @ Green Bay Packers,2026-10-11T17:00:00Z,2026-10-08T19:13+00:00
Skyy Moore,rec_yds,50.0,1080,Chicago Bears @ Green Bay Packers,2026-10-11T17:00:00Z,2026-10-08T19:13+00:00
Skyy Moore,rec_yds,60.0,1880,Chicago Bears @ Green Bay Packers,2026-10-11T17:00:00Z,2026-10-08T19:13+00:00
Skyy Moore,rec_yds,70.0,2900,Chicago Bears @ Green Bay Packers,2026-10-11T17:00:00Z,2026-10-08T19:13+00:00
D'Andre Swift,rec_yds,15.0,-111,Chicago Bears @ Green Bay Packers,2026-10-11T17:00:00Z,2026-10-08T19:13+00:00
D'Andre Swift,rec_yds,25.0,210,Chicago Bears @ Green Bay Packers,2026-10-11T17:00:00Z,2026-10-08T19:13+00:00
D'Andre Swift,rec_yds,40.0,620,Chicago Bears @ Green Bay Packers,2026-10-11T17:00:00Z,2026-10-08T19:13+00:00
D'Andre Swift,rec_yds,50.0,1120,Chicago Bears @ Green Bay Packers,2026-10-11T17:00:00Z,2026-10-08T19:13+00:00
D'Andre Swift,rec_yds,60.0,1880,Chicago Bears @ Green Bay Packers,2026-10-11T17:00:00Z,2026-10-08T19:13+00:00
D'Andre Swift,rec_yds,70.0,3000,Chicago Bears @ Green Bay Packers,2026-10-11T17:00:00Z,2026-10-08T19:13+00:00
MarShawn Lloyd,rec_yds,14.0,-112,Chicago Bears @ Green Bay Packers,2026-10-11T17:00:00Z,2026-10-08T19:13+00:00
MarShawn Lloyd,rec_yds,15.0,100,Chicago Bears @ Green Bay Packers,2026-10-11T17:00:00Z,2026-10-08T19:13+00:00
MarShawn Lloyd,rec_yds,25.0,242,Chicago Bears @ Green Bay Packers,2026-10-11T17:00:00Z,2026-10-08T19:13+00:00
MarShawn Lloyd,rec_yds,40.0,690,Chicago Bears @ Green Bay Packers,2026-10-11T17:00:00Z,2026-10-08T19:13+00:00
MarShawn Lloyd,rec_yds,50.0,1240,Chicago Bears @ Green Bay Packers,2026-10-11T17:00:00Z,2026-10-08T19:13+00:00
MarShawn Lloyd,rec_yds,60.0,2000,Chicago Bears @ Green Bay Packers,2026-10-11T17:00:00Z,2026-10-08T19:13+00:00
MarShawn Lloyd,rec_yds,70.0,3100,Chicago Bears @ Green Bay Packers,2026-10-11T17:00:00Z,2026-10-08T19:13+00:00
Luther Burden III,receptions,3.0,-760,Chicago Bears @ Green Bay Packers,2026-10-11T17:00:00Z,2026-10-08T19:13+00:00
Luther Burden III,receptions,4.0,-276,Chicago Bears @ Green Bay Packers,2026-10-11T17:00:00Z,2026-10-08T19:13+00:00
Luther Burden III,receptions,5.0,-126,Chicago Bears @ Green Bay Packers,2026-10-11T17:00:00Z,2026-10-08T19:13+00:00
Luther Burden III,receptions,6.0,160,Chicago Bears @ Green Bay Packers,2026-10-11T17:00:00Z,2026-10-08T19:13+00:00
Luther Burden III,receptions,7.0,308,Chicago Bears @ Green Bay Packers,2026-10-11T17:00:00Z,2026-10-08T19:13+00:00
Luther Burden III,receptions,8.0,572,Chicago Bears @ Green Bay Packers,2026-10-11T17:00:00Z,2026-10-08T19:13+00:00
Luther Burden III,receptions,9.0,1000,Chicago Bears @ Green Bay Packers,2026-10-11T17:00:00Z,2026-10-08T19:13+00:00
Luther Burden III,receptions,10.0,1700,Chicago Bears @ Green Bay Packers,2026-10-11T17:00:00Z,2026-10-08T19:13+00:00
Luther Burden III,receptions,11.0,2700,Chicago Bears @ Green Bay Packers,2026-10-11T17:00:00Z,2026-10-08T19:13+00:00
Matthew Golden,receptions,2.0,-3000,Chicago Bears @ Green Bay Packers,2026-10-11T17:00:00Z,2026-10-08T19:13+00:00
Matthew Golden,receptions,3.0,-650,Chicago Bears @ Green Bay Packers,2026-10-11T17:00:00Z,2026-10-08T19:13+00:00
Matthew Golden,receptions,4.0,-244,Chicago Bears @ Green Bay Packers,2026-10-11T17:00:00Z,2026-10-08T19:13+00:00
Matthew Golden,receptions,5.0,-110,Chicago Bears @ Green Bay Packers,2026-10-11T17:00:00Z,2026-10-08T19:13+00:00
Matthew Golden,receptions,6.0,187,Chicago Bears @ Green Bay Packers,2026-10-11T17:00:00Z,2026-10-08T19:13+00:00
Matthew Golden,receptions,7.0,364,Chicago Bears @ Green Bay Packers,2026-10-11T17:00:00Z,2026-10-08T19:13+00:00
Matthew Golden,receptions,8.0,690,Chicago Bears @ Green Bay Packers,2026-10-11T17:00:00Z,2026-10-08T19:13+00:00
Matthew Golden,receptions,9.0,1260,Chicago Bears @ Green Bay Packers,2026-10-11T17:00:00Z,2026-10-08T19:13+00:00
Matthew Golden,receptions,10.0,2000,Chicago Bears @ Green Bay Packers,2026-10-11T17:00:00Z,2026-10-08T19:13+00:00
Tucker Kraft,receptions,2.0,-2700,Chicago Bears @ Green Bay Packers,2026-10-11T17:00:00Z,2026-10-08T19:13+00:00
Tucker Kraft,receptions,3.0,-593,Chicago Bears @ Green Bay Packers,2026-10-11T17:00:00Z,2026-10-08T19:13+00:00
Tucker Kraft,receptions,4.0,-217,Chicago Bears @ Green Bay Packers,2026-10-11T17:00:00Z,2026-10-08T19:13+00:00
Tucker Kraft,receptions,5.0,101,Chicago Bears @ Green Bay Packers,2026-10-11T17:00:00Z,2026-10-08T19:13+00:00
Tucker Kraft,receptions,6.0,204,Chicago Bears @ Green Bay Packers,2026-10-11T17:00:00Z,2026-10-08T19:13+00:00
Tucker Kraft,receptions,7.0,395,Chicago Bears @ Green Bay Packers,2026-10-11T17:00:00Z,2026-10-08T19:13+00:00
Tucker Kraft,receptions,8.0,760,Chicago Bears @ Green Bay Packers,2026-10-11T17:00:00Z,2026-10-08T19:13+00:00
Tucker Kraft,receptions,9.0,1360,Chicago Bears @ Green Bay Packers,2026-10-11T17:00:00Z,2026-10-08T19:13+00:00
Tucker Kraft,receptions,10.0,2200,Chicago Bears @ Green Bay Packers,2026-10-11T17:00:00Z,2026-10-08T19:13+00:00
Christian Watson,receptions,2.0,-1980,Chicago Bears @ Green Bay Packers,2026-10-11T17:00:00Z,2026-10-08T19:13+00:00
Christian Watson,receptions,3.0,-485,Chicago Bears @ Green Bay Packers,2026-10-11T17:00:00Z,2026-10-08T19:13+00:00
Christian Watson,receptions,4.0,-189,Chicago Bears @ Green Bay Packers,2026-10-11T17:00:00Z,2026-10-08T19:13+00:00
Christian Watson,receptions,5.0,116,Chicago Bears @ Green Bay Packers,2026-10-11T17:00:00Z,2026-10-08T19:13+00:00
Christian Watson,receptions,6.0,237,Chicago Bears @ Green Bay Packers,2026-10-11T17:00:00Z,2026-10-08T19:13+00:00
Christian Watson,receptions,7.0,471,Chicago Bears @ Green Bay Packers,2026-10-11T17:00:00Z,2026-10-08T19:13+00:00
Christian Watson,receptions,8.0,870,Chicago Bears @ Green Bay Packers,2026-10-11T17:00:00Z,2026-10-08T19:13+00:00
Christian Watson,receptions,9.0,1600,Chicago Bears @ Green Bay Packers,2026-10-11T17:00:00Z,2026-10-08T19:13+00:00
Christian Watson,receptions,10.0,2600,Chicago Bears @ Green Bay Packers,2026-10-11T17:00:00Z,2026-10-08T19:13+00:00
Colston Loveland,receptions,2.0,-1580,Chicago Bears @ Green Bay Packers,2026-10-11T17:00:00Z,2026-10-08T19:13+00:00
Colston Loveland,receptions,3.0,-399,Chicago Bears @ Green Bay Packers,2026-10-11T17:00:00Z,2026-10-08T19:13+00:00
Colston Loveland,receptions,4.0,-158,Chicago Bears @ Green Bay Packers,2026-10-11T17:00:00Z,2026-10-08T19:13+00:00
Colston Loveland,receptions,5.0,138,Chicago Bears @ Green Bay Packers,2026-10-11T17:00:00Z,2026-10-08T19:13+00:00
Colston Loveland,receptions,6.0,278,Chicago Bears @ Green Bay Packers,2026-10-11T17:00:00Z,2026-10-08T19:13+00:00
Colston Loveland,receptions,7.0,547,Chicago Bears @ Green Bay Packers,2026-10-11T17:00:00Z,2026-10-08T19:13+00:00
Colston Loveland,receptions,8.0,1040,Chicago Bears @ Green Bay Packers,2026-10-11T17:00:00Z,2026-10-08T19:13+00:00
Colston Loveland,receptions,9.0,1840,Chicago Bears @ Green Bay Packers,2026-10-11T17:00:00Z,2026-10-08T19:13+00:00
Colston Loveland,receptions,10.0,2800,Chicago Bears @ Green Bay Packers,2026-10-11T17:00:00Z,2026-10-08T19:13+00:00
Kalif Raymond,receptions,2.0,-650,Chicago Bears @ Green Bay Packers,2026-10-11T17:00:00Z,2026-10-08T19:13+00:00
Kalif Raymond,receptions,3.0,-202,Chicago Bears @ Green Bay Packers,2026-10-11T17:00:00Z,2026-10-08T19:13+00:00
Kalif Raymond,receptions,4.0,123,Chicago Bears @ Green Bay Packers,2026-10-11T17:00:00Z,2026-10-08T19:13+00:00
Kalif Raymond,receptions,5.0,272,Chicago Bears @ Green Bay Packers,2026-10-11T17:00:00Z,2026-10-08T19:13+00:00
Kalif Raymond,receptions,6.0,566,Chicago Bears @ Green Bay Packers,2026-10-11T17:00:00Z,2026-10-08T19:13+00:00
Kalif Raymond,receptions,7.0,1160,Chicago Bears @ Green Bay Packers,2026-10-11T17:00:00Z,2026-10-08T19:13+00:00
Kalif Raymond,receptions,8.0,2000,Chicago Bears @ Green Bay Packers,2026-10-11T17:00:00Z,2026-10-08T19:13+00:00
Rome Odunze,receptions,2.0,-610,Chicago Bears @ Green Bay Packers,2026-10-11T17:00:00Z,2026-10-08T19:13+00:00
Rome Odunze,receptions,3.0,-192,Chicago Bears @ Green Bay Packers,2026-10-11T17:00:00Z,2026-10-08T19:13+00:00
Rome Odunze,receptions,4.0,126,Chicago Bears @ Green Bay Packers,2026-10-11T17:00:00Z,2026-10-08T19:13+00:00
Rome Odunze,receptions,5.0,283,Chicago Bears @ Green Bay Packers,2026-10-11T17:00:00Z,2026-10-08T19:13+00:00
Rome Odunze,receptions,6.0,610,Chicago Bears @ Green Bay Packers,2026-10-11T17:00:00Z,2026-10-08T19:13+00:00
Rome Odunze,receptions,7.0,1240,Chicago Bears @ Green Bay Packers,2026-10-11T17:00:00Z,2026-10-08T19:13+00:00
Rome Odunze,receptions,8.0,2300,Chicago Bears @ Green Bay Packers,2026-10-11T17:00:00Z,2026-10-08T19:13+00:00
D'Andre Swift,receptions,2.0,-215,Chicago Bears @ Green Bay Packers,2026-10-11T17:00:00Z,2026-10-08T19:13+00:00
D'Andre Swift,receptions,3.0,141,Chicago Bears @ Green Bay Packers,2026-10-11T17:00:00Z,2026-10-08T19:13+00:00
D'Andre Swift,receptions,4.0,351,Chicago Bears @ Green Bay Packers,2026-10-11T17:00:00Z,2026-10-08T19:13+00:00
D'Andre Swift,receptions,5.0,760,Chicago Bears @ Green Bay Packers,2026-10-11T17:00:00Z,2026-10-08T19:13+00:00
D'Andre Swift,receptions,6.0,1540,Chicago Bears @ Green Bay Packers,2026-10-11T17:00:00Z,2026-10-08T19:13+00:00
D'Andre Swift,receptions,7.0,2700,Chicago Bears @ Green Bay Packers,2026-10-11T17:00:00Z,2026-10-08T19:13+00:00
MarShawn Lloyd,receptions,2.0,-214,Chicago Bears @ Green Bay Packers,2026-10-11T17:00:00Z,2026-10-08T19:13+00:00
MarShawn Lloyd,receptions,3.0,139,Chicago Bears @ Green Bay Packers,2026-10-11T17:00:00Z,2026-10-08T19:13+00:00
MarShawn Lloyd,receptions,4.0,343,Chicago Bears @ Green Bay Packers,2026-10-11T17:00:00Z,2026-10-08T19:13+00:00
MarShawn Lloyd,receptions,5.0,800,Chicago Bears @ Green Bay Packers,2026-10-11T17:00:00Z,2026-10-08T19:13+00:00
MarShawn Lloyd,receptions,6.0,1720,Chicago Bears @ Green Bay Packers,2026-10-11T17:00:00Z,2026-10-08T19:13+00:00
MarShawn Lloyd,receptions,7.0,2800,Chicago Bears @ Green Bay Packers,2026-10-11T17:00:00Z,2026-10-08T19:13+00:00
Skyy Moore,receptions,2.0,117,Chicago Bears @ Green Bay Packers,2026-10-11T17:00:00Z,2026-10-08T19:13+00:00
Skyy Moore,receptions,3.0,377,Chicago Bears @ Green Bay Packers,2026-10-11T17:00:00Z,2026-10-08T19:13+00:00
Skyy Moore,receptions,4.0,1040,Chicago Bears @ Green Bay Packers,2026-10-11T17:00:00Z,2026-10-08T19:13+00:00
Skyy Moore,receptions,5.0,2400,Chicago Bears @ Green Bay Packers,2026-10-11T17:00:00Z,2026-10-08T19:13+00:00
D'Andre Swift,rush_att,8.0,-2100,Chicago Bears @ Green Bay Packers,2026-10-11T17:00:00Z,2026-10-08T19:13+00:00
D'Andre Swift,rush_att,10.0,-586,Chicago Bears @ Green Bay Packers,2026-10-11T17:00:00Z,2026-10-08T19:13+00:00
D'Andre Swift,rush_att,12.0,-245,Chicago Bears @ Green Bay Packers,2026-10-11T17:00:00Z,2026-10-08T19:13+00:00
D'Andre Swift,rush_att,14.0,-118,Chicago Bears @ Green Bay Packers,2026-10-11T17:00:00Z,2026-10-08T19:13+00:00
D'Andre Swift,rush_att,16.0,160,Chicago Bears @ Green Bay Packers,2026-10-11T17:00:00Z,2026-10-08T19:13+00:00
D'Andre Swift,rush_att,18.0,304,Chicago Bears @ Green Bay Packers,2026-10-11T17:00:00Z,2026-10-08T19:13+00:00
D'Andre Swift,rush_att,20.0,546,Chicago Bears @ Green Bay Packers,2026-10-11T17:00:00Z,2026-10-08T19:13+00:00
D'Andre Swift,rush_att,22.0,910,Chicago Bears @ Green Bay Packers,2026-10-11T17:00:00Z,2026-10-08T19:13+00:00
D'Andre Swift,rush_att,24.0,1380,Chicago Bears @ Green Bay Packers,2026-10-11T17:00:00Z,2026-10-08T19:13+00:00
Kyle Monangai,rush_yds,15.0,-2200,Chicago Bears @ Green Bay Packers,2026-10-11T17:00:00Z,2026-10-08T19:13+00:00
Kyle Monangai,rush_yds,20.0,-1120,Chicago Bears @ Green Bay Packers,2026-10-11T17:00:00Z,2026-10-08T19:13+00:00
Kyle Monangai,rush_yds,25.0,-670,Chicago Bears @ Green Bay Packers,2026-10-11T17:00:00Z,2026-10-08T19:13+00:00
Kyle Monangai,rush_yds,30.0,-430,Chicago Bears @ Green Bay Packers,2026-10-11T17:00:00Z,2026-10-08T19:13+00:00
Kyle Monangai,rush_yds,40.0,-213,Chicago Bears @ Green Bay Packers,2026-10-11T17:00:00Z,2026-10-08T19:13+00:00
Kyle Monangai,rush_yds,50.0,-122,Chicago Bears @ Green Bay Packers,2026-10-11T17:00:00Z,2026-10-08T19:13+00:00
Kyle Monangai,rush_yds,52.0,-110,Chicago Bears @ Green Bay Packers,2026-10-11T17:00:00Z,2026-10-08T19:13+00:00
Kyle Monangai,rush_yds,60.0,135,Chicago Bears @ Green Bay Packers,2026-10-11T17:00:00Z,2026-10-08T19:13+00:00
Kyle Monangai,rush_yds,70.0,206,Chicago Bears @ Green Bay Packers,2026-10-11T17:00:00Z,2026-10-08T19:13+00:00
Kyle Monangai,rush_yds,80.0,304,Chicago Bears @ Green Bay Packers,2026-10-11T17:00:00Z,2026-10-08T19:13+00:00
Kyle Monangai,rush_yds,90.0,433,Chicago Bears @ Green Bay Packers,2026-10-11T17:00:00Z,2026-10-08T19:13+00:00
Kyle Monangai,rush_yds,100.0,610,Chicago Bears @ Green Bay Packers,2026-10-11T17:00:00Z,2026-10-08T19:13+00:00
Kyle Monangai,rush_yds,110.0,840,Chicago Bears @ Green Bay Packers,2026-10-11T17:00:00Z,2026-10-08T19:13+00:00
Kyle Monangai,rush_yds,120.0,1120,Chicago Bears @ Green Bay Packers,2026-10-11T17:00:00Z,2026-10-08T19:13+00:00
Kyle Monangai,rush_yds,130.0,1480,Chicago Bears @ Green Bay Packers,2026-10-11T17:00:00Z,2026-10-08T19:13+00:00
Kyle Monangai,rush_yds,140.0,1940,Chicago Bears @ Green Bay Packers,2026-10-11T17:00:00Z,2026-10-08T19:13+00:00
Kyle Monangai,rush_yds,150.0,2500,Chicago Bears @ Green Bay Packers,2026-10-11T17:00:00Z,2026-10-08T19:13+00:00
Kyle Monangai,rush_yds,160.0,3200,Chicago Bears @ Green Bay Packers,2026-10-11T17:00:00Z,2026-10-08T19:13+00:00
Kyle Monangai,rush_yds,170.0,3800,Chicago Bears @ Green Bay Packers,2026-10-11T17:00:00Z,2026-10-08T19:13+00:00
D'Andre Swift,rush_yds,20.0,-3600,Chicago Bears @ Green Bay Packers,2026-10-11T17:00:00Z,2026-10-08T19:13+00:00
D'Andre Swift,rush_yds,25.0,-1640,Chicago Bears @ Green Bay Packers,2026-10-11T17:00:00Z,2026-10-08T19:13+00:00
D'Andre Swift,rush_yds,30.0,-910,Chicago Bears @ Green Bay Packers,2026-10-11T17:00:00Z,2026-10-08T19:13+00:00
D'Andre Swift,rush_yds,40.0,-391,Chicago Bears @ Green Bay Packers,2026-10-11T17:00:00Z,2026-10-08T19:13+00:00
D'Andre Swift,rush_yds,50.0,-204,Chicago Bears @ Green Bay Packers,2026-10-11T17:00:00Z,2026-10-08T19:13+00:00
D'Andre Swift,rush_yds,60.0,-117,Chicago Bears @ Green Bay Packers,2026-10-11T17:00:00Z,2026-10-08T19:13+00:00
D'Andre Swift,rush_yds,61.0,-111,Chicago Bears @ Green Bay Packers,2026-10-11T17:00:00Z,2026-10-08T19:13+00:00
D'Andre Swift,rush_yds,70.0,138,Chicago Bears @ Green Bay Packers,2026-10-11T17:00:00Z,2026-10-08T19:13+00:00
D'Andre Swift,rush_yds,80.0,214,Chicago Bears @ Green Bay Packers,2026-10-11T17:00:00Z,2026-10-08T19:13+00:00
D'Andre Swift,rush_yds,90.0,316,Chicago Bears @ Green Bay Packers,2026-10-11T17:00:00Z,2026-10-08T19:13+00:00
D'Andre Swift,rush_yds,100.0,465,Chicago Bears @ Green Bay Packers,2026-10-11T17:00:00Z,2026-10-08T19:13+00:00
D'Andre Swift,rush_yds,110.0,670,Chicago Bears @ Green Bay Packers,2026-10-11T17:00:00Z,2026-10-08T19:13+00:00
D'Andre Swift,rush_yds,120.0,960,Chicago Bears @ Green Bay Packers,2026-10-11T17:00:00Z,2026-10-08T19:13+00:00
D'Andre Swift,rush_yds,130.0,1340,Chicago Bears @ Green Bay Packers,2026-10-11T17:00:00Z,2026-10-08T19:13+00:00
D'Andre Swift,rush_yds,140.0,1860,Chicago Bears @ Green Bay Packers,2026-10-11T17:00:00Z,2026-10-08T19:13+00:00
D'Andre Swift,rush_yds,150.0,2500,Chicago Bears @ Green Bay Packers,2026-10-11T17:00:00Z,2026-10-08T19:13+00:00
D'Andre Swift,rush_yds,160.0,3200,Chicago Bears @ Green Bay Packers,2026-10-11T17:00:00Z,2026-10-08T19:13+00:00
Kaleb Johnson,rush_yds,10.0,-1420,Chicago Bears @ Green Bay Packers,2026-10-11T17:00:00Z,2026-10-08T19:13+00:00
Kaleb Johnson,rush_yds,15.0,-720,Chicago Bears @ Green Bay Packers,2026-10-11T17:00:00Z,2026-10-08T19:13+00:00
Kaleb Johnson,rush_yds,20.0,-416,Chicago Bears @ Green Bay Packers,2026-10-11T17:00:00Z,2026-10-08T19:13+00:00
Kaleb Johnson,rush_yds,25.0,-264,Chicago Bears @ Green Bay Packers,2026-10-11T17:00:00Z,2026-10-08T19:13+00:00
Kaleb Johnson,rush_yds,30.0,-180,Chicago Bears @ Green Bay Packers,2026-10-11T17:00:00Z,2026-10-08T19:13+00:00
Kaleb Johnson,rush_yds,37.0,-112,Chicago Bears @ Green Bay Packers,2026-10-11T17:00:00Z,2026-10-08T19:13+00:00
Kaleb Johnson,rush_yds,40.0,108,Chicago Bears @ Green Bay Packers,2026-10-11T17:00:00Z,2026-10-08T19:13+00:00
Kaleb Johnson,rush_yds,50.0,189,Chicago Bears @ Green Bay Packers,2026-10-11T17:00:00Z,2026-10-08T19:13+00:00
Kaleb Johnson,rush_yds,60.0,314,Chicago Bears @ Green Bay Packers,2026-10-11T17:00:00Z,2026-10-08T19:13+00:00
Kaleb Johnson,rush_yds,70.0,497,Chicago Bears @ Green Bay Packers,2026-10-11T17:00:00Z,2026-10-08T19:13+00:00
Kaleb Johnson,rush_yds,80.0,750,Chicago Bears @ Green Bay Packers,2026-10-11T17:00:00Z,2026-10-08T19:13+00:00
Kaleb Johnson,rush_yds,90.0,1140,Chicago Bears @ Green Bay Packers,2026-10-11T17:00:00Z,2026-10-08T19:13+00:00
Kaleb Johnson,rush_yds,100.0,1680,Chicago Bears @ Green Bay Packers,2026-10-11T17:00:00Z,2026-10-08T19:13+00:00
Kaleb Johnson,rush_yds,110.0,2400,Chicago Bears @ Green Bay Packers,2026-10-11T17:00:00Z,2026-10-08T19:13+00:00
Kaleb Johnson,rush_yds,120.0,3100,Chicago Bears @ Green Bay Packers,2026-10-11T17:00:00Z,2026-10-08T19:13+00:00
MarShawn Lloyd,rush_yds,10.0,-1060,Chicago Bears @ Green Bay Packers,2026-10-11T17:00:00Z,2026-10-08T19:13+00:00
MarShawn Lloyd,rush_yds,15.0,-446,Chicago Bears @ Green Bay Packers,2026-10-11T17:00:00Z,2026-10-08T19:13+00:00
MarShawn Lloyd,rush_yds,20.0,-239,Chicago Bears @ Green Bay Packers,2026-10-11T17:00:00Z,2026-10-08T19:13+00:00
MarShawn Lloyd,rush_yds,25.0,-146,Chicago Bears @ Green Bay Packers,2026-10-11T17:00:00Z,2026-10-08T19:13+00:00
MarShawn Lloyd,rush_yds,28.0,-111,Chicago Bears @ Green Bay Packers,2026-10-11T17:00:00Z,2026-10-08T19:13+00:00
MarShawn Lloyd,rush_yds,30.0,106,Chicago Bears @ Green Bay Packers,2026-10-11T17:00:00Z,2026-10-08T19:13+00:00
MarShawn Lloyd,rush_yds,40.0,218,Chicago Bears @ Green Bay Packers,2026-10-11T17:00:00Z,2026-10-08T19:13+00:00
MarShawn Lloyd,rush_yds,50.0,408,Chicago Bears @ Green Bay Packers,2026-10-11T17:00:00Z,2026-10-08T19:13+00:00
MarShawn Lloyd,rush_yds,60.0,700,Chicago Bears @ Green Bay Packers,2026-10-11T17:00:00Z,2026-10-08T19:13+00:00
MarShawn Lloyd,rush_yds,70.0,1120,Chicago Bears @ Green Bay Packers,2026-10-11T17:00:00Z,2026-10-08T19:13+00:00
MarShawn Lloyd,rush_yds,80.0,1700,Chicago Bears @ Green Bay Packers,2026-10-11T17:00:00Z,2026-10-08T19:13+00:00
MarShawn Lloyd,rush_yds,90.0,2500,Chicago Bears @ Green Bay Packers,2026-10-11T17:00:00Z,2026-10-08T19:13+00:00
MarShawn Lloyd,rush_yds,100.0,3800,Chicago Bears @ Green Bay Packers,2026-10-11T17:00:00Z,2026-10-08T19:13+00:00
Tyson Bagent,rush_yds,10.0,-138,Chicago Bears @ Green Bay Packers,2026-10-11T17:00:00Z,2026-10-08T19:13+00:00
Tyson Bagent,rush_yds,11.0,-119,Chicago Bears @ Green Bay Packers,2026-10-11T17:00:00Z,2026-10-08T19:13+00:00
Tyson Bagent,rush_yds,15.0,145,Chicago Bears @ Green Bay Packers,2026-10-11T17:00:00Z,2026-10-08T19:13+00:00
Tyson Bagent,rush_yds,20.0,251,Chicago Bears @ Green Bay Packers,2026-10-11T17:00:00Z,2026-10-08T19:13+00:00
Tyson Bagent,rush_yds,25.0,423,Chicago Bears @ Green Bay Packers,2026-10-11T17:00:00Z,2026-10-08T19:13+00:00
Tyson Bagent,rush_yds,30.0,680,Chicago Bears @ Green Bay Packers,2026-10-11T17:00:00Z,2026-10-08T19:13+00:00
Tyson Bagent,rush_yds,40.0,1500,Chicago Bears @ Green Bay Packers,2026-10-11T17:00:00Z,2026-10-08T19:13+00:00
Tyson Bagent,rush_yds,50.0,2900,Chicago Bears @ Green Bay Packers,2026-10-11T17:00:00Z,2026-10-08T19:13+00:00
Jordan Love,rush_yds,7.0,-116,Chicago Bears @ Green Bay Packers,2026-10-11T17:00:00Z,2026-10-08T19:13+00:00
Jordan Love,rush_yds,10.0,142,Chicago Bears @ Green Bay Packers,2026-10-11T17:00:00Z,2026-10-08T19:13+00:00
Jordan Love,rush_yds,15.0,283,Chicago Bears @ Green Bay Packers,2026-10-11T17:00:00Z,2026-10-08T19:13+00:00
Jordan Love,rush_yds,20.0,529,Chicago Bears @ Green Bay Packers,2026-10-11T17:00:00Z,2026-10-08T19:13+00:00
Jordan Love,rush_yds,25.0,910,Chicago Bears @ Green Bay Packers,2026-10-11T17:00:00Z,2026-10-08T19:13+00:00
Jordan Love,rush_yds,30.0,1460,Chicago Bears @ Green Bay Packers,2026-10-11T17:00:00Z,2026-10-08T19:13+00:00
Jordan Love,rush_yds,40.0,3200,Chicago Bears @ Green Bay Packers,2026-10-11T17:00:00Z,2026-10-08T19:13+00:00
Joe Burrow,pass_att,26.0,-1620,Cincinnati Bengals @ Miami Dolphins,2026-10-11T17:00:00Z,2026-10-08T19:13+00:00
Joe Burrow,pass_att,28.0,-650,Cincinnati Bengals @ Miami Dolphins,2026-10-11T17:00:00Z,2026-10-08T19:13+00:00
Joe Burrow,pass_att,30.0,-324,Cincinnati Bengals @ Miami Dolphins,2026-10-11T17:00:00Z,2026-10-08T19:13+00:00
Joe Burrow,pass_att,32.0,-176,Cincinnati Bengals @ Miami Dolphins,2026-10-11T17:00:00Z,2026-10-08T19:13+00:00
Joe Burrow,pass_att,34.0,-102,Cincinnati Bengals @ Miami Dolphins,2026-10-11T17:00:00Z,2026-10-08T19:13+00:00
Joe Burrow,pass_att,36.0,165,Cincinnati Bengals @ Miami Dolphins,2026-10-11T17:00:00Z,2026-10-08T19:13+00:00
Joe Burrow,pass_att,38.0,273,Cincinnati Bengals @ Miami Dolphins,2026-10-11T17:00:00Z,2026-10-08T19:13+00:00
Joe Burrow,pass_att,40.0,449,Cincinnati Bengals @ Miami Dolphins,2026-10-11T17:00:00Z,2026-10-08T19:13+00:00
Joe Burrow,pass_att,42.0,710,Cincinnati Bengals @ Miami Dolphins,2026-10-11T17:00:00Z,2026-10-08T19:13+00:00
Joe Burrow,pass_att,44.0,1140,Cincinnati Bengals @ Miami Dolphins,2026-10-11T17:00:00Z,2026-10-08T19:13+00:00
Joe Burrow,pass_att,46.0,1680,Cincinnati Bengals @ Miami Dolphins,2026-10-11T17:00:00Z,2026-10-08T19:13+00:00
Malik Willis,pass_att,20.0,-2400,Cincinnati Bengals @ Miami Dolphins,2026-10-11T17:00:00Z,2026-10-08T19:13+00:00
Malik Willis,pass_att,22.0,-920,Cincinnati Bengals @ Miami Dolphins,2026-10-11T17:00:00Z,2026-10-08T19:13+00:00
Malik Willis,pass_att,24.0,-438,Cincinnati Bengals @ Miami Dolphins,2026-10-11T17:00:00Z,2026-10-08T19:13+00:00
Malik Willis,pass_att,26.0,-236,Cincinnati Bengals @ Miami Dolphins,2026-10-11T17:00:00Z,2026-10-08T19:13+00:00
Malik Willis,pass_att,28.0,-136,Cincinnati Bengals @ Miami Dolphins,2026-10-11T17:00:00Z,2026-10-08T19:13+00:00
Malik Willis,pass_att,29.0,-105,Cincinnati Bengals @ Miami Dolphins,2026-10-11T17:00:00Z,2026-10-08T19:13+00:00
Malik Willis,pass_att,30.0,123,Cincinnati Bengals @ Miami Dolphins,2026-10-11T17:00:00Z,2026-10-08T19:13+00:00
Malik Willis,pass_att,32.0,200,Cincinnati Bengals @ Miami Dolphins,2026-10-11T17:00:00Z,2026-10-08T19:13+00:00
Malik Willis,pass_att,34.0,330,Cincinnati Bengals @ Miami Dolphins,2026-10-11T17:00:00Z,2026-10-08T19:13+00:00
Malik Willis,pass_att,36.0,537,Cincinnati Bengals @ Miami Dolphins,2026-10-11T17:00:00Z,2026-10-08T19:13+00:00
Malik Willis,pass_att,38.0,840,Cincinnati Bengals @ Miami Dolphins,2026-10-11T17:00:00Z,2026-10-08T19:13+00:00
Malik Willis,pass_att,40.0,1300,Cincinnati Bengals @ Miami Dolphins,2026-10-11T17:00:00Z,2026-10-08T19:13+00:00
Joe Burrow,pass_cmps,18.0,-1660,Cincinnati Bengals @ Miami Dolphins,2026-10-11T17:00:00Z,2026-10-08T19:13+00:00
Joe Burrow,pass_cmps,20.0,-556,Cincinnati Bengals @ Miami Dolphins,2026-10-11T17:00:00Z,2026-10-08T19:13+00:00
Joe Burrow,pass_cmps,22.0,-240,Cincinnati Bengals @ Miami Dolphins,2026-10-11T17:00:00Z,2026-10-08T19:13+00:00
Joe Burrow,pass_cmps,24.0,-115,Cincinnati Bengals @ Miami Dolphins,2026-10-11T17:00:00Z,2026-10-08T19:13+00:00
Joe Burrow,pass_cmps,26.0,174,Cincinnati Bengals @ Miami Dolphins,2026-10-11T17:00:00Z,2026-10-08T19:13+00:00
Joe Burrow,pass_cmps,28.0,344,Cincinnati Bengals @ Miami Dolphins,2026-10-11T17:00:00Z,2026-10-08T19:13+00:00
Joe Burrow,pass_cmps,30.0,660,Cincinnati Bengals @ Miami Dolphins,2026-10-11T17:00:00Z,2026-10-08T19:13+00:00
Joe Burrow,pass_cmps,32.0,1240,Cincinnati Bengals @ Miami Dolphins,2026-10-11T17:00:00Z,2026-10-08T19:13+00:00
Malik Willis,pass_cmps,12.0,-1360,Cincinnati Bengals @ Miami Dolphins,2026-10-11T17:00:00Z,2026-10-08T19:13+00:00
Malik Willis,pass_cmps,14.0,-436,Cincinnati Bengals @ Miami Dolphins,2026-10-11T17:00:00Z,2026-10-08T19:13+00:00
Malik Willis,pass_cmps,16.0,-178,Cincinnati Bengals @ Miami Dolphins,2026-10-11T17:00:00Z,2026-10-08T19:13+00:00
Malik Willis,pass_cmps,17.0,-120,Cincinnati Bengals @ Miami Dolphins,2026-10-11T17:00:00Z,2026-10-08T19:13+00:00
Malik Willis,pass_cmps,18.0,123,Cincinnati Bengals @ Miami Dolphins,2026-10-11T17:00:00Z,2026-10-08T19:13+00:00
Malik Willis,pass_cmps,20.0,252,Cincinnati Bengals @ Miami Dolphins,2026-10-11T17:00:00Z,2026-10-08T19:13+00:00
Malik Willis,pass_cmps,22.0,524,Cincinnati Bengals @ Miami Dolphins,2026-10-11T17:00:00Z,2026-10-08T19:13+00:00
Malik Willis,pass_cmps,24.0,1060,Cincinnati Bengals @ Miami Dolphins,2026-10-11T17:00:00Z,2026-10-08T19:13+00:00
Joe Burrow,pass_yds,160.0,-1220,Cincinnati Bengals @ Miami Dolphins,2026-10-11T17:00:00Z,2026-10-08T19:13+00:00
Joe Burrow,pass_yds,170.0,-830,Cincinnati Bengals @ Miami Dolphins,2026-10-11T17:00:00Z,2026-10-08T19:13+00:00
Joe Burrow,pass_yds,180.0,-595,Cincinnati Bengals @ Miami Dolphins,2026-10-11T17:00:00Z,2026-10-08T19:13+00:00
Joe Burrow,pass_yds,190.0,-432,Cincinnati Bengals @ Miami Dolphins,2026-10-11T17:00:00Z,2026-10-08T19:13+00:00
Joe Burrow,pass_yds,200.0,-318,Cincinnati Bengals @ Miami Dolphins,2026-10-11T17:00:00Z,2026-10-08T19:13+00:00
Joe Burrow,pass_yds,210.0,-242,Cincinnati Bengals @ Miami Dolphins,2026-10-11T17:00:00Z,2026-10-08T19:13+00:00
Joe Burrow,pass_yds,220.0,-186,Cincinnati Bengals @ Miami Dolphins,2026-10-11T17:00:00Z,2026-10-08T19:13+00:00
Joe Burrow,pass_yds,230.0,-145,Cincinnati Bengals @ Miami Dolphins,2026-10-11T17:00:00Z,2026-10-08T19:13+00:00
Joe Burrow,pass_yds,240.0,-114,Cincinnati Bengals @ Miami Dolphins,2026-10-11T17:00:00Z,2026-10-08T19:13+00:00
Joe Burrow,pass_yds,241.0,-111,Cincinnati Bengals @ Miami Dolphins,2026-10-11T17:00:00Z,2026-10-08T19:13+00:00
Joe Burrow,pass_yds,250.0,111,Cincinnati Bengals @ Miami Dolphins,2026-10-11T17:00:00Z,2026-10-08T19:13+00:00
Joe Burrow,pass_yds,260.0,140,Cincinnati Bengals @ Miami Dolphins,2026-10-11T17:00:00Z,2026-10-08T19:13+00:00
Joe Burrow,pass_yds,270.0,179,Cincinnati Bengals @ Miami Dolphins,2026-10-11T17:00:00Z,2026-10-08T19:13+00:00
Joe Burrow,pass_yds,280.0,223,Cincinnati Bengals @ Miami Dolphins,2026-10-11T17:00:00Z,2026-10-08T19:13+00:00
Joe Burrow,pass_yds,290.0,280,Cincinnati Bengals @ Miami Dolphins,2026-10-11T17:00:00Z,2026-10-08T19:13+00:00
Joe Burrow,pass_yds,300.0,351,Cincinnati Bengals @ Miami Dolphins,2026-10-11T17:00:00Z,2026-10-08T19:13+00:00
Joe Burrow,pass_yds,310.0,439,Cincinnati Bengals @ Miami Dolphins,2026-10-11T17:00:00Z,2026-10-08T19:13+00:00
Joe Burrow,pass_yds,320.0,549,Cincinnati Bengals @ Miami Dolphins,2026-10-11T17:00:00Z,2026-10-08T19:13+00:00
Joe Burrow,pass_yds,330.0,670,Cincinnati Bengals @ Miami Dolphins,2026-10-11T17:00:00Z,2026-10-08T19:13+00:00
Joe Burrow,pass_yds,340.0,850,Cincinnati Bengals @ Miami Dolphins,2026-10-11T17:00:00Z,2026-10-08T19:13+00:00
Joe Burrow,pass_yds,350.0,1080,Cincinnati Bengals @ Miami Dolphins,2026-10-11T17:00:00Z,2026-10-08T19:13+00:00
Joe Burrow,pass_yds,360.0,1360,Cincinnati Bengals @ Miami Dolphins,2026-10-11T17:00:00Z,2026-10-08T19:13+00:00
Joe Burrow,pass_yds,370.0,1680,Cincinnati Bengals @ Miami Dolphins,2026-10-11T17:00:00Z,2026-10-08T19:13+00:00
Joe Burrow,pass_yds,380.0,2100,Cincinnati Bengals @ Miami Dolphins,2026-10-11T17:00:00Z,2026-10-08T19:13+00:00
Joe Burrow,pass_yds,390.0,2600,Cincinnati Bengals @ Miami Dolphins,2026-10-11T17:00:00Z,2026-10-08T19:13+00:00
Joe Burrow,pass_yds,400.0,3200,Cincinnati Bengals @ Miami Dolphins,2026-10-11T17:00:00Z,2026-10-08T19:13+00:00
Joe Burrow,pass_yds,410.0,3700,Cincinnati Bengals @ Miami Dolphins,2026-10-11T17:00:00Z,2026-10-08T19:13+00:00
Malik Willis,pass_yds,150.0,-383,Cincinnati Bengals @ Miami Dolphins,2026-10-11T17:00:00Z,2026-10-08T19:13+00:00
Malik Willis,pass_yds,160.0,-279,Cincinnati Bengals @ Miami Dolphins,2026-10-11T17:00:00Z,2026-10-08T19:13+00:00
Malik Willis,pass_yds,170.0,-207,Cincinnati Bengals @ Miami Dolphins,2026-10-11T17:00:00Z,2026-10-08T19:13+00:00
Malik Willis,pass_yds,180.0,-155,Cincinnati Bengals @ Miami Dolphins,2026-10-11T17:00:00Z,2026-10-08T19:13+00:00
Malik Willis,pass_yds,190.0,-118,Cincinnati Bengals @ Miami Dolphins,2026-10-11T17:00:00Z,2026-10-08T19:13+00:00
Malik Willis,pass_yds,192.0,-112,Cincinnati Bengals @ Miami Dolphins,2026-10-11T17:00:00Z,2026-10-08T19:13+00:00
Malik Willis,pass_yds,200.0,110,Cincinnati Bengals @ Miami Dolphins,2026-10-11T17:00:00Z,2026-10-08T19:13+00:00
Malik Willis,pass_yds,210.0,141,Cincinnati Bengals @ Miami Dolphins,2026-10-11T17:00:00Z,2026-10-08T19:13+00:00
Malik Willis,pass_yds,220.0,181,Cincinnati Bengals @ Miami Dolphins,2026-10-11T17:00:00Z,2026-10-08T19:13+00:00
Malik Willis,pass_yds,230.0,232,Cincinnati Bengals @ Miami Dolphins,2026-10-11T17:00:00Z,2026-10-08T19:13+00:00
Malik Willis,pass_yds,240.0,298,Cincinnati Bengals @ Miami Dolphins,2026-10-11T17:00:00Z,2026-10-08T19:13+00:00
Malik Willis,pass_yds,250.0,378,Cincinnati Bengals @ Miami Dolphins,2026-10-11T17:00:00Z,2026-10-08T19:13+00:00
Malik Willis,pass_yds,260.0,487,Cincinnati Bengals @ Miami Dolphins,2026-10-11T17:00:00Z,2026-10-08T19:13+00:00
Malik Willis,pass_yds,270.0,630,Cincinnati Bengals @ Miami Dolphins,2026-10-11T17:00:00Z,2026-10-08T19:13+00:00
Malik Willis,pass_yds,280.0,810,Cincinnati Bengals @ Miami Dolphins,2026-10-11T17:00:00Z,2026-10-08T19:13+00:00
Malik Willis,pass_yds,290.0,1060,Cincinnati Bengals @ Miami Dolphins,2026-10-11T17:00:00Z,2026-10-08T19:13+00:00
Malik Willis,pass_yds,300.0,1380,Cincinnati Bengals @ Miami Dolphins,2026-10-11T17:00:00Z,2026-10-08T19:13+00:00
Malik Willis,pass_yds,310.0,1720,Cincinnati Bengals @ Miami Dolphins,2026-10-11T17:00:00Z,2026-10-08T19:13+00:00
Malik Willis,pass_yds,320.0,2200,Cincinnati Bengals @ Miami Dolphins,2026-10-11T17:00:00Z,2026-10-08T19:13+00:00
Malik Willis,pass_yds,330.0,2800,Cincinnati Bengals @ Miami Dolphins,2026-10-11T17:00:00Z,2026-10-08T19:13+00:00
Malik Willis,pass_yds,340.0,3400,Cincinnati Bengals @ Miami Dolphins,2026-10-11T17:00:00Z,2026-10-08T19:13+00:00
Malik Washington,rec_yds,15.0,-950,Cincinnati Bengals @ Miami Dolphins,2026-10-11T17:00:00Z,2026-10-08T19:13+00:00
Malik Washington,rec_yds,25.0,-360,Cincinnati Bengals @ Miami Dolphins,2026-10-11T17:00:00Z,2026-10-08T19:13+00:00
Malik Washington,rec_yds,40.0,-133,Cincinnati Bengals @ Miami Dolphins,2026-10-11T17:00:00Z,2026-10-08T19:13+00:00
Malik Washington,rec_yds,43.0,-113,Cincinnati Bengals @ Miami Dolphins,2026-10-11T17:00:00Z,2026-10-08T19:13+00:00
Malik Washington,rec_yds,50.0,128,Cincinnati Bengals @ Miami Dolphins,2026-10-11T17:00:00Z,2026-10-08T19:13+00:00
Malik Washington,rec_yds,60.0,206,Cincinnati Bengals @ Miami Dolphins,2026-10-11T17:00:00Z,2026-10-08T19:13+00:00
Malik Washington,rec_yds,70.0,324,Cincinnati Bengals @ Miami Dolphins,2026-10-11T17:00:00Z,2026-10-08T19:13+00:00
Malik Washington,rec_yds,80.0,511,Cincinnati Bengals @ Miami Dolphins,2026-10-11T17:00:00Z,2026-10-08T19:13+00:00
Malik Washington,rec_yds,90.0,780,Cincinnati Bengals @ Miami Dolphins,2026-10-11T17:00:00Z,2026-10-08T19:13+00:00
Malik Washington,rec_yds,100.0,1140,Cincinnati Bengals @ Miami Dolphins,2026-10-11T17:00:00Z,2026-10-08T19:13+00:00
Malik Washington,rec_yds,110.0,1740,Cincinnati Bengals @ Miami Dolphins,2026-10-11T17:00:00Z,2026-10-08T19:13+00:00
Malik Washington,rec_yds,120.0,2500,Cincinnati Bengals @ Miami Dolphins,2026-10-11T17:00:00Z,2026-10-08T19:13+00:00
Malik Washington,rec_yds,130.0,3400,Cincinnati Bengals @ Miami Dolphins,2026-10-11T17:00:00Z,2026-10-08T19:13+00:00
Greg Dulcich,rec_yds,15.0,-300,Cincinnati Bengals @ Miami Dolphins,2026-10-11T17:00:00Z,2026-10-08T19:13+00:00
Greg Dulcich,rec_yds,25.0,-130,Cincinnati Bengals @ Miami Dolphins,2026-10-11T17:00:00Z,2026-10-08T19:13+00:00
Greg Dulcich,rec_yds,27.0,-113,Cincinnati Bengals @ Miami Dolphins,2026-10-11T17:00:00Z,2026-10-08T19:13+00:00
Greg Dulcich,rec_yds,40.0,195,Cincinnati Bengals @ Miami Dolphins,2026-10-11T17:00:00Z,2026-10-08T19:13+00:00
Greg Dulcich,rec_yds,50.0,340,Cincinnati Bengals @ Miami Dolphins,2026-10-11T17:00:00Z,2026-10-08T19:13+00:00
Greg Dulcich,rec_yds,60.0,568,Cincinnati Bengals @ Miami Dolphins,2026-10-11T17:00:00Z,2026-10-08T19:13+00:00
Greg Dulcich,rec_yds,70.0,920,Cincinnati Bengals @ Miami Dolphins,2026-10-11T17:00:00Z,2026-10-08T19:13+00:00
Greg Dulcich,rec_yds,80.0,1480,Cincinnati Bengals @ Miami Dolphins,2026-10-11T17:00:00Z,2026-10-08T19:13+00:00
Greg Dulcich,rec_yds,90.0,2200,Cincinnati Bengals @ Miami Dolphins,2026-10-11T17:00:00Z,2026-10-08T19:13+00:00
Ollie Gordon II,rec_yds,11.0,-113,Cincinnati Bengals @ Miami Dolphins,2026-10-11T17:00:00Z,2026-10-08T19:13+00:00
Ollie Gordon II,rec_yds,15.0,139,Cincinnati Bengals @ Miami Dolphins,2026-10-11T17:00:00Z,2026-10-08T19:13+00:00
Ollie Gordon II,rec_yds,25.0,342,Cincinnati Bengals @ Miami Dolphins,2026-10-11T17:00:00Z,2026-10-08T19:13+00:00
Ollie Gordon II,rec_yds,40.0,1020,Cincinnati Bengals @ Miami Dolphins,2026-10-11T17:00:00Z,2026-10-08T19:13+00:00
Ollie Gordon II,rec_yds,50.0,1840,Cincinnati Bengals @ Miami Dolphins,2026-10-11T17:00:00Z,2026-10-08T19:13+00:00
Ollie Gordon II,rec_yds,60.0,2900,Cincinnati Bengals @ Miami Dolphins,2026-10-11T17:00:00Z,2026-10-08T19:13+00:00
Malik Washington,receptions,2.0,-2500,Cincinnati Bengals @ Miami Dolphins,2026-10-11T17:00:00Z,2026-10-08T19:13+00:00
Malik Washington,receptions,3.0,-593,Cincinnati Bengals @ Miami Dolphins,2026-10-11T17:00:00Z,2026-10-08T19:13+00:00
Malik Washington,receptions,4.0,-233,Cincinnati Bengals @ Miami Dolphins,2026-10-11T17:00:00Z,2026-10-08T19:13+00:00
Malik Washington,receptions,5.0,-110,Cincinnati Bengals @ Miami Dolphins,2026-10-11T17:00:00Z,2026-10-08T19:13+00:00
Malik Washington,receptions,6.0,180,Cincinnati Bengals @ Miami Dolphins,2026-10-11T17:00:00Z,2026-10-08T19:13+00:00
Malik Washington,receptions,7.0,332,Cincinnati Bengals @ Miami Dolphins,2026-10-11T17:00:00Z,2026-10-08T19:13+00:00
Malik Washington,receptions,8.0,600,Cincinnati Bengals @ Miami Dolphins,2026-10-11T17:00:00Z,2026-10-08T19:13+00:00
Malik Washington,receptions,9.0,1020,Cincinnati Bengals @ Miami Dolphins,2026-10-11T17:00:00Z,2026-10-08T19:13+00:00
Malik Washington,receptions,10.0,1680,Cincinnati Bengals @ Miami Dolphins,2026-10-11T17:00:00Z,2026-10-08T19:13+00:00
Malik Washington,receptions,11.0,2500,Cincinnati Bengals @ Miami Dolphins,2026-10-11T17:00:00Z,2026-10-08T19:13+00:00
Greg Dulcich,receptions,2.0,-512,Cincinnati Bengals @ Miami Dolphins,2026-10-11T17:00:00Z,2026-10-08T19:13+00:00
Greg Dulcich,receptions,3.0,-159,Cincinnati Bengals @ Miami Dolphins,2026-10-11T17:00:00Z,2026-10-08T19:13+00:00
Greg Dulcich,receptions,4.0,152,Cincinnati Bengals @ Miami Dolphins,2026-10-11T17:00:00Z,2026-10-08T19:13+00:00
Greg Dulcich,receptions,5.0,334,Cincinnati Bengals @ Miami Dolphins,2026-10-11T17:00:00Z,2026-10-08T19:13+00:00
Greg Dulcich,receptions,6.0,690,Cincinnati Bengals @ Miami Dolphins,2026-10-11T17:00:00Z,2026-10-08T19:13+00:00
Greg Dulcich,receptions,7.0,1380,Cincinnati Bengals @ Miami Dolphins,2026-10-11T17:00:00Z,2026-10-08T19:13+00:00
Greg Dulcich,receptions,8.0,2400,Cincinnati Bengals @ Miami Dolphins,2026-10-11T17:00:00Z,2026-10-08T19:13+00:00
Ollie Gordon II,receptions,2.0,-175,Cincinnati Bengals @ Miami Dolphins,2026-10-11T17:00:00Z,2026-10-08T19:13+00:00
Ollie Gordon II,receptions,3.0,170,Cincinnati Bengals @ Miami Dolphins,2026-10-11T17:00:00Z,2026-10-08T19:13+00:00
Ollie Gordon II,receptions,4.0,443,Cincinnati Bengals @ Miami Dolphins,2026-10-11T17:00:00Z,2026-10-08T19:13+00:00
Ollie Gordon II,receptions,5.0,1020,Cincinnati Bengals @ Miami Dolphins,2026-10-11T17:00:00Z,2026-10-08T19:13+00:00
Ollie Gordon II,receptions,6.0,2200,Cincinnati Bengals @ Miami Dolphins,2026-10-11T17:00:00Z,2026-10-08T19:13+00:00
Chase Brown,rush_att,12.0,-960,Cincinnati Bengals @ Miami Dolphins,2026-10-11T17:00:00Z,2026-10-08T19:13+00:00
Chase Brown,rush_att,14.0,-380,Cincinnati Bengals @ Miami Dolphins,2026-10-11T17:00:00Z,2026-10-08T19:13+00:00
Chase Brown,rush_att,16.0,-174,Cincinnati Bengals @ Miami Dolphins,2026-10-11T17:00:00Z,2026-10-08T19:13+00:00
Chase Brown,rush_att,17.0,-123,Cincinnati Bengals @ Miami Dolphins,2026-10-11T17:00:00Z,2026-10-08T19:13+00:00
Chase Brown,rush_att,18.0,116,Cincinnati Bengals @ Miami Dolphins,2026-10-11T17:00:00Z,2026-10-08T19:13+00:00
Chase Brown,rush_att,20.0,230,Cincinnati Bengals @ Miami Dolphins,2026-10-11T17:00:00Z,2026-10-08T19:13+00:00
Chase Brown,rush_att,22.0,452,Cincinnati Bengals @ Miami Dolphins,2026-10-11T17:00:00Z,2026-10-08T19:13+00:00
Chase Brown,rush_att,24.0,900,Cincinnati Bengals @ Miami Dolphins,2026-10-11T17:00:00Z,2026-10-08T19:13+00:00
Chase Brown,rush_att,26.0,1720,Cincinnati Bengals @ Miami Dolphins,2026-10-11T17:00:00Z,2026-10-08T19:13+00:00
Ollie Gordon II,rush_att,6.0,-3300,Cincinnati Bengals @ Miami Dolphins,2026-10-11T17:00:00Z,2026-10-08T19:13+00:00
Ollie Gordon II,rush_att,8.0,-640,Cincinnati Bengals @ Miami Dolphins,2026-10-11T17:00:00Z,2026-10-08T19:13+00:00
Ollie Gordon II,rush_att,10.0,-221,Cincinnati Bengals @ Miami Dolphins,2026-10-11T17:00:00Z,2026-10-08T19:13+00:00
Ollie Gordon II,rush_att,12.0,104,Cincinnati Bengals @ Miami Dolphins,2026-10-11T17:00:00Z,2026-10-08T19:13+00:00
Ollie Gordon II,rush_att,14.0,223,Cincinnati Bengals @ Miami Dolphins,2026-10-11T17:00:00Z,2026-10-08T19:13+00:00
Ollie Gordon II,rush_att,16.0,453,Cincinnati Bengals @ Miami Dolphins,2026-10-11T17:00:00Z,2026-10-08T19:13+00:00
Ollie Gordon II,rush_att,18.0,930,Cincinnati Bengals @ Miami Dolphins,2026-10-11T17:00:00Z,2026-10-08T19:13+00:00
Chase Brown,rush_yds,30.0,-1780,Cincinnati Bengals @ Miami Dolphins,2026-10-11T17:00:00Z,2026-10-08T19:13+00:00
Chase Brown,rush_yds,40.0,-640,Cincinnati Bengals @ Miami Dolphins,2026-10-11T17:00:00Z,2026-10-08T19:13+00:00
Chase Brown,rush_yds,50.0,-296,Cincinnati Bengals @ Miami Dolphins,2026-10-11T17:00:00Z,2026-10-08T19:13+00:00
Chase Brown,rush_yds,60.0,-160,Cincinnati Bengals @ Miami Dolphins,2026-10-11T17:00:00Z,2026-10-08T19:13+00:00
Chase Brown,rush_yds,67.0,-110,Cincinnati Bengals @ Miami Dolphins,2026-10-11T17:00:00Z,2026-10-08T19:13+00:00
Chase Brown,rush_yds,70.0,106,Cincinnati Bengals @ Miami Dolphins,2026-10-11T17:00:00Z,2026-10-08T19:13+00:00
Chase Brown,rush_yds,80.0,169,Cincinnati Bengals @ Miami Dolphins,2026-10-11T17:00:00Z,2026-10-08T19:13+00:00
Chase Brown,rush_yds,90.0,265,Cincinnati Bengals @ Miami Dolphins,2026-10-11T17:00:00Z,2026-10-08T19:13+00:00
Chase Brown,rush_yds,100.0,411,Cincinnati Bengals @ Miami Dolphins,2026-10-11T17:00:00Z,2026-10-08T19:13+00:00
Chase Brown,rush_yds,110.0,620,Cincinnati Bengals @ Miami Dolphins,2026-10-11T17:00:00Z,2026-10-08T19:13+00:00
Chase Brown,rush_yds,120.0,930,Cincinnati Bengals @ Miami Dolphins,2026-10-11T17:00:00Z,2026-10-08T19:13+00:00
Chase Brown,rush_yds,130.0,1380,Cincinnati Bengals @ Miami Dolphins,2026-10-11T17:00:00Z,2026-10-08T19:13+00:00
Chase Brown,rush_yds,140.0,2000,Cincinnati Bengals @ Miami Dolphins,2026-10-11T17:00:00Z,2026-10-08T19:13+00:00
Chase Brown,rush_yds,150.0,2900,Cincinnati Bengals @ Miami Dolphins,2026-10-11T17:00:00Z,2026-10-08T19:13+00:00
Chase Brown,rush_yds,160.0,3800,Cincinnati Bengals @ Miami Dolphins,2026-10-11T17:00:00Z,2026-10-08T19:13+00:00
Ollie Gordon II,rush_yds,15.0,-1640,Cincinnati Bengals @ Miami Dolphins,2026-10-11T17:00:00Z,2026-10-08T19:13+00:00
Ollie Gordon II,rush_yds,20.0,-800,Cincinnati Bengals @ Miami Dolphins,2026-10-11T17:00:00Z,2026-10-08T19:13+00:00
Ollie Gordon II,rush_yds,25.0,-463,Cincinnati Bengals @ Miami Dolphins,2026-10-11T17:00:00Z,2026-10-08T19:13+00:00
Ollie Gordon II,rush_yds,30.0,-295,Cincinnati Bengals @ Miami Dolphins,2026-10-11T17:00:00Z,2026-10-08T19:13+00:00
Ollie Gordon II,rush_yds,40.0,-145,Cincinnati Bengals @ Miami Dolphins,2026-10-11T17:00:00Z,2026-10-08T19:13+00:00
Ollie Gordon II,rush_yds,44.0,-112,Cincinnati Bengals @ Miami Dolphins,2026-10-11T17:00:00Z,2026-10-08T19:13+00:00
Ollie Gordon II,rush_yds,50.0,129,Cincinnati Bengals @ Miami Dolphins,2026-10-11T17:00:00Z,2026-10-08T19:13+00:00
Ollie Gordon II,rush_yds,60.0,222,Cincinnati Bengals @ Miami Dolphins,2026-10-11T17:00:00Z,2026-10-08T19:13+00:00
Ollie Gordon II,rush_yds,70.0,358,Cincinnati Bengals @ Miami Dolphins,2026-10-11T17:00:00Z,2026-10-08T19:13+00:00
Ollie Gordon II,rush_yds,80.0,560,Cincinnati Bengals @ Miami Dolphins,2026-10-11T17:00:00Z,2026-10-08T19:13+00:00
Ollie Gordon II,rush_yds,90.0,850,Cincinnati Bengals @ Miami Dolphins,2026-10-11T17:00:00Z,2026-10-08T19:13+00:00
Ollie Gordon II,rush_yds,100.0,1300,Cincinnati Bengals @ Miami Dolphins,2026-10-11T17:00:00Z,2026-10-08T19:13+00:00
Ollie Gordon II,rush_yds,110.0,1880,Cincinnati Bengals @ Miami Dolphins,2026-10-11T17:00:00Z,2026-10-08T19:13+00:00
Ollie Gordon II,rush_yds,120.0,2600,Cincinnati Bengals @ Miami Dolphins,2026-10-11T17:00:00Z,2026-10-08T19:13+00:00
Ollie Gordon II,rush_yds,130.0,3600,Cincinnati Bengals @ Miami Dolphins,2026-10-11T17:00:00Z,2026-10-08T19:13+00:00
Jaylen Wright,rush_yds,10.0,-429,Cincinnati Bengals @ Miami Dolphins,2026-10-11T17:00:00Z,2026-10-08T19:13+00:00
Jaylen Wright,rush_yds,15.0,-234,Cincinnati Bengals @ Miami Dolphins,2026-10-11T17:00:00Z,2026-10-08T19:13+00:00
Jaylen Wright,rush_yds,20.0,-145,Cincinnati Bengals @ Miami Dolphins,2026-10-11T17:00:00Z,2026-10-08T19:13+00:00
Jaylen Wright,rush_yds,23.0,-111,Cincinnati Bengals @ Miami Dolphins,2026-10-11T17:00:00Z,2026-10-08T19:13+00:00
Jaylen Wright,rush_yds,25.0,106,Cincinnati Bengals @ Miami Dolphins,2026-10-11T17:00:00Z,2026-10-08T19:13+00:00
Jaylen Wright,rush_yds,30.0,154,Cincinnati Bengals @ Miami Dolphins,2026-10-11T17:00:00Z,2026-10-08T19:13+00:00
Jaylen Wright,rush_yds,40.0,290,Cincinnati Bengals @ Miami Dolphins,2026-10-11T17:00:00Z,2026-10-08T19:13+00:00
Jaylen Wright,rush_yds,50.0,498,Cincinnati Bengals @ Miami Dolphins,2026-10-11T17:00:00Z,2026-10-08T19:13+00:00
Jaylen Wright,rush_yds,60.0,800,Cincinnati Bengals @ Miami Dolphins,2026-10-11T17:00:00Z,2026-10-08T19:13+00:00
Jaylen Wright,rush_yds,70.0,1240,Cincinnati Bengals @ Miami Dolphins,2026-10-11T17:00:00Z,2026-10-08T19:13+00:00
Jaylen Wright,rush_yds,80.0,1840,Cincinnati Bengals @ Miami Dolphins,2026-10-11T17:00:00Z,2026-10-08T19:13+00:00
Jaylen Wright,rush_yds,90.0,2600,Cincinnati Bengals @ Miami Dolphins,2026-10-11T17:00:00Z,2026-10-08T19:13+00:00
Jaylen Wright,rush_yds,100.0,3700,Cincinnati Bengals @ Miami Dolphins,2026-10-11T17:00:00Z,2026-10-08T19:13+00:00
Malik Willis,rush_yds,10.0,-2400,Cincinnati Bengals @ Miami Dolphins,2026-10-11T17:00:00Z,2026-10-08T19:13+00:00
Malik Willis,rush_yds,15.0,-920,Cincinnati Bengals @ Miami Dolphins,2026-10-11T17:00:00Z,2026-10-08T19:13+00:00
Malik Willis,rush_yds,20.0,-446,Cincinnati Bengals @ Miami Dolphins,2026-10-11T17:00:00Z,2026-10-08T19:13+00:00
Malik Willis,rush_yds,25.0,-255,Cincinnati Bengals @ Miami Dolphins,2026-10-11T17:00:00Z,2026-10-08T19:13+00:00
Malik Willis,rush_yds,30.0,-158,Cincinnati Bengals @ Miami Dolphins,2026-10-11T17:00:00Z,2026-10-08T19:13+00:00
Malik Willis,rush_yds,34.0,-112,Cincinnati Bengals @ Miami Dolphins,2026-10-11T17:00:00Z,2026-10-08T19:13+00:00
Malik Willis,rush_yds,40.0,141,Cincinnati Bengals @ Miami Dolphins,2026-10-11T17:00:00Z,2026-10-08T19:13+00:00
Malik Willis,rush_yds,50.0,277,Cincinnati Bengals @ Miami Dolphins,2026-10-11T17:00:00Z,2026-10-08T19:13+00:00
Malik Willis,rush_yds,60.0,529,Cincinnati Bengals @ Miami Dolphins,2026-10-11T17:00:00Z,2026-10-08T19:13+00:00
Malik Willis,rush_yds,70.0,940,Cincinnati Bengals @ Miami Dolphins,2026-10-11T17:00:00Z,2026-10-08T19:13+00:00
Malik Willis,rush_yds,80.0,1620,Cincinnati Bengals @ Miami Dolphins,2026-10-11T17:00:00Z,2026-10-08T19:13+00:00
Malik Willis,rush_yds,90.0,2500,Cincinnati Bengals @ Miami Dolphins,2026-10-11T17:00:00Z,2026-10-08T19:13+00:00
Malik Willis,rush_yds,100.0,3800,Cincinnati Bengals @ Miami Dolphins,2026-10-11T17:00:00Z,2026-10-08T19:13+00:00
Samaje Perine,rush_yds,10.0,-220,Cincinnati Bengals @ Miami Dolphins,2026-10-11T17:00:00Z,2026-10-08T19:13+00:00
Samaje Perine,rush_yds,15.0,-113,Cincinnati Bengals @ Miami Dolphins,2026-10-11T17:00:00Z,2026-10-08T19:13+00:00
Samaje Perine,rush_yds,20.0,152,Cincinnati Bengals @ Miami Dolphins,2026-10-11T17:00:00Z,2026-10-08T19:13+00:00
Samaje Perine,rush_yds,25.0,241,Cincinnati Bengals @ Miami Dolphins,2026-10-11T17:00:00Z,2026-10-08T19:13+00:00
Samaje Perine,rush_yds,30.0,364,Cincinnati Bengals @ Miami Dolphins,2026-10-11T17:00:00Z,2026-10-08T19:13+00:00
Samaje Perine,rush_yds,40.0,720,Cincinnati Bengals @ Miami Dolphins,2026-10-11T17:00:00Z,2026-10-08T19:13+00:00
Samaje Perine,rush_yds,50.0,1280,Cincinnati Bengals @ Miami Dolphins,2026-10-11T17:00:00Z,2026-10-08T19:13+00:00
Samaje Perine,rush_yds,60.0,2000,Cincinnati Bengals @ Miami Dolphins,2026-10-11T17:00:00Z,2026-10-08T19:13+00:00
Samaje Perine,rush_yds,70.0,3100,Cincinnati Bengals @ Miami Dolphins,2026-10-11T17:00:00Z,2026-10-08T19:13+00:00
Joe Burrow,rush_yds,9.0,-112,Cincinnati Bengals @ Miami Dolphins,2026-10-11T17:00:00Z,2026-10-08T19:13+00:00
Joe Burrow,rush_yds,10.0,105,Cincinnati Bengals @ Miami Dolphins,2026-10-11T17:00:00Z,2026-10-08T19:13+00:00
Joe Burrow,rush_yds,15.0,204,Cincinnati Bengals @ Miami Dolphins,2026-10-11T17:00:00Z,2026-10-08T19:13+00:00
Joe Burrow,rush_yds,20.0,367,Cincinnati Bengals @ Miami Dolphins,2026-10-11T17:00:00Z,2026-10-08T19:13+00:00
Joe Burrow,rush_yds,25.0,598,Cincinnati Bengals @ Miami Dolphins,2026-10-11T17:00:00Z,2026-10-08T19:13+00:00
Joe Burrow,rush_yds,30.0,940,Cincinnati Bengals @ Miami Dolphins,2026-10-11T17:00:00Z,2026-10-08T19:13+00:00
Joe Burrow,rush_yds,40.0,2000,Cincinnati Bengals @ Miami Dolphins,2026-10-11T17:00:00Z,2026-10-08T19:13+00:00
Joe Burrow,rush_yds,50.0,3700,Cincinnati Bengals @ Miami Dolphins,2026-10-11T17:00:00Z,2026-10-08T19:13+00:00
Deshaun Watson,pass_att,24.0,-1380,Cleveland Browns @ New York Jets,2026-10-11T17:00:00Z,2026-10-08T19:13+00:00
Deshaun Watson,pass_att,26.0,-610,Cleveland Browns @ New York Jets,2026-10-11T17:00:00Z,2026-10-08T19:13+00:00
Deshaun Watson,pass_att,28.0,-312,Cleveland Browns @ New York Jets,2026-10-11T17:00:00Z,2026-10-08T19:13+00:00
Deshaun Watson,pass_att,30.0,-177,Cleveland Browns @ New York Jets,2026-10-11T17:00:00Z,2026-10-08T19:13+00:00
Deshaun Watson,pass_att,32.0,-105,Cleveland Browns @ New York Jets,2026-10-11T17:00:00Z,2026-10-08T19:13+00:00
Deshaun Watson,pass_att,34.0,159,Cleveland Browns @ New York Jets,2026-10-11T17:00:00Z,2026-10-08T19:13+00:00
Deshaun Watson,pass_att,36.0,255,Cleveland Browns @ New York Jets,2026-10-11T17:00:00Z,2026-10-08T19:13+00:00
Deshaun Watson,pass_att,38.0,411,Cleveland Browns @ New York Jets,2026-10-11T17:00:00Z,2026-10-08T19:13+00:00
Deshaun Watson,pass_att,40.0,630,Cleveland Browns @ New York Jets,2026-10-11T17:00:00Z,2026-10-08T19:13+00:00
Deshaun Watson,pass_att,42.0,980,Cleveland Browns @ New York Jets,2026-10-11T17:00:00Z,2026-10-08T19:13+00:00
Deshaun Watson,pass_att,44.0,1440,Cleveland Browns @ New York Jets,2026-10-11T17:00:00Z,2026-10-08T19:13+00:00
Geno Smith,pass_att,24.0,-1400,Cleveland Browns @ New York Jets,2026-10-11T17:00:00Z,2026-10-08T19:13+00:00
Geno Smith,pass_att,26.0,-610,Cleveland Browns @ New York Jets,2026-10-11T17:00:00Z,2026-10-08T19:13+00:00
Geno Smith,pass_att,28.0,-307,Cleveland Browns @ New York Jets,2026-10-11T17:00:00Z,2026-10-08T19:13+00:00
Geno Smith,pass_att,30.0,-172,Cleveland Browns @ New York Jets,2026-10-11T17:00:00Z,2026-10-08T19:13+00:00
Geno Smith,pass_att,32.0,101,Cleveland Browns @ New York Jets,2026-10-11T17:00:00Z,2026-10-08T19:13+00:00
Geno Smith,pass_att,34.0,165,Cleveland Browns @ New York Jets,2026-10-11T17:00:00Z,2026-10-08T19:13+00:00
Geno Smith,pass_att,36.0,264,Cleveland Browns @ New York Jets,2026-10-11T17:00:00Z,2026-10-08T19:13+00:00
Geno Smith,pass_att,38.0,416,Cleveland Browns @ New York Jets,2026-10-11T17:00:00Z,2026-10-08T19:13+00:00
Geno Smith,pass_att,40.0,640,Cleveland Browns @ New York Jets,2026-10-11T17:00:00Z,2026-10-08T19:13+00:00
Geno Smith,pass_att,42.0,1000,Cleveland Browns @ New York Jets,2026-10-11T17:00:00Z,2026-10-08T19:13+00:00
Geno Smith,pass_att,44.0,1480,Cleveland Browns @ New York Jets,2026-10-11T17:00:00Z,2026-10-08T19:13+00:00
Geno Smith,pass_cmps,14.0,-3500,Cleveland Browns @ New York Jets,2026-10-11T17:00:00Z,2026-10-08T19:13+00:00
Geno Smith,pass_cmps,16.0,-890,Cleveland Browns @ New York Jets,2026-10-11T17:00:00Z,2026-10-08T19:13+00:00
Geno Smith,pass_cmps,18.0,-335,Cleveland Browns @ New York Jets,2026-10-11T17:00:00Z,2026-10-08T19:13+00:00
Geno Smith,pass_cmps,20.0,-153,Cleveland Browns @ New York Jets,2026-10-11T17:00:00Z,2026-10-08T19:13+00:00
Geno Smith,pass_cmps,21.0,-106,Cleveland Browns @ New York Jets,2026-10-11T17:00:00Z,2026-10-08T19:13+00:00
Geno Smith,pass_cmps,22.0,135,Cleveland Browns @ New York Jets,2026-10-11T17:00:00Z,2026-10-08T19:13+00:00
Geno Smith,pass_cmps,24.0,267,Cleveland Browns @ New York Jets,2026-10-11T17:00:00Z,2026-10-08T19:13+00:00
Geno Smith,pass_cmps,26.0,535,Cleveland Browns @ New York Jets,2026-10-11T17:00:00Z,2026-10-08T19:13+00:00
Geno Smith,pass_cmps,28.0,1020,Cleveland Browns @ New York Jets,2026-10-11T17:00:00Z,2026-10-08T19:13+00:00
Deshaun Watson,pass_cmps,14.0,-1940,Cleveland Browns @ New York Jets,2026-10-11T17:00:00Z,2026-10-08T19:13+00:00
Deshaun Watson,pass_cmps,16.0,-600,Cleveland Browns @ New York Jets,2026-10-11T17:00:00Z,2026-10-08T19:13+00:00
Deshaun Watson,pass_cmps,18.0,-249,Cleveland Browns @ New York Jets,2026-10-11T17:00:00Z,2026-10-08T19:13+00:00
Deshaun Watson,pass_cmps,20.0,-118,Cleveland Browns @ New York Jets,2026-10-11T17:00:00Z,2026-10-08T19:13+00:00
Deshaun Watson,pass_cmps,22.0,167,Cleveland Browns @ New York Jets,2026-10-11T17:00:00Z,2026-10-08T19:13+00:00
Deshaun Watson,pass_cmps,24.0,325,Cleveland Browns @ New York Jets,2026-10-11T17:00:00Z,2026-10-08T19:13+00:00
Deshaun Watson,pass_cmps,26.0,630,Cleveland Browns @ New York Jets,2026-10-11T17:00:00Z,2026-10-08T19:13+00:00
Deshaun Watson,pass_cmps,28.0,1200,Cleveland Browns @ New York Jets,2026-10-11T17:00:00Z,2026-10-08T19:13+00:00
Deshaun Watson,pass_yds,150.0,-524,Cleveland Browns @ New York Jets,2026-10-11T17:00:00Z,2026-10-08T19:13+00:00
Deshaun Watson,pass_yds,160.0,-380,Cleveland Browns @ New York Jets,2026-10-11T17:00:00Z,2026-10-08T19:13+00:00
Deshaun Watson,pass_yds,170.0,-280,Cleveland Browns @ New York Jets,2026-10-11T17:00:00Z,2026-10-08T19:13+00:00
Deshaun Watson,pass_yds,180.0,-214,Cleveland Browns @ New York Jets,2026-10-11T17:00:00Z,2026-10-08T19:13+00:00
Deshaun Watson,pass_yds,190.0,-163,Cleveland Browns @ New York Jets,2026-10-11T17:00:00Z,2026-10-08T19:13+00:00
Deshaun Watson,pass_yds,200.0,-127,Cleveland Browns @ New York Jets,2026-10-11T17:00:00Z,2026-10-08T19:13+00:00
Deshaun Watson,pass_yds,205.0,-112,Cleveland Browns @ New York Jets,2026-10-11T17:00:00Z,2026-10-08T19:13+00:00
Deshaun Watson,pass_yds,210.0,102,Cleveland Browns @ New York Jets,2026-10-11T17:00:00Z,2026-10-08T19:13+00:00
Deshaun Watson,pass_yds,220.0,131,Cleveland Browns @ New York Jets,2026-10-11T17:00:00Z,2026-10-08T19:13+00:00
Deshaun Watson,pass_yds,230.0,167,Cleveland Browns @ New York Jets,2026-10-11T17:00:00Z,2026-10-08T19:13+00:00
Deshaun Watson,pass_yds,240.0,214,Cleveland Browns @ New York Jets,2026-10-11T17:00:00Z,2026-10-08T19:13+00:00
Deshaun Watson,pass_yds,250.0,271,Cleveland Browns @ New York Jets,2026-10-11T17:00:00Z,2026-10-08T19:13+00:00
Deshaun Watson,pass_yds,260.0,350,Cleveland Browns @ New York Jets,2026-10-11T17:00:00Z,2026-10-08T19:13+00:00
Deshaun Watson,pass_yds,270.0,444,Cleveland Browns @ New York Jets,2026-10-11T17:00:00Z,2026-10-08T19:13+00:00
Deshaun Watson,pass_yds,280.0,569,Cleveland Browns @ New York Jets,2026-10-11T17:00:00Z,2026-10-08T19:13+00:00
Deshaun Watson,pass_yds,290.0,710,Cleveland Browns @ New York Jets,2026-10-11T17:00:00Z,2026-10-08T19:13+00:00
Deshaun Watson,pass_yds,300.0,900,Cleveland Browns @ New York Jets,2026-10-11T17:00:00Z,2026-10-08T19:13+00:00
Deshaun Watson,pass_yds,310.0,1120,Cleveland Browns @ New York Jets,2026-10-11T17:00:00Z,2026-10-08T19:13+00:00
Deshaun Watson,pass_yds,320.0,1440,Cleveland Browns @ New York Jets,2026-10-11T17:00:00Z,2026-10-08T19:13+00:00
Deshaun Watson,pass_yds,330.0,1820,Cleveland Browns @ New York Jets,2026-10-11T17:00:00Z,2026-10-08T19:13+00:00
Deshaun Watson,pass_yds,340.0,2300,Cleveland Browns @ New York Jets,2026-10-11T17:00:00Z,2026-10-08T19:13+00:00
Deshaun Watson,pass_yds,350.0,2800,Cleveland Browns @ New York Jets,2026-10-11T17:00:00Z,2026-10-08T19:13+00:00
Deshaun Watson,pass_yds,360.0,3400,Cleveland Browns @ New York Jets,2026-10-11T17:00:00Z,2026-10-08T19:13+00:00
Geno Smith,pass_yds,150.0,-640,Cleveland Browns @ New York Jets,2026-10-11T17:00:00Z,2026-10-08T19:13+00:00
Geno Smith,pass_yds,160.0,-454,Cleveland Browns @ New York Jets,2026-10-11T17:00:00Z,2026-10-08T19:13+00:00
Geno Smith,pass_yds,170.0,-330,Cleveland Browns @ New York Jets,2026-10-11T17:00:00Z,2026-10-08T19:13+00:00
Geno Smith,pass_yds,180.0,-242,Cleveland Browns @ New York Jets,2026-10-11T17:00:00Z,2026-10-08T19:13+00:00
Geno Smith,pass_yds,190.0,-182,Cleveland Browns @ New York Jets,2026-10-11T17:00:00Z,2026-10-08T19:13+00:00
Geno Smith,pass_yds,200.0,-139,Cleveland Browns @ New York Jets,2026-10-11T17:00:00Z,2026-10-08T19:13+00:00
Geno Smith,pass_yds,208.0,-111,Cleveland Browns @ New York Jets,2026-10-11T17:00:00Z,2026-10-08T19:13+00:00
Geno Smith,pass_yds,210.0,-106,Cleveland Browns @ New York Jets,2026-10-11T17:00:00Z,2026-10-08T19:13+00:00
Geno Smith,pass_yds,220.0,121,Cleveland Browns @ New York Jets,2026-10-11T17:00:00Z,2026-10-08T19:13+00:00
Geno Smith,pass_yds,230.0,155,Cleveland Browns @ New York Jets,2026-10-11T17:00:00Z,2026-10-08T19:13+00:00
Geno Smith,pass_yds,240.0,199,Cleveland Browns @ New York Jets,2026-10-11T17:00:00Z,2026-10-08T19:13+00:00
Geno Smith,pass_yds,250.0,253,Cleveland Browns @ New York Jets,2026-10-11T17:00:00Z,2026-10-08T19:13+00:00
Geno Smith,pass_yds,260.0,328,Cleveland Browns @ New York Jets,2026-10-11T17:00:00Z,2026-10-08T19:13+00:00
Geno Smith,pass_yds,270.0,426,Cleveland Browns @ New York Jets,2026-10-11T17:00:00Z,2026-10-08T19:13+00:00
Geno Smith,pass_yds,280.0,546,Cleveland Browns @ New York Jets,2026-10-11T17:00:00Z,2026-10-08T19:13+00:00
Geno Smith,pass_yds,290.0,690,Cleveland Browns @ New York Jets,2026-10-11T17:00:00Z,2026-10-08T19:13+00:00
Geno Smith,pass_yds,300.0,880,Cleveland Browns @ New York Jets,2026-10-11T17:00:00Z,2026-10-08T19:13+00:00
Geno Smith,pass_yds,310.0,1120,Cleveland Browns @ New York Jets,2026-10-11T17:00:00Z,2026-10-08T19:13+00:00
Geno Smith,pass_yds,320.0,1460,Cleveland Browns @ New York Jets,2026-10-11T17:00:00Z,2026-10-08T19:13+00:00
Geno Smith,pass_yds,330.0,1880,Cleveland Browns @ New York Jets,2026-10-11T17:00:00Z,2026-10-08T19:13+00:00
Geno Smith,pass_yds,340.0,2300,Cleveland Browns @ New York Jets,2026-10-11T17:00:00Z,2026-10-08T19:13+00:00
Geno Smith,pass_yds,350.0,2900,Cleveland Browns @ New York Jets,2026-10-11T17:00:00Z,2026-10-08T19:13+00:00
Geno Smith,pass_yds,360.0,3500,Cleveland Browns @ New York Jets,2026-10-11T17:00:00Z,2026-10-08T19:13+00:00
Garrett Wilson,rec_yds,25.0,-1800,Cleveland Browns @ New York Jets,2026-10-11T17:00:00Z,2026-10-08T19:13+00:00
Garrett Wilson,rec_yds,40.0,-525,Cleveland Browns @ New York Jets,2026-10-11T17:00:00Z,2026-10-08T19:13+00:00
Garrett Wilson,rec_yds,50.0,-284,Cleveland Browns @ New York Jets,2026-10-11T17:00:00Z,2026-10-08T19:13+00:00
Garrett Wilson,rec_yds,60.0,-174,Cleveland Browns @ New York Jets,2026-10-11T17:00:00Z,2026-10-08T19:13+00:00
Garrett Wilson,rec_yds,70.0,-110,Cleveland Browns @ New York Jets,2026-10-11T17:00:00Z,2026-10-08T19:13+00:00
Garrett Wilson,rec_yds,80.0,138,Cleveland Browns @ New York Jets,2026-10-11T17:00:00Z,2026-10-08T19:13+00:00
Garrett Wilson,rec_yds,90.0,205,Cleveland Browns @ New York Jets,2026-10-11T17:00:00Z,2026-10-08T19:13+00:00
Garrett Wilson,rec_yds,100.0,298,Cleveland Browns @ New York Jets,2026-10-11T17:00:00Z,2026-10-08T19:13+00:00
Garrett Wilson,rec_yds,110.0,423,Cleveland Browns @ New York Jets,2026-10-11T17:00:00Z,2026-10-08T19:13+00:00
Garrett Wilson,rec_yds,120.0,620,Cleveland Browns @ New York Jets,2026-10-11T17:00:00Z,2026-10-08T19:13+00:00
Garrett Wilson,rec_yds,130.0,900,Cleveland Browns @ New York Jets,2026-10-11T17:00:00Z,2026-10-08T19:13+00:00
Garrett Wilson,rec_yds,140.0,1280,Cleveland Browns @ New York Jets,2026-10-11T17:00:00Z,2026-10-08T19:13+00:00
Garrett Wilson,rec_yds,150.0,1820,Cleveland Browns @ New York Jets,2026-10-11T17:00:00Z,2026-10-08T19:13+00:00
Garrett Wilson,rec_yds,160.0,2500,Cleveland Browns @ New York Jets,2026-10-11T17:00:00Z,2026-10-08T19:13+00:00
Garrett Wilson,rec_yds,170.0,3400,Cleveland Browns @ New York Jets,2026-10-11T17:00:00Z,2026-10-08T19:13+00:00
Denzel Boston,rec_yds,15.0,-910,Cleveland Browns @ New York Jets,2026-10-11T17:00:00Z,2026-10-08T19:13+00:00
Denzel Boston,rec_yds,25.0,-389,Cleveland Browns @ New York Jets,2026-10-11T17:00:00Z,2026-10-08T19:13+00:00
Denzel Boston,rec_yds,40.0,-163,Cleveland Browns @ New York Jets,2026-10-11T17:00:00Z,2026-10-08T19:13+00:00
Denzel Boston,rec_yds,48.0,-113,Cleveland Browns @ New York Jets,2026-10-11T17:00:00Z,2026-10-08T19:13+00:00
Denzel Boston,rec_yds,50.0,-103,Cleveland Browns @ New York Jets,2026-10-11T17:00:00Z,2026-10-08T19:13+00:00
Denzel Boston,rec_yds,60.0,146,Cleveland Browns @ New York Jets,2026-10-11T17:00:00Z,2026-10-08T19:13+00:00
Denzel Boston,rec_yds,70.0,220,Cleveland Browns @ New York Jets,2026-10-11T17:00:00Z,2026-10-08T19:13+00:00
Denzel Boston,rec_yds,80.0,320,Cleveland Browns @ New York Jets,2026-10-11T17:00:00Z,2026-10-08T19:13+00:00
Denzel Boston,rec_yds,90.0,478,Cleveland Browns @ New York Jets,2026-10-11T17:00:00Z,2026-10-08T19:13+00:00
Denzel Boston,rec_yds,100.0,700,Cleveland Browns @ New York Jets,2026-10-11T17:00:00Z,2026-10-08T19:13+00:00
Denzel Boston,rec_yds,110.0,1020,Cleveland Browns @ New York Jets,2026-10-11T17:00:00Z,2026-10-08T19:13+00:00
Denzel Boston,rec_yds,120.0,1480,Cleveland Browns @ New York Jets,2026-10-11T17:00:00Z,2026-10-08T19:13+00:00
Denzel Boston,rec_yds,130.0,2100,Cleveland Browns @ New York Jets,2026-10-11T17:00:00Z,2026-10-08T19:13+00:00
Denzel Boston,rec_yds,140.0,2800,Cleveland Browns @ New York Jets,2026-10-11T17:00:00Z,2026-10-08T19:13+00:00
Denzel Boston,rec_yds,150.0,3800,Cleveland Browns @ New York Jets,2026-10-11T17:00:00Z,2026-10-08T19:13+00:00
KC Concepcion,rec_yds,15.0,-820,Cleveland Browns @ New York Jets,2026-10-11T17:00:00Z,2026-10-08T19:13+00:00
KC Concepcion,rec_yds,25.0,-318,Cleveland Browns @ New York Jets,2026-10-11T17:00:00Z,2026-10-08T19:13+00:00
KC Concepcion,rec_yds,40.0,-120,Cleveland Browns @ New York Jets,2026-10-11T17:00:00Z,2026-10-08T19:13+00:00
KC Concepcion,rec_yds,41.0,-114,Cleveland Browns @ New York Jets,2026-10-11T17:00:00Z,2026-10-08T19:13+00:00
KC Concepcion,rec_yds,50.0,144,Cleveland Browns @ New York Jets,2026-10-11T17:00:00Z,2026-10-08T19:13+00:00
KC Concepcion,rec_yds,60.0,234,Cleveland Browns @ New York Jets,2026-10-11T17:00:00Z,2026-10-08T19:13+00:00
KC Concepcion,rec_yds,70.0,365,Cleveland Browns @ New York Jets,2026-10-11T17:00:00Z,2026-10-08T19:13+00:00
KC Concepcion,rec_yds,80.0,576,Cleveland Browns @ New York Jets,2026-10-11T17:00:00Z,2026-10-08T19:13+00:00
KC Concepcion,rec_yds,90.0,870,Cleveland Browns @ New York Jets,2026-10-11T17:00:00Z,2026-10-08T19:13+00:00
KC Concepcion,rec_yds,100.0,1320,Cleveland Browns @ New York Jets,2026-10-11T17:00:00Z,2026-10-08T19:13+00:00
KC Concepcion,rec_yds,110.0,1940,Cleveland Browns @ New York Jets,2026-10-11T17:00:00Z,2026-10-08T19:13+00:00
KC Concepcion,rec_yds,120.0,2700,Cleveland Browns @ New York Jets,2026-10-11T17:00:00Z,2026-10-08T19:13+00:00
KC Concepcion,rec_yds,130.0,3700,Cleveland Browns @ New York Jets,2026-10-11T17:00:00Z,2026-10-08T19:13+00:00
Harold Fannin Jr.,rec_yds,15.0,-630,Cleveland Browns @ New York Jets,2026-10-11T17:00:00Z,2026-10-08T19:13+00:00
Harold Fannin Jr.,rec_yds,25.0,-246,Cleveland Browns @ New York Jets,2026-10-11T17:00:00Z,2026-10-08T19:13+00:00
Harold Fannin Jr.,rec_yds,37.0,-109,Cleveland Browns @ New York Jets,2026-10-11T17:00:00Z,2026-10-08T19:13+00:00
Harold Fannin Jr.,rec_yds,40.0,110,Cleveland Browns @ New York Jets,2026-10-11T17:00:00Z,2026-10-08T19:13+00:00
Harold Fannin Jr.,rec_yds,50.0,186,Cleveland Browns @ New York Jets,2026-10-11T17:00:00Z,2026-10-08T19:13+00:00
Harold Fannin Jr.,rec_yds,60.0,308,Cleveland Browns @ New York Jets,2026-10-11T17:00:00Z,2026-10-08T19:13+00:00
Harold Fannin Jr.,rec_yds,70.0,488,Cleveland Browns @ New York Jets,2026-10-11T17:00:00Z,2026-10-08T19:13+00:00
Harold Fannin Jr.,rec_yds,80.0,750,Cleveland Browns @ New York Jets,2026-10-11T17:00:00Z,2026-10-08T19:13+00:00
Harold Fannin Jr.,rec_yds,90.0,1160,Cleveland Browns @ New York Jets,2026-10-11T17:00:00Z,2026-10-08T19:13+00:00
Harold Fannin Jr.,rec_yds,100.0,1680,Cleveland Browns @ New York Jets,2026-10-11T17:00:00Z,2026-10-08T19:13+00:00
Harold Fannin Jr.,rec_yds,110.0,2300,Cleveland Browns @ New York Jets,2026-10-11T17:00:00Z,2026-10-08T19:13+00:00
Harold Fannin Jr.,rec_yds,120.0,3300,Cleveland Browns @ New York Jets,2026-10-11T17:00:00Z,2026-10-08T19:13+00:00
Garrett Wilson,receptions,3.0,-3700,Cleveland Browns @ New York Jets,2026-10-11T17:00:00Z,2026-10-08T19:13+00:00
Garrett Wilson,receptions,4.0,-880,Cleveland Browns @ New York Jets,2026-10-11T17:00:00Z,2026-10-08T19:13+00:00
Garrett Wilson,receptions,5.0,-344,Cleveland Browns @ New York Jets,2026-10-11T17:00:00Z,2026-10-08T19:13+00:00
Garrett Wilson,receptions,6.0,-167,Cleveland Browns @ New York Jets,2026-10-11T17:00:00Z,2026-10-08T19:13+00:00
Garrett Wilson,receptions,7.0,115,Cleveland Browns @ New York Jets,2026-10-11T17:00:00Z,2026-10-08T19:13+00:00
Garrett Wilson,receptions,8.0,211,Cleveland Browns @ New York Jets,2026-10-11T17:00:00Z,2026-10-08T19:13+00:00
Garrett Wilson,receptions,9.0,376,Cleveland Browns @ New York Jets,2026-10-11T17:00:00Z,2026-10-08T19:13+00:00
Garrett Wilson,receptions,10.0,670,Cleveland Browns @ New York Jets,2026-10-11T17:00:00Z,2026-10-08T19:13+00:00
Garrett Wilson,receptions,11.0,1120,Cleveland Browns @ New York Jets,2026-10-11T17:00:00Z,2026-10-08T19:13+00:00
Garrett Wilson,receptions,12.0,1800,Cleveland Browns @ New York Jets,2026-10-11T17:00:00Z,2026-10-08T19:13+00:00
Garrett Wilson,receptions,13.0,2600,Cleveland Browns @ New York Jets,2026-10-11T17:00:00Z,2026-10-08T19:13+00:00
KC Concepcion,receptions,2.0,-2100,Cleveland Browns @ New York Jets,2026-10-11T17:00:00Z,2026-10-08T19:13+00:00
KC Concepcion,receptions,3.0,-498,Cleveland Browns @ New York Jets,2026-10-11T17:00:00Z,2026-10-08T19:13+00:00
KC Concepcion,receptions,4.0,-195,Cleveland Browns @ New York Jets,2026-10-11T17:00:00Z,2026-10-08T19:13+00:00
KC Concepcion,receptions,5.0,112,Cleveland Browns @ New York Jets,2026-10-11T17:00:00Z,2026-10-08T19:13+00:00
KC Concepcion,receptions,6.0,228,Cleveland Browns @ New York Jets,2026-10-11T17:00:00Z,2026-10-08T19:13+00:00
KC Concepcion,receptions,7.0,456,Cleveland Browns @ New York Jets,2026-10-11T17:00:00Z,2026-10-08T19:13+00:00
KC Concepcion,receptions,8.0,870,Cleveland Browns @ New York Jets,2026-10-11T17:00:00Z,2026-10-08T19:13+00:00
KC Concepcion,receptions,9.0,1580,Cleveland Browns @ New York Jets,2026-10-11T17:00:00Z,2026-10-08T19:13+00:00
KC Concepcion,receptions,10.0,2600,Cleveland Browns @ New York Jets,2026-10-11T17:00:00Z,2026-10-08T19:13+00:00
Harold Fannin Jr.,receptions,2.0,-1880,Cleveland Browns @ New York Jets,2026-10-11T17:00:00Z,2026-10-08T19:13+00:00
Harold Fannin Jr.,receptions,3.0,-463,Cleveland Browns @ New York Jets,2026-10-11T17:00:00Z,2026-10-08T19:13+00:00
Harold Fannin Jr.,receptions,4.0,-177,Cleveland Browns @ New York Jets,2026-10-11T17:00:00Z,2026-10-08T19:13+00:00
Harold Fannin Jr.,receptions,5.0,124,Cleveland Browns @ New York Jets,2026-10-11T17:00:00Z,2026-10-08T19:13+00:00
Harold Fannin Jr.,receptions,6.0,261,Cleveland Browns @ New York Jets,2026-10-11T17:00:00Z,2026-10-08T19:13+00:00
Harold Fannin Jr.,receptions,7.0,519,Cleveland Browns @ New York Jets,2026-10-11T17:00:00Z,2026-10-08T19:13+00:00
Harold Fannin Jr.,receptions,8.0,990,Cleveland Browns @ New York Jets,2026-10-11T17:00:00Z,2026-10-08T19:13+00:00
Harold Fannin Jr.,receptions,9.0,1760,Cleveland Browns @ New York Jets,2026-10-11T17:00:00Z,2026-10-08T19:13+00:00
Harold Fannin Jr.,receptions,10.0,2800,Cleveland Browns @ New York Jets,2026-10-11T17:00:00Z,2026-10-08T19:13+00:00
Denzel Boston,receptions,2.0,-690,Cleveland Browns @ New York Jets,2026-10-11T17:00:00Z,2026-10-08T19:13+00:00
Denzel Boston,receptions,3.0,-210,Cleveland Browns @ New York Jets,2026-10-11T17:00:00Z,2026-10-08T19:13+00:00
Denzel Boston,receptions,4.0,121,Cleveland Browns @ New York Jets,2026-10-11T17:00:00Z,2026-10-08T19:13+00:00
Denzel Boston,receptions,5.0,271,Cleveland Browns @ New York Jets,2026-10-11T17:00:00Z,2026-10-08T19:13+00:00
Denzel Boston,receptions,6.0,598,Cleveland Browns @ New York Jets,2026-10-11T17:00:00Z,2026-10-08T19:13+00:00
Denzel Boston,receptions,7.0,1240,Cleveland Browns @ New York Jets,2026-10-11T17:00:00Z,2026-10-08T19:13+00:00
Denzel Boston,receptions,8.0,2300,Cleveland Browns @ New York Jets,2026-10-11T17:00:00Z,2026-10-08T19:13+00:00
Braelon Allen,rush_att,12.0,-1220,Cleveland Browns @ New York Jets,2026-10-11T17:00:00Z,2026-10-08T19:13+00:00
Braelon Allen,rush_att,14.0,-475,Cleveland Browns @ New York Jets,2026-10-11T17:00:00Z,2026-10-08T19:13+00:00
Braelon Allen,rush_att,16.0,-233,Cleveland Browns @ New York Jets,2026-10-11T17:00:00Z,2026-10-08T19:13+00:00
Braelon Allen,rush_att,18.0,-124,Cleveland Browns @ New York Jets,2026-10-11T17:00:00Z,2026-10-08T19:13+00:00
Braelon Allen,rush_att,20.0,147,Cleveland Browns @ New York Jets,2026-10-11T17:00:00Z,2026-10-08T19:13+00:00
Braelon Allen,rush_att,22.0,262,Cleveland Browns @ New York Jets,2026-10-11T17:00:00Z,2026-10-08T19:13+00:00
Braelon Allen,rush_att,24.0,484,Cleveland Browns @ New York Jets,2026-10-11T17:00:00Z,2026-10-08T19:13+00:00
Braelon Allen,rush_att,26.0,900,Cleveland Browns @ New York Jets,2026-10-11T17:00:00Z,2026-10-08T19:13+00:00
Braelon Allen,rush_att,28.0,1620,Cleveland Browns @ New York Jets,2026-10-11T17:00:00Z,2026-10-08T19:13+00:00
Quinshon Judkins,rush_att,10.0,-1480,Cleveland Browns @ New York Jets,2026-10-11T17:00:00Z,2026-10-08T19:13+00:00
Quinshon Judkins,rush_att,12.0,-523,Cleveland Browns @ New York Jets,2026-10-11T17:00:00Z,2026-10-08T19:13+00:00
Quinshon Judkins,rush_att,14.0,-247,Cleveland Browns @ New York Jets,2026-10-11T17:00:00Z,2026-10-08T19:13+00:00
Quinshon Judkins,rush_att,16.0,-125,Cleveland Browns @ New York Jets,2026-10-11T17:00:00Z,2026-10-08T19:13+00:00
Quinshon Judkins,rush_att,18.0,147,Cleveland Browns @ New York Jets,2026-10-11T17:00:00Z,2026-10-08T19:13+00:00
Quinshon Judkins,rush_att,20.0,263,Cleveland Browns @ New York Jets,2026-10-11T17:00:00Z,2026-10-08T19:13+00:00
Quinshon Judkins,rush_att,22.0,478,Cleveland Browns @ New York Jets,2026-10-11T17:00:00Z,2026-10-08T19:13+00:00
Quinshon Judkins,rush_att,24.0,850,Cleveland Browns @ New York Jets,2026-10-11T17:00:00Z,2026-10-08T19:13+00:00
Quinshon Judkins,rush_att,26.0,1480,Cleveland Browns @ New York Jets,2026-10-11T17:00:00Z,2026-10-08T19:13+00:00
Deshaun Watson,rush_att,4.0,-568,Cleveland Browns @ New York Jets,2026-10-11T17:00:00Z,2026-10-08T19:13+00:00
Deshaun Watson,rush_att,6.0,-134,Cleveland Browns @ New York Jets,2026-10-11T17:00:00Z,2026-10-08T19:13+00:00
Deshaun Watson,rush_att,8.0,230,Cleveland Browns @ New York Jets,2026-10-11T17:00:00Z,2026-10-08T19:13+00:00
Deshaun Watson,rush_att,10.0,650,Cleveland Browns @ New York Jets,2026-10-11T17:00:00Z,2026-10-08T19:13+00:00
Deshaun Watson,rush_att,12.0,1700,Cleveland Browns @ New York Jets,2026-10-11T17:00:00Z,2026-10-08T19:13+00:00
Braelon Allen,rush_yds,30.0,-1680,Cleveland Browns @ New York Jets,2026-10-11T17:00:00Z,2026-10-08T19:13+00:00
Braelon Allen,rush_yds,40.0,-690,Cleveland Browns @ New York Jets,2026-10-11T17:00:00Z,2026-10-08T19:13+00:00
Braelon Allen,rush_yds,50.0,-359,Cleveland Browns @ New York Jets,2026-10-11T17:00:00Z,2026-10-08T19:13+00:00
Braelon Allen,rush_yds,60.0,-211,Cleveland Browns @ New York Jets,2026-10-11T17:00:00Z,2026-10-08T19:13+00:00
Braelon Allen,rush_yds,70.0,-133,Cleveland Browns @ New York Jets,2026-10-11T17:00:00Z,2026-10-08T19:13+00:00
Braelon Allen,rush_yds,74.0,-112,Cleveland Browns @ New York Jets,2026-10-11T17:00:00Z,2026-10-08T19:13+00:00
Braelon Allen,rush_yds,80.0,114,Cleveland Browns @ New York Jets,2026-10-11T17:00:00Z,2026-10-08T19:13+00:00
Braelon Allen,rush_yds,90.0,171,Cleveland Browns @ New York Jets,2026-10-11T17:00:00Z,2026-10-08T19:13+00:00
Braelon Allen,rush_yds,100.0,250,Cleveland Browns @ New York Jets,2026-10-11T17:00:00Z,2026-10-08T19:13+00:00
Braelon Allen,rush_yds,110.0,356,Cleveland Browns @ New York Jets,2026-10-11T17:00:00Z,2026-10-08T19:13+00:00
Braelon Allen,rush_yds,120.0,502,Cleveland Browns @ New York Jets,2026-10-11T17:00:00Z,2026-10-08T19:13+00:00
Braelon Allen,rush_yds,130.0,710,Cleveland Browns @ New York Jets,2026-10-11T17:00:00Z,2026-10-08T19:13+00:00
Braelon Allen,rush_yds,140.0,1020,Cleveland Browns @ New York Jets,2026-10-11T17:00:00Z,2026-10-08T19:13+00:00
Braelon Allen,rush_yds,150.0,1400,Cleveland Browns @ New York Jets,2026-10-11T17:00:00Z,2026-10-08T19:13+00:00
Braelon Allen,rush_yds,160.0,1920,Cleveland Browns @ New York Jets,2026-10-11T17:00:00Z,2026-10-08T19:13+00:00
Braelon Allen,rush_yds,170.0,2600,Cleveland Browns @ New York Jets,2026-10-11T17:00:00Z,2026-10-08T19:13+00:00
Braelon Allen,rush_yds,180.0,3300,Cleveland Browns @ New York Jets,2026-10-11T17:00:00Z,2026-10-08T19:13+00:00
Quinshon Judkins,rush_yds,20.0,-1700,Cleveland Browns @ New York Jets,2026-10-11T17:00:00Z,2026-10-08T19:13+00:00
Quinshon Judkins,rush_yds,25.0,-990,Cleveland Browns @ New York Jets,2026-10-11T17:00:00Z,2026-10-08T19:13+00:00
Quinshon Judkins,rush_yds,30.0,-650,Cleveland Browns @ New York Jets,2026-10-11T17:00:00Z,2026-10-08T19:13+00:00
Quinshon Judkins,rush_yds,40.0,-315,Cleveland Browns @ New York Jets,2026-10-11T17:00:00Z,2026-10-08T19:13+00:00
Quinshon Judkins,rush_yds,50.0,-178,Cleveland Browns @ New York Jets,2026-10-11T17:00:00Z,2026-10-08T19:13+00:00
Quinshon Judkins,rush_yds,59.0,-113,Cleveland Browns @ New York Jets,2026-10-11T17:00:00Z,2026-10-08T19:13+00:00
Quinshon Judkins,rush_yds,60.0,-108,Cleveland Browns @ New York Jets,2026-10-11T17:00:00Z,2026-10-08T19:13+00:00
Quinshon Judkins,rush_yds,70.0,144,Cleveland Browns @ New York Jets,2026-10-11T17:00:00Z,2026-10-08T19:13+00:00
Quinshon Judkins,rush_yds,80.0,214,Cleveland Browns @ New York Jets,2026-10-11T17:00:00Z,2026-10-08T19:13+00:00
Quinshon Judkins,rush_yds,90.0,314,Cleveland Browns @ New York Jets,2026-10-11T17:00:00Z,2026-10-08T19:13+00:00
Quinshon Judkins,rush_yds,100.0,455,Cleveland Browns @ New York Jets,2026-10-11T17:00:00Z,2026-10-08T19:13+00:00
Quinshon Judkins,rush_yds,110.0,650,Cleveland Browns @ New York Jets,2026-10-11T17:00:00Z,2026-10-08T19:13+00:00
Quinshon Judkins,rush_yds,120.0,930,Cleveland Browns @ New York Jets,2026-10-11T17:00:00Z,2026-10-08T19:13+00:00
Quinshon Judkins,rush_yds,130.0,1340,Cleveland Browns @ New York Jets,2026-10-11T17:00:00Z,2026-10-08T19:13+00:00
Quinshon Judkins,rush_yds,140.0,1880,Cleveland Browns @ New York Jets,2026-10-11T17:00:00Z,2026-10-08T19:13+00:00
Quinshon Judkins,rush_yds,150.0,2500,Cleveland Browns @ New York Jets,2026-10-11T17:00:00Z,2026-10-08T19:13+00:00
Quinshon Judkins,rush_yds,160.0,3300,Cleveland Browns @ New York Jets,2026-10-11T17:00:00Z,2026-10-08T19:13+00:00
Deshaun Watson,rush_yds,10.0,-640,Cleveland Browns @ New York Jets,2026-10-11T17:00:00Z,2026-10-08T19:13+00:00
Deshaun Watson,rush_yds,15.0,-328,Cleveland Browns @ New York Jets,2026-10-11T17:00:00Z,2026-10-08T19:13+00:00
Deshaun Watson,rush_yds,20.0,-191,Cleveland Browns @ New York Jets,2026-10-11T17:00:00Z,2026-10-08T19:13+00:00
Deshaun Watson,rush_yds,25.0,-124,Cleveland Browns @ New York Jets,2026-10-11T17:00:00Z,2026-10-08T19:13+00:00
Deshaun Watson,rush_yds,26.0,-113,Cleveland Browns @ New York Jets,2026-10-11T17:00:00Z,2026-10-08T19:13+00:00
Deshaun Watson,rush_yds,30.0,123,Cleveland Browns @ New York Jets,2026-10-11T17:00:00Z,2026-10-08T19:13+00:00
Deshaun Watson,rush_yds,40.0,253,Cleveland Browns @ New York Jets,2026-10-11T17:00:00Z,2026-10-08T19:13+00:00
Deshaun Watson,rush_yds,50.0,489,Cleveland Browns @ New York Jets,2026-10-11T17:00:00Z,2026-10-08T19:13+00:00
Deshaun Watson,rush_yds,60.0,890,Cleveland Browns @ New York Jets,2026-10-11T17:00:00Z,2026-10-08T19:13+00:00
Deshaun Watson,rush_yds,70.0,1520,Cleveland Browns @ New York Jets,2026-10-11T17:00:00Z,2026-10-08T19:13+00:00
Deshaun Watson,rush_yds,80.0,2500,Cleveland Browns @ New York Jets,2026-10-11T17:00:00Z,2026-10-08T19:13+00:00
Deshaun Watson,rush_yds,90.0,3800,Cleveland Browns @ New York Jets,2026-10-11T17:00:00Z,2026-10-08T19:13+00:00
Isaiah Davis,rush_yds,10.0,-147,Cleveland Browns @ New York Jets,2026-10-11T17:00:00Z,2026-10-08T19:13+00:00
Isaiah Davis,rush_yds,12.0,-115,Cleveland Browns @ New York Jets,2026-10-11T17:00:00Z,2026-10-08T19:13+00:00
Isaiah Davis,rush_yds,15.0,120,Cleveland Browns @ New York Jets,2026-10-11T17:00:00Z,2026-10-08T19:13+00:00
Isaiah Davis,rush_yds,20.0,189,Cleveland Browns @ New York Jets,2026-10-11T17:00:00Z,2026-10-08T19:13+00:00
Isaiah Davis,rush_yds,25.0,281,Cleveland Browns @ New York Jets,2026-10-11T17:00:00Z,2026-10-08T19:13+00:00
Isaiah Davis,rush_yds,30.0,398,Cleveland Browns @ New York Jets,2026-10-11T17:00:00Z,2026-10-08T19:13+00:00
Isaiah Davis,rush_yds,40.0,730,Cleveland Browns @ New York Jets,2026-10-11T17:00:00Z,2026-10-08T19:13+00:00
Isaiah Davis,rush_yds,50.0,1240,Cleveland Browns @ New York Jets,2026-10-11T17:00:00Z,2026-10-08T19:13+00:00
Isaiah Davis,rush_yds,60.0,1900,Cleveland Browns @ New York Jets,2026-10-11T17:00:00Z,2026-10-08T19:13+00:00
Isaiah Davis,rush_yds,70.0,2700,Cleveland Browns @ New York Jets,2026-10-11T17:00:00Z,2026-10-08T19:13+00:00
Isaiah Davis,rush_yds,80.0,3800,Cleveland Browns @ New York Jets,2026-10-11T17:00:00Z,2026-10-08T19:13+00:00
Geno Smith,rush_yds,10.0,-121,Cleveland Browns @ New York Jets,2026-10-11T17:00:00Z,2026-10-08T19:13+00:00
Geno Smith,rush_yds,11.0,-107,Cleveland Browns @ New York Jets,2026-10-11T17:00:00Z,2026-10-08T19:13+00:00
Geno Smith,rush_yds,15.0,146,Cleveland Browns @ New York Jets,2026-10-11T17:00:00Z,2026-10-08T19:13+00:00
Geno Smith,rush_yds,20.0,242,Cleveland Browns @ New York Jets,2026-10-11T17:00:00Z,2026-10-08T19:13+00:00
Geno Smith,rush_yds,25.0,379,Cleveland Browns @ New York Jets,2026-10-11T17:00:00Z,2026-10-08T19:13+00:00
Geno Smith,rush_yds,30.0,585,Cleveland Browns @ New York Jets,2026-10-11T17:00:00Z,2026-10-08T19:13+00:00
Geno Smith,rush_yds,40.0,1280,Cleveland Browns @ New York Jets,2026-10-11T17:00:00Z,2026-10-08T19:13+00:00
Geno Smith,rush_yds,50.0,2500,Cleveland Browns @ New York Jets,2026-10-11T17:00:00Z,2026-10-08T19:13+00:00
Cam Ward,pass_att,24.0,-1540,Houston Texans @ Tennessee Titans,2026-10-11T17:00:00Z,2026-10-08T19:13+00:00
Cam Ward,pass_att,26.0,-680,Houston Texans @ Tennessee Titans,2026-10-11T17:00:00Z,2026-10-08T19:13+00:00
Cam Ward,pass_att,28.0,-356,Houston Texans @ Tennessee Titans,2026-10-11T17:00:00Z,2026-10-08T19:13+00:00
Cam Ward,pass_att,30.0,-202,Houston Texans @ Tennessee Titans,2026-10-11T17:00:00Z,2026-10-08T19:13+00:00
Cam Ward,pass_att,32.0,-119,Houston Texans @ Tennessee Titans,2026-10-11T17:00:00Z,2026-10-08T19:13+00:00
Cam Ward,pass_att,34.0,137,Houston Texans @ Tennessee Titans,2026-10-11T17:00:00Z,2026-10-08T19:13+00:00
Cam Ward,pass_att,36.0,221,Houston Texans @ Tennessee Titans,2026-10-11T17:00:00Z,2026-10-08T19:13+00:00
Cam Ward,pass_att,38.0,350,Houston Texans @ Tennessee Titans,2026-10-11T17:00:00Z,2026-10-08T19:13+00:00
Cam Ward,pass_att,40.0,574,Houston Texans @ Tennessee Titans,2026-10-11T17:00:00Z,2026-10-08T19:13+00:00
Cam Ward,pass_att,42.0,880,Houston Texans @ Tennessee Titans,2026-10-11T17:00:00Z,2026-10-08T19:13+00:00
Cam Ward,pass_att,44.0,1360,Houston Texans @ Tennessee Titans,2026-10-11T17:00:00Z,2026-10-08T19:13+00:00
C.J. Stroud,pass_att,24.0,-2300,Houston Texans @ Tennessee Titans,2026-10-11T17:00:00Z,2026-10-08T19:13+00:00
C.J. Stroud,pass_att,26.0,-820,Houston Texans @ Tennessee Titans,2026-10-11T17:00:00Z,2026-10-08T19:13+00:00
C.J. Stroud,pass_att,28.0,-378,Houston Texans @ Tennessee Titans,2026-10-11T17:00:00Z,2026-10-08T19:13+00:00
C.J. Stroud,pass_att,30.0,-200,Houston Texans @ Tennessee Titans,2026-10-11T17:00:00Z,2026-10-08T19:13+00:00
C.J. Stroud,pass_att,32.0,-111,Houston Texans @ Tennessee Titans,2026-10-11T17:00:00Z,2026-10-08T19:13+00:00
C.J. Stroud,pass_att,34.0,153,Houston Texans @ Tennessee Titans,2026-10-11T17:00:00Z,2026-10-08T19:13+00:00
C.J. Stroud,pass_att,36.0,250,Houston Texans @ Tennessee Titans,2026-10-11T17:00:00Z,2026-10-08T19:13+00:00
C.J. Stroud,pass_att,38.0,414,Houston Texans @ Tennessee Titans,2026-10-11T17:00:00Z,2026-10-08T19:13+00:00
C.J. Stroud,pass_att,40.0,670,Houston Texans @ Tennessee Titans,2026-10-11T17:00:00Z,2026-10-08T19:13+00:00
C.J. Stroud,pass_att,42.0,1060,Houston Texans @ Tennessee Titans,2026-10-11T17:00:00Z,2026-10-08T19:13+00:00
C.J. Stroud,pass_att,44.0,1580,Houston Texans @ Tennessee Titans,2026-10-11T17:00:00Z,2026-10-08T19:13+00:00
C.J. Stroud,pass_cmps,16.0,-1980,Houston Texans @ Tennessee Titans,2026-10-11T17:00:00Z,2026-10-08T19:13+00:00
C.J. Stroud,pass_cmps,18.0,-620,Houston Texans @ Tennessee Titans,2026-10-11T17:00:00Z,2026-10-08T19:13+00:00
C.J. Stroud,pass_cmps,20.0,-256,Houston Texans @ Tennessee Titans,2026-10-11T17:00:00Z,2026-10-08T19:13+00:00
C.J. Stroud,pass_cmps,22.0,-121,Houston Texans @ Tennessee Titans,2026-10-11T17:00:00Z,2026-10-08T19:13+00:00
C.J. Stroud,pass_cmps,24.0,165,Houston Texans @ Tennessee Titans,2026-10-11T17:00:00Z,2026-10-08T19:13+00:00
C.J. Stroud,pass_cmps,26.0,328,Houston Texans @ Tennessee Titans,2026-10-11T17:00:00Z,2026-10-08T19:13+00:00
C.J. Stroud,pass_cmps,28.0,610,Houston Texans @ Tennessee Titans,2026-10-11T17:00:00Z,2026-10-08T19:13+00:00
C.J. Stroud,pass_cmps,30.0,1180,Houston Texans @ Tennessee Titans,2026-10-11T17:00:00Z,2026-10-08T19:13+00:00
Cam Ward,pass_cmps,14.0,-1700,Houston Texans @ Tennessee Titans,2026-10-11T17:00:00Z,2026-10-08T19:13+00:00
Cam Ward,pass_cmps,16.0,-556,Houston Texans @ Tennessee Titans,2026-10-11T17:00:00Z,2026-10-08T19:13+00:00
Cam Ward,pass_cmps,18.0,-247,Houston Texans @ Tennessee Titans,2026-10-11T17:00:00Z,2026-10-08T19:13+00:00
Cam Ward,pass_cmps,20.0,-121,Houston Texans @ Tennessee Titans,2026-10-11T17:00:00Z,2026-10-08T19:13+00:00
Cam Ward,pass_cmps,22.0,163,Houston Texans @ Tennessee Titans,2026-10-11T17:00:00Z,2026-10-08T19:13+00:00
Cam Ward,pass_cmps,24.0,312,Houston Texans @ Tennessee Titans,2026-10-11T17:00:00Z,2026-10-08T19:13+00:00
Cam Ward,pass_cmps,26.0,585,Houston Texans @ Tennessee Titans,2026-10-11T17:00:00Z,2026-10-08T19:13+00:00
Cam Ward,pass_cmps,28.0,1100,Houston Texans @ Tennessee Titans,2026-10-11T17:00:00Z,2026-10-08T19:13+00:00
C.J. Stroud,pass_yds,170.0,-1080,Houston Texans @ Tennessee Titans,2026-10-11T17:00:00Z,2026-10-08T19:13+00:00
C.J. Stroud,pass_yds,180.0,-750,Houston Texans @ Tennessee Titans,2026-10-11T17:00:00Z,2026-10-08T19:13+00:00
C.J. Stroud,pass_yds,190.0,-534,Houston Texans @ Tennessee Titans,2026-10-11T17:00:00Z,2026-10-08T19:13+00:00
C.J. Stroud,pass_yds,200.0,-390,Houston Texans @ Tennessee Titans,2026-10-11T17:00:00Z,2026-10-08T19:13+00:00
C.J. Stroud,pass_yds,210.0,-290,Houston Texans @ Tennessee Titans,2026-10-11T17:00:00Z,2026-10-08T19:13+00:00
C.J. Stroud,pass_yds,220.0,-222,Houston Texans @ Tennessee Titans,2026-10-11T17:00:00Z,2026-10-08T19:13+00:00
C.J. Stroud,pass_yds,230.0,-170,Houston Texans @ Tennessee Titans,2026-10-11T17:00:00Z,2026-10-08T19:13+00:00
C.J. Stroud,pass_yds,240.0,-130,Houston Texans @ Tennessee Titans,2026-10-11T17:00:00Z,2026-10-08T19:13+00:00
C.J. Stroud,pass_yds,246.0,-111,Houston Texans @ Tennessee Titans,2026-10-11T17:00:00Z,2026-10-08T19:13+00:00
C.J. Stroud,pass_yds,250.0,-101,Houston Texans @ Tennessee Titans,2026-10-11T17:00:00Z,2026-10-08T19:13+00:00
C.J. Stroud,pass_yds,260.0,126,Houston Texans @ Tennessee Titans,2026-10-11T17:00:00Z,2026-10-08T19:13+00:00
C.J. Stroud,pass_yds,270.0,161,Houston Texans @ Tennessee Titans,2026-10-11T17:00:00Z,2026-10-08T19:13+00:00
C.J. Stroud,pass_yds,280.0,204,Houston Texans @ Tennessee Titans,2026-10-11T17:00:00Z,2026-10-08T19:13+00:00
C.J. Stroud,pass_yds,290.0,260,Houston Texans @ Tennessee Titans,2026-10-11T17:00:00Z,2026-10-08T19:13+00:00
C.J. Stroud,pass_yds,300.0,329,Houston Texans @ Tennessee Titans,2026-10-11T17:00:00Z,2026-10-08T19:13+00:00
C.J. Stroud,pass_yds,310.0,420,Houston Texans @ Tennessee Titans,2026-10-11T17:00:00Z,2026-10-08T19:13+00:00
C.J. Stroud,pass_yds,320.0,537,Houston Texans @ Tennessee Titans,2026-10-11T17:00:00Z,2026-10-08T19:13+00:00
C.J. Stroud,pass_yds,330.0,670,Houston Texans @ Tennessee Titans,2026-10-11T17:00:00Z,2026-10-08T19:13+00:00
C.J. Stroud,pass_yds,340.0,870,Houston Texans @ Tennessee Titans,2026-10-11T17:00:00Z,2026-10-08T19:13+00:00
C.J. Stroud,pass_yds,350.0,1100,Houston Texans @ Tennessee Titans,2026-10-11T17:00:00Z,2026-10-08T19:13+00:00
C.J. Stroud,pass_yds,360.0,1400,Houston Texans @ Tennessee Titans,2026-10-11T17:00:00Z,2026-10-08T19:13+00:00
C.J. Stroud,pass_yds,370.0,1740,Houston Texans @ Tennessee Titans,2026-10-11T17:00:00Z,2026-10-08T19:13+00:00
C.J. Stroud,pass_yds,380.0,2200,Houston Texans @ Tennessee Titans,2026-10-11T17:00:00Z,2026-10-08T19:13+00:00
C.J. Stroud,pass_yds,390.0,2700,Houston Texans @ Tennessee Titans,2026-10-11T17:00:00Z,2026-10-08T19:13+00:00
C.J. Stroud,pass_yds,400.0,3200,Houston Texans @ Tennessee Titans,2026-10-11T17:00:00Z,2026-10-08T19:13+00:00
C.J. Stroud,pass_yds,410.0,4000,Houston Texans @ Tennessee Titans,2026-10-11T17:00:00Z,2026-10-08T19:13+00:00
Cam Ward,pass_yds,150.0,-419,Houston Texans @ Tennessee Titans,2026-10-11T17:00:00Z,2026-10-08T19:13+00:00
Cam Ward,pass_yds,160.0,-304,Houston Texans @ Tennessee Titans,2026-10-11T17:00:00Z,2026-10-08T19:13+00:00
Cam Ward,pass_yds,170.0,-225,Houston Texans @ Tennessee Titans,2026-10-11T17:00:00Z,2026-10-08T19:13+00:00
Cam Ward,pass_yds,180.0,-170,Houston Texans @ Tennessee Titans,2026-10-11T17:00:00Z,2026-10-08T19:13+00:00
Cam Ward,pass_yds,190.0,-128,Houston Texans @ Tennessee Titans,2026-10-11T17:00:00Z,2026-10-08T19:13+00:00
Cam Ward,pass_yds,195.0,-113,Houston Texans @ Tennessee Titans,2026-10-11T17:00:00Z,2026-10-08T19:13+00:00
Cam Ward,pass_yds,200.0,101,Houston Texans @ Tennessee Titans,2026-10-11T17:00:00Z,2026-10-08T19:13+00:00
Cam Ward,pass_yds,210.0,131,Houston Texans @ Tennessee Titans,2026-10-11T17:00:00Z,2026-10-08T19:13+00:00
Cam Ward,pass_yds,220.0,169,Houston Texans @ Tennessee Titans,2026-10-11T17:00:00Z,2026-10-08T19:13+00:00
Cam Ward,pass_yds,230.0,217,Houston Texans @ Tennessee Titans,2026-10-11T17:00:00Z,2026-10-08T19:13+00:00
Cam Ward,pass_yds,240.0,283,Houston Texans @ Tennessee Titans,2026-10-11T17:00:00Z,2026-10-08T19:13+00:00
Cam Ward,pass_yds,250.0,363,Houston Texans @ Tennessee Titans,2026-10-11T17:00:00Z,2026-10-08T19:13+00:00
Cam Ward,pass_yds,260.0,473,Houston Texans @ Tennessee Titans,2026-10-11T17:00:00Z,2026-10-08T19:13+00:00
Cam Ward,pass_yds,270.0,620,Houston Texans @ Tennessee Titans,2026-10-11T17:00:00Z,2026-10-08T19:13+00:00
Cam Ward,pass_yds,280.0,790,Houston Texans @ Tennessee Titans,2026-10-11T17:00:00Z,2026-10-08T19:13+00:00
Cam Ward,pass_yds,290.0,1020,Houston Texans @ Tennessee Titans,2026-10-11T17:00:00Z,2026-10-08T19:13+00:00
Cam Ward,pass_yds,300.0,1340,Houston Texans @ Tennessee Titans,2026-10-11T17:00:00Z,2026-10-08T19:13+00:00
Cam Ward,pass_yds,310.0,1720,Houston Texans @ Tennessee Titans,2026-10-11T17:00:00Z,2026-10-08T19:13+00:00
Cam Ward,pass_yds,320.0,2100,Houston Texans @ Tennessee Titans,2026-10-11T17:00:00Z,2026-10-08T19:13+00:00
Cam Ward,pass_yds,330.0,2700,Houston Texans @ Tennessee Titans,2026-10-11T17:00:00Z,2026-10-08T19:13+00:00
Cam Ward,pass_yds,340.0,3200,Houston Texans @ Tennessee Titans,2026-10-11T17:00:00Z,2026-10-08T19:13+00:00
Cam Ward,pass_yds,350.0,3900,Houston Texans @ Tennessee Titans,2026-10-11T17:00:00Z,2026-10-08T19:13+00:00
Nico Collins,rec_yds,25.0,-2400,Houston Texans @ Tennessee Titans,2026-10-11T17:00:00Z,2026-10-08T19:13+00:00
Nico Collins,rec_yds,40.0,-750,Houston Texans @ Tennessee Titans,2026-10-11T17:00:00Z,2026-10-08T19:13+00:00
Nico Collins,rec_yds,50.0,-428,Houston Texans @ Tennessee Titans,2026-10-11T17:00:00Z,2026-10-08T19:13+00:00
Nico Collins,rec_yds,60.0,-271,Houston Texans @ Tennessee Titans,2026-10-11T17:00:00Z,2026-10-08T19:13+00:00
Nico Collins,rec_yds,70.0,-177,Houston Texans @ Tennessee Titans,2026-10-11T17:00:00Z,2026-10-08T19:13+00:00
Nico Collins,rec_yds,80.0,-119,Houston Texans @ Tennessee Titans,2026-10-11T17:00:00Z,2026-10-08T19:13+00:00
Nico Collins,rec_yds,82.0,-111,Houston Texans @ Tennessee Titans,2026-10-11T17:00:00Z,2026-10-08T19:13+00:00
Nico Collins,rec_yds,90.0,121,Houston Texans @ Tennessee Titans,2026-10-11T17:00:00Z,2026-10-08T19:13+00:00
Nico Collins,rec_yds,100.0,171,Houston Texans @ Tennessee Titans,2026-10-11T17:00:00Z,2026-10-08T19:13+00:00
Nico Collins,rec_yds,110.0,241,Houston Texans @ Tennessee Titans,2026-10-11T17:00:00Z,2026-10-08T19:13+00:00
Nico Collins,rec_yds,120.0,334,Houston Texans @ Tennessee Titans,2026-10-11T17:00:00Z,2026-10-08T19:13+00:00
Nico Collins,rec_yds,130.0,462,Houston Texans @ Tennessee Titans,2026-10-11T17:00:00Z,2026-10-08T19:13+00:00
Nico Collins,rec_yds,140.0,630,Houston Texans @ Tennessee Titans,2026-10-11T17:00:00Z,2026-10-08T19:13+00:00
Nico Collins,rec_yds,150.0,890,Houston Texans @ Tennessee Titans,2026-10-11T17:00:00Z,2026-10-08T19:13+00:00
Nico Collins,rec_yds,160.0,1220,Houston Texans @ Tennessee Titans,2026-10-11T17:00:00Z,2026-10-08T19:13+00:00
Nico Collins,rec_yds,170.0,1640,Houston Texans @ Tennessee Titans,2026-10-11T17:00:00Z,2026-10-08T19:13+00:00
Nico Collins,rec_yds,180.0,2200,Houston Texans @ Tennessee Titans,2026-10-11T17:00:00Z,2026-10-08T19:13+00:00
Nico Collins,rec_yds,190.0,2900,Houston Texans @ Tennessee Titans,2026-10-11T17:00:00Z,2026-10-08T19:13+00:00
Nico Collins,rec_yds,200.0,3800,Houston Texans @ Tennessee Titans,2026-10-11T17:00:00Z,2026-10-08T19:13+00:00
Carnell Tate,rec_yds,15.0,-1620,Houston Texans @ Tennessee Titans,2026-10-11T17:00:00Z,2026-10-08T19:13+00:00
Carnell Tate,rec_yds,25.0,-559,Houston Texans @ Tennessee Titans,2026-10-11T17:00:00Z,2026-10-08T19:13+00:00
Carnell Tate,rec_yds,40.0,-197,Houston Texans @ Tennessee Titans,2026-10-11T17:00:00Z,2026-10-08T19:13+00:00
Carnell Tate,rec_yds,50.0,-113,Houston Texans @ Tennessee Titans,2026-10-11T17:00:00Z,2026-10-08T19:13+00:00
Carnell Tate,rec_yds,60.0,146,Houston Texans @ Tennessee Titans,2026-10-11T17:00:00Z,2026-10-08T19:13+00:00
Carnell Tate,rec_yds,70.0,230,Houston Texans @ Tennessee Titans,2026-10-11T17:00:00Z,2026-10-08T19:13+00:00
Carnell Tate,rec_yds,80.0,362,Houston Texans @ Tennessee Titans,2026-10-11T17:00:00Z,2026-10-08T19:13+00:00
Carnell Tate,rec_yds,90.0,566,Houston Texans @ Tennessee Titans,2026-10-11T17:00:00Z,2026-10-08T19:13+00:00
Carnell Tate,rec_yds,100.0,860,Houston Texans @ Tennessee Titans,2026-10-11T17:00:00Z,2026-10-08T19:13+00:00
Carnell Tate,rec_yds,110.0,1320,Houston Texans @ Tennessee Titans,2026-10-11T17:00:00Z,2026-10-08T19:13+00:00
Carnell Tate,rec_yds,120.0,1940,Houston Texans @ Tennessee Titans,2026-10-11T17:00:00Z,2026-10-08T19:13+00:00
Carnell Tate,rec_yds,130.0,2700,Houston Texans @ Tennessee Titans,2026-10-11T17:00:00Z,2026-10-08T19:13+00:00
Carnell Tate,rec_yds,140.0,4000,Houston Texans @ Tennessee Titans,2026-10-11T17:00:00Z,2026-10-08T19:13+00:00
Dalton Schultz,rec_yds,15.0,-710,Houston Texans @ Tennessee Titans,2026-10-11T17:00:00Z,2026-10-08T19:13+00:00
Dalton Schultz,rec_yds,25.0,-272,Houston Texans @ Tennessee Titans,2026-10-11T17:00:00Z,2026-10-08T19:13+00:00
Dalton Schultz,rec_yds,38.0,-113,Houston Texans @ Tennessee Titans,2026-10-11T17:00:00Z,2026-10-08T19:13+00:00
Dalton Schultz,rec_yds,40.0,-101,Houston Texans @ Tennessee Titans,2026-10-11T17:00:00Z,2026-10-08T19:13+00:00
Dalton Schultz,rec_yds,50.0,174,Houston Texans @ Tennessee Titans,2026-10-11T17:00:00Z,2026-10-08T19:13+00:00
Dalton Schultz,rec_yds,60.0,288,Houston Texans @ Tennessee Titans,2026-10-11T17:00:00Z,2026-10-08T19:13+00:00
Dalton Schultz,rec_yds,70.0,453,Houston Texans @ Tennessee Titans,2026-10-11T17:00:00Z,2026-10-08T19:13+00:00
Dalton Schultz,rec_yds,80.0,700,Houston Texans @ Tennessee Titans,2026-10-11T17:00:00Z,2026-10-08T19:13+00:00
Dalton Schultz,rec_yds,90.0,1100,Houston Texans @ Tennessee Titans,2026-10-11T17:00:00Z,2026-10-08T19:13+00:00
Dalton Schultz,rec_yds,100.0,1620,Houston Texans @ Tennessee Titans,2026-10-11T17:00:00Z,2026-10-08T19:13+00:00
Dalton Schultz,rec_yds,110.0,2400,Houston Texans @ Tennessee Titans,2026-10-11T17:00:00Z,2026-10-08T19:13+00:00
Dalton Schultz,rec_yds,120.0,3300,Houston Texans @ Tennessee Titans,2026-10-11T17:00:00Z,2026-10-08T19:13+00:00
Kayshon Boutte,rec_yds,15.0,-266,Houston Texans @ Tennessee Titans,2026-10-11T17:00:00Z,2026-10-08T19:13+00:00
Kayshon Boutte,rec_yds,25.0,-123,Houston Texans @ Tennessee Titans,2026-10-11T17:00:00Z,2026-10-08T19:13+00:00
Kayshon Boutte,rec_yds,27.0,-109,Houston Texans @ Tennessee Titans,2026-10-11T17:00:00Z,2026-10-08T19:13+00:00
Kayshon Boutte,rec_yds,40.0,189,Houston Texans @ Tennessee Titans,2026-10-11T17:00:00Z,2026-10-08T19:13+00:00
Kayshon Boutte,rec_yds,50.0,311,Houston Texans @ Tennessee Titans,2026-10-11T17:00:00Z,2026-10-08T19:13+00:00
Kayshon Boutte,rec_yds,60.0,500,Houston Texans @ Tennessee Titans,2026-10-11T17:00:00Z,2026-10-08T19:13+00:00
Kayshon Boutte,rec_yds,70.0,770,Houston Texans @ Tennessee Titans,2026-10-11T17:00:00Z,2026-10-08T19:13+00:00
Kayshon Boutte,rec_yds,80.0,1200,Houston Texans @ Tennessee Titans,2026-10-11T17:00:00Z,2026-10-08T19:13+00:00
Kayshon Boutte,rec_yds,90.0,1820,Houston Texans @ Tennessee Titans,2026-10-11T17:00:00Z,2026-10-08T19:13+00:00
Kayshon Boutte,rec_yds,100.0,2600,Houston Texans @ Tennessee Titans,2026-10-11T17:00:00Z,2026-10-08T19:13+00:00
Kayshon Boutte,rec_yds,110.0,3300,Houston Texans @ Tennessee Titans,2026-10-11T17:00:00Z,2026-10-08T19:13+00:00
Wan'Dale Robinson,rec_yds,15.0,-528,Houston Texans @ Tennessee Titans,2026-10-11T17:00:00Z,2026-10-08T19:13+00:00
Wan'Dale Robinson,rec_yds,25.0,-205,Houston Texans @ Tennessee Titans,2026-10-11T17:00:00Z,2026-10-08T19:13+00:00
Wan'Dale Robinson,rec_yds,33.0,-115,Houston Texans @ Tennessee Titans,2026-10-11T17:00:00Z,2026-10-08T19:13+00:00
Wan'Dale Robinson,rec_yds,40.0,133,Houston Texans @ Tennessee Titans,2026-10-11T17:00:00Z,2026-10-08T19:13+00:00
Wan'Dale Robinson,rec_yds,50.0,236,Houston Texans @ Tennessee Titans,2026-10-11T17:00:00Z,2026-10-08T19:13+00:00
Wan'Dale Robinson,rec_yds,60.0,405,Houston Texans @ Tennessee Titans,2026-10-11T17:00:00Z,2026-10-08T19:13+00:00
Wan'Dale Robinson,rec_yds,70.0,670,Houston Texans @ Tennessee Titans,2026-10-11T17:00:00Z,2026-10-08T19:13+00:00
Wan'Dale Robinson,rec_yds,80.0,1080,Houston Texans @ Tennessee Titans,2026-10-11T17:00:00Z,2026-10-08T19:13+00:00
Wan'Dale Robinson,rec_yds,90.0,1760,Houston Texans @ Tennessee Titans,2026-10-11T17:00:00Z,2026-10-08T19:13+00:00
Wan'Dale Robinson,rec_yds,100.0,2700,Houston Texans @ Tennessee Titans,2026-10-11T17:00:00Z,2026-10-08T19:13+00:00
Wan'Dale Robinson,rec_yds,110.0,3900,Houston Texans @ Tennessee Titans,2026-10-11T17:00:00Z,2026-10-08T19:13+00:00
Jaylin Noel,rec_yds,15.0,-149,Houston Texans @ Tennessee Titans,2026-10-11T17:00:00Z,2026-10-08T19:13+00:00
Jaylin Noel,rec_yds,19.0,-108,Houston Texans @ Tennessee Titans,2026-10-11T17:00:00Z,2026-10-08T19:13+00:00
Jaylin Noel,rec_yds,25.0,139,Houston Texans @ Tennessee Titans,2026-10-11T17:00:00Z,2026-10-08T19:13+00:00
Jaylin Noel,rec_yds,40.0,333,Houston Texans @ Tennessee Titans,2026-10-11T17:00:00Z,2026-10-08T19:13+00:00
Jaylin Noel,rec_yds,50.0,555,Houston Texans @ Tennessee Titans,2026-10-11T17:00:00Z,2026-10-08T19:13+00:00
Jaylin Noel,rec_yds,60.0,900,Houston Texans @ Tennessee Titans,2026-10-11T17:00:00Z,2026-10-08T19:13+00:00
Jaylin Noel,rec_yds,70.0,1380,Houston Texans @ Tennessee Titans,2026-10-11T17:00:00Z,2026-10-08T19:13+00:00
Jaylin Noel,rec_yds,80.0,2100,Houston Texans @ Tennessee Titans,2026-10-11T17:00:00Z,2026-10-08T19:13+00:00
Jaylin Noel,rec_yds,90.0,3200,Houston Texans @ Tennessee Titans,2026-10-11T17:00:00Z,2026-10-08T19:13+00:00
Elic Ayomanor,rec_yds,15.0,-131,Houston Texans @ Tennessee Titans,2026-10-11T17:00:00Z,2026-10-08T19:13+00:00
Elic Ayomanor,rec_yds,17.0,-109,Houston Texans @ Tennessee Titans,2026-10-11T17:00:00Z,2026-10-08T19:13+00:00
Elic Ayomanor,rec_yds,25.0,172,Houston Texans @ Tennessee Titans,2026-10-11T17:00:00Z,2026-10-08T19:13+00:00
Elic Ayomanor,rec_yds,40.0,440,Houston Texans @ Tennessee Titans,2026-10-11T17:00:00Z,2026-10-08T19:13+00:00
Elic Ayomanor,rec_yds,50.0,740,Houston Texans @ Tennessee Titans,2026-10-11T17:00:00Z,2026-10-08T19:13+00:00
Elic Ayomanor,rec_yds,60.0,1220,Houston Texans @ Tennessee Titans,2026-10-11T17:00:00Z,2026-10-08T19:13+00:00
Elic Ayomanor,rec_yds,70.0,2000,Houston Texans @ Tennessee Titans,2026-10-11T17:00:00Z,2026-10-08T19:13+00:00
Elic Ayomanor,rec_yds,80.0,3000,Houston Texans @ Tennessee Titans,2026-10-11T17:00:00Z,2026-10-08T19:13+00:00
Xavier Hutchinson,rec_yds,15.0,-111,Houston Texans @ Tennessee Titans,2026-10-11T17:00:00Z,2026-10-08T19:13+00:00
Xavier Hutchinson,rec_yds,25.0,184,Houston Texans @ Tennessee Titans,2026-10-11T17:00:00Z,2026-10-08T19:13+00:00
Xavier Hutchinson,rec_yds,40.0,435,Houston Texans @ Tennessee Titans,2026-10-11T17:00:00Z,2026-10-08T19:13+00:00
Xavier Hutchinson,rec_yds,50.0,730,Houston Texans @ Tennessee Titans,2026-10-11T17:00:00Z,2026-10-08T19:13+00:00
Xavier Hutchinson,rec_yds,60.0,1220,Houston Texans @ Tennessee Titans,2026-10-11T17:00:00Z,2026-10-08T19:13+00:00
Xavier Hutchinson,rec_yds,70.0,1980,Houston Texans @ Tennessee Titans,2026-10-11T17:00:00Z,2026-10-08T19:13+00:00
Xavier Hutchinson,rec_yds,80.0,3000,Houston Texans @ Tennessee Titans,2026-10-11T17:00:00Z,2026-10-08T19:13+00:00
Gunnar Helm,rec_yds,15.0,-160,Houston Texans @ Tennessee Titans,2026-10-11T17:00:00Z,2026-10-08T19:13+00:00
Gunnar Helm,rec_yds,19.0,-109,Houston Texans @ Tennessee Titans,2026-10-11T17:00:00Z,2026-10-08T19:13+00:00
Gunnar Helm,rec_yds,25.0,154,Houston Texans @ Tennessee Titans,2026-10-11T17:00:00Z,2026-10-08T19:13+00:00
Gunnar Helm,rec_yds,40.0,439,Houston Texans @ Tennessee Titans,2026-10-11T17:00:00Z,2026-10-08T19:13+00:00
Gunnar Helm,rec_yds,50.0,790,Houston Texans @ Tennessee Titans,2026-10-11T17:00:00Z,2026-10-08T19:13+00:00
Gunnar Helm,rec_yds,60.0,1380,Houston Texans @ Tennessee Titans,2026-10-11T17:00:00Z,2026-10-08T19:13+00:00
Gunnar Helm,rec_yds,70.0,2200,Houston Texans @ Tennessee Titans,2026-10-11T17:00:00Z,2026-10-08T19:13+00:00
Gunnar Helm,rec_yds,80.0,3300,Houston Texans @ Tennessee Titans,2026-10-11T17:00:00Z,2026-10-08T19:13+00:00
Calvin Ridley,rec_yds,10.0,-112,Houston Texans @ Tennessee Titans,2026-10-11T17:00:00Z,2026-10-08T19:13+00:00
Calvin Ridley,rec_yds,15.0,136,Houston Texans @ Tennessee Titans,2026-10-11T17:00:00Z,2026-10-08T19:13+00:00
Calvin Ridley,rec_yds,25.0,327,Houston Texans @ Tennessee Titans,2026-10-11T17:00:00Z,2026-10-08T19:13+00:00
Calvin Ridley,rec_yds,40.0,810,Houston Texans @ Tennessee Titans,2026-10-11T17:00:00Z,2026-10-08T19:13+00:00
Calvin Ridley,rec_yds,50.0,1380,Houston Texans @ Tennessee Titans,2026-10-11T17:00:00Z,2026-10-08T19:13+00:00
Calvin Ridley,rec_yds,60.0,2300,Houston Texans @ Tennessee Titans,2026-10-11T17:00:00Z,2026-10-08T19:13+00:00
Calvin Ridley,rec_yds,70.0,3600,Houston Texans @ Tennessee Titans,2026-10-11T17:00:00Z,2026-10-08T19:13+00:00
Woody Marks,rec_yds,9.0,-114,Houston Texans @ Tennessee Titans,2026-10-11T17:00:00Z,2026-10-08T19:13+00:00
Woody Marks,rec_yds,15.0,184,Houston Texans @ Tennessee Titans,2026-10-11T17:00:00Z,2026-10-08T19:13+00:00
Woody Marks,rec_yds,25.0,437,Houston Texans @ Tennessee Titans,2026-10-11T17:00:00Z,2026-10-08T19:13+00:00
Woody Marks,rec_yds,40.0,1220,Houston Texans @ Tennessee Titans,2026-10-11T17:00:00Z,2026-10-08T19:13+00:00
Woody Marks,rec_yds,50.0,2000,Houston Texans @ Tennessee Titans,2026-10-11T17:00:00Z,2026-10-08T19:13+00:00
Woody Marks,rec_yds,60.0,2900,Houston Texans @ Tennessee Titans,2026-10-11T17:00:00Z,2026-10-08T19:13+00:00
Woody Marks,rec_yds,70.0,4000,Houston Texans @ Tennessee Titans,2026-10-11T17:00:00Z,2026-10-08T19:13+00:00
Tyjae Spears,rec_yds,11.0,-112,Houston Texans @ Tennessee Titans,2026-10-11T17:00:00Z,2026-10-08T19:13+00:00
Tyjae Spears,rec_yds,15.0,140,Houston Texans @ Tennessee Titans,2026-10-11T17:00:00Z,2026-10-08T19:13+00:00
Tyjae Spears,rec_yds,25.0,340,Houston Texans @ Tennessee Titans,2026-10-11T17:00:00Z,2026-10-08T19:13+00:00
Tyjae Spears,rec_yds,40.0,1000,Houston Texans @ Tennessee Titans,2026-10-11T17:00:00Z,2026-10-08T19:13+00:00
Tyjae Spears,rec_yds,50.0,1760,Houston Texans @ Tennessee Titans,2026-10-11T17:00:00Z,2026-10-08T19:13+00:00
Tyjae Spears,rec_yds,60.0,2800,Houston Texans @ Tennessee Titans,2026-10-11T17:00:00Z,2026-10-08T19:13+00:00
Tony Pollard,rec_yds,9.0,-114,Houston Texans @ Tennessee Titans,2026-10-11T17:00:00Z,2026-10-08T19:13+00:00
Tony Pollard,rec_yds,15.0,176,Houston Texans @ Tennessee Titans,2026-10-11T17:00:00Z,2026-10-08T19:13+00:00
Tony Pollard,rec_yds,25.0,438,Houston Texans @ Tennessee Titans,2026-10-11T17:00:00Z,2026-10-08T19:13+00:00
Tony Pollard,rec_yds,40.0,1320,Houston Texans @ Tennessee Titans,2026-10-11T17:00:00Z,2026-10-08T19:13+00:00
Tony Pollard,rec_yds,50.0,2300,Houston Texans @ Tennessee Titans,2026-10-11T17:00:00Z,2026-10-08T19:13+00:00
Tony Pollard,rec_yds,60.0,3300,Houston Texans @ Tennessee Titans,2026-10-11T17:00:00Z,2026-10-08T19:13+00:00
David Montgomery,rec_yds,8.0,-110,Houston Texans @ Tennessee Titans,2026-10-11T17:00:00Z,2026-10-08T19:13+00:00
David Montgomery,rec_yds,15.0,216,Houston Texans @ Tennessee Titans,2026-10-11T17:00:00Z,2026-10-08T19:13+00:00
David Montgomery,rec_yds,25.0,516,Houston Texans @ Tennessee Titans,2026-10-11T17:00:00Z,2026-10-08T19:13+00:00
David Montgomery,rec_yds,40.0,1440,Houston Texans @ Tennessee Titans,2026-10-11T17:00:00Z,2026-10-08T19:13+00:00
David Montgomery,rec_yds,50.0,2300,Houston Texans @ Tennessee Titans,2026-10-11T17:00:00Z,2026-10-08T19:13+00:00
David Montgomery,rec_yds,60.0,3400,Houston Texans @ Tennessee Titans,2026-10-11T17:00:00Z,2026-10-08T19:13+00:00
Nico Collins,receptions,3.0,-2100,Houston Texans @ Tennessee Titans,2026-10-11T17:00:00Z,2026-10-08T19:13+00:00
Nico Collins,receptions,4.0,-592,Houston Texans @ Tennessee Titans,2026-10-11T17:00:00Z,2026-10-08T19:13+00:00
Nico Collins,receptions,5.0,-253,Houston Texans @ Tennessee Titans,2026-10-11T17:00:00Z,2026-10-08T19:13+00:00
Nico Collins,receptions,6.0,-120,Houston Texans @ Tennessee Titans,2026-10-11T17:00:00Z,2026-10-08T19:13+00:00
Nico Collins,receptions,7.0,164,Houston Texans @ Tennessee Titans,2026-10-11T17:00:00Z,2026-10-08T19:13+00:00
Nico Collins,receptions,8.0,308,Houston Texans @ Tennessee Titans,2026-10-11T17:00:00Z,2026-10-08T19:13+00:00
Nico Collins,receptions,9.0,577,Houston Texans @ Tennessee Titans,2026-10-11T17:00:00Z,2026-10-08T19:13+00:00
Nico Collins,receptions,10.0,1040,Houston Texans @ Tennessee Titans,2026-10-11T17:00:00Z,2026-10-08T19:13+00:00
Nico Collins,receptions,11.0,1820,Houston Texans @ Tennessee Titans,2026-10-11T17:00:00Z,2026-10-08T19:13+00:00
Nico Collins,receptions,12.0,2800,Houston Texans @ Tennessee Titans,2026-10-11T17:00:00Z,2026-10-08T19:13+00:00
Carnell Tate,receptions,3.0,-830,Houston Texans @ Tennessee Titans,2026-10-11T17:00:00Z,2026-10-08T19:13+00:00
Carnell Tate,receptions,4.0,-296,Houston Texans @ Tennessee Titans,2026-10-11T17:00:00Z,2026-10-08T19:13+00:00
Carnell Tate,receptions,5.0,-134,Houston Texans @ Tennessee Titans,2026-10-11T17:00:00Z,2026-10-08T19:13+00:00
Carnell Tate,receptions,6.0,149,Houston Texans @ Tennessee Titans,2026-10-11T17:00:00Z,2026-10-08T19:13+00:00
Carnell Tate,receptions,7.0,288,Houston Texans @ Tennessee Titans,2026-10-11T17:00:00Z,2026-10-08T19:13+00:00
Carnell Tate,receptions,8.0,542,Houston Texans @ Tennessee Titans,2026-10-11T17:00:00Z,2026-10-08T19:13+00:00
Carnell Tate,receptions,9.0,980,Houston Texans @ Tennessee Titans,2026-10-11T17:00:00Z,2026-10-08T19:13+00:00
Carnell Tate,receptions,10.0,1780,Houston Texans @ Tennessee Titans,2026-10-11T17:00:00Z,2026-10-08T19:13+00:00
Carnell Tate,receptions,11.0,2700,Houston Texans @ Tennessee Titans,2026-10-11T17:00:00Z,2026-10-08T19:13+00:00
Dalton Schultz,receptions,2.0,-2400,Houston Texans @ Tennessee Titans,2026-10-11T17:00:00Z,2026-10-08T19:13+00:00
Dalton Schultz,receptions,3.0,-545,Houston Texans @ Tennessee Titans,2026-10-11T17:00:00Z,2026-10-08T19:13+00:00
Dalton Schultz,receptions,4.0,-208,Houston Texans @ Tennessee Titans,2026-10-11T17:00:00Z,2026-10-08T19:13+00:00
Dalton Schultz,receptions,5.0,108,Houston Texans @ Tennessee Titans,2026-10-11T17:00:00Z,2026-10-08T19:13+00:00
Dalton Schultz,receptions,6.0,219,Houston Texans @ Tennessee Titans,2026-10-11T17:00:00Z,2026-10-08T19:13+00:00
Dalton Schultz,receptions,7.0,432,Houston Texans @ Tennessee Titans,2026-10-11T17:00:00Z,2026-10-08T19:13+00:00
Dalton Schultz,receptions,8.0,810,Houston Texans @ Tennessee Titans,2026-10-11T17:00:00Z,2026-10-08T19:13+00:00
Dalton Schultz,receptions,9.0,1460,Houston Texans @ Tennessee Titans,2026-10-11T17:00:00Z,2026-10-08T19:13+00:00
Dalton Schultz,receptions,10.0,2400,Houston Texans @ Tennessee Titans,2026-10-11T17:00:00Z,2026-10-08T19:13+00:00
Wan'Dale Robinson,receptions,2.0,-1400,Houston Texans @ Tennessee Titans,2026-10-11T17:00:00Z,2026-10-08T19:13+00:00
Wan'Dale Robinson,receptions,3.0,-373,Houston Texans @ Tennessee Titans,2026-10-11T17:00:00Z,2026-10-08T19:13+00:00
Wan'Dale Robinson,receptions,4.0,-146,Houston Texans @ Tennessee Titans,2026-10-11T17:00:00Z,2026-10-08T19:13+00:00
Wan'Dale Robinson,receptions,5.0,147,Houston Texans @ Tennessee Titans,2026-10-11T17:00:00Z,2026-10-08T19:13+00:00
Wan'Dale Robinson,receptions,6.0,300,Houston Texans @ Tennessee Titans,2026-10-11T17:00:00Z,2026-10-08T19:13+00:00
Wan'Dale Robinson,receptions,7.0,598,Houston Texans @ Tennessee Titans,2026-10-11T17:00:00Z,2026-10-08T19:13+00:00
Wan'Dale Robinson,receptions,8.0,1140,Houston Texans @ Tennessee Titans,2026-10-11T17:00:00Z,2026-10-08T19:13+00:00
Wan'Dale Robinson,receptions,9.0,2000,Houston Texans @ Tennessee Titans,2026-10-11T17:00:00Z,2026-10-08T19:13+00:00
Gunnar Helm,receptions,2.0,-351,Houston Texans @ Tennessee Titans,2026-10-11T17:00:00Z,2026-10-08T19:13+00:00
Gunnar Helm,receptions,3.0,-117,Houston Texans @ Tennessee Titans,2026-10-11T17:00:00Z,2026-10-08T19:13+00:00
Gunnar Helm,receptions,4.0,211,Houston Texans @ Tennessee Titans,2026-10-11T17:00:00Z,2026-10-08T19:13+00:00
Gunnar Helm,receptions,5.0,497,Houston Texans @ Tennessee Titans,2026-10-11T17:00:00Z,2026-10-08T19:13+00:00
Gunnar Helm,receptions,6.0,1040,Houston Texans @ Tennessee Titans,2026-10-11T17:00:00Z,2026-10-08T19:13+00:00
Gunnar Helm,receptions,7.0,1960,Houston Texans @ Tennessee Titans,2026-10-11T17:00:00Z,2026-10-08T19:13+00:00
Tyjae Spears,receptions,2.0,-186,Houston Texans @ Tennessee Titans,2026-10-11T17:00:00Z,2026-10-08T19:13+00:00
Tyjae Spears,receptions,3.0,150,Houston Texans @ Tennessee Titans,2026-10-11T17:00:00Z,2026-10-08T19:13+00:00
Tyjae Spears,receptions,4.0,343,Houston Texans @ Tennessee Titans,2026-10-11T17:00:00Z,2026-10-08T19:13+00:00
Tyjae Spears,receptions,5.0,730,Houston Texans @ Tennessee Titans,2026-10-11T17:00:00Z,2026-10-08T19:13+00:00
Tyjae Spears,receptions,6.0,1400,Houston Texans @ Tennessee Titans,2026-10-11T17:00:00Z,2026-10-08T19:13+00:00
Tyjae Spears,receptions,7.0,2300,Houston Texans @ Tennessee Titans,2026-10-11T17:00:00Z,2026-10-08T19:13+00:00
Kayshon Boutte,receptions,2.0,-285,Houston Texans @ Tennessee Titans,2026-10-11T17:00:00Z,2026-10-08T19:13+00:00
Kayshon Boutte,receptions,3.0,106,Houston Texans @ Tennessee Titans,2026-10-11T17:00:00Z,2026-10-08T19:13+00:00
Kayshon Boutte,receptions,4.0,275,Houston Texans @ Tennessee Titans,2026-10-11T17:00:00Z,2026-10-08T19:13+00:00
Kayshon Boutte,receptions,5.0,650,Houston Texans @ Tennessee Titans,2026-10-11T17:00:00Z,2026-10-08T19:13+00:00
Kayshon Boutte,receptions,6.0,1420,Houston Texans @ Tennessee Titans,2026-10-11T17:00:00Z,2026-10-08T19:13+00:00
Kayshon Boutte,receptions,7.0,2600,Houston Texans @ Tennessee Titans,2026-10-11T17:00:00Z,2026-10-08T19:13+00:00
Jaylin Noel,receptions,2.0,-149,Houston Texans @ Tennessee Titans,2026-10-11T17:00:00Z,2026-10-08T19:13+00:00
Jaylin Noel,receptions,3.0,202,Houston Texans @ Tennessee Titans,2026-10-11T17:00:00Z,2026-10-08T19:13+00:00
Jaylin Noel,receptions,4.0,536,Houston Texans @ Tennessee Titans,2026-10-11T17:00:00Z,2026-10-08T19:13+00:00
Jaylin Noel,receptions,5.0,1300,Houston Texans @ Tennessee Titans,2026-10-11T17:00:00Z,2026-10-08T19:13+00:00
Jaylin Noel,receptions,6.0,2500,Houston Texans @ Tennessee Titans,2026-10-11T17:00:00Z,2026-10-08T19:13+00:00
Tony Pollard,receptions,2.0,-134,Houston Texans @ Tennessee Titans,2026-10-11T17:00:00Z,2026-10-08T19:13+00:00
Tony Pollard,receptions,3.0,230,Houston Texans @ Tennessee Titans,2026-10-11T17:00:00Z,2026-10-08T19:13+00:00
Tony Pollard,receptions,4.0,600,Houston Texans @ Tennessee Titans,2026-10-11T17:00:00Z,2026-10-08T19:13+00:00
Tony Pollard,receptions,5.0,1500,Houston Texans @ Tennessee Titans,2026-10-11T17:00:00Z,2026-10-08T19:13+00:00
Woody Marks,receptions,2.0,-120,Houston Texans @ Tennessee Titans,2026-10-11T17:00:00Z,2026-10-08T19:13+00:00
Woody Marks,receptions,3.0,253,Houston Texans @ Tennessee Titans,2026-10-11T17:00:00Z,2026-10-08T19:13+00:00
Woody Marks,receptions,4.0,690,Houston Texans @ Tennessee Titans,2026-10-11T17:00:00Z,2026-10-08T19:13+00:00
Woody Marks,receptions,5.0,1620,Houston Texans @ Tennessee Titans,2026-10-11T17:00:00Z,2026-10-08T19:13+00:00
Elic Ayomanor,receptions,2.0,-108,Houston Texans @ Tennessee Titans,2026-10-11T17:00:00Z,2026-10-08T19:13+00:00
Elic Ayomanor,receptions,3.0,292,Houston Texans @ Tennessee Titans,2026-10-11T17:00:00Z,2026-10-08T19:13+00:00
Elic Ayomanor,receptions,4.0,790,Houston Texans @ Tennessee Titans,2026-10-11T17:00:00Z,2026-10-08T19:13+00:00
Elic Ayomanor,receptions,5.0,1880,Houston Texans @ Tennessee Titans,2026-10-11T17:00:00Z,2026-10-08T19:13+00:00
Xavier Hutchinson,receptions,2.0,104,Houston Texans @ Tennessee Titans,2026-10-11T17:00:00Z,2026-10-08T19:13+00:00
Xavier Hutchinson,receptions,3.0,325,Houston Texans @ Tennessee Titans,2026-10-11T17:00:00Z,2026-10-08T19:13+00:00
Xavier Hutchinson,receptions,4.0,890,Houston Texans @ Tennessee Titans,2026-10-11T17:00:00Z,2026-10-08T19:13+00:00
Xavier Hutchinson,receptions,5.0,2100,Houston Texans @ Tennessee Titans,2026-10-11T17:00:00Z,2026-10-08T19:13+00:00
David Montgomery,receptions,2.0,119,Houston Texans @ Tennessee Titans,2026-10-11T17:00:00Z,2026-10-08T19:13+00:00
David Montgomery,receptions,3.0,372,Houston Texans @ Tennessee Titans,2026-10-11T17:00:00Z,2026-10-08T19:13+00:00
David Montgomery,receptions,4.0,1020,Houston Texans @ Tennessee Titans,2026-10-11T17:00:00Z,2026-10-08T19:13+00:00
David Montgomery,receptions,5.0,2300,Houston Texans @ Tennessee Titans,2026-10-11T17:00:00Z,2026-10-08T19:13+00:00
Calvin Ridley,receptions,2.0,235,Houston Texans @ Tennessee Titans,2026-10-11T17:00:00Z,2026-10-08T19:13+00:00
Calvin Ridley,receptions,3.0,830,Houston Texans @ Tennessee Titans,2026-10-11T17:00:00Z,2026-10-08T19:13+00:00
Calvin Ridley,receptions,4.0,2200,Houston Texans @ Tennessee Titans,2026-10-11T17:00:00Z,2026-10-08T19:13+00:00
David Montgomery,rush_att,10.0,-1620,Houston Texans @ Tennessee Titans,2026-10-11T17:00:00Z,2026-10-08T19:13+00:00
David Montgomery,rush_att,12.0,-519,Houston Texans @ Tennessee Titans,2026-10-11T17:00:00Z,2026-10-08T19:13+00:00
David Montgomery,rush_att,14.0,-216,Houston Texans @ Tennessee Titans,2026-10-11T17:00:00Z,2026-10-08T19:13+00:00
David Montgomery,rush_att,16.0,-102,Houston Texans @ Tennessee Titans,2026-10-11T17:00:00Z,2026-10-08T19:13+00:00
David Montgomery,rush_att,18.0,201,Houston Texans @ Tennessee Titans,2026-10-11T17:00:00Z,2026-10-08T19:13+00:00
David Montgomery,rush_att,20.0,409,Houston Texans @ Tennessee Titans,2026-10-11T17:00:00Z,2026-10-08T19:13+00:00
David Montgomery,rush_att,22.0,810,Houston Texans @ Tennessee Titans,2026-10-11T17:00:00Z,2026-10-08T19:13+00:00
David Montgomery,rush_att,24.0,1540,Houston Texans @ Tennessee Titans,2026-10-11T17:00:00Z,2026-10-08T19:13+00:00
Tony Pollard,rush_att,10.0,-850,Houston Texans @ Tennessee Titans,2026-10-11T17:00:00Z,2026-10-08T19:13+00:00
Tony Pollard,rush_att,12.0,-311,Houston Texans @ Tennessee Titans,2026-10-11T17:00:00Z,2026-10-08T19:13+00:00
Tony Pollard,rush_att,14.0,-141,Houston Texans @ Tennessee Titans,2026-10-11T17:00:00Z,2026-10-08T19:13+00:00
Tony Pollard,rush_att,15.0,102,Houston Texans @ Tennessee Titans,2026-10-11T17:00:00Z,2026-10-08T19:13+00:00
Tony Pollard,rush_att,16.0,145,Houston Texans @ Tennessee Titans,2026-10-11T17:00:00Z,2026-10-08T19:13+00:00
Tony Pollard,rush_att,18.0,279,Houston Texans @ Tennessee Titans,2026-10-11T17:00:00Z,2026-10-08T19:13+00:00
Tony Pollard,rush_att,20.0,519,Houston Texans @ Tennessee Titans,2026-10-11T17:00:00Z,2026-10-08T19:13+00:00
Tony Pollard,rush_att,22.0,960,Houston Texans @ Tennessee Titans,2026-10-11T17:00:00Z,2026-10-08T19:13+00:00
Woody Marks,rush_att,6.0,-589,Houston Texans @ Tennessee Titans,2026-10-11T17:00:00Z,2026-10-08T19:13+00:00
Woody Marks,rush_att,8.0,-178,Houston Texans @ Tennessee Titans,2026-10-11T17:00:00Z,2026-10-08T19:13+00:00
Woody Marks,rush_att,9.0,-108,Houston Texans @ Tennessee Titans,2026-10-11T17:00:00Z,2026-10-08T19:13+00:00
Woody Marks,rush_att,10.0,148,Houston Texans @ Tennessee Titans,2026-10-11T17:00:00Z,2026-10-08T19:13+00:00
Woody Marks,rush_att,12.0,360,Houston Texans @ Tennessee Titans,2026-10-11T17:00:00Z,2026-10-08T19:13+00:00
Woody Marks,rush_att,14.0,870,Houston Texans @ Tennessee Titans,2026-10-11T17:00:00Z,2026-10-08T19:13+00:00
Tony Pollard,rush_yds,20.0,-1820,Houston Texans @ Tennessee Titans,2026-10-11T17:00:00Z,2026-10-08T19:13+00:00
Tony Pollard,rush_yds,25.0,-910,Houston Texans @ Tennessee Titans,2026-10-11T17:00:00Z,2026-10-08T19:13+00:00
Tony Pollard,rush_yds,30.0,-519,Houston Texans @ Tennessee Titans,2026-10-11T17:00:00Z,2026-10-08T19:13+00:00
Tony Pollard,rush_yds,40.0,-228,Houston Texans @ Tennessee Titans,2026-10-11T17:00:00Z,2026-10-08T19:13+00:00
Tony Pollard,rush_yds,50.0,-113,Houston Texans @ Tennessee Titans,2026-10-11T17:00:00Z,2026-10-08T19:13+00:00
Tony Pollard,rush_yds,60.0,155,Houston Texans @ Tennessee Titans,2026-10-11T17:00:00Z,2026-10-08T19:13+00:00
Tony Pollard,rush_yds,70.0,258,Houston Texans @ Tennessee Titans,2026-10-11T17:00:00Z,2026-10-08T19:13+00:00
Tony Pollard,rush_yds,80.0,415,Houston Texans @ Tennessee Titans,2026-10-11T17:00:00Z,2026-10-08T19:13+00:00
Tony Pollard,rush_yds,90.0,650,Houston Texans @ Tennessee Titans,2026-10-11T17:00:00Z,2026-10-08T19:13+00:00
Tony Pollard,rush_yds,100.0,980,Houston Texans @ Tennessee Titans,2026-10-11T17:00:00Z,2026-10-08T19:13+00:00
Tony Pollard,rush_yds,110.0,1400,Houston Texans @ Tennessee Titans,2026-10-11T17:00:00Z,2026-10-08T19:13+00:00
Tony Pollard,rush_yds,120.0,2100,Houston Texans @ Tennessee Titans,2026-10-11T17:00:00Z,2026-10-08T19:13+00:00
Tony Pollard,rush_yds,130.0,2900,Houston Texans @ Tennessee Titans,2026-10-11T17:00:00Z,2026-10-08T19:13+00:00
David Montgomery,rush_yds,20.0,-1500,Houston Texans @ Tennessee Titans,2026-10-11T17:00:00Z,2026-10-08T19:13+00:00
David Montgomery,rush_yds,25.0,-780,Houston Texans @ Tennessee Titans,2026-10-11T17:00:00Z,2026-10-08T19:13+00:00
David Montgomery,rush_yds,30.0,-463,Houston Texans @ Tennessee Titans,2026-10-11T17:00:00Z,2026-10-08T19:13+00:00
David Montgomery,rush_yds,40.0,-199,Houston Texans @ Tennessee Titans,2026-10-11T17:00:00Z,2026-10-08T19:13+00:00
David Montgomery,rush_yds,49.0,-110,Houston Texans @ Tennessee Titans,2026-10-11T17:00:00Z,2026-10-08T19:13+00:00
David Montgomery,rush_yds,50.0,-103,Houston Texans @ Tennessee Titans,2026-10-11T17:00:00Z,2026-10-08T19:13+00:00
David Montgomery,rush_yds,60.0,174,Houston Texans @ Tennessee Titans,2026-10-11T17:00:00Z,2026-10-08T19:13+00:00
David Montgomery,rush_yds,70.0,294,Houston Texans @ Tennessee Titans,2026-10-11T17:00:00Z,2026-10-08T19:13+00:00
David Montgomery,rush_yds,80.0,465,Houston Texans @ Tennessee Titans,2026-10-11T17:00:00Z,2026-10-08T19:13+00:00
David Montgomery,rush_yds,90.0,760,Houston Texans @ Tennessee Titans,2026-10-11T17:00:00Z,2026-10-08T19:13+00:00
David Montgomery,rush_yds,100.0,1180,Houston Texans @ Tennessee Titans,2026-10-11T17:00:00Z,2026-10-08T19:13+00:00
David Montgomery,rush_yds,110.0,1780,Houston Texans @ Tennessee Titans,2026-10-11T17:00:00Z,2026-10-08T19:13+00:00
David Montgomery,rush_yds,120.0,2600,Houston Texans @ Tennessee Titans,2026-10-11T17:00:00Z,2026-10-08T19:13+00:00
David Montgomery,rush_yds,130.0,3500,Houston Texans @ Tennessee Titans,2026-10-11T17:00:00Z,2026-10-08T19:13+00:00
Woody Marks,rush_yds,10.0,-1160,Houston Texans @ Tennessee Titans,2026-10-11T17:00:00Z,2026-10-08T19:13+00:00
Woody Marks,rush_yds,15.0,-496,Houston Texans @ Tennessee Titans,2026-10-11T17:00:00Z,2026-10-08T19:13+00:00
Woody Marks,rush_yds,20.0,-276,Houston Texans @ Tennessee Titans,2026-10-11T17:00:00Z,2026-10-08T19:13+00:00
Woody Marks,rush_yds,25.0,-168,Houston Texans @ Tennessee Titans,2026-10-11T17:00:00Z,2026-10-08T19:13+00:00
Woody Marks,rush_yds,30.0,-107,Houston Texans @ Tennessee Titans,2026-10-11T17:00:00Z,2026-10-08T19:13+00:00
Woody Marks,rush_yds,40.0,191,Houston Texans @ Tennessee Titans,2026-10-11T17:00:00Z,2026-10-08T19:13+00:00
Woody Marks,rush_yds,50.0,375,Houston Texans @ Tennessee Titans,2026-10-11T17:00:00Z,2026-10-08T19:13+00:00
Woody Marks,rush_yds,60.0,660,Houston Texans @ Tennessee Titans,2026-10-11T17:00:00Z,2026-10-08T19:13+00:00
Woody Marks,rush_yds,70.0,1100,Houston Texans @ Tennessee Titans,2026-10-11T17:00:00Z,2026-10-08T19:13+00:00
Woody Marks,rush_yds,80.0,1800,Houston Texans @ Tennessee Titans,2026-10-11T17:00:00Z,2026-10-08T19:13+00:00
Woody Marks,rush_yds,90.0,2600,Houston Texans @ Tennessee Titans,2026-10-11T17:00:00Z,2026-10-08T19:13+00:00
Woody Marks,rush_yds,100.0,3800,Houston Texans @ Tennessee Titans,2026-10-11T17:00:00Z,2026-10-08T19:13+00:00
Tyjae Spears,rush_yds,10.0,-184,Houston Texans @ Tennessee Titans,2026-10-11T17:00:00Z,2026-10-08T19:13+00:00
Tyjae Spears,rush_yds,14.0,-111,Houston Texans @ Tennessee Titans,2026-10-11T17:00:00Z,2026-10-08T19:13+00:00
Tyjae Spears,rush_yds,15.0,100,Houston Texans @ Tennessee Titans,2026-10-11T17:00:00Z,2026-10-08T19:13+00:00
Tyjae Spears,rush_yds,20.0,160,Houston Texans @ Tennessee Titans,2026-10-11T17:00:00Z,2026-10-08T19:13+00:00
Tyjae Spears,rush_yds,25.0,227,Houston Texans @ Tennessee Titans,2026-10-11T17:00:00Z,2026-10-08T19:13+00:00
Tyjae Spears,rush_yds,30.0,306,Houston Texans @ Tennessee Titans,2026-10-11T17:00:00Z,2026-10-08T19:13+00:00
Tyjae Spears,rush_yds,40.0,499,Houston Texans @ Tennessee Titans,2026-10-11T17:00:00Z,2026-10-08T19:13+00:00
Tyjae Spears,rush_yds,50.0,740,Houston Texans @ Tennessee Titans,2026-10-11T17:00:00Z,2026-10-08T19:13+00:00
Tyjae Spears,rush_yds,60.0,1080,Houston Texans @ Tennessee Titans,2026-10-11T17:00:00Z,2026-10-08T19:13+00:00
Tyjae Spears,rush_yds,70.0,1640,Houston Texans @ Tennessee Titans,2026-10-11T17:00:00Z,2026-10-08T19:13+00:00
Tyjae Spears,rush_yds,80.0,2400,Houston Texans @ Tennessee Titans,2026-10-11T17:00:00Z,2026-10-08T19:13+00:00
Tyjae Spears,rush_yds,90.0,3400,Houston Texans @ Tennessee Titans,2026-10-11T17:00:00Z,2026-10-08T19:13+00:00
Cam Ward,rush_yds,10.0,-140,Houston Texans @ Tennessee Titans,2026-10-11T17:00:00Z,2026-10-08T19:13+00:00
Cam Ward,rush_yds,11.0,-120,Houston Texans @ Tennessee Titans,2026-10-11T17:00:00Z,2026-10-08T19:13+00:00
Cam Ward,rush_yds,15.0,147,Houston Texans @ Tennessee Titans,2026-10-11T17:00:00Z,2026-10-08T19:13+00:00
Cam Ward,rush_yds,20.0,269,Houston Texans @ Tennessee Titans,2026-10-11T17:00:00Z,2026-10-08T19:13+00:00
Cam Ward,rush_yds,25.0,450,Houston Texans @ Tennessee Titans,2026-10-11T17:00:00Z,2026-10-08T19:13+00:00
Cam Ward,rush_yds,30.0,730,Houston Texans @ Tennessee Titans,2026-10-11T17:00:00Z,2026-10-08T19:13+00:00
Cam Ward,rush_yds,40.0,1580,Houston Texans @ Tennessee Titans,2026-10-11T17:00:00Z,2026-10-08T19:13+00:00
Cam Ward,rush_yds,50.0,2800,Houston Texans @ Tennessee Titans,2026-10-11T17:00:00Z,2026-10-08T19:13+00:00
C.J. Stroud,rush_yds,10.0,-122,Houston Texans @ Tennessee Titans,2026-10-11T17:00:00Z,2026-10-08T19:13+00:00
C.J. Stroud,rush_yds,11.0,-105,Houston Texans @ Tennessee Titans,2026-10-11T17:00:00Z,2026-10-08T19:13+00:00
C.J. Stroud,rush_yds,15.0,160,Houston Texans @ Tennessee Titans,2026-10-11T17:00:00Z,2026-10-08T19:13+00:00
C.J. Stroud,rush_yds,20.0,283,Houston Texans @ Tennessee Titans,2026-10-11T17:00:00Z,2026-10-08T19:13+00:00
C.J. Stroud,rush_yds,25.0,485,Houston Texans @ Tennessee Titans,2026-10-11T17:00:00Z,2026-10-08T19:13+00:00
C.J. Stroud,rush_yds,30.0,780,Houston Texans @ Tennessee Titans,2026-10-11T17:00:00Z,2026-10-08T19:13+00:00
C.J. Stroud,rush_yds,40.0,1760,Houston Texans @ Tennessee Titans,2026-10-11T17:00:00Z,2026-10-08T19:13+00:00
C.J. Stroud,rush_yds,50.0,3400,Houston Texans @ Tennessee Titans,2026-10-11T17:00:00Z,2026-10-08T19:13+00:00
Aaron Rodgers,pass_att,26.0,-2400,Indianapolis Colts @ Pittsburgh Steelers,2026-10-11T17:00:00Z,2026-10-08T19:13+00:00
Aaron Rodgers,pass_att,28.0,-950,Indianapolis Colts @ Pittsburgh Steelers,2026-10-11T17:00:00Z,2026-10-08T19:13+00:00
Aaron Rodgers,pass_att,30.0,-465,Indianapolis Colts @ Pittsburgh Steelers,2026-10-11T17:00:00Z,2026-10-08T19:13+00:00
Aaron Rodgers,pass_att,32.0,-264,Indianapolis Colts @ Pittsburgh Steelers,2026-10-11T17:00:00Z,2026-10-08T19:13+00:00
Aaron Rodgers,pass_att,34.0,-158,Indianapolis Colts @ Pittsburgh Steelers,2026-10-11T17:00:00Z,2026-10-08T19:13+00:00
Aaron Rodgers,pass_att,35.0,-123,Indianapolis Colts @ Pittsburgh Steelers,2026-10-11T17:00:00Z,2026-10-08T19:13+00:00
Aaron Rodgers,pass_att,36.0,103,Indianapolis Colts @ Pittsburgh Steelers,2026-10-11T17:00:00Z,2026-10-08T19:13+00:00
Aaron Rodgers,pass_att,38.0,162,Indianapolis Colts @ Pittsburgh Steelers,2026-10-11T17:00:00Z,2026-10-08T19:13+00:00
Aaron Rodgers,pass_att,40.0,248,Indianapolis Colts @ Pittsburgh Steelers,2026-10-11T17:00:00Z,2026-10-08T19:13+00:00
Aaron Rodgers,pass_att,42.0,382,Indianapolis Colts @ Pittsburgh Steelers,2026-10-11T17:00:00Z,2026-10-08T19:13+00:00
Aaron Rodgers,pass_att,44.0,577,Indianapolis Colts @ Pittsburgh Steelers,2026-10-11T17:00:00Z,2026-10-08T19:13+00:00
Aaron Rodgers,pass_att,46.0,880,Indianapolis Colts @ Pittsburgh Steelers,2026-10-11T17:00:00Z,2026-10-08T19:13+00:00
Aaron Rodgers,pass_att,48.0,1320,Indianapolis Colts @ Pittsburgh Steelers,2026-10-11T17:00:00Z,2026-10-08T19:13+00:00
Daniel Jones,pass_att,24.0,-1560,Indianapolis Colts @ Pittsburgh Steelers,2026-10-11T17:00:00Z,2026-10-08T19:13+00:00
Daniel Jones,pass_att,26.0,-710,Indianapolis Colts @ Pittsburgh Steelers,2026-10-11T17:00:00Z,2026-10-08T19:13+00:00
Daniel Jones,pass_att,28.0,-362,Indianapolis Colts @ Pittsburgh Steelers,2026-10-11T17:00:00Z,2026-10-08T19:13+00:00
Daniel Jones,pass_att,30.0,-206,Indianapolis Colts @ Pittsburgh Steelers,2026-10-11T17:00:00Z,2026-10-08T19:13+00:00
Daniel Jones,pass_att,32.0,-123,Indianapolis Colts @ Pittsburgh Steelers,2026-10-11T17:00:00Z,2026-10-08T19:13+00:00
Daniel Jones,pass_att,34.0,129,Indianapolis Colts @ Pittsburgh Steelers,2026-10-11T17:00:00Z,2026-10-08T19:13+00:00
Daniel Jones,pass_att,36.0,196,Indianapolis Colts @ Pittsburgh Steelers,2026-10-11T17:00:00Z,2026-10-08T19:13+00:00
Daniel Jones,pass_att,38.0,309,Indianapolis Colts @ Pittsburgh Steelers,2026-10-11T17:00:00Z,2026-10-08T19:13+00:00
Daniel Jones,pass_att,40.0,483,Indianapolis Colts @ Pittsburgh Steelers,2026-10-11T17:00:00Z,2026-10-08T19:13+00:00
Daniel Jones,pass_att,42.0,740,Indianapolis Colts @ Pittsburgh Steelers,2026-10-11T17:00:00Z,2026-10-08T19:13+00:00
Daniel Jones,pass_att,44.0,1120,Indianapolis Colts @ Pittsburgh Steelers,2026-10-11T17:00:00Z,2026-10-08T19:13+00:00
Daniel Jones,pass_att,46.0,1620,Indianapolis Colts @ Pittsburgh Steelers,2026-10-11T17:00:00Z,2026-10-08T19:13+00:00
Aaron Rodgers,pass_cmps,16.0,-1640,Indianapolis Colts @ Pittsburgh Steelers,2026-10-11T17:00:00Z,2026-10-08T19:13+00:00
Aaron Rodgers,pass_cmps,18.0,-563,Indianapolis Colts @ Pittsburgh Steelers,2026-10-11T17:00:00Z,2026-10-08T19:13+00:00
Aaron Rodgers,pass_cmps,20.0,-239,Indianapolis Colts @ Pittsburgh Steelers,2026-10-11T17:00:00Z,2026-10-08T19:13+00:00
Aaron Rodgers,pass_cmps,22.0,-115,Indianapolis Colts @ Pittsburgh Steelers,2026-10-11T17:00:00Z,2026-10-08T19:13+00:00
Aaron Rodgers,pass_cmps,24.0,171,Indianapolis Colts @ Pittsburgh Steelers,2026-10-11T17:00:00Z,2026-10-08T19:13+00:00
Aaron Rodgers,pass_cmps,26.0,333,Indianapolis Colts @ Pittsburgh Steelers,2026-10-11T17:00:00Z,2026-10-08T19:13+00:00
Aaron Rodgers,pass_cmps,28.0,630,Indianapolis Colts @ Pittsburgh Steelers,2026-10-11T17:00:00Z,2026-10-08T19:13+00:00
Aaron Rodgers,pass_cmps,30.0,1180,Indianapolis Colts @ Pittsburgh Steelers,2026-10-11T17:00:00Z,2026-10-08T19:13+00:00
Daniel Jones,pass_cmps,14.0,-1760,Indianapolis Colts @ Pittsburgh Steelers,2026-10-11T17:00:00Z,2026-10-08T19:13+00:00
Daniel Jones,pass_cmps,16.0,-574,Indianapolis Colts @ Pittsburgh Steelers,2026-10-11T17:00:00Z,2026-10-08T19:13+00:00
Daniel Jones,pass_cmps,18.0,-247,Indianapolis Colts @ Pittsburgh Steelers,2026-10-11T17:00:00Z,2026-10-08T19:13+00:00
Daniel Jones,pass_cmps,20.0,-120,Indianapolis Colts @ Pittsburgh Steelers,2026-10-11T17:00:00Z,2026-10-08T19:13+00:00
Daniel Jones,pass_cmps,22.0,158,Indianapolis Colts @ Pittsburgh Steelers,2026-10-11T17:00:00Z,2026-10-08T19:13+00:00
Daniel Jones,pass_cmps,24.0,290,Indianapolis Colts @ Pittsburgh Steelers,2026-10-11T17:00:00Z,2026-10-08T19:13+00:00
Daniel Jones,pass_cmps,26.0,537,Indianapolis Colts @ Pittsburgh Steelers,2026-10-11T17:00:00Z,2026-10-08T19:13+00:00
Daniel Jones,pass_cmps,28.0,970,Indianapolis Colts @ Pittsburgh Steelers,2026-10-11T17:00:00Z,2026-10-08T19:13+00:00
Daniel Jones,pass_cmps,30.0,1680,Indianapolis Colts @ Pittsburgh Steelers,2026-10-11T17:00:00Z,2026-10-08T19:13+00:00
Aaron Rodgers,pass_yds,150.0,-980,Indianapolis Colts @ Pittsburgh Steelers,2026-10-11T17:00:00Z,2026-10-08T19:13+00:00
Aaron Rodgers,pass_yds,160.0,-680,Indianapolis Colts @ Pittsburgh Steelers,2026-10-11T17:00:00Z,2026-10-08T19:13+00:00
Aaron Rodgers,pass_yds,170.0,-479,Indianapolis Colts @ Pittsburgh Steelers,2026-10-11T17:00:00Z,2026-10-08T19:13+00:00
Aaron Rodgers,pass_yds,180.0,-343,Indianapolis Colts @ Pittsburgh Steelers,2026-10-11T17:00:00Z,2026-10-08T19:13+00:00
Aaron Rodgers,pass_yds,190.0,-254,Indianapolis Colts @ Pittsburgh Steelers,2026-10-11T17:00:00Z,2026-10-08T19:13+00:00
Aaron Rodgers,pass_yds,200.0,-192,Indianapolis Colts @ Pittsburgh Steelers,2026-10-11T17:00:00Z,2026-10-08T19:13+00:00
Aaron Rodgers,pass_yds,210.0,-147,Indianapolis Colts @ Pittsburgh Steelers,2026-10-11T17:00:00Z,2026-10-08T19:13+00:00
Aaron Rodgers,pass_yds,220.0,-114,Indianapolis Colts @ Pittsburgh Steelers,2026-10-11T17:00:00Z,2026-10-08T19:13+00:00
Aaron Rodgers,pass_yds,221.0,-111,Indianapolis Colts @ Pittsburgh Steelers,2026-10-11T17:00:00Z,2026-10-08T19:13+00:00
Aaron Rodgers,pass_yds,230.0,113,Indianapolis Colts @ Pittsburgh Steelers,2026-10-11T17:00:00Z,2026-10-08T19:13+00:00
Aaron Rodgers,pass_yds,240.0,146,Indianapolis Colts @ Pittsburgh Steelers,2026-10-11T17:00:00Z,2026-10-08T19:13+00:00
Aaron Rodgers,pass_yds,250.0,187,Indianapolis Colts @ Pittsburgh Steelers,2026-10-11T17:00:00Z,2026-10-08T19:13+00:00
Aaron Rodgers,pass_yds,260.0,240,Indianapolis Colts @ Pittsburgh Steelers,2026-10-11T17:00:00Z,2026-10-08T19:13+00:00
Aaron Rodgers,pass_yds,270.0,305,Indianapolis Colts @ Pittsburgh Steelers,2026-10-11T17:00:00Z,2026-10-08T19:13+00:00
Aaron Rodgers,pass_yds,280.0,396,Indianapolis Colts @ Pittsburgh Steelers,2026-10-11T17:00:00Z,2026-10-08T19:13+00:00
Aaron Rodgers,pass_yds,290.0,509,Indianapolis Colts @ Pittsburgh Steelers,2026-10-11T17:00:00Z,2026-10-08T19:13+00:00
Aaron Rodgers,pass_yds,300.0,650,Indianapolis Colts @ Pittsburgh Steelers,2026-10-11T17:00:00Z,2026-10-08T19:13+00:00
Aaron Rodgers,pass_yds,310.0,830,Indianapolis Colts @ Pittsburgh Steelers,2026-10-11T17:00:00Z,2026-10-08T19:13+00:00
Aaron Rodgers,pass_yds,320.0,1080,Indianapolis Colts @ Pittsburgh Steelers,2026-10-11T17:00:00Z,2026-10-08T19:13+00:00
Aaron Rodgers,pass_yds,330.0,1380,Indianapolis Colts @ Pittsburgh Steelers,2026-10-11T17:00:00Z,2026-10-08T19:13+00:00
Aaron Rodgers,pass_yds,340.0,1780,Indianapolis Colts @ Pittsburgh Steelers,2026-10-11T17:00:00Z,2026-10-08T19:13+00:00
Aaron Rodgers,pass_yds,350.0,2200,Indianapolis Colts @ Pittsburgh Steelers,2026-10-11T17:00:00Z,2026-10-08T19:13+00:00
Aaron Rodgers,pass_yds,360.0,2800,Indianapolis Colts @ Pittsburgh Steelers,2026-10-11T17:00:00Z,2026-10-08T19:13+00:00
Aaron Rodgers,pass_yds,370.0,3400,Indianapolis Colts @ Pittsburgh Steelers,2026-10-11T17:00:00Z,2026-10-08T19:13+00:00
Daniel Jones,pass_yds,150.0,-680,Indianapolis Colts @ Pittsburgh Steelers,2026-10-11T17:00:00Z,2026-10-08T19:13+00:00
Daniel Jones,pass_yds,160.0,-484,Indianapolis Colts @ Pittsburgh Steelers,2026-10-11T17:00:00Z,2026-10-08T19:13+00:00
Daniel Jones,pass_yds,170.0,-352,Indianapolis Colts @ Pittsburgh Steelers,2026-10-11T17:00:00Z,2026-10-08T19:13+00:00
Daniel Jones,pass_yds,180.0,-264,Indianapolis Colts @ Pittsburgh Steelers,2026-10-11T17:00:00Z,2026-10-08T19:13+00:00
Daniel Jones,pass_yds,190.0,-200,Indianapolis Colts @ Pittsburgh Steelers,2026-10-11T17:00:00Z,2026-10-08T19:13+00:00
Daniel Jones,pass_yds,200.0,-152,Indianapolis Colts @ Pittsburgh Steelers,2026-10-11T17:00:00Z,2026-10-08T19:13+00:00
Daniel Jones,pass_yds,210.0,-117,Indianapolis Colts @ Pittsburgh Steelers,2026-10-11T17:00:00Z,2026-10-08T19:13+00:00
Daniel Jones,pass_yds,212.0,-112,Indianapolis Colts @ Pittsburgh Steelers,2026-10-11T17:00:00Z,2026-10-08T19:13+00:00
Daniel Jones,pass_yds,220.0,110,Indianapolis Colts @ Pittsburgh Steelers,2026-10-11T17:00:00Z,2026-10-08T19:13+00:00
Daniel Jones,pass_yds,230.0,142,Indianapolis Colts @ Pittsburgh Steelers,2026-10-11T17:00:00Z,2026-10-08T19:13+00:00
Daniel Jones,pass_yds,240.0,180,Indianapolis Colts @ Pittsburgh Steelers,2026-10-11T17:00:00Z,2026-10-08T19:13+00:00
Daniel Jones,pass_yds,250.0,231,Indianapolis Colts @ Pittsburgh Steelers,2026-10-11T17:00:00Z,2026-10-08T19:13+00:00
Daniel Jones,pass_yds,260.0,295,Indianapolis Colts @ Pittsburgh Steelers,2026-10-11T17:00:00Z,2026-10-08T19:13+00:00
Daniel Jones,pass_yds,270.0,370,Indianapolis Colts @ Pittsburgh Steelers,2026-10-11T17:00:00Z,2026-10-08T19:13+00:00
Daniel Jones,pass_yds,280.0,465,Indianapolis Colts @ Pittsburgh Steelers,2026-10-11T17:00:00Z,2026-10-08T19:13+00:00
Daniel Jones,pass_yds,290.0,592,Indianapolis Colts @ Pittsburgh Steelers,2026-10-11T17:00:00Z,2026-10-08T19:13+00:00
Daniel Jones,pass_yds,300.0,760,Indianapolis Colts @ Pittsburgh Steelers,2026-10-11T17:00:00Z,2026-10-08T19:13+00:00
Daniel Jones,pass_yds,310.0,970,Indianapolis Colts @ Pittsburgh Steelers,2026-10-11T17:00:00Z,2026-10-08T19:13+00:00
Daniel Jones,pass_yds,320.0,1240,Indianapolis Colts @ Pittsburgh Steelers,2026-10-11T17:00:00Z,2026-10-08T19:13+00:00
Daniel Jones,pass_yds,330.0,1560,Indianapolis Colts @ Pittsburgh Steelers,2026-10-11T17:00:00Z,2026-10-08T19:13+00:00
Daniel Jones,pass_yds,340.0,1960,Indianapolis Colts @ Pittsburgh Steelers,2026-10-11T17:00:00Z,2026-10-08T19:13+00:00
Daniel Jones,pass_yds,350.0,2400,Indianapolis Colts @ Pittsburgh Steelers,2026-10-11T17:00:00Z,2026-10-08T19:13+00:00
Daniel Jones,pass_yds,360.0,3000,Indianapolis Colts @ Pittsburgh Steelers,2026-10-11T17:00:00Z,2026-10-08T19:13+00:00
Daniel Jones,pass_yds,370.0,3700,Indianapolis Colts @ Pittsburgh Steelers,2026-10-11T17:00:00Z,2026-10-08T19:13+00:00
Josh Downs,rec_yds,15.0,-1860,Indianapolis Colts @ Pittsburgh Steelers,2026-10-11T17:00:00Z,2026-10-08T19:13+00:00
Josh Downs,rec_yds,25.0,-700,Indianapolis Colts @ Pittsburgh Steelers,2026-10-11T17:00:00Z,2026-10-08T19:13+00:00
Josh Downs,rec_yds,40.0,-264,Indianapolis Colts @ Pittsburgh Steelers,2026-10-11T17:00:00Z,2026-10-08T19:13+00:00
Josh Downs,rec_yds,50.0,-159,Indianapolis Colts @ Pittsburgh Steelers,2026-10-11T17:00:00Z,2026-10-08T19:13+00:00
Josh Downs,rec_yds,58.0,-112,Indianapolis Colts @ Pittsburgh Steelers,2026-10-11T17:00:00Z,2026-10-08T19:13+00:00
Josh Downs,rec_yds,60.0,-103,Indianapolis Colts @ Pittsburgh Steelers,2026-10-11T17:00:00Z,2026-10-08T19:13+00:00
Josh Downs,rec_yds,70.0,146,Indianapolis Colts @ Pittsburgh Steelers,2026-10-11T17:00:00Z,2026-10-08T19:13+00:00
Josh Downs,rec_yds,80.0,215,Indianapolis Colts @ Pittsburgh Steelers,2026-10-11T17:00:00Z,2026-10-08T19:13+00:00
Josh Downs,rec_yds,90.0,316,Indianapolis Colts @ Pittsburgh Steelers,2026-10-11T17:00:00Z,2026-10-08T19:13+00:00
Josh Downs,rec_yds,100.0,467,Indianapolis Colts @ Pittsburgh Steelers,2026-10-11T17:00:00Z,2026-10-08T19:13+00:00
Josh Downs,rec_yds,110.0,670,Indianapolis Colts @ Pittsburgh Steelers,2026-10-11T17:00:00Z,2026-10-08T19:13+00:00
Josh Downs,rec_yds,120.0,970,Indianapolis Colts @ Pittsburgh Steelers,2026-10-11T17:00:00Z,2026-10-08T19:13+00:00
Josh Downs,rec_yds,130.0,1380,Indianapolis Colts @ Pittsburgh Steelers,2026-10-11T17:00:00Z,2026-10-08T19:13+00:00
Josh Downs,rec_yds,140.0,1920,Indianapolis Colts @ Pittsburgh Steelers,2026-10-11T17:00:00Z,2026-10-08T19:13+00:00
Josh Downs,rec_yds,150.0,2600,Indianapolis Colts @ Pittsburgh Steelers,2026-10-11T17:00:00Z,2026-10-08T19:13+00:00
Josh Downs,rec_yds,160.0,3400,Indianapolis Colts @ Pittsburgh Steelers,2026-10-11T17:00:00Z,2026-10-08T19:13+00:00
DK Metcalf,rec_yds,15.0,-1520,Indianapolis Colts @ Pittsburgh Steelers,2026-10-11T17:00:00Z,2026-10-08T19:13+00:00
DK Metcalf,rec_yds,25.0,-593,Indianapolis Colts @ Pittsburgh Steelers,2026-10-11T17:00:00Z,2026-10-08T19:13+00:00
DK Metcalf,rec_yds,40.0,-223,Indianapolis Colts @ Pittsburgh Steelers,2026-10-11T17:00:00Z,2026-10-08T19:13+00:00
DK Metcalf,rec_yds,50.0,-133,Indianapolis Colts @ Pittsburgh Steelers,2026-10-11T17:00:00Z,2026-10-08T19:13+00:00
DK Metcalf,rec_yds,54.0,-111,Indianapolis Colts @ Pittsburgh Steelers,2026-10-11T17:00:00Z,2026-10-08T19:13+00:00
DK Metcalf,rec_yds,60.0,118,Indianapolis Colts @ Pittsburgh Steelers,2026-10-11T17:00:00Z,2026-10-08T19:13+00:00
DK Metcalf,rec_yds,70.0,181,Indianapolis Colts @ Pittsburgh Steelers,2026-10-11T17:00:00Z,2026-10-08T19:13+00:00
DK Metcalf,rec_yds,80.0,273,Indianapolis Colts @ Pittsburgh Steelers,2026-10-11T17:00:00Z,2026-10-08T19:13+00:00
DK Metcalf,rec_yds,90.0,404,Indianapolis Colts @ Pittsburgh Steelers,2026-10-11T17:00:00Z,2026-10-08T19:13+00:00
DK Metcalf,rec_yds,100.0,600,Indianapolis Colts @ Pittsburgh Steelers,2026-10-11T17:00:00Z,2026-10-08T19:13+00:00
DK Metcalf,rec_yds,110.0,890,Indianapolis Colts @ Pittsburgh Steelers,2026-10-11T17:00:00Z,2026-10-08T19:13+00:00
DK Metcalf,rec_yds,120.0,1280,Indianapolis Colts @ Pittsburgh Steelers,2026-10-11T17:00:00Z,2026-10-08T19:13+00:00
DK Metcalf,rec_yds,130.0,1820,Indianapolis Colts @ Pittsburgh Steelers,2026-10-11T17:00:00Z,2026-10-08T19:13+00:00
DK Metcalf,rec_yds,140.0,2600,Indianapolis Colts @ Pittsburgh Steelers,2026-10-11T17:00:00Z,2026-10-08T19:13+00:00
DK Metcalf,rec_yds,150.0,3600,Indianapolis Colts @ Pittsburgh Steelers,2026-10-11T17:00:00Z,2026-10-08T19:13+00:00
Tyler Warren,rec_yds,15.0,-1260,Indianapolis Colts @ Pittsburgh Steelers,2026-10-11T17:00:00Z,2026-10-08T19:13+00:00
Tyler Warren,rec_yds,25.0,-477,Indianapolis Colts @ Pittsburgh Steelers,2026-10-11T17:00:00Z,2026-10-08T19:13+00:00
Tyler Warren,rec_yds,40.0,-176,Indianapolis Colts @ Pittsburgh Steelers,2026-10-11T17:00:00Z,2026-10-08T19:13+00:00
Tyler Warren,rec_yds,48.0,-115,Indianapolis Colts @ Pittsburgh Steelers,2026-10-11T17:00:00Z,2026-10-08T19:13+00:00
Tyler Warren,rec_yds,50.0,-104,Indianapolis Colts @ Pittsburgh Steelers,2026-10-11T17:00:00Z,2026-10-08T19:13+00:00
Tyler Warren,rec_yds,60.0,158,Indianapolis Colts @ Pittsburgh Steelers,2026-10-11T17:00:00Z,2026-10-08T19:13+00:00
Tyler Warren,rec_yds,70.0,243,Indianapolis Colts @ Pittsburgh Steelers,2026-10-11T17:00:00Z,2026-10-08T19:13+00:00
Tyler Warren,rec_yds,80.0,369,Indianapolis Colts @ Pittsburgh Steelers,2026-10-11T17:00:00Z,2026-10-08T19:13+00:00
Tyler Warren,rec_yds,90.0,550,Indianapolis Colts @ Pittsburgh Steelers,2026-10-11T17:00:00Z,2026-10-08T19:13+00:00
Tyler Warren,rec_yds,100.0,810,Indianapolis Colts @ Pittsburgh Steelers,2026-10-11T17:00:00Z,2026-10-08T19:13+00:00
Tyler Warren,rec_yds,110.0,1200,Indianapolis Colts @ Pittsburgh Steelers,2026-10-11T17:00:00Z,2026-10-08T19:13+00:00
Tyler Warren,rec_yds,120.0,1740,Indianapolis Colts @ Pittsburgh Steelers,2026-10-11T17:00:00Z,2026-10-08T19:13+00:00
Tyler Warren,rec_yds,130.0,2500,Indianapolis Colts @ Pittsburgh Steelers,2026-10-11T17:00:00Z,2026-10-08T19:13+00:00
Tyler Warren,rec_yds,140.0,3400,Indianapolis Colts @ Pittsburgh Steelers,2026-10-11T17:00:00Z,2026-10-08T19:13+00:00
Roman Wilson,rec_yds,15.0,-730,Indianapolis Colts @ Pittsburgh Steelers,2026-10-11T17:00:00Z,2026-10-08T19:13+00:00
Roman Wilson,rec_yds,25.0,-312,Indianapolis Colts @ Pittsburgh Steelers,2026-10-11T17:00:00Z,2026-10-08T19:13+00:00
Roman Wilson,rec_yds,40.0,-123,Indianapolis Colts @ Pittsburgh Steelers,2026-10-11T17:00:00Z,2026-10-08T19:13+00:00
Roman Wilson,rec_yds,42.0,-111,Indianapolis Colts @ Pittsburgh Steelers,2026-10-11T17:00:00Z,2026-10-08T19:13+00:00
Roman Wilson,rec_yds,50.0,135,Indianapolis Colts @ Pittsburgh Steelers,2026-10-11T17:00:00Z,2026-10-08T19:13+00:00
Roman Wilson,rec_yds,60.0,216,Indianapolis Colts @ Pittsburgh Steelers,2026-10-11T17:00:00Z,2026-10-08T19:13+00:00
Roman Wilson,rec_yds,70.0,334,Indianapolis Colts @ Pittsburgh Steelers,2026-10-11T17:00:00Z,2026-10-08T19:13+00:00
Roman Wilson,rec_yds,80.0,519,Indianapolis Colts @ Pittsburgh Steelers,2026-10-11T17:00:00Z,2026-10-08T19:13+00:00
Roman Wilson,rec_yds,90.0,780,Indianapolis Colts @ Pittsburgh Steelers,2026-10-11T17:00:00Z,2026-10-08T19:13+00:00
Roman Wilson,rec_yds,100.0,1160,Indianapolis Colts @ Pittsburgh Steelers,2026-10-11T17:00:00Z,2026-10-08T19:13+00:00
Roman Wilson,rec_yds,110.0,1680,Indianapolis Colts @ Pittsburgh Steelers,2026-10-11T17:00:00Z,2026-10-08T19:13+00:00
Roman Wilson,rec_yds,120.0,2400,Indianapolis Colts @ Pittsburgh Steelers,2026-10-11T17:00:00Z,2026-10-08T19:13+00:00
Roman Wilson,rec_yds,130.0,3300,Indianapolis Colts @ Pittsburgh Steelers,2026-10-11T17:00:00Z,2026-10-08T19:13+00:00
Pat Freiermuth,rec_yds,15.0,-339,Indianapolis Colts @ Pittsburgh Steelers,2026-10-11T17:00:00Z,2026-10-08T19:13+00:00
Pat Freiermuth,rec_yds,25.0,-137,Indianapolis Colts @ Pittsburgh Steelers,2026-10-11T17:00:00Z,2026-10-08T19:13+00:00
Pat Freiermuth,rec_yds,28.0,-110,Indianapolis Colts @ Pittsburgh Steelers,2026-10-11T17:00:00Z,2026-10-08T19:13+00:00
Pat Freiermuth,rec_yds,40.0,201,Indianapolis Colts @ Pittsburgh Steelers,2026-10-11T17:00:00Z,2026-10-08T19:13+00:00
Pat Freiermuth,rec_yds,50.0,359,Indianapolis Colts @ Pittsburgh Steelers,2026-10-11T17:00:00Z,2026-10-08T19:13+00:00
Pat Freiermuth,rec_yds,60.0,610,Indianapolis Colts @ Pittsburgh Steelers,2026-10-11T17:00:00Z,2026-10-08T19:13+00:00
Pat Freiermuth,rec_yds,70.0,1000,Indianapolis Colts @ Pittsburgh Steelers,2026-10-11T17:00:00Z,2026-10-08T19:13+00:00
Pat Freiermuth,rec_yds,80.0,1620,Indianapolis Colts @ Pittsburgh Steelers,2026-10-11T17:00:00Z,2026-10-08T19:13+00:00
Pat Freiermuth,rec_yds,90.0,2500,Indianapolis Colts @ Pittsburgh Steelers,2026-10-11T17:00:00Z,2026-10-08T19:13+00:00
Pat Freiermuth,rec_yds,100.0,3700,Indianapolis Colts @ Pittsburgh Steelers,2026-10-11T17:00:00Z,2026-10-08T19:13+00:00
Keenan Allen,rec_yds,15.0,-299,Indianapolis Colts @ Pittsburgh Steelers,2026-10-11T17:00:00Z,2026-10-08T19:13+00:00
Keenan Allen,rec_yds,25.0,-134,Indianapolis Colts @ Pittsburgh Steelers,2026-10-11T17:00:00Z,2026-10-08T19:13+00:00
Keenan Allen,rec_yds,28.0,-110,Indianapolis Colts @ Pittsburgh Steelers,2026-10-11T17:00:00Z,2026-10-08T19:13+00:00
Keenan Allen,rec_yds,40.0,189,Indianapolis Colts @ Pittsburgh Steelers,2026-10-11T17:00:00Z,2026-10-08T19:13+00:00
Keenan Allen,rec_yds,50.0,325,Indianapolis Colts @ Pittsburgh Steelers,2026-10-11T17:00:00Z,2026-10-08T19:13+00:00
Keenan Allen,rec_yds,60.0,525,Indianapolis Colts @ Pittsburgh Steelers,2026-10-11T17:00:00Z,2026-10-08T19:13+00:00
Keenan Allen,rec_yds,70.0,850,Indianapolis Colts @ Pittsburgh Steelers,2026-10-11T17:00:00Z,2026-10-08T19:13+00:00
Keenan Allen,rec_yds,80.0,1320,Indianapolis Colts @ Pittsburgh Steelers,2026-10-11T17:00:00Z,2026-10-08T19:13+00:00
Keenan Allen,rec_yds,90.0,2000,Indianapolis Colts @ Pittsburgh Steelers,2026-10-11T17:00:00Z,2026-10-08T19:13+00:00
Darnell Washington,rec_yds,15.0,-215,Indianapolis Colts @ Pittsburgh Steelers,2026-10-11T17:00:00Z,2026-10-08T19:13+00:00
Darnell Washington,rec_yds,23.0,-110,Indianapolis Colts @ Pittsburgh Steelers,2026-10-11T17:00:00Z,2026-10-08T19:13+00:00
Darnell Washington,rec_yds,25.0,105,Indianapolis Colts @ Pittsburgh Steelers,2026-10-11T17:00:00Z,2026-10-08T19:13+00:00
Darnell Washington,rec_yds,40.0,270,Indianapolis Colts @ Pittsburgh Steelers,2026-10-11T17:00:00Z,2026-10-08T19:13+00:00
Darnell Washington,rec_yds,50.0,468,Indianapolis Colts @ Pittsburgh Steelers,2026-10-11T17:00:00Z,2026-10-08T19:13+00:00
Darnell Washington,rec_yds,60.0,790,Indianapolis Colts @ Pittsburgh Steelers,2026-10-11T17:00:00Z,2026-10-08T19:13+00:00
Darnell Washington,rec_yds,70.0,1280,Indianapolis Colts @ Pittsburgh Steelers,2026-10-11T17:00:00Z,2026-10-08T19:13+00:00
Darnell Washington,rec_yds,80.0,2000,Indianapolis Colts @ Pittsburgh Steelers,2026-10-11T17:00:00Z,2026-10-08T19:13+00:00
Darnell Washington,rec_yds,90.0,3000,Indianapolis Colts @ Pittsburgh Steelers,2026-10-11T17:00:00Z,2026-10-08T19:13+00:00
Germie Bernard,rec_yds,15.0,-157,Indianapolis Colts @ Pittsburgh Steelers,2026-10-11T17:00:00Z,2026-10-08T19:13+00:00
Germie Bernard,rec_yds,19.0,-111,Indianapolis Colts @ Pittsburgh Steelers,2026-10-11T17:00:00Z,2026-10-08T19:13+00:00
Germie Bernard,rec_yds,25.0,147,Indianapolis Colts @ Pittsburgh Steelers,2026-10-11T17:00:00Z,2026-10-08T19:13+00:00
Germie Bernard,rec_yds,40.0,402,Indianapolis Colts @ Pittsburgh Steelers,2026-10-11T17:00:00Z,2026-10-08T19:13+00:00
Germie Bernard,rec_yds,50.0,720,Indianapolis Colts @ Pittsburgh Steelers,2026-10-11T17:00:00Z,2026-10-08T19:13+00:00
Germie Bernard,rec_yds,60.0,1220,Indianapolis Colts @ Pittsburgh Steelers,2026-10-11T17:00:00Z,2026-10-08T19:13+00:00
Germie Bernard,rec_yds,70.0,1940,Indianapolis Colts @ Pittsburgh Steelers,2026-10-11T17:00:00Z,2026-10-08T19:13+00:00
Germie Bernard,rec_yds,80.0,3000,Indianapolis Colts @ Pittsburgh Steelers,2026-10-11T17:00:00Z,2026-10-08T19:13+00:00
Jonathan Taylor,rec_yds,15.0,-131,Indianapolis Colts @ Pittsburgh Steelers,2026-10-11T17:00:00Z,2026-10-08T19:13+00:00
Jonathan Taylor,rec_yds,17.0,-107,Indianapolis Colts @ Pittsburgh Steelers,2026-10-11T17:00:00Z,2026-10-08T19:13+00:00
Jonathan Taylor,rec_yds,25.0,180,Indianapolis Colts @ Pittsburgh Steelers,2026-10-11T17:00:00Z,2026-10-08T19:13+00:00
Jonathan Taylor,rec_yds,40.0,502,Indianapolis Colts @ Pittsburgh Steelers,2026-10-11T17:00:00Z,2026-10-08T19:13+00:00
Jonathan Taylor,rec_yds,50.0,860,Indianapolis Colts @ Pittsburgh Steelers,2026-10-11T17:00:00Z,2026-10-08T19:13+00:00
Jonathan Taylor,rec_yds,60.0,1340,Indianapolis Colts @ Pittsburgh Steelers,2026-10-11T17:00:00Z,2026-10-08T19:13+00:00
Jonathan Taylor,rec_yds,70.0,2000,Indianapolis Colts @ Pittsburgh Steelers,2026-10-11T17:00:00Z,2026-10-08T19:13+00:00
Jonathan Taylor,rec_yds,80.0,3000,Indianapolis Colts @ Pittsburgh Steelers,2026-10-11T17:00:00Z,2026-10-08T19:13+00:00
Tyler Warren,receptions,3.0,-1120,Indianapolis Colts @ Pittsburgh Steelers,2026-10-11T17:00:00Z,2026-10-08T19:13+00:00
Tyler Warren,receptions,4.0,-391,Indianapolis Colts @ Pittsburgh Steelers,2026-10-11T17:00:00Z,2026-10-08T19:13+00:00
Tyler Warren,receptions,5.0,-177,Indianapolis Colts @ Pittsburgh Steelers,2026-10-11T17:00:00Z,2026-10-08T19:13+00:00
Tyler Warren,receptions,6.0,109,Indianapolis Colts @ Pittsburgh Steelers,2026-10-11T17:00:00Z,2026-10-08T19:13+00:00
Tyler Warren,receptions,7.0,198,Indianapolis Colts @ Pittsburgh Steelers,2026-10-11T17:00:00Z,2026-10-08T19:13+00:00
Tyler Warren,receptions,8.0,350,Indianapolis Colts @ Pittsburgh Steelers,2026-10-11T17:00:00Z,2026-10-08T19:13+00:00
Tyler Warren,receptions,9.0,610,Indianapolis Colts @ Pittsburgh Steelers,2026-10-11T17:00:00Z,2026-10-08T19:13+00:00
Tyler Warren,receptions,10.0,1040,Indianapolis Colts @ Pittsburgh Steelers,2026-10-11T17:00:00Z,2026-10-08T19:13+00:00
Tyler Warren,receptions,11.0,1700,Indianapolis Colts @ Pittsburgh Steelers,2026-10-11T17:00:00Z,2026-10-08T19:13+00:00
Tyler Warren,receptions,12.0,2500,Indianapolis Colts @ Pittsburgh Steelers,2026-10-11T17:00:00Z,2026-10-08T19:13+00:00
Josh Downs,receptions,3.0,-900,Indianapolis Colts @ Pittsburgh Steelers,2026-10-11T17:00:00Z,2026-10-08T19:13+00:00
Josh Downs,receptions,4.0,-333,Indianapolis Colts @ Pittsburgh Steelers,2026-10-11T17:00:00Z,2026-10-08T19:13+00:00
Josh Downs,receptions,5.0,-156,Indianapolis Colts @ Pittsburgh Steelers,2026-10-11T17:00:00Z,2026-10-08T19:13+00:00
Josh Downs,receptions,6.0,125,Indianapolis Colts @ Pittsburgh Steelers,2026-10-11T17:00:00Z,2026-10-08T19:13+00:00
Josh Downs,receptions,7.0,227,Indianapolis Colts @ Pittsburgh Steelers,2026-10-11T17:00:00Z,2026-10-08T19:13+00:00
Josh Downs,receptions,8.0,412,Indianapolis Colts @ Pittsburgh Steelers,2026-10-11T17:00:00Z,2026-10-08T19:13+00:00
Josh Downs,receptions,9.0,730,Indianapolis Colts @ Pittsburgh Steelers,2026-10-11T17:00:00Z,2026-10-08T19:13+00:00
Josh Downs,receptions,10.0,1240,Indianapolis Colts @ Pittsburgh Steelers,2026-10-11T17:00:00Z,2026-10-08T19:13+00:00
Josh Downs,receptions,11.0,2000,Indianapolis Colts @ Pittsburgh Steelers,2026-10-11T17:00:00Z,2026-10-08T19:13+00:00
Josh Downs,receptions,12.0,2800,Indianapolis Colts @ Pittsburgh Steelers,2026-10-11T17:00:00Z,2026-10-08T19:13+00:00
DK Metcalf,receptions,2.0,-2400,Indianapolis Colts @ Pittsburgh Steelers,2026-10-11T17:00:00Z,2026-10-08T19:13+00:00
DK Metcalf,receptions,3.0,-545,Indianapolis Colts @ Pittsburgh Steelers,2026-10-11T17:00:00Z,2026-10-08T19:13+00:00
DK Metcalf,receptions,4.0,-207,Indianapolis Colts @ Pittsburgh Steelers,2026-10-11T17:00:00Z,2026-10-08T19:13+00:00
DK Metcalf,receptions,5.0,108,Indianapolis Colts @ Pittsburgh Steelers,2026-10-11T17:00:00Z,2026-10-08T19:13+00:00
DK Metcalf,receptions,6.0,221,Indianapolis Colts @ Pittsburgh Steelers,2026-10-11T17:00:00Z,2026-10-08T19:13+00:00
DK Metcalf,receptions,7.0,441,Indianapolis Colts @ Pittsburgh Steelers,2026-10-11T17:00:00Z,2026-10-08T19:13+00:00
DK Metcalf,receptions,8.0,840,Indianapolis Colts @ Pittsburgh Steelers,2026-10-11T17:00:00Z,2026-10-08T19:13+00:00
DK Metcalf,receptions,9.0,1500,Indianapolis Colts @ Pittsburgh Steelers,2026-10-11T17:00:00Z,2026-10-08T19:13+00:00
DK Metcalf,receptions,10.0,2400,Indianapolis Colts @ Pittsburgh Steelers,2026-10-11T17:00:00Z,2026-10-08T19:13+00:00
Roman Wilson,receptions,2.0,-790,Indianapolis Colts @ Pittsburgh Steelers,2026-10-11T17:00:00Z,2026-10-08T19:13+00:00
Roman Wilson,receptions,3.0,-234,Indianapolis Colts @ Pittsburgh Steelers,2026-10-11T17:00:00Z,2026-10-08T19:13+00:00
Roman Wilson,receptions,4.0,105,Indianapolis Colts @ Pittsburgh Steelers,2026-10-11T17:00:00Z,2026-10-08T19:13+00:00
Roman Wilson,receptions,5.0,233,Indianapolis Colts @ Pittsburgh Steelers,2026-10-11T17:00:00Z,2026-10-08T19:13+00:00
Roman Wilson,receptions,6.0,505,Indianapolis Colts @ Pittsburgh Steelers,2026-10-11T17:00:00Z,2026-10-08T19:13+00:00
Roman Wilson,receptions,7.0,1040,Indianapolis Colts @ Pittsburgh Steelers,2026-10-11T17:00:00Z,2026-10-08T19:13+00:00
Roman Wilson,receptions,8.0,1940,Indianapolis Colts @ Pittsburgh Steelers,2026-10-11T17:00:00Z,2026-10-08T19:13+00:00
Keenan Allen,receptions,2.0,-588,Indianapolis Colts @ Pittsburgh Steelers,2026-10-11T17:00:00Z,2026-10-08T19:13+00:00
Keenan Allen,receptions,3.0,-187,Indianapolis Colts @ Pittsburgh Steelers,2026-10-11T17:00:00Z,2026-10-08T19:13+00:00
Keenan Allen,receptions,4.0,130,Indianapolis Colts @ Pittsburgh Steelers,2026-10-11T17:00:00Z,2026-10-08T19:13+00:00
Keenan Allen,receptions,5.0,282,Indianapolis Colts @ Pittsburgh Steelers,2026-10-11T17:00:00Z,2026-10-08T19:13+00:00
Keenan Allen,receptions,6.0,588,Indianapolis Colts @ Pittsburgh Steelers,2026-10-11T17:00:00Z,2026-10-08T19:13+00:00
Keenan Allen,receptions,7.0,1160,Indianapolis Colts @ Pittsburgh Steelers,2026-10-11T17:00:00Z,2026-10-08T19:13+00:00
Keenan Allen,receptions,8.0,2000,Indianapolis Colts @ Pittsburgh Steelers,2026-10-11T17:00:00Z,2026-10-08T19:13+00:00
Pat Freiermuth,receptions,2.0,-740,Indianapolis Colts @ Pittsburgh Steelers,2026-10-11T17:00:00Z,2026-10-08T19:13+00:00
Pat Freiermuth,receptions,3.0,-223,Indianapolis Colts @ Pittsburgh Steelers,2026-10-11T17:00:00Z,2026-10-08T19:13+00:00
Pat Freiermuth,receptions,4.0,111,Indianapolis Colts @ Pittsburgh Steelers,2026-10-11T17:00:00Z,2026-10-08T19:13+00:00
Pat Freiermuth,receptions,5.0,246,Indianapolis Colts @ Pittsburgh Steelers,2026-10-11T17:00:00Z,2026-10-08T19:13+00:00
Pat Freiermuth,receptions,6.0,536,Indianapolis Colts @ Pittsburgh Steelers,2026-10-11T17:00:00Z,2026-10-08T19:13+00:00
Pat Freiermuth,receptions,7.0,1060,Indianapolis Colts @ Pittsburgh Steelers,2026-10-11T17:00:00Z,2026-10-08T19:13+00:00
Pat Freiermuth,receptions,8.0,2000,Indianapolis Colts @ Pittsburgh Steelers,2026-10-11T17:00:00Z,2026-10-08T19:13+00:00
Jonathan Taylor,receptions,2.0,-335,Indianapolis Colts @ Pittsburgh Steelers,2026-10-11T17:00:00Z,2026-10-08T19:13+00:00
Jonathan Taylor,receptions,3.0,-118,Indianapolis Colts @ Pittsburgh Steelers,2026-10-11T17:00:00Z,2026-10-08T19:13+00:00
Jonathan Taylor,receptions,4.0,210,Indianapolis Colts @ Pittsburgh Steelers,2026-10-11T17:00:00Z,2026-10-08T19:13+00:00
Jonathan Taylor,receptions,5.0,455,Indianapolis Colts @ Pittsburgh Steelers,2026-10-11T17:00:00Z,2026-10-08T19:13+00:00
Jonathan Taylor,receptions,6.0,960,Indianapolis Colts @ Pittsburgh Steelers,2026-10-11T17:00:00Z,2026-10-08T19:13+00:00
Jonathan Taylor,receptions,7.0,1860,Indianapolis Colts @ Pittsburgh Steelers,2026-10-11T17:00:00Z,2026-10-08T19:13+00:00
Darnell Washington,receptions,2.0,-240,Indianapolis Colts @ Pittsburgh Steelers,2026-10-11T17:00:00Z,2026-10-08T19:13+00:00
Darnell Washington,receptions,3.0,125,Indianapolis Colts @ Pittsburgh Steelers,2026-10-11T17:00:00Z,2026-10-08T19:13+00:00
Darnell Washington,receptions,4.0,318,Indianapolis Colts @ Pittsburgh Steelers,2026-10-11T17:00:00Z,2026-10-08T19:13+00:00
Darnell Washington,receptions,5.0,750,Indianapolis Colts @ Pittsburgh Steelers,2026-10-11T17:00:00Z,2026-10-08T19:13+00:00
Darnell Washington,receptions,6.0,1660,Indianapolis Colts @ Pittsburgh Steelers,2026-10-11T17:00:00Z,2026-10-08T19:13+00:00
Germie Bernard,receptions,2.0,-226,Indianapolis Colts @ Pittsburgh Steelers,2026-10-11T17:00:00Z,2026-10-08T19:13+00:00
Germie Bernard,receptions,3.0,134,Indianapolis Colts @ Pittsburgh Steelers,2026-10-11T17:00:00Z,2026-10-08T19:13+00:00
Germie Bernard,receptions,4.0,341,Indianapolis Colts @ Pittsburgh Steelers,2026-10-11T17:00:00Z,2026-10-08T19:13+00:00
Germie Bernard,receptions,5.0,830,Indianapolis Colts @ Pittsburgh Steelers,2026-10-11T17:00:00Z,2026-10-08T19:13+00:00
Germie Bernard,receptions,6.0,1760,Indianapolis Colts @ Pittsburgh Steelers,2026-10-11T17:00:00Z,2026-10-08T19:13+00:00
Jonathan Taylor,rush_att,12.0,-2400,Indianapolis Colts @ Pittsburgh Steelers,2026-10-11T17:00:00Z,2026-10-08T19:13+00:00
Jonathan Taylor,rush_att,14.0,-810,Indianapolis Colts @ Pittsburgh Steelers,2026-10-11T17:00:00Z,2026-10-08T19:13+00:00
Jonathan Taylor,rush_att,16.0,-375,Indianapolis Colts @ Pittsburgh Steelers,2026-10-11T17:00:00Z,2026-10-08T19:13+00:00
Jonathan Taylor,rush_att,18.0,-199,Indianapolis Colts @ Pittsburgh Steelers,2026-10-11T17:00:00Z,2026-10-08T19:13+00:00
Jonathan Taylor,rush_att,20.0,-113,Indianapolis Colts @ Pittsburgh Steelers,2026-10-11T17:00:00Z,2026-10-08T19:13+00:00
Jonathan Taylor,rush_att,22.0,151,Indianapolis Colts @ Pittsburgh Steelers,2026-10-11T17:00:00Z,2026-10-08T19:13+00:00
Jonathan Taylor,rush_att,24.0,251,Indianapolis Colts @ Pittsburgh Steelers,2026-10-11T17:00:00Z,2026-10-08T19:13+00:00
Jonathan Taylor,rush_att,26.0,434,Indianapolis Colts @ Pittsburgh Steelers,2026-10-11T17:00:00Z,2026-10-08T19:13+00:00
Jonathan Taylor,rush_att,28.0,750,Indianapolis Colts @ Pittsburgh Steelers,2026-10-11T17:00:00Z,2026-10-08T19:13+00:00
Jonathan Taylor,rush_att,30.0,1280,Indianapolis Colts @ Pittsburgh Steelers,2026-10-11T17:00:00Z,2026-10-08T19:13+00:00
Jonathan Taylor,rush_yds,40.0,-1720,Indianapolis Colts @ Pittsburgh Steelers,2026-10-11T17:00:00Z,2026-10-08T19:13+00:00
Jonathan Taylor,rush_yds,50.0,-740,Indianapolis Colts @ Pittsburgh Steelers,2026-10-11T17:00:00Z,2026-10-08T19:13+00:00
Jonathan Taylor,rush_yds,60.0,-383,Indianapolis Colts @ Pittsburgh Steelers,2026-10-11T17:00:00Z,2026-10-08T19:13+00:00
Jonathan Taylor,rush_yds,70.0,-227,Indianapolis Colts @ Pittsburgh Steelers,2026-10-11T17:00:00Z,2026-10-08T19:13+00:00
Jonathan Taylor,rush_yds,80.0,-144,Indianapolis Colts @ Pittsburgh Steelers,2026-10-11T17:00:00Z,2026-10-08T19:13+00:00
Jonathan Taylor,rush_yds,86.0,-112,Indianapolis Colts @ Pittsburgh Steelers,2026-10-11T17:00:00Z,2026-10-08T19:13+00:00
Jonathan Taylor,rush_yds,90.0,104,Indianapolis Colts @ Pittsburgh Steelers,2026-10-11T17:00:00Z,2026-10-08T19:13+00:00
Jonathan Taylor,rush_yds,100.0,152,Indianapolis Colts @ Pittsburgh Steelers,2026-10-11T17:00:00Z,2026-10-08T19:13+00:00
Jonathan Taylor,rush_yds,110.0,220,Indianapolis Colts @ Pittsburgh Steelers,2026-10-11T17:00:00Z,2026-10-08T19:13+00:00
Jonathan Taylor,rush_yds,120.0,310,Indianapolis Colts @ Pittsburgh Steelers,2026-10-11T17:00:00Z,2026-10-08T19:13+00:00
Jonathan Taylor,rush_yds,130.0,444,Indianapolis Colts @ Pittsburgh Steelers,2026-10-11T17:00:00Z,2026-10-08T19:13+00:00
Jonathan Taylor,rush_yds,140.0,630,Indianapolis Colts @ Pittsburgh Steelers,2026-10-11T17:00:00Z,2026-10-08T19:13+00:00
Jonathan Taylor,rush_yds,150.0,890,Indianapolis Colts @ Pittsburgh Steelers,2026-10-11T17:00:00Z,2026-10-08T19:13+00:00
Jonathan Taylor,rush_yds,160.0,1220,Indianapolis Colts @ Pittsburgh Steelers,2026-10-11T17:00:00Z,2026-10-08T19:13+00:00
Jonathan Taylor,rush_yds,170.0,1700,Indianapolis Colts @ Pittsburgh Steelers,2026-10-11T17:00:00Z,2026-10-08T19:13+00:00
Jonathan Taylor,rush_yds,180.0,2200,Indianapolis Colts @ Pittsburgh Steelers,2026-10-11T17:00:00Z,2026-10-08T19:13+00:00
Jonathan Taylor,rush_yds,190.0,3000,Indianapolis Colts @ Pittsburgh Steelers,2026-10-11T17:00:00Z,2026-10-08T19:13+00:00
Jonathan Taylor,rush_yds,200.0,3900,Indianapolis Colts @ Pittsburgh Steelers,2026-10-11T17:00:00Z,2026-10-08T19:13+00:00
Daniel Jones,rush_yds,10.0,-124,Indianapolis Colts @ Pittsburgh Steelers,2026-10-11T17:00:00Z,2026-10-08T19:13+00:00
Daniel Jones,rush_yds,11.0,-107,Indianapolis Colts @ Pittsburgh Steelers,2026-10-11T17:00:00Z,2026-10-08T19:13+00:00
Daniel Jones,rush_yds,15.0,165,Indianapolis Colts @ Pittsburgh Steelers,2026-10-11T17:00:00Z,2026-10-08T19:13+00:00
Daniel Jones,rush_yds,20.0,301,Indianapolis Colts @ Pittsburgh Steelers,2026-10-11T17:00:00Z,2026-10-08T19:13+00:00
Daniel Jones,rush_yds,25.0,504,Indianapolis Colts @ Pittsburgh Steelers,2026-10-11T17:00:00Z,2026-10-08T19:13+00:00
Daniel Jones,rush_yds,30.0,820,Indianapolis Colts @ Pittsburgh Steelers,2026-10-11T17:00:00Z,2026-10-08T19:13+00:00
Daniel Jones,rush_yds,40.0,1800,Indianapolis Colts @ Pittsburgh Steelers,2026-10-11T17:00:00Z,2026-10-08T19:13+00:00
Daniel Jones,rush_yds,50.0,3100,Indianapolis Colts @ Pittsburgh Steelers,2026-10-11T17:00:00Z,2026-10-08T19:13+00:00
Kirk Cousins,pass_att,24.0,-3400,Las Vegas Raiders @ New England Patriots,2026-10-11T17:00:00Z,2026-10-08T19:13+00:00
Kirk Cousins,pass_att,26.0,-1180,Las Vegas Raiders @ New England Patriots,2026-10-11T17:00:00Z,2026-10-08T19:13+00:00
Kirk Cousins,pass_att,28.0,-557,Las Vegas Raiders @ New England Patriots,2026-10-11T17:00:00Z,2026-10-08T19:13+00:00
Kirk Cousins,pass_att,30.0,-305,Las Vegas Raiders @ New England Patriots,2026-10-11T17:00:00Z,2026-10-08T19:13+00:00
Kirk Cousins,pass_att,32.0,-181,Las Vegas Raiders @ New England Patriots,2026-10-11T17:00:00Z,2026-10-08T19:13+00:00
Kirk Cousins,pass_att,34.0,-112,Las Vegas Raiders @ New England Patriots,2026-10-11T17:00:00Z,2026-10-08T19:13+00:00
Kirk Cousins,pass_att,36.0,140,Las Vegas Raiders @ New England Patriots,2026-10-11T17:00:00Z,2026-10-08T19:13+00:00
Kirk Cousins,pass_att,38.0,220,Las Vegas Raiders @ New England Patriots,2026-10-11T17:00:00Z,2026-10-08T19:13+00:00
Kirk Cousins,pass_att,40.0,338,Las Vegas Raiders @ New England Patriots,2026-10-11T17:00:00Z,2026-10-08T19:13+00:00
Kirk Cousins,pass_att,42.0,510,Las Vegas Raiders @ New England Patriots,2026-10-11T17:00:00Z,2026-10-08T19:13+00:00
Kirk Cousins,pass_att,44.0,780,Las Vegas Raiders @ New England Patriots,2026-10-11T17:00:00Z,2026-10-08T19:13+00:00
Kirk Cousins,pass_att,46.0,1180,Las Vegas Raiders @ New England Patriots,2026-10-11T17:00:00Z,2026-10-08T19:13+00:00
Kirk Cousins,pass_att,48.0,1700,Las Vegas Raiders @ New England Patriots,2026-10-11T17:00:00Z,2026-10-08T19:13+00:00
Drake Maye,pass_att,22.0,-2400,Las Vegas Raiders @ New England Patriots,2026-10-11T17:00:00Z,2026-10-08T19:13+00:00
Drake Maye,pass_att,24.0,-860,Las Vegas Raiders @ New England Patriots,2026-10-11T17:00:00Z,2026-10-08T19:13+00:00
Drake Maye,pass_att,26.0,-402,Las Vegas Raiders @ New England Patriots,2026-10-11T17:00:00Z,2026-10-08T19:13+00:00
Drake Maye,pass_att,28.0,-210,Las Vegas Raiders @ New England Patriots,2026-10-11T17:00:00Z,2026-10-08T19:13+00:00
Drake Maye,pass_att,30.0,-119,Las Vegas Raiders @ New England Patriots,2026-10-11T17:00:00Z,2026-10-08T19:13+00:00
Drake Maye,pass_att,32.0,145,Las Vegas Raiders @ New England Patriots,2026-10-11T17:00:00Z,2026-10-08T19:13+00:00
Drake Maye,pass_att,34.0,236,Las Vegas Raiders @ New England Patriots,2026-10-11T17:00:00Z,2026-10-08T19:13+00:00
Drake Maye,pass_att,36.0,382,Las Vegas Raiders @ New England Patriots,2026-10-11T17:00:00Z,2026-10-08T19:13+00:00
Drake Maye,pass_att,38.0,620,Las Vegas Raiders @ New England Patriots,2026-10-11T17:00:00Z,2026-10-08T19:13+00:00
Drake Maye,pass_att,40.0,980,Las Vegas Raiders @ New England Patriots,2026-10-11T17:00:00Z,2026-10-08T19:13+00:00
Drake Maye,pass_att,42.0,1460,Las Vegas Raiders @ New England Patriots,2026-10-11T17:00:00Z,2026-10-08T19:13+00:00
Kirk Cousins,pass_cmps,16.0,-1860,Las Vegas Raiders @ New England Patriots,2026-10-11T17:00:00Z,2026-10-08T19:13+00:00
Kirk Cousins,pass_cmps,18.0,-610,Las Vegas Raiders @ New England Patriots,2026-10-11T17:00:00Z,2026-10-08T19:13+00:00
Kirk Cousins,pass_cmps,20.0,-267,Las Vegas Raiders @ New England Patriots,2026-10-11T17:00:00Z,2026-10-08T19:13+00:00
Kirk Cousins,pass_cmps,22.0,-132,Las Vegas Raiders @ New England Patriots,2026-10-11T17:00:00Z,2026-10-08T19:13+00:00
Kirk Cousins,pass_cmps,24.0,146,Las Vegas Raiders @ New England Patriots,2026-10-11T17:00:00Z,2026-10-08T19:13+00:00
Kirk Cousins,pass_cmps,26.0,274,Las Vegas Raiders @ New England Patriots,2026-10-11T17:00:00Z,2026-10-08T19:13+00:00
Kirk Cousins,pass_cmps,28.0,510,Las Vegas Raiders @ New England Patriots,2026-10-11T17:00:00Z,2026-10-08T19:13+00:00
Kirk Cousins,pass_cmps,30.0,930,Las Vegas Raiders @ New England Patriots,2026-10-11T17:00:00Z,2026-10-08T19:13+00:00
Kirk Cousins,pass_cmps,32.0,1600,Las Vegas Raiders @ New England Patriots,2026-10-11T17:00:00Z,2026-10-08T19:13+00:00
Drake Maye,pass_cmps,14.0,-2600,Las Vegas Raiders @ New England Patriots,2026-10-11T17:00:00Z,2026-10-08T19:13+00:00
Drake Maye,pass_cmps,16.0,-690,Las Vegas Raiders @ New England Patriots,2026-10-11T17:00:00Z,2026-10-08T19:13+00:00
Drake Maye,pass_cmps,18.0,-259,Las Vegas Raiders @ New England Patriots,2026-10-11T17:00:00Z,2026-10-08T19:13+00:00
Drake Maye,pass_cmps,20.0,-116,Las Vegas Raiders @ New England Patriots,2026-10-11T17:00:00Z,2026-10-08T19:13+00:00
Drake Maye,pass_cmps,22.0,181,Las Vegas Raiders @ New England Patriots,2026-10-11T17:00:00Z,2026-10-08T19:13+00:00
Drake Maye,pass_cmps,24.0,372,Las Vegas Raiders @ New England Patriots,2026-10-11T17:00:00Z,2026-10-08T19:13+00:00
Drake Maye,pass_cmps,26.0,740,Las Vegas Raiders @ New England Patriots,2026-10-11T17:00:00Z,2026-10-08T19:13+00:00
Drake Maye,pass_cmps,28.0,1460,Las Vegas Raiders @ New England Patriots,2026-10-11T17:00:00Z,2026-10-08T19:13+00:00
Drake Maye,pass_yds,150.0,-1260,Las Vegas Raiders @ New England Patriots,2026-10-11T17:00:00Z,2026-10-08T19:13+00:00
Drake Maye,pass_yds,160.0,-850,Las Vegas Raiders @ New England Patriots,2026-10-11T17:00:00Z,2026-10-08T19:13+00:00
Drake Maye,pass_yds,170.0,-600,Las Vegas Raiders @ New England Patriots,2026-10-11T17:00:00Z,2026-10-08T19:13+00:00
Drake Maye,pass_yds,180.0,-439,Las Vegas Raiders @ New England Patriots,2026-10-11T17:00:00Z,2026-10-08T19:13+00:00
Drake Maye,pass_yds,190.0,-323,Las Vegas Raiders @ New England Patriots,2026-10-11T17:00:00Z,2026-10-08T19:13+00:00
Drake Maye,pass_yds,200.0,-245,Las Vegas Raiders @ New England Patriots,2026-10-11T17:00:00Z,2026-10-08T19:13+00:00
Drake Maye,pass_yds,210.0,-188,Las Vegas Raiders @ New England Patriots,2026-10-11T17:00:00Z,2026-10-08T19:13+00:00
Drake Maye,pass_yds,220.0,-145,Las Vegas Raiders @ New England Patriots,2026-10-11T17:00:00Z,2026-10-08T19:13+00:00
Drake Maye,pass_yds,230.0,-114,Las Vegas Raiders @ New England Patriots,2026-10-11T17:00:00Z,2026-10-08T19:13+00:00
Drake Maye,pass_yds,231.0,-111,Las Vegas Raiders @ New England Patriots,2026-10-11T17:00:00Z,2026-10-08T19:13+00:00
Drake Maye,pass_yds,240.0,111,Las Vegas Raiders @ New England Patriots,2026-10-11T17:00:00Z,2026-10-08T19:13+00:00
Drake Maye,pass_yds,250.0,141,Las Vegas Raiders @ New England Patriots,2026-10-11T17:00:00Z,2026-10-08T19:13+00:00
Drake Maye,pass_yds,260.0,177,Las Vegas Raiders @ New England Patriots,2026-10-11T17:00:00Z,2026-10-08T19:13+00:00
Drake Maye,pass_yds,270.0,225,Las Vegas Raiders @ New England Patriots,2026-10-11T17:00:00Z,2026-10-08T19:13+00:00
Drake Maye,pass_yds,280.0,283,Las Vegas Raiders @ New England Patriots,2026-10-11T17:00:00Z,2026-10-08T19:13+00:00
Drake Maye,pass_yds,290.0,361,Las Vegas Raiders @ New England Patriots,2026-10-11T17:00:00Z,2026-10-08T19:13+00:00
Drake Maye,pass_yds,300.0,449,Las Vegas Raiders @ New England Patriots,2026-10-11T17:00:00Z,2026-10-08T19:13+00:00
Drake Maye,pass_yds,310.0,565,Las Vegas Raiders @ New England Patriots,2026-10-11T17:00:00Z,2026-10-08T19:13+00:00
Drake Maye,pass_yds,320.0,720,Las Vegas Raiders @ New England Patriots,2026-10-11T17:00:00Z,2026-10-08T19:13+00:00
Drake Maye,pass_yds,330.0,900,Las Vegas Raiders @ New England Patriots,2026-10-11T17:00:00Z,2026-10-08T19:13+00:00
Drake Maye,pass_yds,340.0,1120,Las Vegas Raiders @ New England Patriots,2026-10-11T17:00:00Z,2026-10-08T19:13+00:00
Drake Maye,pass_yds,350.0,1400,Las Vegas Raiders @ New England Patriots,2026-10-11T17:00:00Z,2026-10-08T19:13+00:00
Drake Maye,pass_yds,360.0,1760,Las Vegas Raiders @ New England Patriots,2026-10-11T17:00:00Z,2026-10-08T19:13+00:00
Drake Maye,pass_yds,370.0,2200,Las Vegas Raiders @ New England Patriots,2026-10-11T17:00:00Z,2026-10-08T19:13+00:00
Drake Maye,pass_yds,380.0,2700,Las Vegas Raiders @ New England Patriots,2026-10-11T17:00:00Z,2026-10-08T19:13+00:00
Drake Maye,pass_yds,390.0,3300,Las Vegas Raiders @ New England Patriots,2026-10-11T17:00:00Z,2026-10-08T19:13+00:00
Drake Maye,pass_yds,400.0,3900,Las Vegas Raiders @ New England Patriots,2026-10-11T17:00:00Z,2026-10-08T19:13+00:00
Kirk Cousins,pass_yds,150.0,-1460,Las Vegas Raiders @ New England Patriots,2026-10-11T17:00:00Z,2026-10-08T19:13+00:00
Kirk Cousins,pass_yds,160.0,-980,Las Vegas Raiders @ New England Patriots,2026-10-11T17:00:00Z,2026-10-08T19:13+00:00
Kirk Cousins,pass_yds,170.0,-660,Las Vegas Raiders @ New England Patriots,2026-10-11T17:00:00Z,2026-10-08T19:13+00:00
Kirk Cousins,pass_yds,180.0,-470,Las Vegas Raiders @ New England Patriots,2026-10-11T17:00:00Z,2026-10-08T19:13+00:00
Kirk Cousins,pass_yds,190.0,-344,Las Vegas Raiders @ New England Patriots,2026-10-11T17:00:00Z,2026-10-08T19:13+00:00
Kirk Cousins,pass_yds,200.0,-258,Las Vegas Raiders @ New England Patriots,2026-10-11T17:00:00Z,2026-10-08T19:13+00:00
Kirk Cousins,pass_yds,210.0,-198,Las Vegas Raiders @ New England Patriots,2026-10-11T17:00:00Z,2026-10-08T19:13+00:00
Kirk Cousins,pass_yds,220.0,-153,Las Vegas Raiders @ New England Patriots,2026-10-11T17:00:00Z,2026-10-08T19:13+00:00
Kirk Cousins,pass_yds,230.0,-119,Las Vegas Raiders @ New England Patriots,2026-10-11T17:00:00Z,2026-10-08T19:13+00:00
Kirk Cousins,pass_yds,233.0,-111,Las Vegas Raiders @ New England Patriots,2026-10-11T17:00:00Z,2026-10-08T19:13+00:00
Kirk Cousins,pass_yds,240.0,107,Las Vegas Raiders @ New England Patriots,2026-10-11T17:00:00Z,2026-10-08T19:13+00:00
Kirk Cousins,pass_yds,250.0,136,Las Vegas Raiders @ New England Patriots,2026-10-11T17:00:00Z,2026-10-08T19:13+00:00
Kirk Cousins,pass_yds,260.0,172,Las Vegas Raiders @ New England Patriots,2026-10-11T17:00:00Z,2026-10-08T19:13+00:00
Kirk Cousins,pass_yds,270.0,220,Las Vegas Raiders @ New England Patriots,2026-10-11T17:00:00Z,2026-10-08T19:13+00:00
Kirk Cousins,pass_yds,280.0,277,Las Vegas Raiders @ New England Patriots,2026-10-11T17:00:00Z,2026-10-08T19:13+00:00
Kirk Cousins,pass_yds,290.0,349,Las Vegas Raiders @ New England Patriots,2026-10-11T17:00:00Z,2026-10-08T19:13+00:00
Kirk Cousins,pass_yds,300.0,438,Las Vegas Raiders @ New England Patriots,2026-10-11T17:00:00Z,2026-10-08T19:13+00:00
Kirk Cousins,pass_yds,310.0,550,Las Vegas Raiders @ New England Patriots,2026-10-11T17:00:00Z,2026-10-08T19:13+00:00
Kirk Cousins,pass_yds,320.0,690,Las Vegas Raiders @ New England Patriots,2026-10-11T17:00:00Z,2026-10-08T19:13+00:00
Kirk Cousins,pass_yds,330.0,880,Las Vegas Raiders @ New England Patriots,2026-10-11T17:00:00Z,2026-10-08T19:13+00:00
Kirk Cousins,pass_yds,340.0,1100,Las Vegas Raiders @ New England Patriots,2026-10-11T17:00:00Z,2026-10-08T19:13+00:00
Kirk Cousins,pass_yds,350.0,1380,Las Vegas Raiders @ New England Patriots,2026-10-11T17:00:00Z,2026-10-08T19:13+00:00
Kirk Cousins,pass_yds,360.0,1740,Las Vegas Raiders @ New England Patriots,2026-10-11T17:00:00Z,2026-10-08T19:13+00:00
Kirk Cousins,pass_yds,370.0,2100,Las Vegas Raiders @ New England Patriots,2026-10-11T17:00:00Z,2026-10-08T19:13+00:00
Kirk Cousins,pass_yds,380.0,2600,Las Vegas Raiders @ New England Patriots,2026-10-11T17:00:00Z,2026-10-08T19:13+00:00
Kirk Cousins,pass_yds,390.0,3200,Las Vegas Raiders @ New England Patriots,2026-10-11T17:00:00Z,2026-10-08T19:13+00:00
Kirk Cousins,pass_yds,400.0,4000,Las Vegas Raiders @ New England Patriots,2026-10-11T17:00:00Z,2026-10-08T19:13+00:00
Brock Bowers,rec_yds,25.0,-2500,Las Vegas Raiders @ New England Patriots,2026-10-11T17:00:00Z,2026-10-08T19:13+00:00
Brock Bowers,rec_yds,40.0,-650,Las Vegas Raiders @ New England Patriots,2026-10-11T17:00:00Z,2026-10-08T19:13+00:00
Brock Bowers,rec_yds,50.0,-346,Las Vegas Raiders @ New England Patriots,2026-10-11T17:00:00Z,2026-10-08T19:13+00:00
Brock Bowers,rec_yds,60.0,-205,Las Vegas Raiders @ New England Patriots,2026-10-11T17:00:00Z,2026-10-08T19:13+00:00
Brock Bowers,rec_yds,70.0,-126,Las Vegas Raiders @ New England Patriots,2026-10-11T17:00:00Z,2026-10-08T19:13+00:00
Brock Bowers,rec_yds,73.0,-111,Las Vegas Raiders @ New England Patriots,2026-10-11T17:00:00Z,2026-10-08T19:13+00:00
Brock Bowers,rec_yds,80.0,122,Las Vegas Raiders @ New England Patriots,2026-10-11T17:00:00Z,2026-10-08T19:13+00:00
Brock Bowers,rec_yds,90.0,184,Las Vegas Raiders @ New England Patriots,2026-10-11T17:00:00Z,2026-10-08T19:13+00:00
Brock Bowers,rec_yds,100.0,273,Las Vegas Raiders @ New England Patriots,2026-10-11T17:00:00Z,2026-10-08T19:13+00:00
Brock Bowers,rec_yds,110.0,403,Las Vegas Raiders @ New England Patriots,2026-10-11T17:00:00Z,2026-10-08T19:13+00:00
Brock Bowers,rec_yds,120.0,600,Las Vegas Raiders @ New England Patriots,2026-10-11T17:00:00Z,2026-10-08T19:13+00:00
Brock Bowers,rec_yds,130.0,870,Las Vegas Raiders @ New England Patriots,2026-10-11T17:00:00Z,2026-10-08T19:13+00:00
Brock Bowers,rec_yds,140.0,1240,Las Vegas Raiders @ New England Patriots,2026-10-11T17:00:00Z,2026-10-08T19:13+00:00
Brock Bowers,rec_yds,150.0,1720,Las Vegas Raiders @ New England Patriots,2026-10-11T17:00:00Z,2026-10-08T19:13+00:00
Brock Bowers,rec_yds,160.0,2400,Las Vegas Raiders @ New England Patriots,2026-10-11T17:00:00Z,2026-10-08T19:13+00:00
Brock Bowers,rec_yds,170.0,3300,Las Vegas Raiders @ New England Patriots,2026-10-11T17:00:00Z,2026-10-08T19:13+00:00
Romeo Doubs,rec_yds,15.0,-1280,Las Vegas Raiders @ New England Patriots,2026-10-11T17:00:00Z,2026-10-08T19:13+00:00
Romeo Doubs,rec_yds,25.0,-525,Las Vegas Raiders @ New England Patriots,2026-10-11T17:00:00Z,2026-10-08T19:13+00:00
Romeo Doubs,rec_yds,40.0,-207,Las Vegas Raiders @ New England Patriots,2026-10-11T17:00:00Z,2026-10-08T19:13+00:00
Romeo Doubs,rec_yds,50.0,-130,Las Vegas Raiders @ New England Patriots,2026-10-11T17:00:00Z,2026-10-08T19:13+00:00
Romeo Doubs,rec_yds,53.0,-114,Las Vegas Raiders @ New England Patriots,2026-10-11T17:00:00Z,2026-10-08T19:13+00:00
Romeo Doubs,rec_yds,60.0,117,Las Vegas Raiders @ New England Patriots,2026-10-11T17:00:00Z,2026-10-08T19:13+00:00
Romeo Doubs,rec_yds,70.0,176,Las Vegas Raiders @ New England Patriots,2026-10-11T17:00:00Z,2026-10-08T19:13+00:00
Romeo Doubs,rec_yds,80.0,259,Las Vegas Raiders @ New England Patriots,2026-10-11T17:00:00Z,2026-10-08T19:13+00:00
Romeo Doubs,rec_yds,90.0,381,Las Vegas Raiders @ New England Patriots,2026-10-11T17:00:00Z,2026-10-08T19:13+00:00
Romeo Doubs,rec_yds,100.0,548,Las Vegas Raiders @ New England Patriots,2026-10-11T17:00:00Z,2026-10-08T19:13+00:00
Romeo Doubs,rec_yds,110.0,780,Las Vegas Raiders @ New England Patriots,2026-10-11T17:00:00Z,2026-10-08T19:13+00:00
Romeo Doubs,rec_yds,120.0,1100,Las Vegas Raiders @ New England Patriots,2026-10-11T17:00:00Z,2026-10-08T19:13+00:00
Romeo Doubs,rec_yds,130.0,1540,Las Vegas Raiders @ New England Patriots,2026-10-11T17:00:00Z,2026-10-08T19:13+00:00
Romeo Doubs,rec_yds,140.0,2100,Las Vegas Raiders @ New England Patriots,2026-10-11T17:00:00Z,2026-10-08T19:13+00:00
Romeo Doubs,rec_yds,150.0,2800,Las Vegas Raiders @ New England Patriots,2026-10-11T17:00:00Z,2026-10-08T19:13+00:00
Romeo Doubs,rec_yds,160.0,3800,Las Vegas Raiders @ New England Patriots,2026-10-11T17:00:00Z,2026-10-08T19:13+00:00
Hunter Henry,rec_yds,15.0,-569,Las Vegas Raiders @ New England Patriots,2026-10-11T17:00:00Z,2026-10-08T19:13+00:00
Hunter Henry,rec_yds,25.0,-250,Las Vegas Raiders @ New England Patriots,2026-10-11T17:00:00Z,2026-10-08T19:13+00:00
Hunter Henry,rec_yds,38.0,-111,Las Vegas Raiders @ New England Patriots,2026-10-11T17:00:00Z,2026-10-08T19:13+00:00
Hunter Henry,rec_yds,40.0,101,Las Vegas Raiders @ New England Patriots,2026-10-11T17:00:00Z,2026-10-08T19:13+00:00
Hunter Henry,rec_yds,50.0,164,Las Vegas Raiders @ New England Patriots,2026-10-11T17:00:00Z,2026-10-08T19:13+00:00
Hunter Henry,rec_yds,60.0,259,Las Vegas Raiders @ New England Patriots,2026-10-11T17:00:00Z,2026-10-08T19:13+00:00
Hunter Henry,rec_yds,70.0,398,Las Vegas Raiders @ New England Patriots,2026-10-11T17:00:00Z,2026-10-08T19:13+00:00
Hunter Henry,rec_yds,80.0,599,Las Vegas Raiders @ New England Patriots,2026-10-11T17:00:00Z,2026-10-08T19:13+00:00
Hunter Henry,rec_yds,90.0,900,Las Vegas Raiders @ New England Patriots,2026-10-11T17:00:00Z,2026-10-08T19:13+00:00
Hunter Henry,rec_yds,100.0,1320,Las Vegas Raiders @ New England Patriots,2026-10-11T17:00:00Z,2026-10-08T19:13+00:00
Hunter Henry,rec_yds,110.0,1900,Las Vegas Raiders @ New England Patriots,2026-10-11T17:00:00Z,2026-10-08T19:13+00:00
Hunter Henry,rec_yds,120.0,2700,Las Vegas Raiders @ New England Patriots,2026-10-11T17:00:00Z,2026-10-08T19:13+00:00
Hunter Henry,rec_yds,130.0,3700,Las Vegas Raiders @ New England Patriots,2026-10-11T17:00:00Z,2026-10-08T19:13+00:00
Tre Tucker,rec_yds,15.0,-640,Las Vegas Raiders @ New England Patriots,2026-10-11T17:00:00Z,2026-10-08T19:13+00:00
Tre Tucker,rec_yds,25.0,-268,Las Vegas Raiders @ New England Patriots,2026-10-11T17:00:00Z,2026-10-08T19:13+00:00
Tre Tucker,rec_yds,39.0,-110,Las Vegas Raiders @ New England Patriots,2026-10-11T17:00:00Z,2026-10-08T19:13+00:00
Tre Tucker,rec_yds,40.0,-104,Las Vegas Raiders @ New England Patriots,2026-10-11T17:00:00Z,2026-10-08T19:13+00:00
Tre Tucker,rec_yds,50.0,162,Las Vegas Raiders @ New England Patriots,2026-10-11T17:00:00Z,2026-10-08T19:13+00:00
Tre Tucker,rec_yds,60.0,267,Las Vegas Raiders @ New England Patriots,2026-10-11T17:00:00Z,2026-10-08T19:13+00:00
Tre Tucker,rec_yds,70.0,426,Las Vegas Raiders @ New England Patriots,2026-10-11T17:00:00Z,2026-10-08T19:13+00:00
Tre Tucker,rec_yds,80.0,660,Las Vegas Raiders @ New England Patriots,2026-10-11T17:00:00Z,2026-10-08T19:13+00:00
Tre Tucker,rec_yds,90.0,1060,Las Vegas Raiders @ New England Patriots,2026-10-11T17:00:00Z,2026-10-08T19:13+00:00
Tre Tucker,rec_yds,100.0,1600,Las Vegas Raiders @ New England Patriots,2026-10-11T17:00:00Z,2026-10-08T19:13+00:00
Tre Tucker,rec_yds,110.0,2300,Las Vegas Raiders @ New England Patriots,2026-10-11T17:00:00Z,2026-10-08T19:13+00:00
Tre Tucker,rec_yds,120.0,3200,Las Vegas Raiders @ New England Patriots,2026-10-11T17:00:00Z,2026-10-08T19:13+00:00
DeMario Douglas,rec_yds,15.0,-226,Las Vegas Raiders @ New England Patriots,2026-10-11T17:00:00Z,2026-10-08T19:13+00:00
DeMario Douglas,rec_yds,25.0,-108,Las Vegas Raiders @ New England Patriots,2026-10-11T17:00:00Z,2026-10-08T19:13+00:00
DeMario Douglas,rec_yds,40.0,224,Las Vegas Raiders @ New England Patriots,2026-10-11T17:00:00Z,2026-10-08T19:13+00:00
DeMario Douglas,rec_yds,50.0,374,Las Vegas Raiders @ New England Patriots,2026-10-11T17:00:00Z,2026-10-08T19:13+00:00
DeMario Douglas,rec_yds,60.0,592,Las Vegas Raiders @ New England Patriots,2026-10-11T17:00:00Z,2026-10-08T19:13+00:00
DeMario Douglas,rec_yds,70.0,910,Las Vegas Raiders @ New England Patriots,2026-10-11T17:00:00Z,2026-10-08T19:13+00:00
DeMario Douglas,rec_yds,80.0,1420,Las Vegas Raiders @ New England Patriots,2026-10-11T17:00:00Z,2026-10-08T19:13+00:00
DeMario Douglas,rec_yds,90.0,2100,Las Vegas Raiders @ New England Patriots,2026-10-11T17:00:00Z,2026-10-08T19:13+00:00
DeMario Douglas,rec_yds,100.0,3000,Las Vegas Raiders @ New England Patriots,2026-10-11T17:00:00Z,2026-10-08T19:13+00:00
Michael Mayer,rec_yds,15.0,-431,Las Vegas Raiders @ New England Patriots,2026-10-11T17:00:00Z,2026-10-08T19:13+00:00
Michael Mayer,rec_yds,25.0,-174,Las Vegas Raiders @ New England Patriots,2026-10-11T17:00:00Z,2026-10-08T19:13+00:00
Michael Mayer,rec_yds,31.0,-113,Las Vegas Raiders @ New England Patriots,2026-10-11T17:00:00Z,2026-10-08T19:13+00:00
Michael Mayer,rec_yds,40.0,160,Las Vegas Raiders @ New England Patriots,2026-10-11T17:00:00Z,2026-10-08T19:13+00:00
Michael Mayer,rec_yds,50.0,289,Las Vegas Raiders @ New England Patriots,2026-10-11T17:00:00Z,2026-10-08T19:13+00:00
Michael Mayer,rec_yds,60.0,495,Las Vegas Raiders @ New England Patriots,2026-10-11T17:00:00Z,2026-10-08T19:13+00:00
Michael Mayer,rec_yds,70.0,810,Las Vegas Raiders @ New England Patriots,2026-10-11T17:00:00Z,2026-10-08T19:13+00:00
Michael Mayer,rec_yds,80.0,1360,Las Vegas Raiders @ New England Patriots,2026-10-11T17:00:00Z,2026-10-08T19:13+00:00
Michael Mayer,rec_yds,90.0,2100,Las Vegas Raiders @ New England Patriots,2026-10-11T17:00:00Z,2026-10-08T19:13+00:00
Michael Mayer,rec_yds,100.0,3100,Las Vegas Raiders @ New England Patriots,2026-10-11T17:00:00Z,2026-10-08T19:13+00:00
Ashton Jeanty,rec_yds,15.0,-283,Las Vegas Raiders @ New England Patriots,2026-10-11T17:00:00Z,2026-10-08T19:13+00:00
Ashton Jeanty,rec_yds,25.0,-112,Las Vegas Raiders @ New England Patriots,2026-10-11T17:00:00Z,2026-10-08T19:13+00:00
Ashton Jeanty,rec_yds,40.0,261,Las Vegas Raiders @ New England Patriots,2026-10-11T17:00:00Z,2026-10-08T19:13+00:00
Ashton Jeanty,rec_yds,50.0,487,Las Vegas Raiders @ New England Patriots,2026-10-11T17:00:00Z,2026-10-08T19:13+00:00
Ashton Jeanty,rec_yds,60.0,850,Las Vegas Raiders @ New England Patriots,2026-10-11T17:00:00Z,2026-10-08T19:13+00:00
Ashton Jeanty,rec_yds,70.0,1440,Las Vegas Raiders @ New England Patriots,2026-10-11T17:00:00Z,2026-10-08T19:13+00:00
Ashton Jeanty,rec_yds,80.0,2200,Las Vegas Raiders @ New England Patriots,2026-10-11T17:00:00Z,2026-10-08T19:13+00:00
Ashton Jeanty,rec_yds,90.0,3300,Las Vegas Raiders @ New England Patriots,2026-10-11T17:00:00Z,2026-10-08T19:13+00:00
Cody White,rec_yds,15.0,-131,Las Vegas Raiders @ New England Patriots,2026-10-11T17:00:00Z,2026-10-08T19:13+00:00
Cody White,rec_yds,17.0,-110,Las Vegas Raiders @ New England Patriots,2026-10-11T17:00:00Z,2026-10-08T19:13+00:00
Cody White,rec_yds,25.0,165,Las Vegas Raiders @ New England Patriots,2026-10-11T17:00:00Z,2026-10-08T19:13+00:00
Cody White,rec_yds,40.0,425,Las Vegas Raiders @ New England Patriots,2026-10-11T17:00:00Z,2026-10-08T19:13+00:00
Cody White,rec_yds,50.0,750,Las Vegas Raiders @ New England Patriots,2026-10-11T17:00:00Z,2026-10-08T19:13+00:00
Cody White,rec_yds,60.0,1300,Las Vegas Raiders @ New England Patriots,2026-10-11T17:00:00Z,2026-10-08T19:13+00:00
Cody White,rec_yds,70.0,2100,Las Vegas Raiders @ New England Patriots,2026-10-11T17:00:00Z,2026-10-08T19:13+00:00
Cody White,rec_yds,80.0,3300,Las Vegas Raiders @ New England Patriots,2026-10-11T17:00:00Z,2026-10-08T19:13+00:00
Brock Bowers,receptions,4.0,-1360,Las Vegas Raiders @ New England Patriots,2026-10-11T17:00:00Z,2026-10-08T19:13+00:00
Brock Bowers,receptions,5.0,-504,Las Vegas Raiders @ New England Patriots,2026-10-11T17:00:00Z,2026-10-08T19:13+00:00
Brock Bowers,receptions,6.0,-239,Las Vegas Raiders @ New England Patriots,2026-10-11T17:00:00Z,2026-10-08T19:13+00:00
Brock Bowers,receptions,7.0,-125,Las Vegas Raiders @ New England Patriots,2026-10-11T17:00:00Z,2026-10-08T19:13+00:00
Brock Bowers,receptions,8.0,145,Las Vegas Raiders @ New England Patriots,2026-10-11T17:00:00Z,2026-10-08T19:13+00:00
Brock Bowers,receptions,9.0,255,Las Vegas Raiders @ New England Patriots,2026-10-11T17:00:00Z,2026-10-08T19:13+00:00
Brock Bowers,receptions,10.0,449,Las Vegas Raiders @ New England Patriots,2026-10-11T17:00:00Z,2026-10-08T19:13+00:00
Brock Bowers,receptions,11.0,760,Las Vegas Raiders @ New England Patriots,2026-10-11T17:00:00Z,2026-10-08T19:13+00:00
Brock Bowers,receptions,12.0,1240,Las Vegas Raiders @ New England Patriots,2026-10-11T17:00:00Z,2026-10-08T19:13+00:00
Brock Bowers,receptions,13.0,1960,Las Vegas Raiders @ New England Patriots,2026-10-11T17:00:00Z,2026-10-08T19:13+00:00
Brock Bowers,receptions,14.0,2700,Las Vegas Raiders @ New England Patriots,2026-10-11T17:00:00Z,2026-10-08T19:13+00:00
Romeo Doubs,receptions,2.0,-1540,Las Vegas Raiders @ New England Patriots,2026-10-11T17:00:00Z,2026-10-08T19:13+00:00
Romeo Doubs,receptions,3.0,-397,Las Vegas Raiders @ New England Patriots,2026-10-11T17:00:00Z,2026-10-08T19:13+00:00
Romeo Doubs,receptions,4.0,-154,Las Vegas Raiders @ New England Patriots,2026-10-11T17:00:00Z,2026-10-08T19:13+00:00
Romeo Doubs,receptions,5.0,146,Las Vegas Raiders @ New England Patriots,2026-10-11T17:00:00Z,2026-10-08T19:13+00:00
Romeo Doubs,receptions,6.0,303,Las Vegas Raiders @ New England Patriots,2026-10-11T17:00:00Z,2026-10-08T19:13+00:00
Romeo Doubs,receptions,7.0,591,Las Vegas Raiders @ New England Patriots,2026-10-11T17:00:00Z,2026-10-08T19:13+00:00
Romeo Doubs,receptions,8.0,1120,Las Vegas Raiders @ New England Patriots,2026-10-11T17:00:00Z,2026-10-08T19:13+00:00
Romeo Doubs,receptions,9.0,2000,Las Vegas Raiders @ New England Patriots,2026-10-11T17:00:00Z,2026-10-08T19:13+00:00
Michael Mayer,receptions,2.0,-1100,Las Vegas Raiders @ New England Patriots,2026-10-11T17:00:00Z,2026-10-08T19:13+00:00
Michael Mayer,receptions,3.0,-311,Las Vegas Raiders @ New England Patriots,2026-10-11T17:00:00Z,2026-10-08T19:13+00:00
Michael Mayer,receptions,4.0,-126,Las Vegas Raiders @ New England Patriots,2026-10-11T17:00:00Z,2026-10-08T19:13+00:00
Michael Mayer,receptions,5.0,173,Las Vegas Raiders @ New England Patriots,2026-10-11T17:00:00Z,2026-10-08T19:13+00:00
Michael Mayer,receptions,6.0,355,Las Vegas Raiders @ New England Patriots,2026-10-11T17:00:00Z,2026-10-08T19:13+00:00
Michael Mayer,receptions,7.0,710,Las Vegas Raiders @ New England Patriots,2026-10-11T17:00:00Z,2026-10-08T19:13+00:00
Michael Mayer,receptions,8.0,1320,Las Vegas Raiders @ New England Patriots,2026-10-11T17:00:00Z,2026-10-08T19:13+00:00
Michael Mayer,receptions,9.0,2200,Las Vegas Raiders @ New England Patriots,2026-10-11T17:00:00Z,2026-10-08T19:13+00:00
Ashton Jeanty,receptions,2.0,-1000,Las Vegas Raiders @ New England Patriots,2026-10-11T17:00:00Z,2026-10-08T19:13+00:00
Ashton Jeanty,receptions,3.0,-296,Las Vegas Raiders @ New England Patriots,2026-10-11T17:00:00Z,2026-10-08T19:13+00:00
Ashton Jeanty,receptions,4.0,-123,Las Vegas Raiders @ New England Patriots,2026-10-11T17:00:00Z,2026-10-08T19:13+00:00
Ashton Jeanty,receptions,5.0,179,Las Vegas Raiders @ New England Patriots,2026-10-11T17:00:00Z,2026-10-08T19:13+00:00
Ashton Jeanty,receptions,6.0,374,Las Vegas Raiders @ New England Patriots,2026-10-11T17:00:00Z,2026-10-08T19:13+00:00
Ashton Jeanty,receptions,7.0,740,Las Vegas Raiders @ New England Patriots,2026-10-11T17:00:00Z,2026-10-08T19:13+00:00
Ashton Jeanty,receptions,8.0,1420,Las Vegas Raiders @ New England Patriots,2026-10-11T17:00:00Z,2026-10-08T19:13+00:00
Ashton Jeanty,receptions,9.0,2300,Las Vegas Raiders @ New England Patriots,2026-10-11T17:00:00Z,2026-10-08T19:13+00:00
Hunter Henry,receptions,2.0,-1080,Las Vegas Raiders @ New England Patriots,2026-10-11T17:00:00Z,2026-10-08T19:13+00:00
Hunter Henry,receptions,3.0,-301,Las Vegas Raiders @ New England Patriots,2026-10-11T17:00:00Z,2026-10-08T19:13+00:00
Hunter Henry,receptions,4.0,-123,Las Vegas Raiders @ New England Patriots,2026-10-11T17:00:00Z,2026-10-08T19:13+00:00
Hunter Henry,receptions,5.0,181,Las Vegas Raiders @ New England Patriots,2026-10-11T17:00:00Z,2026-10-08T19:13+00:00
Hunter Henry,receptions,6.0,374,Las Vegas Raiders @ New England Patriots,2026-10-11T17:00:00Z,2026-10-08T19:13+00:00
Hunter Henry,receptions,7.0,760,Las Vegas Raiders @ New England Patriots,2026-10-11T17:00:00Z,2026-10-08T19:13+00:00
Hunter Henry,receptions,8.0,1480,Las Vegas Raiders @ New England Patriots,2026-10-11T17:00:00Z,2026-10-08T19:13+00:00
Hunter Henry,receptions,9.0,2500,Las Vegas Raiders @ New England Patriots,2026-10-11T17:00:00Z,2026-10-08T19:13+00:00
Tre Tucker,receptions,2.0,-750,Las Vegas Raiders @ New England Patriots,2026-10-11T17:00:00Z,2026-10-08T19:13+00:00
Tre Tucker,receptions,3.0,-223,Las Vegas Raiders @ New England Patriots,2026-10-11T17:00:00Z,2026-10-08T19:13+00:00
Tre Tucker,receptions,4.0,110,Las Vegas Raiders @ New England Patriots,2026-10-11T17:00:00Z,2026-10-08T19:13+00:00
Tre Tucker,receptions,5.0,244,Las Vegas Raiders @ New England Patriots,2026-10-11T17:00:00Z,2026-10-08T19:13+00:00
Tre Tucker,receptions,6.0,518,Las Vegas Raiders @ New England Patriots,2026-10-11T17:00:00Z,2026-10-08T19:13+00:00
Tre Tucker,receptions,7.0,1040,Las Vegas Raiders @ New England Patriots,2026-10-11T17:00:00Z,2026-10-08T19:13+00:00
Tre Tucker,receptions,8.0,1940,Las Vegas Raiders @ New England Patriots,2026-10-11T17:00:00Z,2026-10-08T19:13+00:00
DeMario Douglas,receptions,2.0,-341,Las Vegas Raiders @ New England Patriots,2026-10-11T17:00:00Z,2026-10-08T19:13+00:00
DeMario Douglas,receptions,3.0,-111,Las Vegas Raiders @ New England Patriots,2026-10-11T17:00:00Z,2026-10-08T19:13+00:00
DeMario Douglas,receptions,4.0,223,Las Vegas Raiders @ New England Patriots,2026-10-11T17:00:00Z,2026-10-08T19:13+00:00
DeMario Douglas,receptions,5.0,514,Las Vegas Raiders @ New England Patriots,2026-10-11T17:00:00Z,2026-10-08T19:13+00:00
DeMario Douglas,receptions,6.0,1120,Las Vegas Raiders @ New England Patriots,2026-10-11T17:00:00Z,2026-10-08T19:13+00:00
DeMario Douglas,receptions,7.0,2000,Las Vegas Raiders @ New England Patriots,2026-10-11T17:00:00Z,2026-10-08T19:13+00:00
Cody White,receptions,2.0,-122,Las Vegas Raiders @ New England Patriots,2026-10-11T17:00:00Z,2026-10-08T19:13+00:00
Cody White,receptions,3.0,254,Las Vegas Raiders @ New England Patriots,2026-10-11T17:00:00Z,2026-10-08T19:13+00:00
Cody White,receptions,4.0,680,Las Vegas Raiders @ New England Patriots,2026-10-11T17:00:00Z,2026-10-08T19:13+00:00
Cody White,receptions,5.0,1620,Las Vegas Raiders @ New England Patriots,2026-10-11T17:00:00Z,2026-10-08T19:13+00:00
Ashton Jeanty,rush_att,10.0,-3400,Las Vegas Raiders @ New England Patriots,2026-10-11T17:00:00Z,2026-10-08T19:13+00:00
Ashton Jeanty,rush_att,12.0,-900,Las Vegas Raiders @ New England Patriots,2026-10-11T17:00:00Z,2026-10-08T19:13+00:00
Ashton Jeanty,rush_att,14.0,-371,Las Vegas Raiders @ New England Patriots,2026-10-11T17:00:00Z,2026-10-08T19:13+00:00
Ashton Jeanty,rush_att,16.0,-183,Las Vegas Raiders @ New England Patriots,2026-10-11T17:00:00Z,2026-10-08T19:13+00:00
Ashton Jeanty,rush_att,17.0,-132,Las Vegas Raiders @ New England Patriots,2026-10-11T17:00:00Z,2026-10-08T19:13+00:00
Ashton Jeanty,rush_att,18.0,104,Las Vegas Raiders @ New England Patriots,2026-10-11T17:00:00Z,2026-10-08T19:13+00:00
Ashton Jeanty,rush_att,20.0,190,Las Vegas Raiders @ New England Patriots,2026-10-11T17:00:00Z,2026-10-08T19:13+00:00
Ashton Jeanty,rush_att,22.0,340,Las Vegas Raiders @ New England Patriots,2026-10-11T17:00:00Z,2026-10-08T19:13+00:00
Ashton Jeanty,rush_att,24.0,600,Las Vegas Raiders @ New England Patriots,2026-10-11T17:00:00Z,2026-10-08T19:13+00:00
Ashton Jeanty,rush_att,26.0,1060,Las Vegas Raiders @ New England Patriots,2026-10-11T17:00:00Z,2026-10-08T19:13+00:00
Ashton Jeanty,rush_yds,25.0,-1860,Las Vegas Raiders @ New England Patriots,2026-10-11T17:00:00Z,2026-10-08T19:13+00:00
Ashton Jeanty,rush_yds,30.0,-1000,Las Vegas Raiders @ New England Patriots,2026-10-11T17:00:00Z,2026-10-08T19:13+00:00
Ashton Jeanty,rush_yds,40.0,-393,Las Vegas Raiders @ New England Patriots,2026-10-11T17:00:00Z,2026-10-08T19:13+00:00
Ashton Jeanty,rush_yds,50.0,-198,Las Vegas Raiders @ New England Patriots,2026-10-11T17:00:00Z,2026-10-08T19:13+00:00
Ashton Jeanty,rush_yds,60.0,-110,Las Vegas Raiders @ New England Patriots,2026-10-11T17:00:00Z,2026-10-08T19:13+00:00
Ashton Jeanty,rush_yds,70.0,150,Las Vegas Raiders @ New England Patriots,2026-10-11T17:00:00Z,2026-10-08T19:13+00:00
Ashton Jeanty,rush_yds,80.0,237,Las Vegas Raiders @ New England Patriots,2026-10-11T17:00:00Z,2026-10-08T19:13+00:00
Ashton Jeanty,rush_yds,90.0,367,Las Vegas Raiders @ New England Patriots,2026-10-11T17:00:00Z,2026-10-08T19:13+00:00
Ashton Jeanty,rush_yds,100.0,549,Las Vegas Raiders @ New England Patriots,2026-10-11T17:00:00Z,2026-10-08T19:13+00:00
Ashton Jeanty,rush_yds,110.0,800,Las Vegas Raiders @ New England Patriots,2026-10-11T17:00:00Z,2026-10-08T19:13+00:00
Ashton Jeanty,rush_yds,120.0,1180,Las Vegas Raiders @ New England Patriots,2026-10-11T17:00:00Z,2026-10-08T19:13+00:00
Ashton Jeanty,rush_yds,130.0,1720,Las Vegas Raiders @ New England Patriots,2026-10-11T17:00:00Z,2026-10-08T19:13+00:00
Ashton Jeanty,rush_yds,140.0,2500,Las Vegas Raiders @ New England Patriots,2026-10-11T17:00:00Z,2026-10-08T19:13+00:00
Ashton Jeanty,rush_yds,150.0,3400,Las Vegas Raiders @ New England Patriots,2026-10-11T17:00:00Z,2026-10-08T19:13+00:00
Drake Maye,rush_yds,10.0,-1160,Las Vegas Raiders @ New England Patriots,2026-10-11T17:00:00Z,2026-10-08T19:13+00:00
Drake Maye,rush_yds,15.0,-565,Las Vegas Raiders @ New England Patriots,2026-10-11T17:00:00Z,2026-10-08T19:13+00:00
Drake Maye,rush_yds,20.0,-321,Las Vegas Raiders @ New England Patriots,2026-10-11T17:00:00Z,2026-10-08T19:13+00:00
Drake Maye,rush_yds,25.0,-201,Las Vegas Raiders @ New England Patriots,2026-10-11T17:00:00Z,2026-10-08T19:13+00:00
Drake Maye,rush_yds,30.0,-133,Las Vegas Raiders @ New England Patriots,2026-10-11T17:00:00Z,2026-10-08T19:13+00:00
Drake Maye,rush_yds,32.0,-114,Las Vegas Raiders @ New England Patriots,2026-10-11T17:00:00Z,2026-10-08T19:13+00:00
Drake Maye,rush_yds,40.0,154,Las Vegas Raiders @ New England Patriots,2026-10-11T17:00:00Z,2026-10-08T19:13+00:00
Drake Maye,rush_yds,50.0,299,Las Vegas Raiders @ New England Patriots,2026-10-11T17:00:00Z,2026-10-08T19:13+00:00
Drake Maye,rush_yds,60.0,549,Las Vegas Raiders @ New England Patriots,2026-10-11T17:00:00Z,2026-10-08T19:13+00:00
Drake Maye,rush_yds,70.0,980,Las Vegas Raiders @ New England Patriots,2026-10-11T17:00:00Z,2026-10-08T19:13+00:00
Drake Maye,rush_yds,80.0,1720,Las Vegas Raiders @ New England Patriots,2026-10-11T17:00:00Z,2026-10-08T19:13+00:00
Drake Maye,rush_yds,90.0,2700,Las Vegas Raiders @ New England Patriots,2026-10-11T17:00:00Z,2026-10-08T19:13+00:00
Mike Washington Jr.,rush_yds,10.0,-596,Las Vegas Raiders @ New England Patriots,2026-10-11T17:00:00Z,2026-10-08T19:13+00:00
Mike Washington Jr.,rush_yds,15.0,-299,Las Vegas Raiders @ New England Patriots,2026-10-11T17:00:00Z,2026-10-08T19:13+00:00
Mike Washington Jr.,rush_yds,20.0,-176,Las Vegas Raiders @ New England Patriots,2026-10-11T17:00:00Z,2026-10-08T19:13+00:00
Mike Washington Jr.,rush_yds,25.0,-112,Las Vegas Raiders @ New England Patriots,2026-10-11T17:00:00Z,2026-10-08T19:13+00:00
Mike Washington Jr.,rush_yds,30.0,134,Las Vegas Raiders @ New England Patriots,2026-10-11T17:00:00Z,2026-10-08T19:13+00:00
Mike Washington Jr.,rush_yds,40.0,265,Las Vegas Raiders @ New England Patriots,2026-10-11T17:00:00Z,2026-10-08T19:13+00:00
Mike Washington Jr.,rush_yds,50.0,483,Las Vegas Raiders @ New England Patriots,2026-10-11T17:00:00Z,2026-10-08T19:13+00:00
Mike Washington Jr.,rush_yds,60.0,810,Las Vegas Raiders @ New England Patriots,2026-10-11T17:00:00Z,2026-10-08T19:13+00:00
Mike Washington Jr.,rush_yds,70.0,1340,Las Vegas Raiders @ New England Patriots,2026-10-11T17:00:00Z,2026-10-08T19:13+00:00
Mike Washington Jr.,rush_yds,80.0,2100,Las Vegas Raiders @ New England Patriots,2026-10-11T17:00:00Z,2026-10-08T19:13+00:00
Mike Washington Jr.,rush_yds,90.0,3100,Las Vegas Raiders @ New England Patriots,2026-10-11T17:00:00Z,2026-10-08T19:13+00:00
Kirk Cousins,rush_yds,1.0,-106,Las Vegas Raiders @ New England Patriots,2026-10-11T17:00:00Z,2026-10-08T19:13+00:00
Kirk Cousins,rush_yds,10.0,502,Las Vegas Raiders @ New England Patriots,2026-10-11T17:00:00Z,2026-10-08T19:13+00:00
Kirk Cousins,rush_yds,15.0,1020,Las Vegas Raiders @ New England Patriots,2026-10-11T17:00:00Z,2026-10-08T19:13+00:00
Kirk Cousins,rush_yds,20.0,1780,Las Vegas Raiders @ New England Patriots,2026-10-11T17:00:00Z,2026-10-08T19:13+00:00
Kirk Cousins,rush_yds,25.0,2900,Las Vegas Raiders @ New England Patriots,2026-10-11T17:00:00Z,2026-10-08T19:13+00:00
Tyler Shough,pass_att,28.0,-1560,Minnesota Vikings @ New Orleans Saints,2026-10-11T17:00:00Z,2026-10-08T19:13+00:00
Tyler Shough,pass_att,30.0,-700,Minnesota Vikings @ New Orleans Saints,2026-10-11T17:00:00Z,2026-10-08T19:13+00:00
Tyler Shough,pass_att,32.0,-359,Minnesota Vikings @ New Orleans Saints,2026-10-11T17:00:00Z,2026-10-08T19:13+00:00
Tyler Shough,pass_att,34.0,-206,Minnesota Vikings @ New Orleans Saints,2026-10-11T17:00:00Z,2026-10-08T19:13+00:00
Tyler Shough,pass_att,36.0,-126,Minnesota Vikings @ New Orleans Saints,2026-10-11T17:00:00Z,2026-10-08T19:13+00:00
Tyler Shough,pass_att,38.0,121,Minnesota Vikings @ New Orleans Saints,2026-10-11T17:00:00Z,2026-10-08T19:13+00:00
Tyler Shough,pass_att,40.0,203,Minnesota Vikings @ New Orleans Saints,2026-10-11T17:00:00Z,2026-10-08T19:13+00:00
Tyler Shough,pass_att,42.0,317,Minnesota Vikings @ New Orleans Saints,2026-10-11T17:00:00Z,2026-10-08T19:13+00:00
Tyler Shough,pass_att,44.0,497,Minnesota Vikings @ New Orleans Saints,2026-10-11T17:00:00Z,2026-10-08T19:13+00:00
Tyler Shough,pass_att,46.0,760,Minnesota Vikings @ New Orleans Saints,2026-10-11T17:00:00Z,2026-10-08T19:13+00:00
Tyler Shough,pass_att,48.0,1140,Minnesota Vikings @ New Orleans Saints,2026-10-11T17:00:00Z,2026-10-08T19:13+00:00
Tyler Shough,pass_att,50.0,1660,Minnesota Vikings @ New Orleans Saints,2026-10-11T17:00:00Z,2026-10-08T19:13+00:00
Kyler Murray,pass_att,24.0,-1580,Minnesota Vikings @ New Orleans Saints,2026-10-11T17:00:00Z,2026-10-08T19:13+00:00
Kyler Murray,pass_att,26.0,-680,Minnesota Vikings @ New Orleans Saints,2026-10-11T17:00:00Z,2026-10-08T19:13+00:00
Kyler Murray,pass_att,28.0,-340,Minnesota Vikings @ New Orleans Saints,2026-10-11T17:00:00Z,2026-10-08T19:13+00:00
Kyler Murray,pass_att,30.0,-193,Minnesota Vikings @ New Orleans Saints,2026-10-11T17:00:00Z,2026-10-08T19:13+00:00
Kyler Murray,pass_att,32.0,-115,Minnesota Vikings @ New Orleans Saints,2026-10-11T17:00:00Z,2026-10-08T19:13+00:00
Kyler Murray,pass_att,34.0,142,Minnesota Vikings @ New Orleans Saints,2026-10-11T17:00:00Z,2026-10-08T19:13+00:00
Kyler Murray,pass_att,36.0,224,Minnesota Vikings @ New Orleans Saints,2026-10-11T17:00:00Z,2026-10-08T19:13+00:00
Kyler Murray,pass_att,38.0,350,Minnesota Vikings @ New Orleans Saints,2026-10-11T17:00:00Z,2026-10-08T19:13+00:00
Kyler Murray,pass_att,40.0,543,Minnesota Vikings @ New Orleans Saints,2026-10-11T17:00:00Z,2026-10-08T19:13+00:00
Kyler Murray,pass_att,42.0,840,Minnesota Vikings @ New Orleans Saints,2026-10-11T17:00:00Z,2026-10-08T19:13+00:00
Kyler Murray,pass_att,44.0,1260,Minnesota Vikings @ New Orleans Saints,2026-10-11T17:00:00Z,2026-10-08T19:13+00:00
Tyler Shough,pass_cmps,18.0,-1120,Minnesota Vikings @ New Orleans Saints,2026-10-11T17:00:00Z,2026-10-08T19:13+00:00
Tyler Shough,pass_cmps,20.0,-418,Minnesota Vikings @ New Orleans Saints,2026-10-11T17:00:00Z,2026-10-08T19:13+00:00
Tyler Shough,pass_cmps,22.0,-198,Minnesota Vikings @ New Orleans Saints,2026-10-11T17:00:00Z,2026-10-08T19:13+00:00
Tyler Shough,pass_cmps,24.0,102,Minnesota Vikings @ New Orleans Saints,2026-10-11T17:00:00Z,2026-10-08T19:13+00:00
Tyler Shough,pass_cmps,26.0,201,Minnesota Vikings @ New Orleans Saints,2026-10-11T17:00:00Z,2026-10-08T19:13+00:00
Tyler Shough,pass_cmps,28.0,393,Minnesota Vikings @ New Orleans Saints,2026-10-11T17:00:00Z,2026-10-08T19:13+00:00
Tyler Shough,pass_cmps,30.0,760,Minnesota Vikings @ New Orleans Saints,2026-10-11T17:00:00Z,2026-10-08T19:13+00:00
Tyler Shough,pass_cmps,32.0,1380,Minnesota Vikings @ New Orleans Saints,2026-10-11T17:00:00Z,2026-10-08T19:13+00:00
Kyler Murray,pass_cmps,16.0,-1080,Minnesota Vikings @ New Orleans Saints,2026-10-11T17:00:00Z,2026-10-08T19:13+00:00
Kyler Murray,pass_cmps,18.0,-396,Minnesota Vikings @ New Orleans Saints,2026-10-11T17:00:00Z,2026-10-08T19:13+00:00
Kyler Murray,pass_cmps,20.0,-175,Minnesota Vikings @ New Orleans Saints,2026-10-11T17:00:00Z,2026-10-08T19:13+00:00
Kyler Murray,pass_cmps,21.0,-121,Minnesota Vikings @ New Orleans Saints,2026-10-11T17:00:00Z,2026-10-08T19:13+00:00
Kyler Murray,pass_cmps,22.0,118,Minnesota Vikings @ New Orleans Saints,2026-10-11T17:00:00Z,2026-10-08T19:13+00:00
Kyler Murray,pass_cmps,24.0,235,Minnesota Vikings @ New Orleans Saints,2026-10-11T17:00:00Z,2026-10-08T19:13+00:00
Kyler Murray,pass_cmps,26.0,468,Minnesota Vikings @ New Orleans Saints,2026-10-11T17:00:00Z,2026-10-08T19:13+00:00
Kyler Murray,pass_cmps,28.0,870,Minnesota Vikings @ New Orleans Saints,2026-10-11T17:00:00Z,2026-10-08T19:13+00:00
Kyler Murray,pass_cmps,30.0,1600,Minnesota Vikings @ New Orleans Saints,2026-10-11T17:00:00Z,2026-10-08T19:13+00:00
Tyler Shough,pass_yds,160.0,-1300,Minnesota Vikings @ New Orleans Saints,2026-10-11T17:00:00Z,2026-10-08T19:13+00:00
Tyler Shough,pass_yds,170.0,-870,Minnesota Vikings @ New Orleans Saints,2026-10-11T17:00:00Z,2026-10-08T19:13+00:00
Tyler Shough,pass_yds,180.0,-610,Minnesota Vikings @ New Orleans Saints,2026-10-11T17:00:00Z,2026-10-08T19:13+00:00
Tyler Shough,pass_yds,190.0,-435,Minnesota Vikings @ New Orleans Saints,2026-10-11T17:00:00Z,2026-10-08T19:13+00:00
Tyler Shough,pass_yds,200.0,-320,Minnesota Vikings @ New Orleans Saints,2026-10-11T17:00:00Z,2026-10-08T19:13+00:00
Tyler Shough,pass_yds,210.0,-238,Minnesota Vikings @ New Orleans Saints,2026-10-11T17:00:00Z,2026-10-08T19:13+00:00
Tyler Shough,pass_yds,220.0,-180,Minnesota Vikings @ New Orleans Saints,2026-10-11T17:00:00Z,2026-10-08T19:13+00:00
Tyler Shough,pass_yds,230.0,-137,Minnesota Vikings @ New Orleans Saints,2026-10-11T17:00:00Z,2026-10-08T19:13+00:00
Tyler Shough,pass_yds,238.0,-112,Minnesota Vikings @ New Orleans Saints,2026-10-11T17:00:00Z,2026-10-08T19:13+00:00
Tyler Shough,pass_yds,240.0,-106,Minnesota Vikings @ New Orleans Saints,2026-10-11T17:00:00Z,2026-10-08T19:13+00:00
Tyler Shough,pass_yds,250.0,122,Minnesota Vikings @ New Orleans Saints,2026-10-11T17:00:00Z,2026-10-08T19:13+00:00
Tyler Shough,pass_yds,260.0,156,Minnesota Vikings @ New Orleans Saints,2026-10-11T17:00:00Z,2026-10-08T19:13+00:00
Tyler Shough,pass_yds,270.0,199,Minnesota Vikings @ New Orleans Saints,2026-10-11T17:00:00Z,2026-10-08T19:13+00:00
Tyler Shough,pass_yds,280.0,253,Minnesota Vikings @ New Orleans Saints,2026-10-11T17:00:00Z,2026-10-08T19:13+00:00
Tyler Shough,pass_yds,290.0,323,Minnesota Vikings @ New Orleans Saints,2026-10-11T17:00:00Z,2026-10-08T19:13+00:00
Tyler Shough,pass_yds,300.0,412,Minnesota Vikings @ New Orleans Saints,2026-10-11T17:00:00Z,2026-10-08T19:13+00:00
Tyler Shough,pass_yds,310.0,534,Minnesota Vikings @ New Orleans Saints,2026-10-11T17:00:00Z,2026-10-08T19:13+00:00
Tyler Shough,pass_yds,320.0,680,Minnesota Vikings @ New Orleans Saints,2026-10-11T17:00:00Z,2026-10-08T19:13+00:00
Tyler Shough,pass_yds,330.0,890,Minnesota Vikings @ New Orleans Saints,2026-10-11T17:00:00Z,2026-10-08T19:13+00:00
Tyler Shough,pass_yds,340.0,1120,Minnesota Vikings @ New Orleans Saints,2026-10-11T17:00:00Z,2026-10-08T19:13+00:00
Tyler Shough,pass_yds,350.0,1460,Minnesota Vikings @ New Orleans Saints,2026-10-11T17:00:00Z,2026-10-08T19:13+00:00
Tyler Shough,pass_yds,360.0,1900,Minnesota Vikings @ New Orleans Saints,2026-10-11T17:00:00Z,2026-10-08T19:13+00:00
Tyler Shough,pass_yds,370.0,2400,Minnesota Vikings @ New Orleans Saints,2026-10-11T17:00:00Z,2026-10-08T19:13+00:00
Tyler Shough,pass_yds,380.0,3000,Minnesota Vikings @ New Orleans Saints,2026-10-11T17:00:00Z,2026-10-08T19:13+00:00
Tyler Shough,pass_yds,390.0,3700,Minnesota Vikings @ New Orleans Saints,2026-10-11T17:00:00Z,2026-10-08T19:13+00:00
Kyler Murray,pass_yds,150.0,-880,Minnesota Vikings @ New Orleans Saints,2026-10-11T17:00:00Z,2026-10-08T19:13+00:00
Kyler Murray,pass_yds,160.0,-595,Minnesota Vikings @ New Orleans Saints,2026-10-11T17:00:00Z,2026-10-08T19:13+00:00
Kyler Murray,pass_yds,170.0,-422,Minnesota Vikings @ New Orleans Saints,2026-10-11T17:00:00Z,2026-10-08T19:13+00:00
Kyler Murray,pass_yds,180.0,-304,Minnesota Vikings @ New Orleans Saints,2026-10-11T17:00:00Z,2026-10-08T19:13+00:00
Kyler Murray,pass_yds,190.0,-224,Minnesota Vikings @ New Orleans Saints,2026-10-11T17:00:00Z,2026-10-08T19:13+00:00
Kyler Murray,pass_yds,200.0,-166,Minnesota Vikings @ New Orleans Saints,2026-10-11T17:00:00Z,2026-10-08T19:13+00:00
Kyler Murray,pass_yds,210.0,-127,Minnesota Vikings @ New Orleans Saints,2026-10-11T17:00:00Z,2026-10-08T19:13+00:00
Kyler Murray,pass_yds,215.0,-111,Minnesota Vikings @ New Orleans Saints,2026-10-11T17:00:00Z,2026-10-08T19:13+00:00
Kyler Murray,pass_yds,220.0,103,Minnesota Vikings @ New Orleans Saints,2026-10-11T17:00:00Z,2026-10-08T19:13+00:00
Kyler Murray,pass_yds,230.0,134,Minnesota Vikings @ New Orleans Saints,2026-10-11T17:00:00Z,2026-10-08T19:13+00:00
Kyler Murray,pass_yds,240.0,176,Minnesota Vikings @ New Orleans Saints,2026-10-11T17:00:00Z,2026-10-08T19:13+00:00
Kyler Murray,pass_yds,250.0,224,Minnesota Vikings @ New Orleans Saints,2026-10-11T17:00:00Z,2026-10-08T19:13+00:00
Kyler Murray,pass_yds,260.0,292,Minnesota Vikings @ New Orleans Saints,2026-10-11T17:00:00Z,2026-10-08T19:13+00:00
Kyler Murray,pass_yds,270.0,375,Minnesota Vikings @ New Orleans Saints,2026-10-11T17:00:00Z,2026-10-08T19:13+00:00
Kyler Murray,pass_yds,280.0,484,Minnesota Vikings @ New Orleans Saints,2026-10-11T17:00:00Z,2026-10-08T19:13+00:00
Kyler Murray,pass_yds,290.0,620,Minnesota Vikings @ New Orleans Saints,2026-10-11T17:00:00Z,2026-10-08T19:13+00:00
Kyler Murray,pass_yds,300.0,790,Minnesota Vikings @ New Orleans Saints,2026-10-11T17:00:00Z,2026-10-08T19:13+00:00
Kyler Murray,pass_yds,310.0,1040,Minnesota Vikings @ New Orleans Saints,2026-10-11T17:00:00Z,2026-10-08T19:13+00:00
Kyler Murray,pass_yds,320.0,1360,Minnesota Vikings @ New Orleans Saints,2026-10-11T17:00:00Z,2026-10-08T19:13+00:00
Kyler Murray,pass_yds,330.0,1740,Minnesota Vikings @ New Orleans Saints,2026-10-11T17:00:00Z,2026-10-08T19:13+00:00
Kyler Murray,pass_yds,340.0,2200,Minnesota Vikings @ New Orleans Saints,2026-10-11T17:00:00Z,2026-10-08T19:13+00:00
Kyler Murray,pass_yds,350.0,2800,Minnesota Vikings @ New Orleans Saints,2026-10-11T17:00:00Z,2026-10-08T19:13+00:00
Kyler Murray,pass_yds,360.0,3500,Minnesota Vikings @ New Orleans Saints,2026-10-11T17:00:00Z,2026-10-08T19:13+00:00
Chris Olave,rec_yds,15.0,-10000,Minnesota Vikings @ New Orleans Saints,2026-10-11T17:00:00Z,2026-10-08T19:13+00:00
Chris Olave,rec_yds,25.0,-3400,Minnesota Vikings @ New Orleans Saints,2026-10-11T17:00:00Z,2026-10-08T19:13+00:00
Chris Olave,rec_yds,40.0,-880,Minnesota Vikings @ New Orleans Saints,2026-10-11T17:00:00Z,2026-10-08T19:13+00:00
Chris Olave,rec_yds,50.0,-460,Minnesota Vikings @ New Orleans Saints,2026-10-11T17:00:00Z,2026-10-08T19:13+00:00
Chris Olave,rec_yds,60.0,-282,Minnesota Vikings @ New Orleans Saints,2026-10-11T17:00:00Z,2026-10-08T19:13+00:00
Chris Olave,rec_yds,70.0,-177,Minnesota Vikings @ New Orleans Saints,2026-10-11T17:00:00Z,2026-10-08T19:13+00:00
Chris Olave,rec_yds,80.0,-115,Minnesota Vikings @ New Orleans Saints,2026-10-11T17:00:00Z,2026-10-08T19:13+00:00
Chris Olave,rec_yds,81.0,-111,Minnesota Vikings @ New Orleans Saints,2026-10-11T17:00:00Z,2026-10-08T19:13+00:00
Chris Olave,rec_yds,90.0,126,Minnesota Vikings @ New Orleans Saints,2026-10-11T17:00:00Z,2026-10-08T19:13+00:00
Chris Olave,rec_yds,100.0,184,Minnesota Vikings @ New Orleans Saints,2026-10-11T17:00:00Z,2026-10-08T19:13+00:00
Chris Olave,rec_yds,110.0,263,Minnesota Vikings @ New Orleans Saints,2026-10-11T17:00:00Z,2026-10-08T19:13+00:00
Chris Olave,rec_yds,120.0,380,Minnesota Vikings @ New Orleans Saints,2026-10-11T17:00:00Z,2026-10-08T19:13+00:00
Chris Olave,rec_yds,130.0,545,Minnesota Vikings @ New Orleans Saints,2026-10-11T17:00:00Z,2026-10-08T19:13+00:00
Chris Olave,rec_yds,140.0,770,Minnesota Vikings @ New Orleans Saints,2026-10-11T17:00:00Z,2026-10-08T19:13+00:00
Chris Olave,rec_yds,150.0,1100,Minnesota Vikings @ New Orleans Saints,2026-10-11T17:00:00Z,2026-10-08T19:13+00:00
Chris Olave,rec_yds,160.0,1540,Minnesota Vikings @ New Orleans Saints,2026-10-11T17:00:00Z,2026-10-08T19:13+00:00
Chris Olave,rec_yds,170.0,2000,Minnesota Vikings @ New Orleans Saints,2026-10-11T17:00:00Z,2026-10-08T19:13+00:00
Chris Olave,rec_yds,180.0,2800,Minnesota Vikings @ New Orleans Saints,2026-10-11T17:00:00Z,2026-10-08T19:13+00:00
Chris Olave,rec_yds,190.0,3600,Minnesota Vikings @ New Orleans Saints,2026-10-11T17:00:00Z,2026-10-08T19:13+00:00
Juwan Johnson,rec_yds,15.0,-960,Minnesota Vikings @ New Orleans Saints,2026-10-11T17:00:00Z,2026-10-08T19:13+00:00
Juwan Johnson,rec_yds,25.0,-374,Minnesota Vikings @ New Orleans Saints,2026-10-11T17:00:00Z,2026-10-08T19:13+00:00
Juwan Johnson,rec_yds,40.0,-142,Minnesota Vikings @ New Orleans Saints,2026-10-11T17:00:00Z,2026-10-08T19:13+00:00
Juwan Johnson,rec_yds,44.0,-114,Minnesota Vikings @ New Orleans Saints,2026-10-11T17:00:00Z,2026-10-08T19:13+00:00
Juwan Johnson,rec_yds,50.0,119,Minnesota Vikings @ New Orleans Saints,2026-10-11T17:00:00Z,2026-10-08T19:13+00:00
Juwan Johnson,rec_yds,60.0,189,Minnesota Vikings @ New Orleans Saints,2026-10-11T17:00:00Z,2026-10-08T19:13+00:00
Juwan Johnson,rec_yds,70.0,294,Minnesota Vikings @ New Orleans Saints,2026-10-11T17:00:00Z,2026-10-08T19:13+00:00
Juwan Johnson,rec_yds,80.0,447,Minnesota Vikings @ New Orleans Saints,2026-10-11T17:00:00Z,2026-10-08T19:13+00:00
Juwan Johnson,rec_yds,90.0,660,Minnesota Vikings @ New Orleans Saints,2026-10-11T17:00:00Z,2026-10-08T19:13+00:00
Juwan Johnson,rec_yds,100.0,960,Minnesota Vikings @ New Orleans Saints,2026-10-11T17:00:00Z,2026-10-08T19:13+00:00
Juwan Johnson,rec_yds,110.0,1400,Minnesota Vikings @ New Orleans Saints,2026-10-11T17:00:00Z,2026-10-08T19:13+00:00
Juwan Johnson,rec_yds,120.0,1960,Minnesota Vikings @ New Orleans Saints,2026-10-11T17:00:00Z,2026-10-08T19:13+00:00
Juwan Johnson,rec_yds,130.0,2600,Minnesota Vikings @ New Orleans Saints,2026-10-11T17:00:00Z,2026-10-08T19:13+00:00
Juwan Johnson,rec_yds,140.0,3400,Minnesota Vikings @ New Orleans Saints,2026-10-11T17:00:00Z,2026-10-08T19:13+00:00
Devaughn Vele,rec_yds,15.0,-548,Minnesota Vikings @ New Orleans Saints,2026-10-11T17:00:00Z,2026-10-08T19:13+00:00
Devaughn Vele,rec_yds,25.0,-229,Minnesota Vikings @ New Orleans Saints,2026-10-11T17:00:00Z,2026-10-08T19:13+00:00
Devaughn Vele,rec_yds,36.0,-112,Minnesota Vikings @ New Orleans Saints,2026-10-11T17:00:00Z,2026-10-08T19:13+00:00
Devaughn Vele,rec_yds,40.0,112,Minnesota Vikings @ New Orleans Saints,2026-10-11T17:00:00Z,2026-10-08T19:13+00:00
Devaughn Vele,rec_yds,50.0,186,Minnesota Vikings @ New Orleans Saints,2026-10-11T17:00:00Z,2026-10-08T19:13+00:00
Devaughn Vele,rec_yds,60.0,299,Minnesota Vikings @ New Orleans Saints,2026-10-11T17:00:00Z,2026-10-08T19:13+00:00
Devaughn Vele,rec_yds,70.0,468,Minnesota Vikings @ New Orleans Saints,2026-10-11T17:00:00Z,2026-10-08T19:13+00:00
Devaughn Vele,rec_yds,80.0,710,Minnesota Vikings @ New Orleans Saints,2026-10-11T17:00:00Z,2026-10-08T19:13+00:00
Devaughn Vele,rec_yds,90.0,1080,Minnesota Vikings @ New Orleans Saints,2026-10-11T17:00:00Z,2026-10-08T19:13+00:00
Devaughn Vele,rec_yds,100.0,1680,Minnesota Vikings @ New Orleans Saints,2026-10-11T17:00:00Z,2026-10-08T19:13+00:00
Devaughn Vele,rec_yds,110.0,2400,Minnesota Vikings @ New Orleans Saints,2026-10-11T17:00:00Z,2026-10-08T19:13+00:00
Devaughn Vele,rec_yds,120.0,3500,Minnesota Vikings @ New Orleans Saints,2026-10-11T17:00:00Z,2026-10-08T19:13+00:00
Aaron Jones,rec_yds,15.0,-174,Minnesota Vikings @ New Orleans Saints,2026-10-11T17:00:00Z,2026-10-08T19:13+00:00
Aaron Jones,rec_yds,19.0,-116,Minnesota Vikings @ New Orleans Saints,2026-10-11T17:00:00Z,2026-10-08T19:13+00:00
Aaron Jones,rec_yds,25.0,146,Minnesota Vikings @ New Orleans Saints,2026-10-11T17:00:00Z,2026-10-08T19:13+00:00
Aaron Jones,rec_yds,40.0,435,Minnesota Vikings @ New Orleans Saints,2026-10-11T17:00:00Z,2026-10-08T19:13+00:00
Aaron Jones,rec_yds,50.0,830,Minnesota Vikings @ New Orleans Saints,2026-10-11T17:00:00Z,2026-10-08T19:13+00:00
Aaron Jones,rec_yds,60.0,1420,Minnesota Vikings @ New Orleans Saints,2026-10-11T17:00:00Z,2026-10-08T19:13+00:00
Aaron Jones,rec_yds,70.0,2300,Minnesota Vikings @ New Orleans Saints,2026-10-11T17:00:00Z,2026-10-08T19:13+00:00
Aaron Jones,rec_yds,80.0,3400,Minnesota Vikings @ New Orleans Saints,2026-10-11T17:00:00Z,2026-10-08T19:13+00:00
Chris Olave,receptions,3.0,-5200,Minnesota Vikings @ New Orleans Saints,2026-10-11T17:00:00Z,2026-10-08T19:13+00:00
Chris Olave,receptions,4.0,-1040,Minnesota Vikings @ New Orleans Saints,2026-10-11T17:00:00Z,2026-10-08T19:13+00:00
Chris Olave,receptions,5.0,-401,Minnesota Vikings @ New Orleans Saints,2026-10-11T17:00:00Z,2026-10-08T19:13+00:00
Chris Olave,receptions,6.0,-189,Minnesota Vikings @ New Orleans Saints,2026-10-11T17:00:00Z,2026-10-08T19:13+00:00
Chris Olave,receptions,7.0,103,Minnesota Vikings @ New Orleans Saints,2026-10-11T17:00:00Z,2026-10-08T19:13+00:00
Chris Olave,receptions,8.0,190,Minnesota Vikings @ New Orleans Saints,2026-10-11T17:00:00Z,2026-10-08T19:13+00:00
Chris Olave,receptions,9.0,341,Minnesota Vikings @ New Orleans Saints,2026-10-11T17:00:00Z,2026-10-08T19:13+00:00
Chris Olave,receptions,10.0,610,Minnesota Vikings @ New Orleans Saints,2026-10-11T17:00:00Z,2026-10-08T19:13+00:00
Chris Olave,receptions,11.0,1100,Minnesota Vikings @ New Orleans Saints,2026-10-11T17:00:00Z,2026-10-08T19:13+00:00
Chris Olave,receptions,12.0,1780,Minnesota Vikings @ New Orleans Saints,2026-10-11T17:00:00Z,2026-10-08T19:13+00:00
Chris Olave,receptions,13.0,2600,Minnesota Vikings @ New Orleans Saints,2026-10-11T17:00:00Z,2026-10-08T19:13+00:00
Juwan Johnson,receptions,2.0,-2300,Minnesota Vikings @ New Orleans Saints,2026-10-11T17:00:00Z,2026-10-08T19:13+00:00
Juwan Johnson,receptions,3.0,-538,Minnesota Vikings @ New Orleans Saints,2026-10-11T17:00:00Z,2026-10-08T19:13+00:00
Juwan Johnson,receptions,4.0,-212,Minnesota Vikings @ New Orleans Saints,2026-10-11T17:00:00Z,2026-10-08T19:13+00:00
Juwan Johnson,receptions,5.0,-101,Minnesota Vikings @ New Orleans Saints,2026-10-11T17:00:00Z,2026-10-08T19:13+00:00
Juwan Johnson,receptions,6.0,194,Minnesota Vikings @ New Orleans Saints,2026-10-11T17:00:00Z,2026-10-08T19:13+00:00
Juwan Johnson,receptions,7.0,362,Minnesota Vikings @ New Orleans Saints,2026-10-11T17:00:00Z,2026-10-08T19:13+00:00
Juwan Johnson,receptions,8.0,650,Minnesota Vikings @ New Orleans Saints,2026-10-11T17:00:00Z,2026-10-08T19:13+00:00
Juwan Johnson,receptions,9.0,1120,Minnesota Vikings @ New Orleans Saints,2026-10-11T17:00:00Z,2026-10-08T19:13+00:00
Juwan Johnson,receptions,10.0,1740,Minnesota Vikings @ New Orleans Saints,2026-10-11T17:00:00Z,2026-10-08T19:13+00:00
Juwan Johnson,receptions,11.0,2500,Minnesota Vikings @ New Orleans Saints,2026-10-11T17:00:00Z,2026-10-08T19:13+00:00
Devaughn Vele,receptions,2.0,-1100,Minnesota Vikings @ New Orleans Saints,2026-10-11T17:00:00Z,2026-10-08T19:13+00:00
Devaughn Vele,receptions,3.0,-317,Minnesota Vikings @ New Orleans Saints,2026-10-11T17:00:00Z,2026-10-08T19:13+00:00
Devaughn Vele,receptions,4.0,-132,Minnesota Vikings @ New Orleans Saints,2026-10-11T17:00:00Z,2026-10-08T19:13+00:00
Devaughn Vele,receptions,5.0,161,Minnesota Vikings @ New Orleans Saints,2026-10-11T17:00:00Z,2026-10-08T19:13+00:00
Devaughn Vele,receptions,6.0,315,Minnesota Vikings @ New Orleans Saints,2026-10-11T17:00:00Z,2026-10-08T19:13+00:00
Devaughn Vele,receptions,7.0,599,Minnesota Vikings @ New Orleans Saints,2026-10-11T17:00:00Z,2026-10-08T19:13+00:00
Devaughn Vele,receptions,8.0,1080,Minnesota Vikings @ New Orleans Saints,2026-10-11T17:00:00Z,2026-10-08T19:13+00:00
Devaughn Vele,receptions,9.0,1800,Minnesota Vikings @ New Orleans Saints,2026-10-11T17:00:00Z,2026-10-08T19:13+00:00
Devaughn Vele,receptions,10.0,2700,Minnesota Vikings @ New Orleans Saints,2026-10-11T17:00:00Z,2026-10-08T19:13+00:00
Aaron Jones,receptions,2.0,-596,Minnesota Vikings @ New Orleans Saints,2026-10-11T17:00:00Z,2026-10-08T19:13+00:00
Aaron Jones,receptions,3.0,-190,Minnesota Vikings @ New Orleans Saints,2026-10-11T17:00:00Z,2026-10-08T19:13+00:00
Aaron Jones,receptions,4.0,130,Minnesota Vikings @ New Orleans Saints,2026-10-11T17:00:00Z,2026-10-08T19:13+00:00
Aaron Jones,receptions,5.0,295,Minnesota Vikings @ New Orleans Saints,2026-10-11T17:00:00Z,2026-10-08T19:13+00:00
Aaron Jones,receptions,6.0,620,Minnesota Vikings @ New Orleans Saints,2026-10-11T17:00:00Z,2026-10-08T19:13+00:00
Aaron Jones,receptions,7.0,1280,Minnesota Vikings @ New Orleans Saints,2026-10-11T17:00:00Z,2026-10-08T19:13+00:00
Aaron Jones,receptions,8.0,2200,Minnesota Vikings @ New Orleans Saints,2026-10-11T17:00:00Z,2026-10-08T19:13+00:00
Aaron Jones,rush_att,10.0,-2500,Minnesota Vikings @ New Orleans Saints,2026-10-11T17:00:00Z,2026-10-08T19:13+00:00
Aaron Jones,rush_att,12.0,-790,Minnesota Vikings @ New Orleans Saints,2026-10-11T17:00:00Z,2026-10-08T19:13+00:00
Aaron Jones,rush_att,14.0,-347,Minnesota Vikings @ New Orleans Saints,2026-10-11T17:00:00Z,2026-10-08T19:13+00:00
Aaron Jones,rush_att,16.0,-177,Minnesota Vikings @ New Orleans Saints,2026-10-11T17:00:00Z,2026-10-08T19:13+00:00
Aaron Jones,rush_att,17.0,-129,Minnesota Vikings @ New Orleans Saints,2026-10-11T17:00:00Z,2026-10-08T19:13+00:00
Aaron Jones,rush_att,18.0,105,Minnesota Vikings @ New Orleans Saints,2026-10-11T17:00:00Z,2026-10-08T19:13+00:00
Aaron Jones,rush_att,20.0,192,Minnesota Vikings @ New Orleans Saints,2026-10-11T17:00:00Z,2026-10-08T19:13+00:00
Aaron Jones,rush_att,22.0,356,Minnesota Vikings @ New Orleans Saints,2026-10-11T17:00:00Z,2026-10-08T19:13+00:00
Aaron Jones,rush_att,24.0,650,Minnesota Vikings @ New Orleans Saints,2026-10-11T17:00:00Z,2026-10-08T19:13+00:00
Aaron Jones,rush_att,26.0,1180,Minnesota Vikings @ New Orleans Saints,2026-10-11T17:00:00Z,2026-10-08T19:13+00:00
Aaron Jones,rush_yds,30.0,-2100,Minnesota Vikings @ New Orleans Saints,2026-10-11T17:00:00Z,2026-10-08T19:13+00:00
Aaron Jones,rush_yds,40.0,-770,Minnesota Vikings @ New Orleans Saints,2026-10-11T17:00:00Z,2026-10-08T19:13+00:00
Aaron Jones,rush_yds,50.0,-379,Minnesota Vikings @ New Orleans Saints,2026-10-11T17:00:00Z,2026-10-08T19:13+00:00
Aaron Jones,rush_yds,60.0,-216,Minnesota Vikings @ New Orleans Saints,2026-10-11T17:00:00Z,2026-10-08T19:13+00:00
Aaron Jones,rush_yds,70.0,-133,Minnesota Vikings @ New Orleans Saints,2026-10-11T17:00:00Z,2026-10-08T19:13+00:00
Aaron Jones,rush_yds,74.0,-111,Minnesota Vikings @ New Orleans Saints,2026-10-11T17:00:00Z,2026-10-08T19:13+00:00
Aaron Jones,rush_yds,80.0,116,Minnesota Vikings @ New Orleans Saints,2026-10-11T17:00:00Z,2026-10-08T19:13+00:00
Aaron Jones,rush_yds,90.0,176,Minnesota Vikings @ New Orleans Saints,2026-10-11T17:00:00Z,2026-10-08T19:13+00:00
Aaron Jones,rush_yds,100.0,260,Minnesota Vikings @ New Orleans Saints,2026-10-11T17:00:00Z,2026-10-08T19:13+00:00
Aaron Jones,rush_yds,110.0,379,Minnesota Vikings @ New Orleans Saints,2026-10-11T17:00:00Z,2026-10-08T19:13+00:00
Aaron Jones,rush_yds,120.0,554,Minnesota Vikings @ New Orleans Saints,2026-10-11T17:00:00Z,2026-10-08T19:13+00:00
Aaron Jones,rush_yds,130.0,800,Minnesota Vikings @ New Orleans Saints,2026-10-11T17:00:00Z,2026-10-08T19:13+00:00
Aaron Jones,rush_yds,140.0,1160,Minnesota Vikings @ New Orleans Saints,2026-10-11T17:00:00Z,2026-10-08T19:13+00:00
Aaron Jones,rush_yds,150.0,1640,Minnesota Vikings @ New Orleans Saints,2026-10-11T17:00:00Z,2026-10-08T19:13+00:00
Aaron Jones,rush_yds,160.0,2300,Minnesota Vikings @ New Orleans Saints,2026-10-11T17:00:00Z,2026-10-08T19:13+00:00
Aaron Jones,rush_yds,170.0,3200,Minnesota Vikings @ New Orleans Saints,2026-10-11T17:00:00Z,2026-10-08T19:13+00:00
Kyler Murray,rush_yds,10.0,-281,Minnesota Vikings @ New Orleans Saints,2026-10-11T17:00:00Z,2026-10-08T19:13+00:00
Kyler Murray,rush_yds,15.0,-155,Minnesota Vikings @ New Orleans Saints,2026-10-11T17:00:00Z,2026-10-08T19:13+00:00
Kyler Murray,rush_yds,18.0,-116,Minnesota Vikings @ New Orleans Saints,2026-10-11T17:00:00Z,2026-10-08T19:13+00:00
Kyler Murray,rush_yds,20.0,104,Minnesota Vikings @ New Orleans Saints,2026-10-11T17:00:00Z,2026-10-08T19:13+00:00
Kyler Murray,rush_yds,25.0,158,Minnesota Vikings @ New Orleans Saints,2026-10-11T17:00:00Z,2026-10-08T19:13+00:00
Kyler Murray,rush_yds,30.0,236,Minnesota Vikings @ New Orleans Saints,2026-10-11T17:00:00Z,2026-10-08T19:13+00:00
Kyler Murray,rush_yds,40.0,480,Minnesota Vikings @ New Orleans Saints,2026-10-11T17:00:00Z,2026-10-08T19:13+00:00
Kyler Murray,rush_yds,50.0,970,Minnesota Vikings @ New Orleans Saints,2026-10-11T17:00:00Z,2026-10-08T19:13+00:00
Kyler Murray,rush_yds,60.0,1820,Minnesota Vikings @ New Orleans Saints,2026-10-11T17:00:00Z,2026-10-08T19:13+00:00
Kyler Murray,rush_yds,70.0,3000,Minnesota Vikings @ New Orleans Saints,2026-10-11T17:00:00Z,2026-10-08T19:13+00:00
Tyler Shough,rush_yds,10.0,-121,Minnesota Vikings @ New Orleans Saints,2026-10-11T17:00:00Z,2026-10-08T19:13+00:00
Tyler Shough,rush_yds,11.0,-104,Minnesota Vikings @ New Orleans Saints,2026-10-11T17:00:00Z,2026-10-08T19:13+00:00
Tyler Shough,rush_yds,15.0,167,Minnesota Vikings @ New Orleans Saints,2026-10-11T17:00:00Z,2026-10-08T19:13+00:00
Tyler Shough,rush_yds,20.0,303,Minnesota Vikings @ New Orleans Saints,2026-10-11T17:00:00Z,2026-10-08T19:13+00:00
Tyler Shough,rush_yds,25.0,526,Minnesota Vikings @ New Orleans Saints,2026-10-11T17:00:00Z,2026-10-08T19:13+00:00
Tyler Shough,rush_yds,30.0,850,Minnesota Vikings @ New Orleans Saints,2026-10-11T17:00:00Z,2026-10-08T19:13+00:00
Tyler Shough,rush_yds,40.0,1780,Minnesota Vikings @ New Orleans Saints,2026-10-11T17:00:00Z,2026-10-08T19:13+00:00
Tyler Shough,rush_yds,50.0,3100,Minnesota Vikings @ New Orleans Saints,2026-10-11T17:00:00Z,2026-10-08T19:13+00:00
Jameis Winston,pass_att,22.0,-2900,New York Giants @ Washington Commanders,2026-10-11T17:00:00Z,2026-10-08T19:13+00:00
Jameis Winston,pass_att,24.0,-1060,New York Giants @ Washington Commanders,2026-10-11T17:00:00Z,2026-10-08T19:13+00:00
Jameis Winston,pass_att,26.0,-519,New York Giants @ Washington Commanders,2026-10-11T17:00:00Z,2026-10-08T19:13+00:00
Jameis Winston,pass_att,28.0,-282,New York Giants @ Washington Commanders,2026-10-11T17:00:00Z,2026-10-08T19:13+00:00
Jameis Winston,pass_att,30.0,-170,New York Giants @ Washington Commanders,2026-10-11T17:00:00Z,2026-10-08T19:13+00:00
Jameis Winston,pass_att,32.0,-103,New York Giants @ Washington Commanders,2026-10-11T17:00:00Z,2026-10-08T19:13+00:00
Jameis Winston,pass_att,34.0,154,New York Giants @ Washington Commanders,2026-10-11T17:00:00Z,2026-10-08T19:13+00:00
Jameis Winston,pass_att,36.0,241,New York Giants @ Washington Commanders,2026-10-11T17:00:00Z,2026-10-08T19:13+00:00
Jameis Winston,pass_att,38.0,380,New York Giants @ Washington Commanders,2026-10-11T17:00:00Z,2026-10-08T19:13+00:00
Jameis Winston,pass_att,40.0,587,New York Giants @ Washington Commanders,2026-10-11T17:00:00Z,2026-10-08T19:13+00:00
Jameis Winston,pass_att,42.0,890,New York Giants @ Washington Commanders,2026-10-11T17:00:00Z,2026-10-08T19:13+00:00
Jameis Winston,pass_att,44.0,1300,New York Giants @ Washington Commanders,2026-10-11T17:00:00Z,2026-10-08T19:13+00:00
Jayden Daniels,pass_att,22.0,-1840,New York Giants @ Washington Commanders,2026-10-11T17:00:00Z,2026-10-08T19:13+00:00
Jayden Daniels,pass_att,24.0,-730,New York Giants @ Washington Commanders,2026-10-11T17:00:00Z,2026-10-08T19:13+00:00
Jayden Daniels,pass_att,26.0,-360,New York Giants @ Washington Commanders,2026-10-11T17:00:00Z,2026-10-08T19:13+00:00
Jayden Daniels,pass_att,28.0,-200,New York Giants @ Washington Commanders,2026-10-11T17:00:00Z,2026-10-08T19:13+00:00
Jayden Daniels,pass_att,30.0,-119,New York Giants @ Washington Commanders,2026-10-11T17:00:00Z,2026-10-08T19:13+00:00
Jayden Daniels,pass_att,32.0,136,New York Giants @ Washington Commanders,2026-10-11T17:00:00Z,2026-10-08T19:13+00:00
Jayden Daniels,pass_att,34.0,221,New York Giants @ Washington Commanders,2026-10-11T17:00:00Z,2026-10-08T19:13+00:00
Jayden Daniels,pass_att,36.0,355,New York Giants @ Washington Commanders,2026-10-11T17:00:00Z,2026-10-08T19:13+00:00
Jayden Daniels,pass_att,38.0,560,New York Giants @ Washington Commanders,2026-10-11T17:00:00Z,2026-10-08T19:13+00:00
Jayden Daniels,pass_att,40.0,860,New York Giants @ Washington Commanders,2026-10-11T17:00:00Z,2026-10-08T19:13+00:00
Jayden Daniels,pass_att,42.0,1300,New York Giants @ Washington Commanders,2026-10-11T17:00:00Z,2026-10-08T19:13+00:00
Jameis Winston,pass_cmps,12.0,-3300,New York Giants @ Washington Commanders,2026-10-11T17:00:00Z,2026-10-08T19:13+00:00
Jameis Winston,pass_cmps,14.0,-790,New York Giants @ Washington Commanders,2026-10-11T17:00:00Z,2026-10-08T19:13+00:00
Jameis Winston,pass_cmps,16.0,-322,New York Giants @ Washington Commanders,2026-10-11T17:00:00Z,2026-10-08T19:13+00:00
Jameis Winston,pass_cmps,18.0,-153,New York Giants @ Washington Commanders,2026-10-11T17:00:00Z,2026-10-08T19:13+00:00
Jameis Winston,pass_cmps,19.0,-109,New York Giants @ Washington Commanders,2026-10-11T17:00:00Z,2026-10-08T19:13+00:00
Jameis Winston,pass_cmps,20.0,128,New York Giants @ Washington Commanders,2026-10-11T17:00:00Z,2026-10-08T19:13+00:00
Jameis Winston,pass_cmps,22.0,243,New York Giants @ Washington Commanders,2026-10-11T17:00:00Z,2026-10-08T19:13+00:00
Jameis Winston,pass_cmps,24.0,458,New York Giants @ Washington Commanders,2026-10-11T17:00:00Z,2026-10-08T19:13+00:00
Jameis Winston,pass_cmps,26.0,870,New York Giants @ Washington Commanders,2026-10-11T17:00:00Z,2026-10-08T19:13+00:00
Jameis Winston,pass_cmps,28.0,1520,New York Giants @ Washington Commanders,2026-10-11T17:00:00Z,2026-10-08T19:13+00:00
Jayden Daniels,pass_cmps,12.0,-3600,New York Giants @ Washington Commanders,2026-10-11T17:00:00Z,2026-10-08T19:13+00:00
Jayden Daniels,pass_cmps,14.0,-820,New York Giants @ Washington Commanders,2026-10-11T17:00:00Z,2026-10-08T19:13+00:00
Jayden Daniels,pass_cmps,16.0,-297,New York Giants @ Washington Commanders,2026-10-11T17:00:00Z,2026-10-08T19:13+00:00
Jayden Daniels,pass_cmps,18.0,-130,New York Giants @ Washington Commanders,2026-10-11T17:00:00Z,2026-10-08T19:13+00:00
Jayden Daniels,pass_cmps,20.0,162,New York Giants @ Washington Commanders,2026-10-11T17:00:00Z,2026-10-08T19:13+00:00
Jayden Daniels,pass_cmps,22.0,342,New York Giants @ Washington Commanders,2026-10-11T17:00:00Z,2026-10-08T19:13+00:00
Jayden Daniels,pass_cmps,24.0,680,New York Giants @ Washington Commanders,2026-10-11T17:00:00Z,2026-10-08T19:13+00:00
Jayden Daniels,pass_cmps,26.0,1320,New York Giants @ Washington Commanders,2026-10-11T17:00:00Z,2026-10-08T19:13+00:00
Jameis Winston,pass_yds,150.0,-453,New York Giants @ Washington Commanders,2026-10-11T17:00:00Z,2026-10-08T19:13+00:00
Jameis Winston,pass_yds,160.0,-328,New York Giants @ Washington Commanders,2026-10-11T17:00:00Z,2026-10-08T19:13+00:00
Jameis Winston,pass_yds,170.0,-245,New York Giants @ Washington Commanders,2026-10-11T17:00:00Z,2026-10-08T19:13+00:00
Jameis Winston,pass_yds,180.0,-186,New York Giants @ Washington Commanders,2026-10-11T17:00:00Z,2026-10-08T19:13+00:00
Jameis Winston,pass_yds,190.0,-142,New York Giants @ Washington Commanders,2026-10-11T17:00:00Z,2026-10-08T19:13+00:00
Jameis Winston,pass_yds,200.0,-111,New York Giants @ Washington Commanders,2026-10-11T17:00:00Z,2026-10-08T19:13+00:00
Jameis Winston,pass_yds,210.0,116,New York Giants @ Washington Commanders,2026-10-11T17:00:00Z,2026-10-08T19:13+00:00
Jameis Winston,pass_yds,220.0,148,New York Giants @ Washington Commanders,2026-10-11T17:00:00Z,2026-10-08T19:13+00:00
Jameis Winston,pass_yds,230.0,188,New York Giants @ Washington Commanders,2026-10-11T17:00:00Z,2026-10-08T19:13+00:00
Jameis Winston,pass_yds,240.0,240,New York Giants @ Washington Commanders,2026-10-11T17:00:00Z,2026-10-08T19:13+00:00
Jameis Winston,pass_yds,250.0,305,New York Giants @ Washington Commanders,2026-10-11T17:00:00Z,2026-10-08T19:13+00:00
Jameis Winston,pass_yds,260.0,386,New York Giants @ Washington Commanders,2026-10-11T17:00:00Z,2026-10-08T19:13+00:00
Jameis Winston,pass_yds,270.0,493,New York Giants @ Washington Commanders,2026-10-11T17:00:00Z,2026-10-08T19:13+00:00
Jameis Winston,pass_yds,280.0,620,New York Giants @ Washington Commanders,2026-10-11T17:00:00Z,2026-10-08T19:13+00:00
Jameis Winston,pass_yds,290.0,790,New York Giants @ Washington Commanders,2026-10-11T17:00:00Z,2026-10-08T19:13+00:00
Jameis Winston,pass_yds,300.0,1000,New York Giants @ Washington Commanders,2026-10-11T17:00:00Z,2026-10-08T19:13+00:00
Jameis Winston,pass_yds,310.0,1280,New York Giants @ Washington Commanders,2026-10-11T17:00:00Z,2026-10-08T19:13+00:00
Jameis Winston,pass_yds,320.0,1640,New York Giants @ Washington Commanders,2026-10-11T17:00:00Z,2026-10-08T19:13+00:00
Jameis Winston,pass_yds,330.0,2000,New York Giants @ Washington Commanders,2026-10-11T17:00:00Z,2026-10-08T19:13+00:00
Jameis Winston,pass_yds,340.0,2500,New York Giants @ Washington Commanders,2026-10-11T17:00:00Z,2026-10-08T19:13+00:00
Jameis Winston,pass_yds,350.0,3100,New York Giants @ Washington Commanders,2026-10-11T17:00:00Z,2026-10-08T19:13+00:00
Jameis Winston,pass_yds,360.0,3600,New York Giants @ Washington Commanders,2026-10-11T17:00:00Z,2026-10-08T19:13+00:00
Jayden Daniels,pass_yds,150.0,-489,New York Giants @ Washington Commanders,2026-10-11T17:00:00Z,2026-10-08T19:13+00:00
Jayden Daniels,pass_yds,160.0,-345,New York Giants @ Washington Commanders,2026-10-11T17:00:00Z,2026-10-08T19:13+00:00
Jayden Daniels,pass_yds,170.0,-252,New York Giants @ Washington Commanders,2026-10-11T17:00:00Z,2026-10-08T19:13+00:00
Jayden Daniels,pass_yds,180.0,-189,New York Giants @ Washington Commanders,2026-10-11T17:00:00Z,2026-10-08T19:13+00:00
Jayden Daniels,pass_yds,190.0,-142,New York Giants @ Washington Commanders,2026-10-11T17:00:00Z,2026-10-08T19:13+00:00
Jayden Daniels,pass_yds,199.0,-111,New York Giants @ Washington Commanders,2026-10-11T17:00:00Z,2026-10-08T19:13+00:00
Jayden Daniels,pass_yds,200.0,-108,New York Giants @ Washington Commanders,2026-10-11T17:00:00Z,2026-10-08T19:13+00:00
Jayden Daniels,pass_yds,210.0,120,New York Giants @ Washington Commanders,2026-10-11T17:00:00Z,2026-10-08T19:13+00:00
Jayden Daniels,pass_yds,220.0,156,New York Giants @ Washington Commanders,2026-10-11T17:00:00Z,2026-10-08T19:13+00:00
Jayden Daniels,pass_yds,230.0,201,New York Giants @ Washington Commanders,2026-10-11T17:00:00Z,2026-10-08T19:13+00:00
Jayden Daniels,pass_yds,240.0,259,New York Giants @ Washington Commanders,2026-10-11T17:00:00Z,2026-10-08T19:13+00:00
Jayden Daniels,pass_yds,250.0,333,New York Giants @ Washington Commanders,2026-10-11T17:00:00Z,2026-10-08T19:13+00:00
Jayden Daniels,pass_yds,260.0,427,New York Giants @ Washington Commanders,2026-10-11T17:00:00Z,2026-10-08T19:13+00:00
Jayden Daniels,pass_yds,270.0,550,New York Giants @ Washington Commanders,2026-10-11T17:00:00Z,2026-10-08T19:13+00:00
Jayden Daniels,pass_yds,280.0,710,New York Giants @ Washington Commanders,2026-10-11T17:00:00Z,2026-10-08T19:13+00:00
Jayden Daniels,pass_yds,290.0,910,New York Giants @ Washington Commanders,2026-10-11T17:00:00Z,2026-10-08T19:13+00:00
Jayden Daniels,pass_yds,300.0,1140,New York Giants @ Washington Commanders,2026-10-11T17:00:00Z,2026-10-08T19:13+00:00
Jayden Daniels,pass_yds,310.0,1440,New York Giants @ Washington Commanders,2026-10-11T17:00:00Z,2026-10-08T19:13+00:00
Jayden Daniels,pass_yds,320.0,1800,New York Giants @ Washington Commanders,2026-10-11T17:00:00Z,2026-10-08T19:13+00:00
Jayden Daniels,pass_yds,330.0,2300,New York Giants @ Washington Commanders,2026-10-11T17:00:00Z,2026-10-08T19:13+00:00
Jayden Daniels,pass_yds,340.0,2800,New York Giants @ Washington Commanders,2026-10-11T17:00:00Z,2026-10-08T19:13+00:00
Jayden Daniels,pass_yds,350.0,3500,New York Giants @ Washington Commanders,2026-10-11T17:00:00Z,2026-10-08T19:13+00:00
Malik Nabers,rec_yds,15.0,-2000,New York Giants @ Washington Commanders,2026-10-11T17:00:00Z,2026-10-08T19:13+00:00
Malik Nabers,rec_yds,25.0,-680,New York Giants @ Washington Commanders,2026-10-11T17:00:00Z,2026-10-08T19:13+00:00
Malik Nabers,rec_yds,40.0,-251,New York Giants @ Washington Commanders,2026-10-11T17:00:00Z,2026-10-08T19:13+00:00
Malik Nabers,rec_yds,50.0,-146,New York Giants @ Washington Commanders,2026-10-11T17:00:00Z,2026-10-08T19:13+00:00
Malik Nabers,rec_yds,56.0,-111,New York Giants @ Washington Commanders,2026-10-11T17:00:00Z,2026-10-08T19:13+00:00
Malik Nabers,rec_yds,60.0,107,New York Giants @ Washington Commanders,2026-10-11T17:00:00Z,2026-10-08T19:13+00:00
Malik Nabers,rec_yds,70.0,166,New York Giants @ Washington Commanders,2026-10-11T17:00:00Z,2026-10-08T19:13+00:00
Malik Nabers,rec_yds,80.0,246,New York Giants @ Washington Commanders,2026-10-11T17:00:00Z,2026-10-08T19:13+00:00
Malik Nabers,rec_yds,90.0,363,New York Giants @ Washington Commanders,2026-10-11T17:00:00Z,2026-10-08T19:13+00:00
Malik Nabers,rec_yds,100.0,526,New York Giants @ Washington Commanders,2026-10-11T17:00:00Z,2026-10-08T19:13+00:00
Malik Nabers,rec_yds,110.0,770,New York Giants @ Washington Commanders,2026-10-11T17:00:00Z,2026-10-08T19:13+00:00
Malik Nabers,rec_yds,120.0,1120,New York Giants @ Washington Commanders,2026-10-11T17:00:00Z,2026-10-08T19:13+00:00
Malik Nabers,rec_yds,130.0,1640,New York Giants @ Washington Commanders,2026-10-11T17:00:00Z,2026-10-08T19:13+00:00
Malik Nabers,rec_yds,140.0,2300,New York Giants @ Washington Commanders,2026-10-11T17:00:00Z,2026-10-08T19:13+00:00
Malik Nabers,rec_yds,150.0,3100,New York Giants @ Washington Commanders,2026-10-11T17:00:00Z,2026-10-08T19:13+00:00
Malik Nabers,rec_yds,160.0,4000,New York Giants @ Washington Commanders,2026-10-11T17:00:00Z,2026-10-08T19:13+00:00
Isaiah Likely,rec_yds,15.0,-840,New York Giants @ Washington Commanders,2026-10-11T17:00:00Z,2026-10-08T19:13+00:00
Isaiah Likely,rec_yds,25.0,-325,New York Giants @ Washington Commanders,2026-10-11T17:00:00Z,2026-10-08T19:13+00:00
Isaiah Likely,rec_yds,40.0,-124,New York Giants @ Washington Commanders,2026-10-11T17:00:00Z,2026-10-08T19:13+00:00
Isaiah Likely,rec_yds,42.0,-111,New York Giants @ Washington Commanders,2026-10-11T17:00:00Z,2026-10-08T19:13+00:00
Isaiah Likely,rec_yds,50.0,135,New York Giants @ Washington Commanders,2026-10-11T17:00:00Z,2026-10-08T19:13+00:00
Isaiah Likely,rec_yds,60.0,219,New York Giants @ Washington Commanders,2026-10-11T17:00:00Z,2026-10-08T19:13+00:00
Isaiah Likely,rec_yds,70.0,346,New York Giants @ Washington Commanders,2026-10-11T17:00:00Z,2026-10-08T19:13+00:00
Isaiah Likely,rec_yds,80.0,534,New York Giants @ Washington Commanders,2026-10-11T17:00:00Z,2026-10-08T19:13+00:00
Isaiah Likely,rec_yds,90.0,800,New York Giants @ Washington Commanders,2026-10-11T17:00:00Z,2026-10-08T19:13+00:00
Isaiah Likely,rec_yds,100.0,1220,New York Giants @ Washington Commanders,2026-10-11T17:00:00Z,2026-10-08T19:13+00:00
Isaiah Likely,rec_yds,110.0,1820,New York Giants @ Washington Commanders,2026-10-11T17:00:00Z,2026-10-08T19:13+00:00
Isaiah Likely,rec_yds,120.0,2600,New York Giants @ Washington Commanders,2026-10-11T17:00:00Z,2026-10-08T19:13+00:00
Isaiah Likely,rec_yds,130.0,3600,New York Giants @ Washington Commanders,2026-10-11T17:00:00Z,2026-10-08T19:13+00:00
Malachi Fields,rec_yds,15.0,-281,New York Giants @ Washington Commanders,2026-10-11T17:00:00Z,2026-10-08T19:13+00:00
Malachi Fields,rec_yds,25.0,-132,New York Giants @ Washington Commanders,2026-10-11T17:00:00Z,2026-10-08T19:13+00:00
Malachi Fields,rec_yds,28.0,-110,New York Giants @ Washington Commanders,2026-10-11T17:00:00Z,2026-10-08T19:13+00:00
Malachi Fields,rec_yds,40.0,171,New York Giants @ Washington Commanders,2026-10-11T17:00:00Z,2026-10-08T19:13+00:00
Malachi Fields,rec_yds,50.0,275,New York Giants @ Washington Commanders,2026-10-11T17:00:00Z,2026-10-08T19:13+00:00
Malachi Fields,rec_yds,60.0,434,New York Giants @ Washington Commanders,2026-10-11T17:00:00Z,2026-10-08T19:13+00:00
Malachi Fields,rec_yds,70.0,680,New York Giants @ Washington Commanders,2026-10-11T17:00:00Z,2026-10-08T19:13+00:00
Malachi Fields,rec_yds,80.0,1020,New York Giants @ Washington Commanders,2026-10-11T17:00:00Z,2026-10-08T19:13+00:00
Malachi Fields,rec_yds,90.0,1580,New York Giants @ Washington Commanders,2026-10-11T17:00:00Z,2026-10-08T19:13+00:00
Malachi Fields,rec_yds,100.0,2200,New York Giants @ Washington Commanders,2026-10-11T17:00:00Z,2026-10-08T19:13+00:00
Malachi Fields,rec_yds,110.0,3200,New York Giants @ Washington Commanders,2026-10-11T17:00:00Z,2026-10-08T19:13+00:00
Darnell Mooney,rec_yds,15.0,-149,New York Giants @ Washington Commanders,2026-10-11T17:00:00Z,2026-10-08T19:13+00:00
Darnell Mooney,rec_yds,19.0,-109,New York Giants @ Washington Commanders,2026-10-11T17:00:00Z,2026-10-08T19:13+00:00
Darnell Mooney,rec_yds,25.0,140,New York Giants @ Washington Commanders,2026-10-11T17:00:00Z,2026-10-08T19:13+00:00
Darnell Mooney,rec_yds,40.0,319,New York Giants @ Washington Commanders,2026-10-11T17:00:00Z,2026-10-08T19:13+00:00
Darnell Mooney,rec_yds,50.0,531,New York Giants @ Washington Commanders,2026-10-11T17:00:00Z,2026-10-08T19:13+00:00
Darnell Mooney,rec_yds,60.0,850,New York Giants @ Washington Commanders,2026-10-11T17:00:00Z,2026-10-08T19:13+00:00
Darnell Mooney,rec_yds,70.0,1320,New York Giants @ Washington Commanders,2026-10-11T17:00:00Z,2026-10-08T19:13+00:00
Darnell Mooney,rec_yds,80.0,2000,New York Giants @ Washington Commanders,2026-10-11T17:00:00Z,2026-10-08T19:13+00:00
Darnell Mooney,rec_yds,90.0,3000,New York Giants @ Washington Commanders,2026-10-11T17:00:00Z,2026-10-08T19:13+00:00
Cam Skattebo,rec_yds,14.0,-109,New York Giants @ Washington Commanders,2026-10-11T17:00:00Z,2026-10-08T19:13+00:00
Cam Skattebo,rec_yds,15.0,102,New York Giants @ Washington Commanders,2026-10-11T17:00:00Z,2026-10-08T19:13+00:00
Cam Skattebo,rec_yds,25.0,236,New York Giants @ Washington Commanders,2026-10-11T17:00:00Z,2026-10-08T19:13+00:00
Cam Skattebo,rec_yds,40.0,680,New York Giants @ Washington Commanders,2026-10-11T17:00:00Z,2026-10-08T19:13+00:00
Cam Skattebo,rec_yds,50.0,1200,New York Giants @ Washington Commanders,2026-10-11T17:00:00Z,2026-10-08T19:13+00:00
Cam Skattebo,rec_yds,60.0,1960,New York Giants @ Washington Commanders,2026-10-11T17:00:00Z,2026-10-08T19:13+00:00
Cam Skattebo,rec_yds,70.0,2900,New York Giants @ Washington Commanders,2026-10-11T17:00:00Z,2026-10-08T19:13+00:00
Malik Nabers,receptions,3.0,-1040,New York Giants @ Washington Commanders,2026-10-11T17:00:00Z,2026-10-08T19:13+00:00
Malik Nabers,receptions,4.0,-355,New York Giants @ Washington Commanders,2026-10-11T17:00:00Z,2026-10-08T19:13+00:00
Malik Nabers,receptions,5.0,-155,New York Giants @ Washington Commanders,2026-10-11T17:00:00Z,2026-10-08T19:13+00:00
Malik Nabers,receptions,6.0,127,New York Giants @ Washington Commanders,2026-10-11T17:00:00Z,2026-10-08T19:13+00:00
Malik Nabers,receptions,7.0,235,New York Giants @ Washington Commanders,2026-10-11T17:00:00Z,2026-10-08T19:13+00:00
Malik Nabers,receptions,8.0,432,New York Giants @ Washington Commanders,2026-10-11T17:00:00Z,2026-10-08T19:13+00:00
Malik Nabers,receptions,9.0,780,New York Giants @ Washington Commanders,2026-10-11T17:00:00Z,2026-10-08T19:13+00:00
Malik Nabers,receptions,10.0,1360,New York Giants @ Washington Commanders,2026-10-11T17:00:00Z,2026-10-08T19:13+00:00
Malik Nabers,receptions,11.0,2100,New York Giants @ Washington Commanders,2026-10-11T17:00:00Z,2026-10-08T19:13+00:00
Isaiah Likely,receptions,2.0,-2400,New York Giants @ Washington Commanders,2026-10-11T17:00:00Z,2026-10-08T19:13+00:00
Isaiah Likely,receptions,3.0,-561,New York Giants @ Washington Commanders,2026-10-11T17:00:00Z,2026-10-08T19:13+00:00
Isaiah Likely,receptions,4.0,-218,New York Giants @ Washington Commanders,2026-10-11T17:00:00Z,2026-10-08T19:13+00:00
Isaiah Likely,receptions,5.0,101,New York Giants @ Washington Commanders,2026-10-11T17:00:00Z,2026-10-08T19:13+00:00
Isaiah Likely,receptions,6.0,201,New York Giants @ Washington Commanders,2026-10-11T17:00:00Z,2026-10-08T19:13+00:00
Isaiah Likely,receptions,7.0,386,New York Giants @ Washington Commanders,2026-10-11T17:00:00Z,2026-10-08T19:13+00:00
Isaiah Likely,receptions,8.0,710,New York Giants @ Washington Commanders,2026-10-11T17:00:00Z,2026-10-08T19:13+00:00
Isaiah Likely,receptions,9.0,1300,New York Giants @ Washington Commanders,2026-10-11T17:00:00Z,2026-10-08T19:13+00:00
Isaiah Likely,receptions,10.0,2200,New York Giants @ Washington Commanders,2026-10-11T17:00:00Z,2026-10-08T19:13+00:00
Cam Skattebo,receptions,2.0,-223,New York Giants @ Washington Commanders,2026-10-11T17:00:00Z,2026-10-08T19:13+00:00
Cam Skattebo,receptions,3.0,130,New York Giants @ Washington Commanders,2026-10-11T17:00:00Z,2026-10-08T19:13+00:00
Cam Skattebo,receptions,4.0,326,New York Giants @ Washington Commanders,2026-10-11T17:00:00Z,2026-10-08T19:13+00:00
Cam Skattebo,receptions,5.0,760,New York Giants @ Washington Commanders,2026-10-11T17:00:00Z,2026-10-08T19:13+00:00
Cam Skattebo,receptions,6.0,1620,New York Giants @ Washington Commanders,2026-10-11T17:00:00Z,2026-10-08T19:13+00:00
Cam Skattebo,receptions,7.0,2800,New York Giants @ Washington Commanders,2026-10-11T17:00:00Z,2026-10-08T19:13+00:00
Malachi Fields,receptions,2.0,-226,New York Giants @ Washington Commanders,2026-10-11T17:00:00Z,2026-10-08T19:13+00:00
Malachi Fields,receptions,3.0,131,New York Giants @ Washington Commanders,2026-10-11T17:00:00Z,2026-10-08T19:13+00:00
Malachi Fields,receptions,4.0,342,New York Giants @ Washington Commanders,2026-10-11T17:00:00Z,2026-10-08T19:13+00:00
Malachi Fields,receptions,5.0,800,New York Giants @ Washington Commanders,2026-10-11T17:00:00Z,2026-10-08T19:13+00:00
Malachi Fields,receptions,6.0,1680,New York Giants @ Washington Commanders,2026-10-11T17:00:00Z,2026-10-08T19:13+00:00
Darnell Mooney,receptions,2.0,-114,New York Giants @ Washington Commanders,2026-10-11T17:00:00Z,2026-10-08T19:13+00:00
Darnell Mooney,receptions,3.0,279,New York Giants @ Washington Commanders,2026-10-11T17:00:00Z,2026-10-08T19:13+00:00
Darnell Mooney,receptions,4.0,760,New York Giants @ Washington Commanders,2026-10-11T17:00:00Z,2026-10-08T19:13+00:00
Darnell Mooney,receptions,5.0,1720,New York Giants @ Washington Commanders,2026-10-11T17:00:00Z,2026-10-08T19:13+00:00
Cam Skattebo,rush_att,10.0,-1300,New York Giants @ Washington Commanders,2026-10-11T17:00:00Z,2026-10-08T19:13+00:00
Cam Skattebo,rush_att,12.0,-484,New York Giants @ Washington Commanders,2026-10-11T17:00:00Z,2026-10-08T19:13+00:00
Cam Skattebo,rush_att,14.0,-231,New York Giants @ Washington Commanders,2026-10-11T17:00:00Z,2026-10-08T19:13+00:00
Cam Skattebo,rush_att,16.0,-121,New York Giants @ Washington Commanders,2026-10-11T17:00:00Z,2026-10-08T19:13+00:00
Cam Skattebo,rush_att,18.0,150,New York Giants @ Washington Commanders,2026-10-11T17:00:00Z,2026-10-08T19:13+00:00
Cam Skattebo,rush_att,20.0,269,New York Giants @ Washington Commanders,2026-10-11T17:00:00Z,2026-10-08T19:13+00:00
Cam Skattebo,rush_att,22.0,475,New York Giants @ Washington Commanders,2026-10-11T17:00:00Z,2026-10-08T19:13+00:00
Cam Skattebo,rush_att,24.0,850,New York Giants @ Washington Commanders,2026-10-11T17:00:00Z,2026-10-08T19:13+00:00
Cam Skattebo,rush_att,26.0,1460,New York Giants @ Washington Commanders,2026-10-11T17:00:00Z,2026-10-08T19:13+00:00
Jacory Croskey-Merritt,rush_att,8.0,-1560,New York Giants @ Washington Commanders,2026-10-11T17:00:00Z,2026-10-08T19:13+00:00
Jacory Croskey-Merritt,rush_att,10.0,-532,New York Giants @ Washington Commanders,2026-10-11T17:00:00Z,2026-10-08T19:13+00:00
Jacory Croskey-Merritt,rush_att,12.0,-238,New York Giants @ Washington Commanders,2026-10-11T17:00:00Z,2026-10-08T19:13+00:00
Jacory Croskey-Merritt,rush_att,14.0,-118,New York Giants @ Washington Commanders,2026-10-11T17:00:00Z,2026-10-08T19:13+00:00
Jacory Croskey-Merritt,rush_att,16.0,160,New York Giants @ Washington Commanders,2026-10-11T17:00:00Z,2026-10-08T19:13+00:00
Jacory Croskey-Merritt,rush_att,18.0,300,New York Giants @ Washington Commanders,2026-10-11T17:00:00Z,2026-10-08T19:13+00:00
Jacory Croskey-Merritt,rush_att,20.0,550,New York Giants @ Washington Commanders,2026-10-11T17:00:00Z,2026-10-08T19:13+00:00
Jacory Croskey-Merritt,rush_att,22.0,970,New York Giants @ Washington Commanders,2026-10-11T17:00:00Z,2026-10-08T19:13+00:00
Jacory Croskey-Merritt,rush_yds,20.0,-2000,New York Giants @ Washington Commanders,2026-10-11T17:00:00Z,2026-10-08T19:13+00:00
Jacory Croskey-Merritt,rush_yds,25.0,-1060,New York Giants @ Washington Commanders,2026-10-11T17:00:00Z,2026-10-08T19:13+00:00
Jacory Croskey-Merritt,rush_yds,30.0,-640,New York Giants @ Washington Commanders,2026-10-11T17:00:00Z,2026-10-08T19:13+00:00
Jacory Croskey-Merritt,rush_yds,40.0,-305,New York Giants @ Washington Commanders,2026-10-11T17:00:00Z,2026-10-08T19:13+00:00
Jacory Croskey-Merritt,rush_yds,50.0,-165,New York Giants @ Washington Commanders,2026-10-11T17:00:00Z,2026-10-08T19:13+00:00
Jacory Croskey-Merritt,rush_yds,57.0,-113,New York Giants @ Washington Commanders,2026-10-11T17:00:00Z,2026-10-08T19:13+00:00
Jacory Croskey-Merritt,rush_yds,60.0,104,New York Giants @ Washington Commanders,2026-10-11T17:00:00Z,2026-10-08T19:13+00:00
Jacory Croskey-Merritt,rush_yds,70.0,166,New York Giants @ Washington Commanders,2026-10-11T17:00:00Z,2026-10-08T19:13+00:00
Jacory Croskey-Merritt,rush_yds,80.0,258,New York Giants @ Washington Commanders,2026-10-11T17:00:00Z,2026-10-08T19:13+00:00
Jacory Croskey-Merritt,rush_yds,90.0,392,New York Giants @ Washington Commanders,2026-10-11T17:00:00Z,2026-10-08T19:13+00:00
Jacory Croskey-Merritt,rush_yds,100.0,577,New York Giants @ Washington Commanders,2026-10-11T17:00:00Z,2026-10-08T19:13+00:00
Jacory Croskey-Merritt,rush_yds,110.0,840,New York Giants @ Washington Commanders,2026-10-11T17:00:00Z,2026-10-08T19:13+00:00
Jacory Croskey-Merritt,rush_yds,120.0,1200,New York Giants @ Washington Commanders,2026-10-11T17:00:00Z,2026-10-08T19:13+00:00
Jacory Croskey-Merritt,rush_yds,130.0,1720,New York Giants @ Washington Commanders,2026-10-11T17:00:00Z,2026-10-08T19:13+00:00
Jacory Croskey-Merritt,rush_yds,140.0,2400,New York Giants @ Washington Commanders,2026-10-11T17:00:00Z,2026-10-08T19:13+00:00
Jacory Croskey-Merritt,rush_yds,150.0,3200,New York Giants @ Washington Commanders,2026-10-11T17:00:00Z,2026-10-08T19:13+00:00
Cam Skattebo,rush_yds,25.0,-1440,New York Giants @ Washington Commanders,2026-10-11T17:00:00Z,2026-10-08T19:13+00:00
Cam Skattebo,rush_yds,30.0,-800,New York Giants @ Washington Commanders,2026-10-11T17:00:00Z,2026-10-08T19:13+00:00
Cam Skattebo,rush_yds,40.0,-327,New York Giants @ Washington Commanders,2026-10-11T17:00:00Z,2026-10-08T19:13+00:00
Cam Skattebo,rush_yds,50.0,-170,New York Giants @ Washington Commanders,2026-10-11T17:00:00Z,2026-10-08T19:13+00:00
Cam Skattebo,rush_yds,57.0,-113,New York Giants @ Washington Commanders,2026-10-11T17:00:00Z,2026-10-08T19:13+00:00
Cam Skattebo,rush_yds,60.0,105,New York Giants @ Washington Commanders,2026-10-11T17:00:00Z,2026-10-08T19:13+00:00
Cam Skattebo,rush_yds,70.0,175,New York Giants @ Washington Commanders,2026-10-11T17:00:00Z,2026-10-08T19:13+00:00
Cam Skattebo,rush_yds,80.0,279,New York Giants @ Washington Commanders,2026-10-11T17:00:00Z,2026-10-08T19:13+00:00
Cam Skattebo,rush_yds,90.0,429,New York Giants @ Washington Commanders,2026-10-11T17:00:00Z,2026-10-08T19:13+00:00
Cam Skattebo,rush_yds,100.0,650,New York Giants @ Washington Commanders,2026-10-11T17:00:00Z,2026-10-08T19:13+00:00
Cam Skattebo,rush_yds,110.0,950,New York Giants @ Washington Commanders,2026-10-11T17:00:00Z,2026-10-08T19:13+00:00
Cam Skattebo,rush_yds,120.0,1400,New York Giants @ Washington Commanders,2026-10-11T17:00:00Z,2026-10-08T19:13+00:00
Cam Skattebo,rush_yds,130.0,2000,New York Giants @ Washington Commanders,2026-10-11T17:00:00Z,2026-10-08T19:13+00:00
Cam Skattebo,rush_yds,140.0,2900,New York Giants @ Washington Commanders,2026-10-11T17:00:00Z,2026-10-08T19:13+00:00
Cam Skattebo,rush_yds,150.0,3800,New York Giants @ Washington Commanders,2026-10-11T17:00:00Z,2026-10-08T19:13+00:00
Najee Harris,rush_yds,10.0,-1160,New York Giants @ Washington Commanders,2026-10-11T17:00:00Z,2026-10-08T19:13+00:00
Najee Harris,rush_yds,15.0,-508,New York Giants @ Washington Commanders,2026-10-11T17:00:00Z,2026-10-08T19:13+00:00
Najee Harris,rush_yds,20.0,-284,New York Giants @ Washington Commanders,2026-10-11T17:00:00Z,2026-10-08T19:13+00:00
Najee Harris,rush_yds,25.0,-174,New York Giants @ Washington Commanders,2026-10-11T17:00:00Z,2026-10-08T19:13+00:00
Najee Harris,rush_yds,30.0,-112,New York Giants @ Washington Commanders,2026-10-11T17:00:00Z,2026-10-08T19:13+00:00
Najee Harris,rush_yds,40.0,182,New York Giants @ Washington Commanders,2026-10-11T17:00:00Z,2026-10-08T19:13+00:00
Najee Harris,rush_yds,50.0,336,New York Giants @ Washington Commanders,2026-10-11T17:00:00Z,2026-10-08T19:13+00:00
Najee Harris,rush_yds,60.0,580,New York Giants @ Washington Commanders,2026-10-11T17:00:00Z,2026-10-08T19:13+00:00
Najee Harris,rush_yds,70.0,960,New York Giants @ Washington Commanders,2026-10-11T17:00:00Z,2026-10-08T19:13+00:00
Najee Harris,rush_yds,80.0,1520,New York Giants @ Washington Commanders,2026-10-11T17:00:00Z,2026-10-08T19:13+00:00
Najee Harris,rush_yds,90.0,2200,New York Giants @ Washington Commanders,2026-10-11T17:00:00Z,2026-10-08T19:13+00:00
Najee Harris,rush_yds,100.0,3200,New York Giants @ Washington Commanders,2026-10-11T17:00:00Z,2026-10-08T19:13+00:00
Jameis Winston,rush_yds,3.0,-111,New York Giants @ Washington Commanders,2026-10-11T17:00:00Z,2026-10-08T19:13+00:00
Jameis Winston,rush_yds,10.0,287,New York Giants @ Washington Commanders,2026-10-11T17:00:00Z,2026-10-08T19:13+00:00
Jameis Winston,rush_yds,15.0,549,New York Giants @ Washington Commanders,2026-10-11T17:00:00Z,2026-10-08T19:13+00:00
Jameis Winston,rush_yds,20.0,970,New York Giants @ Washington Commanders,2026-10-11T17:00:00Z,2026-10-08T19:13+00:00
Jameis Winston,rush_yds,25.0,1600,New York Giants @ Washington Commanders,2026-10-11T17:00:00Z,2026-10-08T19:13+00:00
Jameis Winston,rush_yds,30.0,2400,New York Giants @ Washington Commanders,2026-10-11T17:00:00Z,2026-10-08T19:13+00:00
Bo Nix,pass_att,26.0,-1340,Denver Broncos @ Los Angeles Chargers,2026-10-11T20:05:00Z,2026-10-08T19:13+00:00
Bo Nix,pass_att,28.0,-630,Denver Broncos @ Los Angeles Chargers,2026-10-11T20:05:00Z,2026-10-08T19:13+00:00
Bo Nix,pass_att,30.0,-322,Denver Broncos @ Los Angeles Chargers,2026-10-11T20:05:00Z,2026-10-08T19:13+00:00
Bo Nix,pass_att,32.0,-183,Denver Broncos @ Los Angeles Chargers,2026-10-11T20:05:00Z,2026-10-08T19:13+00:00
Bo Nix,pass_att,34.0,-110,Denver Broncos @ Los Angeles Chargers,2026-10-11T20:05:00Z,2026-10-08T19:13+00:00
Bo Nix,pass_att,36.0,145,Denver Broncos @ Los Angeles Chargers,2026-10-11T20:05:00Z,2026-10-08T19:13+00:00
Bo Nix,pass_att,38.0,229,Denver Broncos @ Los Angeles Chargers,2026-10-11T20:05:00Z,2026-10-08T19:13+00:00
Bo Nix,pass_att,40.0,353,Denver Broncos @ Los Angeles Chargers,2026-10-11T20:05:00Z,2026-10-08T19:13+00:00
Bo Nix,pass_att,42.0,545,Denver Broncos @ Los Angeles Chargers,2026-10-11T20:05:00Z,2026-10-08T19:13+00:00
Bo Nix,pass_att,44.0,810,Denver Broncos @ Los Angeles Chargers,2026-10-11T20:05:00Z,2026-10-08T19:13+00:00
Bo Nix,pass_att,46.0,1220,Denver Broncos @ Los Angeles Chargers,2026-10-11T20:05:00Z,2026-10-08T19:13+00:00
Bo Nix,pass_att,48.0,1740,Denver Broncos @ Los Angeles Chargers,2026-10-11T20:05:00Z,2026-10-08T19:13+00:00
Justin Herbert,pass_att,22.0,-2200,Denver Broncos @ Los Angeles Chargers,2026-10-11T20:05:00Z,2026-10-08T19:13+00:00
Justin Herbert,pass_att,24.0,-880,Denver Broncos @ Los Angeles Chargers,2026-10-11T20:05:00Z,2026-10-08T19:13+00:00
Justin Herbert,pass_att,26.0,-417,Denver Broncos @ Los Angeles Chargers,2026-10-11T20:05:00Z,2026-10-08T19:13+00:00
Justin Herbert,pass_att,28.0,-220,Denver Broncos @ Los Angeles Chargers,2026-10-11T20:05:00Z,2026-10-08T19:13+00:00
Justin Herbert,pass_att,30.0,-131,Denver Broncos @ Los Angeles Chargers,2026-10-11T20:05:00Z,2026-10-08T19:13+00:00
Justin Herbert,pass_att,31.0,100,Denver Broncos @ Los Angeles Chargers,2026-10-11T20:05:00Z,2026-10-08T19:13+00:00
Justin Herbert,pass_att,32.0,128,Denver Broncos @ Los Angeles Chargers,2026-10-11T20:05:00Z,2026-10-08T19:13+00:00
Justin Herbert,pass_att,34.0,204,Denver Broncos @ Los Angeles Chargers,2026-10-11T20:05:00Z,2026-10-08T19:13+00:00
Justin Herbert,pass_att,36.0,326,Denver Broncos @ Los Angeles Chargers,2026-10-11T20:05:00Z,2026-10-08T19:13+00:00
Justin Herbert,pass_att,38.0,529,Denver Broncos @ Los Angeles Chargers,2026-10-11T20:05:00Z,2026-10-08T19:13+00:00
Justin Herbert,pass_att,40.0,830,Denver Broncos @ Los Angeles Chargers,2026-10-11T20:05:00Z,2026-10-08T19:13+00:00
Justin Herbert,pass_att,42.0,1300,Denver Broncos @ Los Angeles Chargers,2026-10-11T20:05:00Z,2026-10-08T19:13+00:00
Bo Nix,pass_cmps,16.0,-1560,Denver Broncos @ Los Angeles Chargers,2026-10-11T20:05:00Z,2026-10-08T19:13+00:00
Bo Nix,pass_cmps,18.0,-531,Denver Broncos @ Los Angeles Chargers,2026-10-11T20:05:00Z,2026-10-08T19:13+00:00
Bo Nix,pass_cmps,20.0,-222,Denver Broncos @ Los Angeles Chargers,2026-10-11T20:05:00Z,2026-10-08T19:13+00:00
Bo Nix,pass_cmps,22.0,-107,Denver Broncos @ Los Angeles Chargers,2026-10-11T20:05:00Z,2026-10-08T19:13+00:00
Bo Nix,pass_cmps,24.0,189,Denver Broncos @ Los Angeles Chargers,2026-10-11T20:05:00Z,2026-10-08T19:13+00:00
Bo Nix,pass_cmps,26.0,362,Denver Broncos @ Los Angeles Chargers,2026-10-11T20:05:00Z,2026-10-08T19:13+00:00
Bo Nix,pass_cmps,28.0,700,Denver Broncos @ Los Angeles Chargers,2026-10-11T20:05:00Z,2026-10-08T19:13+00:00
Bo Nix,pass_cmps,30.0,1300,Denver Broncos @ Los Angeles Chargers,2026-10-11T20:05:00Z,2026-10-08T19:13+00:00
Justin Herbert,pass_cmps,14.0,-920,Denver Broncos @ Los Angeles Chargers,2026-10-11T20:05:00Z,2026-10-08T19:13+00:00
Justin Herbert,pass_cmps,16.0,-350,Denver Broncos @ Los Angeles Chargers,2026-10-11T20:05:00Z,2026-10-08T19:13+00:00
Justin Herbert,pass_cmps,18.0,-156,Denver Broncos @ Los Angeles Chargers,2026-10-11T20:05:00Z,2026-10-08T19:13+00:00
Justin Herbert,pass_cmps,19.0,-110,Denver Broncos @ Los Angeles Chargers,2026-10-11T20:05:00Z,2026-10-08T19:13+00:00
Justin Herbert,pass_cmps,20.0,128,Denver Broncos @ Los Angeles Chargers,2026-10-11T20:05:00Z,2026-10-08T19:13+00:00
Justin Herbert,pass_cmps,22.0,253,Denver Broncos @ Los Angeles Chargers,2026-10-11T20:05:00Z,2026-10-08T19:13+00:00
Justin Herbert,pass_cmps,24.0,491,Denver Broncos @ Los Angeles Chargers,2026-10-11T20:05:00Z,2026-10-08T19:13+00:00
Justin Herbert,pass_cmps,26.0,930,Denver Broncos @ Los Angeles Chargers,2026-10-11T20:05:00Z,2026-10-08T19:13+00:00
Justin Herbert,pass_cmps,28.0,1720,Denver Broncos @ Los Angeles Chargers,2026-10-11T20:05:00Z,2026-10-08T19:13+00:00
Bo Nix,pass_yds,150.0,-1080,Denver Broncos @ Los Angeles Chargers,2026-10-11T20:05:00Z,2026-10-08T19:13+00:00
Bo Nix,pass_yds,160.0,-740,Denver Broncos @ Los Angeles Chargers,2026-10-11T20:05:00Z,2026-10-08T19:13+00:00
Bo Nix,pass_yds,170.0,-510,Denver Broncos @ Los Angeles Chargers,2026-10-11T20:05:00Z,2026-10-08T19:13+00:00
Bo Nix,pass_yds,180.0,-362,Denver Broncos @ Los Angeles Chargers,2026-10-11T20:05:00Z,2026-10-08T19:13+00:00
Bo Nix,pass_yds,190.0,-266,Denver Broncos @ Los Angeles Chargers,2026-10-11T20:05:00Z,2026-10-08T19:13+00:00
Bo Nix,pass_yds,200.0,-198,Denver Broncos @ Los Angeles Chargers,2026-10-11T20:05:00Z,2026-10-08T19:13+00:00
Bo Nix,pass_yds,210.0,-150,Denver Broncos @ Los Angeles Chargers,2026-10-11T20:05:00Z,2026-10-08T19:13+00:00
Bo Nix,pass_yds,220.0,-115,Denver Broncos @ Los Angeles Chargers,2026-10-11T20:05:00Z,2026-10-08T19:13+00:00
Bo Nix,pass_yds,221.0,-111,Denver Broncos @ Los Angeles Chargers,2026-10-11T20:05:00Z,2026-10-08T19:13+00:00
Bo Nix,pass_yds,230.0,113,Denver Broncos @ Los Angeles Chargers,2026-10-11T20:05:00Z,2026-10-08T19:13+00:00
Bo Nix,pass_yds,240.0,145,Denver Broncos @ Los Angeles Chargers,2026-10-11T20:05:00Z,2026-10-08T19:13+00:00
Bo Nix,pass_yds,250.0,186,Denver Broncos @ Los Angeles Chargers,2026-10-11T20:05:00Z,2026-10-08T19:13+00:00
Bo Nix,pass_yds,260.0,239,Denver Broncos @ Los Angeles Chargers,2026-10-11T20:05:00Z,2026-10-08T19:13+00:00
Bo Nix,pass_yds,270.0,305,Denver Broncos @ Los Angeles Chargers,2026-10-11T20:05:00Z,2026-10-08T19:13+00:00
Bo Nix,pass_yds,280.0,390,Denver Broncos @ Los Angeles Chargers,2026-10-11T20:05:00Z,2026-10-08T19:13+00:00
Bo Nix,pass_yds,290.0,502,Denver Broncos @ Los Angeles Chargers,2026-10-11T20:05:00Z,2026-10-08T19:13+00:00
Bo Nix,pass_yds,300.0,640,Denver Broncos @ Los Angeles Chargers,2026-10-11T20:05:00Z,2026-10-08T19:13+00:00
Bo Nix,pass_yds,310.0,830,Denver Broncos @ Los Angeles Chargers,2026-10-11T20:05:00Z,2026-10-08T19:13+00:00
Bo Nix,pass_yds,320.0,1040,Denver Broncos @ Los Angeles Chargers,2026-10-11T20:05:00Z,2026-10-08T19:13+00:00
Bo Nix,pass_yds,330.0,1360,Denver Broncos @ Los Angeles Chargers,2026-10-11T20:05:00Z,2026-10-08T19:13+00:00
Bo Nix,pass_yds,340.0,1760,Denver Broncos @ Los Angeles Chargers,2026-10-11T20:05:00Z,2026-10-08T19:13+00:00
Bo Nix,pass_yds,350.0,2200,Denver Broncos @ Los Angeles Chargers,2026-10-11T20:05:00Z,2026-10-08T19:13+00:00
Bo Nix,pass_yds,360.0,2700,Denver Broncos @ Los Angeles Chargers,2026-10-11T20:05:00Z,2026-10-08T19:13+00:00
Bo Nix,pass_yds,370.0,3300,Denver Broncos @ Los Angeles Chargers,2026-10-11T20:05:00Z,2026-10-08T19:13+00:00
Bo Nix,pass_yds,380.0,4000,Denver Broncos @ Los Angeles Chargers,2026-10-11T20:05:00Z,2026-10-08T19:13+00:00
Justin Herbert,pass_yds,150.0,-470,Denver Broncos @ Los Angeles Chargers,2026-10-11T20:05:00Z,2026-10-08T19:13+00:00
Justin Herbert,pass_yds,160.0,-345,Denver Broncos @ Los Angeles Chargers,2026-10-11T20:05:00Z,2026-10-08T19:13+00:00
Justin Herbert,pass_yds,170.0,-255,Denver Broncos @ Los Angeles Chargers,2026-10-11T20:05:00Z,2026-10-08T19:13+00:00
Justin Herbert,pass_yds,180.0,-195,Denver Broncos @ Los Angeles Chargers,2026-10-11T20:05:00Z,2026-10-08T19:13+00:00
Justin Herbert,pass_yds,190.0,-147,Denver Broncos @ Los Angeles Chargers,2026-10-11T20:05:00Z,2026-10-08T19:13+00:00
Justin Herbert,pass_yds,200.0,-114,Denver Broncos @ Los Angeles Chargers,2026-10-11T20:05:00Z,2026-10-08T19:13+00:00
Justin Herbert,pass_yds,210.0,114,Denver Broncos @ Los Angeles Chargers,2026-10-11T20:05:00Z,2026-10-08T19:13+00:00
Justin Herbert,pass_yds,220.0,146,Denver Broncos @ Los Angeles Chargers,2026-10-11T20:05:00Z,2026-10-08T19:13+00:00
Justin Herbert,pass_yds,230.0,185,Denver Broncos @ Los Angeles Chargers,2026-10-11T20:05:00Z,2026-10-08T19:13+00:00
Justin Herbert,pass_yds,240.0,236,Denver Broncos @ Los Angeles Chargers,2026-10-11T20:05:00Z,2026-10-08T19:13+00:00
Justin Herbert,pass_yds,250.0,300,Denver Broncos @ Los Angeles Chargers,2026-10-11T20:05:00Z,2026-10-08T19:13+00:00
Justin Herbert,pass_yds,260.0,383,Denver Broncos @ Los Angeles Chargers,2026-10-11T20:05:00Z,2026-10-08T19:13+00:00
Justin Herbert,pass_yds,270.0,501,Denver Broncos @ Los Angeles Chargers,2026-10-11T20:05:00Z,2026-10-08T19:13+00:00
Justin Herbert,pass_yds,280.0,630,Denver Broncos @ Los Angeles Chargers,2026-10-11T20:05:00Z,2026-10-08T19:13+00:00
Justin Herbert,pass_yds,290.0,830,Denver Broncos @ Los Angeles Chargers,2026-10-11T20:05:00Z,2026-10-08T19:13+00:00
Justin Herbert,pass_yds,300.0,1060,Denver Broncos @ Los Angeles Chargers,2026-10-11T20:05:00Z,2026-10-08T19:13+00:00
Justin Herbert,pass_yds,310.0,1340,Denver Broncos @ Los Angeles Chargers,2026-10-11T20:05:00Z,2026-10-08T19:13+00:00
Justin Herbert,pass_yds,320.0,1720,Denver Broncos @ Los Angeles Chargers,2026-10-11T20:05:00Z,2026-10-08T19:13+00:00
Justin Herbert,pass_yds,330.0,2100,Denver Broncos @ Los Angeles Chargers,2026-10-11T20:05:00Z,2026-10-08T19:13+00:00
Justin Herbert,pass_yds,340.0,2600,Denver Broncos @ Los Angeles Chargers,2026-10-11T20:05:00Z,2026-10-08T19:13+00:00
Justin Herbert,pass_yds,350.0,3300,Denver Broncos @ Los Angeles Chargers,2026-10-11T20:05:00Z,2026-10-08T19:13+00:00
Justin Herbert,pass_yds,360.0,3900,Denver Broncos @ Los Angeles Chargers,2026-10-11T20:05:00Z,2026-10-08T19:13+00:00
Jaylen Waddle,rec_yds,15.0,-1700,Denver Broncos @ Los Angeles Chargers,2026-10-11T20:05:00Z,2026-10-08T19:13+00:00
Jaylen Waddle,rec_yds,25.0,-620,Denver Broncos @ Los Angeles Chargers,2026-10-11T20:05:00Z,2026-10-08T19:13+00:00
Jaylen Waddle,rec_yds,40.0,-228,Denver Broncos @ Los Angeles Chargers,2026-10-11T20:05:00Z,2026-10-08T19:13+00:00
Jaylen Waddle,rec_yds,50.0,-134,Denver Broncos @ Los Angeles Chargers,2026-10-11T20:05:00Z,2026-10-08T19:13+00:00
Jaylen Waddle,rec_yds,54.0,-111,Denver Broncos @ Los Angeles Chargers,2026-10-11T20:05:00Z,2026-10-08T19:13+00:00
Jaylen Waddle,rec_yds,60.0,120,Denver Broncos @ Los Angeles Chargers,2026-10-11T20:05:00Z,2026-10-08T19:13+00:00
Jaylen Waddle,rec_yds,70.0,186,Denver Broncos @ Los Angeles Chargers,2026-10-11T20:05:00Z,2026-10-08T19:13+00:00
Jaylen Waddle,rec_yds,80.0,279,Denver Broncos @ Los Angeles Chargers,2026-10-11T20:05:00Z,2026-10-08T19:13+00:00
Jaylen Waddle,rec_yds,90.0,416,Denver Broncos @ Los Angeles Chargers,2026-10-11T20:05:00Z,2026-10-08T19:13+00:00
Jaylen Waddle,rec_yds,100.0,600,Denver Broncos @ Los Angeles Chargers,2026-10-11T20:05:00Z,2026-10-08T19:13+00:00
Jaylen Waddle,rec_yds,110.0,880,Denver Broncos @ Los Angeles Chargers,2026-10-11T20:05:00Z,2026-10-08T19:13+00:00
Jaylen Waddle,rec_yds,120.0,1300,Denver Broncos @ Los Angeles Chargers,2026-10-11T20:05:00Z,2026-10-08T19:13+00:00
Jaylen Waddle,rec_yds,130.0,1860,Denver Broncos @ Los Angeles Chargers,2026-10-11T20:05:00Z,2026-10-08T19:13+00:00
Jaylen Waddle,rec_yds,140.0,2600,Denver Broncos @ Los Angeles Chargers,2026-10-11T20:05:00Z,2026-10-08T19:13+00:00
Jaylen Waddle,rec_yds,150.0,3400,Denver Broncos @ Los Angeles Chargers,2026-10-11T20:05:00Z,2026-10-08T19:13+00:00
Courtland Sutton,rec_yds,15.0,-562,Denver Broncos @ Los Angeles Chargers,2026-10-11T20:05:00Z,2026-10-08T19:13+00:00
Courtland Sutton,rec_yds,25.0,-243,Denver Broncos @ Los Angeles Chargers,2026-10-11T20:05:00Z,2026-10-08T19:13+00:00
Courtland Sutton,rec_yds,37.0,-113,Denver Broncos @ Los Angeles Chargers,2026-10-11T20:05:00Z,2026-10-08T19:13+00:00
Courtland Sutton,rec_yds,40.0,105,Denver Broncos @ Los Angeles Chargers,2026-10-11T20:05:00Z,2026-10-08T19:13+00:00
Courtland Sutton,rec_yds,50.0,178,Denver Broncos @ Los Angeles Chargers,2026-10-11T20:05:00Z,2026-10-08T19:13+00:00
Courtland Sutton,rec_yds,60.0,282,Denver Broncos @ Los Angeles Chargers,2026-10-11T20:05:00Z,2026-10-08T19:13+00:00
Courtland Sutton,rec_yds,70.0,441,Denver Broncos @ Los Angeles Chargers,2026-10-11T20:05:00Z,2026-10-08T19:13+00:00
Courtland Sutton,rec_yds,80.0,690,Denver Broncos @ Los Angeles Chargers,2026-10-11T20:05:00Z,2026-10-08T19:13+00:00
Courtland Sutton,rec_yds,90.0,1040,Denver Broncos @ Los Angeles Chargers,2026-10-11T20:05:00Z,2026-10-08T19:13+00:00
Courtland Sutton,rec_yds,100.0,1600,Denver Broncos @ Los Angeles Chargers,2026-10-11T20:05:00Z,2026-10-08T19:13+00:00
Courtland Sutton,rec_yds,110.0,2200,Denver Broncos @ Los Angeles Chargers,2026-10-11T20:05:00Z,2026-10-08T19:13+00:00
Courtland Sutton,rec_yds,120.0,3200,Denver Broncos @ Los Angeles Chargers,2026-10-11T20:05:00Z,2026-10-08T19:13+00:00
Troy Franklin,rec_yds,15.0,-152,Denver Broncos @ Los Angeles Chargers,2026-10-11T20:05:00Z,2026-10-08T19:13+00:00
Troy Franklin,rec_yds,20.0,-110,Denver Broncos @ Los Angeles Chargers,2026-10-11T20:05:00Z,2026-10-08T19:13+00:00
Troy Franklin,rec_yds,25.0,120,Denver Broncos @ Los Angeles Chargers,2026-10-11T20:05:00Z,2026-10-08T19:13+00:00
Troy Franklin,rec_yds,40.0,244,Denver Broncos @ Los Angeles Chargers,2026-10-11T20:05:00Z,2026-10-08T19:13+00:00
Troy Franklin,rec_yds,50.0,368,Denver Broncos @ Los Angeles Chargers,2026-10-11T20:05:00Z,2026-10-08T19:13+00:00
Troy Franklin,rec_yds,60.0,539,Denver Broncos @ Los Angeles Chargers,2026-10-11T20:05:00Z,2026-10-08T19:13+00:00
Troy Franklin,rec_yds,70.0,800,Denver Broncos @ Los Angeles Chargers,2026-10-11T20:05:00Z,2026-10-08T19:13+00:00
Troy Franklin,rec_yds,80.0,1140,Denver Broncos @ Los Angeles Chargers,2026-10-11T20:05:00Z,2026-10-08T19:13+00:00
Troy Franklin,rec_yds,90.0,1620,Denver Broncos @ Los Angeles Chargers,2026-10-11T20:05:00Z,2026-10-08T19:13+00:00
Troy Franklin,rec_yds,100.0,2200,Denver Broncos @ Los Angeles Chargers,2026-10-11T20:05:00Z,2026-10-08T19:13+00:00
Troy Franklin,rec_yds,110.0,3100,Denver Broncos @ Los Angeles Chargers,2026-10-11T20:05:00Z,2026-10-08T19:13+00:00
Troy Franklin,rec_yds,120.0,4000,Denver Broncos @ Los Angeles Chargers,2026-10-11T20:05:00Z,2026-10-08T19:13+00:00
RJ Harvey,rec_yds,15.0,-369,Denver Broncos @ Los Angeles Chargers,2026-10-11T20:05:00Z,2026-10-08T19:13+00:00
RJ Harvey,rec_yds,25.0,-137,Denver Broncos @ Los Angeles Chargers,2026-10-11T20:05:00Z,2026-10-08T19:13+00:00
RJ Harvey,rec_yds,27.0,-116,Denver Broncos @ Los Angeles Chargers,2026-10-11T20:05:00Z,2026-10-08T19:13+00:00
RJ Harvey,rec_yds,40.0,212,Denver Broncos @ Los Angeles Chargers,2026-10-11T20:05:00Z,2026-10-08T19:13+00:00
RJ Harvey,rec_yds,50.0,390,Denver Broncos @ Los Angeles Chargers,2026-10-11T20:05:00Z,2026-10-08T19:13+00:00
RJ Harvey,rec_yds,60.0,690,Denver Broncos @ Los Angeles Chargers,2026-10-11T20:05:00Z,2026-10-08T19:13+00:00
RJ Harvey,rec_yds,70.0,1140,Denver Broncos @ Los Angeles Chargers,2026-10-11T20:05:00Z,2026-10-08T19:13+00:00
RJ Harvey,rec_yds,80.0,1860,Denver Broncos @ Los Angeles Chargers,2026-10-11T20:05:00Z,2026-10-08T19:13+00:00
RJ Harvey,rec_yds,90.0,2800,Denver Broncos @ Los Angeles Chargers,2026-10-11T20:05:00Z,2026-10-08T19:13+00:00
Marvin Mims Jr.,rec_yds,13.0,-107,Denver Broncos @ Los Angeles Chargers,2026-10-11T20:05:00Z,2026-10-08T19:13+00:00
Marvin Mims Jr.,rec_yds,15.0,108,Denver Broncos @ Los Angeles Chargers,2026-10-11T20:05:00Z,2026-10-08T19:13+00:00
Marvin Mims Jr.,rec_yds,25.0,207,Denver Broncos @ Los Angeles Chargers,2026-10-11T20:05:00Z,2026-10-08T19:13+00:00
Marvin Mims Jr.,rec_yds,40.0,468,Denver Broncos @ Los Angeles Chargers,2026-10-11T20:05:00Z,2026-10-08T19:13+00:00
Marvin Mims Jr.,rec_yds,50.0,750,Denver Broncos @ Los Angeles Chargers,2026-10-11T20:05:00Z,2026-10-08T19:13+00:00
Marvin Mims Jr.,rec_yds,60.0,1180,Denver Broncos @ Los Angeles Chargers,2026-10-11T20:05:00Z,2026-10-08T19:13+00:00
Marvin Mims Jr.,rec_yds,70.0,1800,Denver Broncos @ Los Angeles Chargers,2026-10-11T20:05:00Z,2026-10-08T19:13+00:00
Marvin Mims Jr.,rec_yds,80.0,2600,Denver Broncos @ Los Angeles Chargers,2026-10-11T20:05:00Z,2026-10-08T19:13+00:00
Marvin Mims Jr.,rec_yds,90.0,3500,Denver Broncos @ Los Angeles Chargers,2026-10-11T20:05:00Z,2026-10-08T19:13+00:00
Evan Engram,rec_yds,15.0,-140,Denver Broncos @ Los Angeles Chargers,2026-10-11T20:05:00Z,2026-10-08T19:13+00:00
Evan Engram,rec_yds,17.0,-116,Denver Broncos @ Los Angeles Chargers,2026-10-11T20:05:00Z,2026-10-08T19:13+00:00
Evan Engram,rec_yds,25.0,161,Denver Broncos @ Los Angeles Chargers,2026-10-11T20:05:00Z,2026-10-08T19:13+00:00
Evan Engram,rec_yds,40.0,447,Denver Broncos @ Los Angeles Chargers,2026-10-11T20:05:00Z,2026-10-08T19:13+00:00
Evan Engram,rec_yds,50.0,810,Denver Broncos @ Los Angeles Chargers,2026-10-11T20:05:00Z,2026-10-08T19:13+00:00
Evan Engram,rec_yds,60.0,1360,Denver Broncos @ Los Angeles Chargers,2026-10-11T20:05:00Z,2026-10-08T19:13+00:00
Evan Engram,rec_yds,70.0,2100,Denver Broncos @ Los Angeles Chargers,2026-10-11T20:05:00Z,2026-10-08T19:13+00:00
Evan Engram,rec_yds,80.0,3500,Denver Broncos @ Los Angeles Chargers,2026-10-11T20:05:00Z,2026-10-08T19:13+00:00
Jaylen Waddle,receptions,2.0,-3200,Denver Broncos @ Los Angeles Chargers,2026-10-11T20:05:00Z,2026-10-08T19:13+00:00
Jaylen Waddle,receptions,3.0,-640,Denver Broncos @ Los Angeles Chargers,2026-10-11T20:05:00Z,2026-10-08T19:13+00:00
Jaylen Waddle,receptions,4.0,-236,Denver Broncos @ Los Angeles Chargers,2026-10-11T20:05:00Z,2026-10-08T19:13+00:00
Jaylen Waddle,receptions,5.0,-105,Denver Broncos @ Los Angeles Chargers,2026-10-11T20:05:00Z,2026-10-08T19:13+00:00
Jaylen Waddle,receptions,6.0,196,Denver Broncos @ Los Angeles Chargers,2026-10-11T20:05:00Z,2026-10-08T19:13+00:00
Jaylen Waddle,receptions,7.0,380,Denver Broncos @ Los Angeles Chargers,2026-10-11T20:05:00Z,2026-10-08T19:13+00:00
Jaylen Waddle,receptions,8.0,720,Denver Broncos @ Los Angeles Chargers,2026-10-11T20:05:00Z,2026-10-08T19:13+00:00
Jaylen Waddle,receptions,9.0,1280,Denver Broncos @ Los Angeles Chargers,2026-10-11T20:05:00Z,2026-10-08T19:13+00:00
Jaylen Waddle,receptions,10.0,2200,Denver Broncos @ Los Angeles Chargers,2026-10-11T20:05:00Z,2026-10-08T19:13+00:00
RJ Harvey,receptions,2.0,-1860,Denver Broncos @ Los Angeles Chargers,2026-10-11T20:05:00Z,2026-10-08T19:13+00:00
RJ Harvey,receptions,3.0,-448,Denver Broncos @ Los Angeles Chargers,2026-10-11T20:05:00Z,2026-10-08T19:13+00:00
RJ Harvey,receptions,4.0,-170,Denver Broncos @ Los Angeles Chargers,2026-10-11T20:05:00Z,2026-10-08T19:13+00:00
RJ Harvey,receptions,5.0,128,Denver Broncos @ Los Angeles Chargers,2026-10-11T20:05:00Z,2026-10-08T19:13+00:00
RJ Harvey,receptions,6.0,258,Denver Broncos @ Los Angeles Chargers,2026-10-11T20:05:00Z,2026-10-08T19:13+00:00
RJ Harvey,receptions,7.0,510,Denver Broncos @ Los Angeles Chargers,2026-10-11T20:05:00Z,2026-10-08T19:13+00:00
RJ Harvey,receptions,8.0,960,Denver Broncos @ Los Angeles Chargers,2026-10-11T20:05:00Z,2026-10-08T19:13+00:00
RJ Harvey,receptions,9.0,1700,Denver Broncos @ Los Angeles Chargers,2026-10-11T20:05:00Z,2026-10-08T19:13+00:00
RJ Harvey,receptions,10.0,2700,Denver Broncos @ Los Angeles Chargers,2026-10-11T20:05:00Z,2026-10-08T19:13+00:00
Courtland Sutton,receptions,2.0,-760,Denver Broncos @ Los Angeles Chargers,2026-10-11T20:05:00Z,2026-10-08T19:13+00:00
Courtland Sutton,receptions,3.0,-237,Denver Broncos @ Los Angeles Chargers,2026-10-11T20:05:00Z,2026-10-08T19:13+00:00
Courtland Sutton,receptions,4.0,106,Denver Broncos @ Los Angeles Chargers,2026-10-11T20:05:00Z,2026-10-08T19:13+00:00
Courtland Sutton,receptions,5.0,240,Denver Broncos @ Los Angeles Chargers,2026-10-11T20:05:00Z,2026-10-08T19:13+00:00
Courtland Sutton,receptions,6.0,507,Denver Broncos @ Los Angeles Chargers,2026-10-11T20:05:00Z,2026-10-08T19:13+00:00
Courtland Sutton,receptions,7.0,1040,Denver Broncos @ Los Angeles Chargers,2026-10-11T20:05:00Z,2026-10-08T19:13+00:00
Courtland Sutton,receptions,8.0,1980,Denver Broncos @ Los Angeles Chargers,2026-10-11T20:05:00Z,2026-10-08T19:13+00:00
Evan Engram,receptions,2.0,-236,Denver Broncos @ Los Angeles Chargers,2026-10-11T20:05:00Z,2026-10-08T19:13+00:00
Evan Engram,receptions,3.0,126,Denver Broncos @ Los Angeles Chargers,2026-10-11T20:05:00Z,2026-10-08T19:13+00:00
Evan Engram,receptions,4.0,323,Denver Broncos @ Los Angeles Chargers,2026-10-11T20:05:00Z,2026-10-08T19:13+00:00
Evan Engram,receptions,5.0,770,Denver Broncos @ Los Angeles Chargers,2026-10-11T20:05:00Z,2026-10-08T19:13+00:00
Evan Engram,receptions,6.0,1660,Denver Broncos @ Los Angeles Chargers,2026-10-11T20:05:00Z,2026-10-08T19:13+00:00
Troy Franklin,receptions,2.0,-117,Denver Broncos @ Los Angeles Chargers,2026-10-11T20:05:00Z,2026-10-08T19:13+00:00
Troy Franklin,receptions,3.0,228,Denver Broncos @ Los Angeles Chargers,2026-10-11T20:05:00Z,2026-10-08T19:13+00:00
Troy Franklin,receptions,4.0,527,Denver Broncos @ Los Angeles Chargers,2026-10-11T20:05:00Z,2026-10-08T19:13+00:00
Troy Franklin,receptions,5.0,1120,Denver Broncos @ Los Angeles Chargers,2026-10-11T20:05:00Z,2026-10-08T19:13+00:00
Troy Franklin,receptions,6.0,2200,Denver Broncos @ Los Angeles Chargers,2026-10-11T20:05:00Z,2026-10-08T19:13+00:00
Marvin Mims Jr.,receptions,2.0,114,Denver Broncos @ Los Angeles Chargers,2026-10-11T20:05:00Z,2026-10-08T19:13+00:00
Marvin Mims Jr.,receptions,3.0,361,Denver Broncos @ Los Angeles Chargers,2026-10-11T20:05:00Z,2026-10-08T19:13+00:00
Marvin Mims Jr.,receptions,4.0,990,Denver Broncos @ Los Angeles Chargers,2026-10-11T20:05:00Z,2026-10-08T19:13+00:00
Marvin Mims Jr.,receptions,5.0,2200,Denver Broncos @ Los Angeles Chargers,2026-10-11T20:05:00Z,2026-10-08T19:13+00:00
J.K. Dobbins,rush_att,8.0,-2700,Denver Broncos @ Los Angeles Chargers,2026-10-11T20:05:00Z,2026-10-08T19:13+00:00
J.K. Dobbins,rush_att,10.0,-680,Denver Broncos @ Los Angeles Chargers,2026-10-11T20:05:00Z,2026-10-08T19:13+00:00
J.K. Dobbins,rush_att,12.0,-264,Denver Broncos @ Los Angeles Chargers,2026-10-11T20:05:00Z,2026-10-08T19:13+00:00
J.K. Dobbins,rush_att,14.0,-123,Denver Broncos @ Los Angeles Chargers,2026-10-11T20:05:00Z,2026-10-08T19:13+00:00
J.K. Dobbins,rush_att,16.0,170,Denver Broncos @ Los Angeles Chargers,2026-10-11T20:05:00Z,2026-10-08T19:13+00:00
J.K. Dobbins,rush_att,18.0,351,Denver Broncos @ Los Angeles Chargers,2026-10-11T20:05:00Z,2026-10-08T19:13+00:00
J.K. Dobbins,rush_att,20.0,710,Denver Broncos @ Los Angeles Chargers,2026-10-11T20:05:00Z,2026-10-08T19:13+00:00
J.K. Dobbins,rush_att,22.0,1460,Denver Broncos @ Los Angeles Chargers,2026-10-11T20:05:00Z,2026-10-08T19:13+00:00
Omarion Hampton,rush_att,6.0,-1560,Denver Broncos @ Los Angeles Chargers,2026-10-11T20:05:00Z,2026-10-08T19:13+00:00
Omarion Hampton,rush_att,8.0,-409,Denver Broncos @ Los Angeles Chargers,2026-10-11T20:05:00Z,2026-10-08T19:13+00:00
Omarion Hampton,rush_att,10.0,-164,Denver Broncos @ Los Angeles Chargers,2026-10-11T20:05:00Z,2026-10-08T19:13+00:00
Omarion Hampton,rush_att,11.0,-110,Denver Broncos @ Los Angeles Chargers,2026-10-11T20:05:00Z,2026-10-08T19:13+00:00
Omarion Hampton,rush_att,12.0,132,Denver Broncos @ Los Angeles Chargers,2026-10-11T20:05:00Z,2026-10-08T19:13+00:00
Omarion Hampton,rush_att,14.0,282,Denver Broncos @ Los Angeles Chargers,2026-10-11T20:05:00Z,2026-10-08T19:13+00:00
Omarion Hampton,rush_att,16.0,567,Denver Broncos @ Los Angeles Chargers,2026-10-11T20:05:00Z,2026-10-08T19:13+00:00
Omarion Hampton,rush_att,18.0,1100,Denver Broncos @ Los Angeles Chargers,2026-10-11T20:05:00Z,2026-10-08T19:13+00:00
Keaton Mitchell,rush_att,4.0,-2100,Denver Broncos @ Los Angeles Chargers,2026-10-11T20:05:00Z,2026-10-08T19:13+00:00
Keaton Mitchell,rush_att,6.0,-366,Denver Broncos @ Los Angeles Chargers,2026-10-11T20:05:00Z,2026-10-08T19:13+00:00
Keaton Mitchell,rush_att,8.0,-124,Denver Broncos @ Los Angeles Chargers,2026-10-11T20:05:00Z,2026-10-08T19:13+00:00
Keaton Mitchell,rush_att,10.0,199,Denver Broncos @ Los Angeles Chargers,2026-10-11T20:05:00Z,2026-10-08T19:13+00:00
Keaton Mitchell,rush_att,12.0,455,Denver Broncos @ Los Angeles Chargers,2026-10-11T20:05:00Z,2026-10-08T19:13+00:00
Keaton Mitchell,rush_att,14.0,1000,Denver Broncos @ Los Angeles Chargers,2026-10-11T20:05:00Z,2026-10-08T19:13+00:00
Justin Herbert,rush_att,2.0,-3600,Denver Broncos @ Los Angeles Chargers,2026-10-11T20:05:00Z,2026-10-08T19:13+00:00
Justin Herbert,rush_att,4.0,-323,Denver Broncos @ Los Angeles Chargers,2026-10-11T20:05:00Z,2026-10-08T19:13+00:00
Justin Herbert,rush_att,6.0,119,Denver Broncos @ Los Angeles Chargers,2026-10-11T20:05:00Z,2026-10-08T19:13+00:00
Justin Herbert,rush_att,8.0,369,Denver Broncos @ Los Angeles Chargers,2026-10-11T20:05:00Z,2026-10-08T19:13+00:00
Justin Herbert,rush_att,10.0,1080,Denver Broncos @ Los Angeles Chargers,2026-10-11T20:05:00Z,2026-10-08T19:13+00:00
Bo Nix,rush_att,2.0,-1780,Denver Broncos @ Los Angeles Chargers,2026-10-11T20:05:00Z,2026-10-08T19:13+00:00
Bo Nix,rush_att,4.0,-198,Denver Broncos @ Los Angeles Chargers,2026-10-11T20:05:00Z,2026-10-08T19:13+00:00
Bo Nix,rush_att,5.0,104,Denver Broncos @ Los Angeles Chargers,2026-10-11T20:05:00Z,2026-10-08T19:13+00:00
Bo Nix,rush_att,6.0,200,Denver Broncos @ Los Angeles Chargers,2026-10-11T20:05:00Z,2026-10-08T19:13+00:00
Bo Nix,rush_att,8.0,710,Denver Broncos @ Los Angeles Chargers,2026-10-11T20:05:00Z,2026-10-08T19:13+00:00
J.K. Dobbins,rush_yds,20.0,-1620,Denver Broncos @ Los Angeles Chargers,2026-10-11T20:05:00Z,2026-10-08T19:13+00:00
J.K. Dobbins,rush_yds,25.0,-870,Denver Broncos @ Los Angeles Chargers,2026-10-11T20:05:00Z,2026-10-08T19:13+00:00
J.K. Dobbins,rush_yds,30.0,-527,Denver Broncos @ Los Angeles Chargers,2026-10-11T20:05:00Z,2026-10-08T19:13+00:00
J.K. Dobbins,rush_yds,40.0,-233,Denver Broncos @ Los Angeles Chargers,2026-10-11T20:05:00Z,2026-10-08T19:13+00:00
J.K. Dobbins,rush_yds,50.0,-124,Denver Broncos @ Los Angeles Chargers,2026-10-11T20:05:00Z,2026-10-08T19:13+00:00
J.K. Dobbins,rush_yds,52.0,-111,Denver Broncos @ Los Angeles Chargers,2026-10-11T20:05:00Z,2026-10-08T19:13+00:00
J.K. Dobbins,rush_yds,60.0,140,Denver Broncos @ Los Angeles Chargers,2026-10-11T20:05:00Z,2026-10-08T19:13+00:00
J.K. Dobbins,rush_yds,70.0,231,Denver Broncos @ Los Angeles Chargers,2026-10-11T20:05:00Z,2026-10-08T19:13+00:00
J.K. Dobbins,rush_yds,80.0,363,Denver Broncos @ Los Angeles Chargers,2026-10-11T20:05:00Z,2026-10-08T19:13+00:00
J.K. Dobbins,rush_yds,90.0,556,Denver Broncos @ Los Angeles Chargers,2026-10-11T20:05:00Z,2026-10-08T19:13+00:00
J.K. Dobbins,rush_yds,100.0,850,Denver Broncos @ Los Angeles Chargers,2026-10-11T20:05:00Z,2026-10-08T19:13+00:00
J.K. Dobbins,rush_yds,110.0,1280,Denver Broncos @ Los Angeles Chargers,2026-10-11T20:05:00Z,2026-10-08T19:13+00:00
J.K. Dobbins,rush_yds,120.0,1860,Denver Broncos @ Los Angeles Chargers,2026-10-11T20:05:00Z,2026-10-08T19:13+00:00
J.K. Dobbins,rush_yds,130.0,2700,Denver Broncos @ Los Angeles Chargers,2026-10-11T20:05:00Z,2026-10-08T19:13+00:00
J.K. Dobbins,rush_yds,140.0,3700,Denver Broncos @ Los Angeles Chargers,2026-10-11T20:05:00Z,2026-10-08T19:13+00:00
Omarion Hampton,rush_yds,15.0,-1300,Denver Broncos @ Los Angeles Chargers,2026-10-11T20:05:00Z,2026-10-08T19:13+00:00
Omarion Hampton,rush_yds,20.0,-620,Denver Broncos @ Los Angeles Chargers,2026-10-11T20:05:00Z,2026-10-08T19:13+00:00
Omarion Hampton,rush_yds,25.0,-352,Denver Broncos @ Los Angeles Chargers,2026-10-11T20:05:00Z,2026-10-08T19:13+00:00
Omarion Hampton,rush_yds,30.0,-223,Denver Broncos @ Los Angeles Chargers,2026-10-11T20:05:00Z,2026-10-08T19:13+00:00
Omarion Hampton,rush_yds,39.0,-112,Denver Broncos @ Los Angeles Chargers,2026-10-11T20:05:00Z,2026-10-08T19:13+00:00
Omarion Hampton,rush_yds,40.0,-105,Denver Broncos @ Los Angeles Chargers,2026-10-11T20:05:00Z,2026-10-08T19:13+00:00
Omarion Hampton,rush_yds,50.0,177,Denver Broncos @ Los Angeles Chargers,2026-10-11T20:05:00Z,2026-10-08T19:13+00:00
Omarion Hampton,rush_yds,60.0,309,Denver Broncos @ Los Angeles Chargers,2026-10-11T20:05:00Z,2026-10-08T19:13+00:00
Omarion Hampton,rush_yds,70.0,503,Denver Broncos @ Los Angeles Chargers,2026-10-11T20:05:00Z,2026-10-08T19:13+00:00
Omarion Hampton,rush_yds,80.0,810,Denver Broncos @ Los Angeles Chargers,2026-10-11T20:05:00Z,2026-10-08T19:13+00:00
Omarion Hampton,rush_yds,90.0,1260,Denver Broncos @ Los Angeles Chargers,2026-10-11T20:05:00Z,2026-10-08T19:13+00:00
Omarion Hampton,rush_yds,100.0,1900,Denver Broncos @ Los Angeles Chargers,2026-10-11T20:05:00Z,2026-10-08T19:13+00:00
Omarion Hampton,rush_yds,110.0,2700,Denver Broncos @ Los Angeles Chargers,2026-10-11T20:05:00Z,2026-10-08T19:13+00:00
Omarion Hampton,rush_yds,120.0,3900,Denver Broncos @ Los Angeles Chargers,2026-10-11T20:05:00Z,2026-10-08T19:13+00:00
Keaton Mitchell,rush_yds,10.0,-1440,Denver Broncos @ Los Angeles Chargers,2026-10-11T20:05:00Z,2026-10-08T19:13+00:00
Keaton Mitchell,rush_yds,15.0,-630,Denver Broncos @ Los Angeles Chargers,2026-10-11T20:05:00Z,2026-10-08T19:13+00:00
Keaton Mitchell,rush_yds,20.0,-337,Denver Broncos @ Los Angeles Chargers,2026-10-11T20:05:00Z,2026-10-08T19:13+00:00
Keaton Mitchell,rush_yds,25.0,-204,Denver Broncos @ Los Angeles Chargers,2026-10-11T20:05:00Z,2026-10-08T19:13+00:00
Keaton Mitchell,rush_yds,30.0,-133,Denver Broncos @ Los Angeles Chargers,2026-10-11T20:05:00Z,2026-10-08T19:13+00:00
Keaton Mitchell,rush_yds,32.0,-113,Denver Broncos @ Los Angeles Chargers,2026-10-11T20:05:00Z,2026-10-08T19:13+00:00
Keaton Mitchell,rush_yds,40.0,156,Denver Broncos @ Los Angeles Chargers,2026-10-11T20:05:00Z,2026-10-08T19:13+00:00
Keaton Mitchell,rush_yds,50.0,296,Denver Broncos @ Los Angeles Chargers,2026-10-11T20:05:00Z,2026-10-08T19:13+00:00
Keaton Mitchell,rush_yds,60.0,522,Denver Broncos @ Los Angeles Chargers,2026-10-11T20:05:00Z,2026-10-08T19:13+00:00
Keaton Mitchell,rush_yds,70.0,890,Denver Broncos @ Los Angeles Chargers,2026-10-11T20:05:00Z,2026-10-08T19:13+00:00
Keaton Mitchell,rush_yds,80.0,1460,Denver Broncos @ Los Angeles Chargers,2026-10-11T20:05:00Z,2026-10-08T19:13+00:00
Keaton Mitchell,rush_yds,90.0,2200,Denver Broncos @ Los Angeles Chargers,2026-10-11T20:05:00Z,2026-10-08T19:13+00:00
Keaton Mitchell,rush_yds,100.0,3100,Denver Broncos @ Los Angeles Chargers,2026-10-11T20:05:00Z,2026-10-08T19:13+00:00
Justin Herbert,rush_yds,10.0,-680,Denver Broncos @ Los Angeles Chargers,2026-10-11T20:05:00Z,2026-10-08T19:13+00:00
Justin Herbert,rush_yds,15.0,-343,Denver Broncos @ Los Angeles Chargers,2026-10-11T20:05:00Z,2026-10-08T19:13+00:00
Justin Herbert,rush_yds,20.0,-204,Denver Broncos @ Los Angeles Chargers,2026-10-11T20:05:00Z,2026-10-08T19:13+00:00
Justin Herbert,rush_yds,25.0,-130,Denver Broncos @ Los Angeles Chargers,2026-10-11T20:05:00Z,2026-10-08T19:13+00:00
Justin Herbert,rush_yds,27.0,-111,Denver Broncos @ Los Angeles Chargers,2026-10-11T20:05:00Z,2026-10-08T19:13+00:00
Justin Herbert,rush_yds,30.0,112,Denver Broncos @ Los Angeles Chargers,2026-10-11T20:05:00Z,2026-10-08T19:13+00:00
Justin Herbert,rush_yds,40.0,226,Denver Broncos @ Los Angeles Chargers,2026-10-11T20:05:00Z,2026-10-08T19:13+00:00
Justin Herbert,rush_yds,50.0,424,Denver Broncos @ Los Angeles Chargers,2026-10-11T20:05:00Z,2026-10-08T19:13+00:00
Justin Herbert,rush_yds,60.0,770,Denver Broncos @ Los Angeles Chargers,2026-10-11T20:05:00Z,2026-10-08T19:13+00:00
Justin Herbert,rush_yds,70.0,1340,Denver Broncos @ Los Angeles Chargers,2026-10-11T20:05:00Z,2026-10-08T19:13+00:00
Justin Herbert,rush_yds,80.0,2100,Denver Broncos @ Los Angeles Chargers,2026-10-11T20:05:00Z,2026-10-08T19:13+00:00
Justin Herbert,rush_yds,90.0,3400,Denver Broncos @ Los Angeles Chargers,2026-10-11T20:05:00Z,2026-10-08T19:13+00:00
RJ Harvey,rush_yds,10.0,-337,Denver Broncos @ Los Angeles Chargers,2026-10-11T20:05:00Z,2026-10-08T19:13+00:00
RJ Harvey,rush_yds,15.0,-173,Denver Broncos @ Los Angeles Chargers,2026-10-11T20:05:00Z,2026-10-08T19:13+00:00
RJ Harvey,rush_yds,19.0,-114,Denver Broncos @ Los Angeles Chargers,2026-10-11T20:05:00Z,2026-10-08T19:13+00:00
RJ Harvey,rush_yds,20.0,-103,Denver Broncos @ Los Angeles Chargers,2026-10-11T20:05:00Z,2026-10-08T19:13+00:00
RJ Harvey,rush_yds,25.0,156,Denver Broncos @ Los Angeles Chargers,2026-10-11T20:05:00Z,2026-10-08T19:13+00:00
RJ Harvey,rush_yds,30.0,235,Denver Broncos @ Los Angeles Chargers,2026-10-11T20:05:00Z,2026-10-08T19:13+00:00
RJ Harvey,rush_yds,40.0,495,Denver Broncos @ Los Angeles Chargers,2026-10-11T20:05:00Z,2026-10-08T19:13+00:00
RJ Harvey,rush_yds,50.0,880,Denver Broncos @ Los Angeles Chargers,2026-10-11T20:05:00Z,2026-10-08T19:13+00:00
RJ Harvey,rush_yds,60.0,1480,Denver Broncos @ Los Angeles Chargers,2026-10-11T20:05:00Z,2026-10-08T19:13+00:00
RJ Harvey,rush_yds,70.0,2300,Denver Broncos @ Los Angeles Chargers,2026-10-11T20:05:00Z,2026-10-08T19:13+00:00
RJ Harvey,rush_yds,80.0,3500,Denver Broncos @ Los Angeles Chargers,2026-10-11T20:05:00Z,2026-10-08T19:13+00:00
Bo Nix,rush_yds,10.0,-203,Denver Broncos @ Los Angeles Chargers,2026-10-11T20:05:00Z,2026-10-08T19:13+00:00
Bo Nix,rush_yds,15.0,-107,Denver Broncos @ Los Angeles Chargers,2026-10-11T20:05:00Z,2026-10-08T19:13+00:00
Bo Nix,rush_yds,20.0,158,Denver Broncos @ Los Angeles Chargers,2026-10-11T20:05:00Z,2026-10-08T19:13+00:00
Bo Nix,rush_yds,25.0,250,Denver Broncos @ Los Angeles Chargers,2026-10-11T20:05:00Z,2026-10-08T19:13+00:00
Bo Nix,rush_yds,30.0,384,Denver Broncos @ Los Angeles Chargers,2026-10-11T20:05:00Z,2026-10-08T19:13+00:00
Bo Nix,rush_yds,40.0,850,Denver Broncos @ Los Angeles Chargers,2026-10-11T20:05:00Z,2026-10-08T19:13+00:00
Bo Nix,rush_yds,50.0,1640,Denver Broncos @ Los Angeles Chargers,2026-10-11T20:05:00Z,2026-10-08T19:13+00:00
Bo Nix,rush_yds,60.0,2800,Denver Broncos @ Los Angeles Chargers,2026-10-11T20:05:00Z,2026-10-08T19:13+00:00
Bo Nix,rush_yds,70.0,4000,Denver Broncos @ Los Angeles Chargers,2026-10-11T20:05:00Z,2026-10-08T19:13+00:00
Jacoby Brissett,pass_att,28.0,-3200,Detroit Lions @ Arizona Cardinals,2026-10-11T20:25:00Z,2026-10-08T19:13+00:00
Jacoby Brissett,pass_att,30.0,-1240,Detroit Lions @ Arizona Cardinals,2026-10-11T20:25:00Z,2026-10-08T19:13+00:00
Jacoby Brissett,pass_att,32.0,-595,Detroit Lions @ Arizona Cardinals,2026-10-11T20:25:00Z,2026-10-08T19:13+00:00
Jacoby Brissett,pass_att,34.0,-323,Detroit Lions @ Arizona Cardinals,2026-10-11T20:25:00Z,2026-10-08T19:13+00:00
Jacoby Brissett,pass_att,36.0,-194,Detroit Lions @ Arizona Cardinals,2026-10-11T20:25:00Z,2026-10-08T19:13+00:00
Jacoby Brissett,pass_att,38.0,-121,Detroit Lions @ Arizona Cardinals,2026-10-11T20:25:00Z,2026-10-08T19:13+00:00
Jacoby Brissett,pass_att,40.0,129,Detroit Lions @ Arizona Cardinals,2026-10-11T20:25:00Z,2026-10-08T19:13+00:00
Jacoby Brissett,pass_att,42.0,198,Detroit Lions @ Arizona Cardinals,2026-10-11T20:25:00Z,2026-10-08T19:13+00:00
Jacoby Brissett,pass_att,44.0,302,Detroit Lions @ Arizona Cardinals,2026-10-11T20:25:00Z,2026-10-08T19:13+00:00
Jacoby Brissett,pass_att,46.0,463,Detroit Lions @ Arizona Cardinals,2026-10-11T20:25:00Z,2026-10-08T19:13+00:00
Jacoby Brissett,pass_att,48.0,710,Detroit Lions @ Arizona Cardinals,2026-10-11T20:25:00Z,2026-10-08T19:13+00:00
Jacoby Brissett,pass_att,50.0,1060,Detroit Lions @ Arizona Cardinals,2026-10-11T20:25:00Z,2026-10-08T19:13+00:00
Jared Goff,pass_att,26.0,-2400,Detroit Lions @ Arizona Cardinals,2026-10-11T20:25:00Z,2026-10-08T19:13+00:00
Jared Goff,pass_att,28.0,-930,Detroit Lions @ Arizona Cardinals,2026-10-11T20:25:00Z,2026-10-08T19:13+00:00
Jared Goff,pass_att,30.0,-436,Detroit Lions @ Arizona Cardinals,2026-10-11T20:25:00Z,2026-10-08T19:13+00:00
Jared Goff,pass_att,32.0,-236,Detroit Lions @ Arizona Cardinals,2026-10-11T20:25:00Z,2026-10-08T19:13+00:00
Jared Goff,pass_att,34.0,-133,Detroit Lions @ Arizona Cardinals,2026-10-11T20:25:00Z,2026-10-08T19:13+00:00
Jared Goff,pass_att,35.0,-102,Detroit Lions @ Arizona Cardinals,2026-10-11T20:25:00Z,2026-10-08T19:13+00:00
Jared Goff,pass_att,36.0,125,Detroit Lions @ Arizona Cardinals,2026-10-11T20:25:00Z,2026-10-08T19:13+00:00
Jared Goff,pass_att,38.0,200,Detroit Lions @ Arizona Cardinals,2026-10-11T20:25:00Z,2026-10-08T19:13+00:00
Jared Goff,pass_att,40.0,324,Detroit Lions @ Arizona Cardinals,2026-10-11T20:25:00Z,2026-10-08T19:13+00:00
Jared Goff,pass_att,42.0,510,Detroit Lions @ Arizona Cardinals,2026-10-11T20:25:00Z,2026-10-08T19:13+00:00
Jared Goff,pass_att,44.0,790,Detroit Lions @ Arizona Cardinals,2026-10-11T20:25:00Z,2026-10-08T19:13+00:00
Jared Goff,pass_att,46.0,1140,Detroit Lions @ Arizona Cardinals,2026-10-11T20:25:00Z,2026-10-08T19:13+00:00
Jared Goff,pass_att,48.0,1700,Detroit Lions @ Arizona Cardinals,2026-10-11T20:25:00Z,2026-10-08T19:13+00:00
Jacoby Brissett,pass_cmps,20.0,-1100,Detroit Lions @ Arizona Cardinals,2026-10-11T20:25:00Z,2026-10-08T19:13+00:00
Jacoby Brissett,pass_cmps,22.0,-453,Detroit Lions @ Arizona Cardinals,2026-10-11T20:25:00Z,2026-10-08T19:13+00:00
Jacoby Brissett,pass_cmps,24.0,-211,Detroit Lions @ Arizona Cardinals,2026-10-11T20:25:00Z,2026-10-08T19:13+00:00
Jacoby Brissett,pass_cmps,26.0,-109,Detroit Lions @ Arizona Cardinals,2026-10-11T20:25:00Z,2026-10-08T19:13+00:00
Jacoby Brissett,pass_cmps,28.0,170,Detroit Lions @ Arizona Cardinals,2026-10-11T20:25:00Z,2026-10-08T19:13+00:00
Jacoby Brissett,pass_cmps,30.0,306,Detroit Lions @ Arizona Cardinals,2026-10-11T20:25:00Z,2026-10-08T19:13+00:00
Jacoby Brissett,pass_cmps,32.0,552,Detroit Lions @ Arizona Cardinals,2026-10-11T20:25:00Z,2026-10-08T19:13+00:00
Jacoby Brissett,pass_cmps,34.0,1000,Detroit Lions @ Arizona Cardinals,2026-10-11T20:25:00Z,2026-10-08T19:13+00:00
Jacoby Brissett,pass_cmps,36.0,1720,Detroit Lions @ Arizona Cardinals,2026-10-11T20:25:00Z,2026-10-08T19:13+00:00
Jared Goff,pass_cmps,20.0,-1340,Detroit Lions @ Arizona Cardinals,2026-10-11T20:25:00Z,2026-10-08T19:13+00:00
Jared Goff,pass_cmps,22.0,-475,Detroit Lions @ Arizona Cardinals,2026-10-11T20:25:00Z,2026-10-08T19:13+00:00
Jared Goff,pass_cmps,24.0,-216,Detroit Lions @ Arizona Cardinals,2026-10-11T20:25:00Z,2026-10-08T19:13+00:00
Jared Goff,pass_cmps,26.0,-106,Detroit Lions @ Arizona Cardinals,2026-10-11T20:25:00Z,2026-10-08T19:13+00:00
Jared Goff,pass_cmps,28.0,185,Detroit Lions @ Arizona Cardinals,2026-10-11T20:25:00Z,2026-10-08T19:13+00:00
Jared Goff,pass_cmps,30.0,358,Detroit Lions @ Arizona Cardinals,2026-10-11T20:25:00Z,2026-10-08T19:13+00:00
Jared Goff,pass_cmps,32.0,660,Detroit Lions @ Arizona Cardinals,2026-10-11T20:25:00Z,2026-10-08T19:13+00:00
Jared Goff,pass_cmps,34.0,1200,Detroit Lions @ Arizona Cardinals,2026-10-11T20:25:00Z,2026-10-08T19:13+00:00
Jared Goff,pass_yds,200.0,-1300,Detroit Lions @ Arizona Cardinals,2026-10-11T20:25:00Z,2026-10-08T19:13+00:00
Jared Goff,pass_yds,210.0,-880,Detroit Lions @ Arizona Cardinals,2026-10-11T20:25:00Z,2026-10-08T19:13+00:00
Jared Goff,pass_yds,220.0,-610,Detroit Lions @ Arizona Cardinals,2026-10-11T20:25:00Z,2026-10-08T19:13+00:00
Jared Goff,pass_yds,230.0,-433,Detroit Lions @ Arizona Cardinals,2026-10-11T20:25:00Z,2026-10-08T19:13+00:00
Jared Goff,pass_yds,240.0,-327,Detroit Lions @ Arizona Cardinals,2026-10-11T20:25:00Z,2026-10-08T19:13+00:00
Jared Goff,pass_yds,250.0,-247,Detroit Lions @ Arizona Cardinals,2026-10-11T20:25:00Z,2026-10-08T19:13+00:00
Jared Goff,pass_yds,260.0,-188,Detroit Lions @ Arizona Cardinals,2026-10-11T20:25:00Z,2026-10-08T19:13+00:00
Jared Goff,pass_yds,270.0,-144,Detroit Lions @ Arizona Cardinals,2026-10-11T20:25:00Z,2026-10-08T19:13+00:00
Jared Goff,pass_yds,280.0,-112,Detroit Lions @ Arizona Cardinals,2026-10-11T20:25:00Z,2026-10-08T19:13+00:00
Jared Goff,pass_yds,290.0,115,Detroit Lions @ Arizona Cardinals,2026-10-11T20:25:00Z,2026-10-08T19:13+00:00
Jared Goff,pass_yds,300.0,146,Detroit Lions @ Arizona Cardinals,2026-10-11T20:25:00Z,2026-10-08T19:13+00:00
Jared Goff,pass_yds,310.0,185,Detroit Lions @ Arizona Cardinals,2026-10-11T20:25:00Z,2026-10-08T19:13+00:00
Jared Goff,pass_yds,320.0,235,Detroit Lions @ Arizona Cardinals,2026-10-11T20:25:00Z,2026-10-08T19:13+00:00
Jared Goff,pass_yds,330.0,295,Detroit Lions @ Arizona Cardinals,2026-10-11T20:25:00Z,2026-10-08T19:13+00:00
Jared Goff,pass_yds,340.0,373,Detroit Lions @ Arizona Cardinals,2026-10-11T20:25:00Z,2026-10-08T19:13+00:00
Jared Goff,pass_yds,350.0,477,Detroit Lions @ Arizona Cardinals,2026-10-11T20:25:00Z,2026-10-08T19:13+00:00
Jared Goff,pass_yds,360.0,600,Detroit Lions @ Arizona Cardinals,2026-10-11T20:25:00Z,2026-10-08T19:13+00:00
Jared Goff,pass_yds,370.0,760,Detroit Lions @ Arizona Cardinals,2026-10-11T20:25:00Z,2026-10-08T19:13+00:00
Jared Goff,pass_yds,380.0,960,Detroit Lions @ Arizona Cardinals,2026-10-11T20:25:00Z,2026-10-08T19:13+00:00
Jared Goff,pass_yds,390.0,1200,Detroit Lions @ Arizona Cardinals,2026-10-11T20:25:00Z,2026-10-08T19:13+00:00
Jared Goff,pass_yds,400.0,1540,Detroit Lions @ Arizona Cardinals,2026-10-11T20:25:00Z,2026-10-08T19:13+00:00
Jared Goff,pass_yds,410.0,1960,Detroit Lions @ Arizona Cardinals,2026-10-11T20:25:00Z,2026-10-08T19:13+00:00
Jared Goff,pass_yds,420.0,2400,Detroit Lions @ Arizona Cardinals,2026-10-11T20:25:00Z,2026-10-08T19:13+00:00
Jared Goff,pass_yds,430.0,2900,Detroit Lions @ Arizona Cardinals,2026-10-11T20:25:00Z,2026-10-08T19:13+00:00
Jared Goff,pass_yds,440.0,3600,Detroit Lions @ Arizona Cardinals,2026-10-11T20:25:00Z,2026-10-08T19:13+00:00
Jacoby Brissett,pass_yds,180.0,-1460,Detroit Lions @ Arizona Cardinals,2026-10-11T20:25:00Z,2026-10-08T19:13+00:00
Jacoby Brissett,pass_yds,190.0,-1060,Detroit Lions @ Arizona Cardinals,2026-10-11T20:25:00Z,2026-10-08T19:13+00:00
Jacoby Brissett,pass_yds,200.0,-740,Detroit Lions @ Arizona Cardinals,2026-10-11T20:25:00Z,2026-10-08T19:13+00:00
Jacoby Brissett,pass_yds,210.0,-530,Detroit Lions @ Arizona Cardinals,2026-10-11T20:25:00Z,2026-10-08T19:13+00:00
Jacoby Brissett,pass_yds,220.0,-394,Detroit Lions @ Arizona Cardinals,2026-10-11T20:25:00Z,2026-10-08T19:13+00:00
Jacoby Brissett,pass_yds,230.0,-300,Detroit Lions @ Arizona Cardinals,2026-10-11T20:25:00Z,2026-10-08T19:13+00:00
Jacoby Brissett,pass_yds,240.0,-232,Detroit Lions @ Arizona Cardinals,2026-10-11T20:25:00Z,2026-10-08T19:13+00:00
Jacoby Brissett,pass_yds,250.0,-180,Detroit Lions @ Arizona Cardinals,2026-10-11T20:25:00Z,2026-10-08T19:13+00:00
Jacoby Brissett,pass_yds,260.0,-141,Detroit Lions @ Arizona Cardinals,2026-10-11T20:25:00Z,2026-10-08T19:13+00:00
Jacoby Brissett,pass_yds,270.0,-112,Detroit Lions @ Arizona Cardinals,2026-10-11T20:25:00Z,2026-10-08T19:13+00:00
Jacoby Brissett,pass_yds,280.0,112,Detroit Lions @ Arizona Cardinals,2026-10-11T20:25:00Z,2026-10-08T19:13+00:00
Jacoby Brissett,pass_yds,290.0,143,Detroit Lions @ Arizona Cardinals,2026-10-11T20:25:00Z,2026-10-08T19:13+00:00
Jacoby Brissett,pass_yds,300.0,179,Detroit Lions @ Arizona Cardinals,2026-10-11T20:25:00Z,2026-10-08T19:13+00:00
Jacoby Brissett,pass_yds,310.0,226,Detroit Lions @ Arizona Cardinals,2026-10-11T20:25:00Z,2026-10-08T19:13+00:00
Jacoby Brissett,pass_yds,320.0,286,Detroit Lions @ Arizona Cardinals,2026-10-11T20:25:00Z,2026-10-08T19:13+00:00
Jacoby Brissett,pass_yds,330.0,355,Detroit Lions @ Arizona Cardinals,2026-10-11T20:25:00Z,2026-10-08T19:13+00:00
Jacoby Brissett,pass_yds,340.0,448,Detroit Lions @ Arizona Cardinals,2026-10-11T20:25:00Z,2026-10-08T19:13+00:00
Jacoby Brissett,pass_yds,350.0,563,Detroit Lions @ Arizona Cardinals,2026-10-11T20:25:00Z,2026-10-08T19:13+00:00
Jacoby Brissett,pass_yds,360.0,700,Detroit Lions @ Arizona Cardinals,2026-10-11T20:25:00Z,2026-10-08T19:13+00:00
Jacoby Brissett,pass_yds,370.0,870,Detroit Lions @ Arizona Cardinals,2026-10-11T20:25:00Z,2026-10-08T19:13+00:00
Jacoby Brissett,pass_yds,380.0,1080,Detroit Lions @ Arizona Cardinals,2026-10-11T20:25:00Z,2026-10-08T19:13+00:00
Jacoby Brissett,pass_yds,390.0,1360,Detroit Lions @ Arizona Cardinals,2026-10-11T20:25:00Z,2026-10-08T19:13+00:00
Jacoby Brissett,pass_yds,400.0,1720,Detroit Lions @ Arizona Cardinals,2026-10-11T20:25:00Z,2026-10-08T19:13+00:00
Jacoby Brissett,pass_yds,410.0,2100,Detroit Lions @ Arizona Cardinals,2026-10-11T20:25:00Z,2026-10-08T19:13+00:00
Jacoby Brissett,pass_yds,420.0,2600,Detroit Lions @ Arizona Cardinals,2026-10-11T20:25:00Z,2026-10-08T19:13+00:00
Jacoby Brissett,pass_yds,430.0,3200,Detroit Lions @ Arizona Cardinals,2026-10-11T20:25:00Z,2026-10-08T19:13+00:00
Jacoby Brissett,pass_yds,440.0,4000,Detroit Lions @ Arizona Cardinals,2026-10-11T20:25:00Z,2026-10-08T19:13+00:00
Trey McBride,rec_yds,40.0,-890,Detroit Lions @ Arizona Cardinals,2026-10-11T20:25:00Z,2026-10-08T19:13+00:00
Trey McBride,rec_yds,50.0,-472,Detroit Lions @ Arizona Cardinals,2026-10-11T20:25:00Z,2026-10-08T19:13+00:00
Trey McBride,rec_yds,60.0,-280,Detroit Lions @ Arizona Cardinals,2026-10-11T20:25:00Z,2026-10-08T19:13+00:00
Trey McBride,rec_yds,70.0,-178,Detroit Lions @ Arizona Cardinals,2026-10-11T20:25:00Z,2026-10-08T19:13+00:00
Trey McBride,rec_yds,80.0,-120,Detroit Lions @ Arizona Cardinals,2026-10-11T20:25:00Z,2026-10-08T19:13+00:00
Trey McBride,rec_yds,82.0,-111,Detroit Lions @ Arizona Cardinals,2026-10-11T20:25:00Z,2026-10-08T19:13+00:00
Trey McBride,rec_yds,90.0,123,Detroit Lions @ Arizona Cardinals,2026-10-11T20:25:00Z,2026-10-08T19:13+00:00
Trey McBride,rec_yds,100.0,178,Detroit Lions @ Arizona Cardinals,2026-10-11T20:25:00Z,2026-10-08T19:13+00:00
Trey McBride,rec_yds,110.0,256,Detroit Lions @ Arizona Cardinals,2026-10-11T20:25:00Z,2026-10-08T19:13+00:00
Trey McBride,rec_yds,120.0,358,Detroit Lions @ Arizona Cardinals,2026-10-11T20:25:00Z,2026-10-08T19:13+00:00
Trey McBride,rec_yds,130.0,502,Detroit Lions @ Arizona Cardinals,2026-10-11T20:25:00Z,2026-10-08T19:13+00:00
Trey McBride,rec_yds,140.0,690,Detroit Lions @ Arizona Cardinals,2026-10-11T20:25:00Z,2026-10-08T19:13+00:00
Trey McBride,rec_yds,150.0,970,Detroit Lions @ Arizona Cardinals,2026-10-11T20:25:00Z,2026-10-08T19:13+00:00
Trey McBride,rec_yds,160.0,1320,Detroit Lions @ Arizona Cardinals,2026-10-11T20:25:00Z,2026-10-08T19:13+00:00
Trey McBride,rec_yds,170.0,1780,Detroit Lions @ Arizona Cardinals,2026-10-11T20:25:00Z,2026-10-08T19:13+00:00
Trey McBride,rec_yds,180.0,2400,Detroit Lions @ Arizona Cardinals,2026-10-11T20:25:00Z,2026-10-08T19:13+00:00
Trey McBride,rec_yds,190.0,3300,Detroit Lions @ Arizona Cardinals,2026-10-11T20:25:00Z,2026-10-08T19:13+00:00
Michael Wilson,rec_yds,25.0,-1600,Detroit Lions @ Arizona Cardinals,2026-10-11T20:25:00Z,2026-10-08T19:13+00:00
Michael Wilson,rec_yds,40.0,-522,Detroit Lions @ Arizona Cardinals,2026-10-11T20:25:00Z,2026-10-08T19:13+00:00
Michael Wilson,rec_yds,50.0,-310,Detroit Lions @ Arizona Cardinals,2026-10-11T20:25:00Z,2026-10-08T19:13+00:00
Michael Wilson,rec_yds,60.0,-196,Detroit Lions @ Arizona Cardinals,2026-10-11T20:25:00Z,2026-10-08T19:13+00:00
Michael Wilson,rec_yds,70.0,-132,Detroit Lions @ Arizona Cardinals,2026-10-11T20:25:00Z,2026-10-08T19:13+00:00
Michael Wilson,rec_yds,74.0,-113,Detroit Lions @ Arizona Cardinals,2026-10-11T20:25:00Z,2026-10-08T19:13+00:00
Michael Wilson,rec_yds,80.0,110,Detroit Lions @ Arizona Cardinals,2026-10-11T20:25:00Z,2026-10-08T19:13+00:00
Michael Wilson,rec_yds,90.0,158,Detroit Lions @ Arizona Cardinals,2026-10-11T20:25:00Z,2026-10-08T19:13+00:00
Michael Wilson,rec_yds,100.0,223,Detroit Lions @ Arizona Cardinals,2026-10-11T20:25:00Z,2026-10-08T19:13+00:00
Michael Wilson,rec_yds,110.0,308,Detroit Lions @ Arizona Cardinals,2026-10-11T20:25:00Z,2026-10-08T19:13+00:00
Michael Wilson,rec_yds,120.0,421,Detroit Lions @ Arizona Cardinals,2026-10-11T20:25:00Z,2026-10-08T19:13+00:00
Michael Wilson,rec_yds,130.0,580,Detroit Lions @ Arizona Cardinals,2026-10-11T20:25:00Z,2026-10-08T19:13+00:00
Michael Wilson,rec_yds,140.0,810,Detroit Lions @ Arizona Cardinals,2026-10-11T20:25:00Z,2026-10-08T19:13+00:00
Michael Wilson,rec_yds,150.0,1100,Detroit Lions @ Arizona Cardinals,2026-10-11T20:25:00Z,2026-10-08T19:13+00:00
Michael Wilson,rec_yds,160.0,1480,Detroit Lions @ Arizona Cardinals,2026-10-11T20:25:00Z,2026-10-08T19:13+00:00
Michael Wilson,rec_yds,170.0,2000,Detroit Lions @ Arizona Cardinals,2026-10-11T20:25:00Z,2026-10-08T19:13+00:00
Michael Wilson,rec_yds,180.0,2700,Detroit Lions @ Arizona Cardinals,2026-10-11T20:25:00Z,2026-10-08T19:13+00:00
Michael Wilson,rec_yds,190.0,3500,Detroit Lions @ Arizona Cardinals,2026-10-11T20:25:00Z,2026-10-08T19:13+00:00
Amon-Ra St. Brown,rec_yds,40.0,-1000,Detroit Lions @ Arizona Cardinals,2026-10-11T20:25:00Z,2026-10-08T19:13+00:00
Amon-Ra St. Brown,rec_yds,50.0,-500,Detroit Lions @ Arizona Cardinals,2026-10-11T20:25:00Z,2026-10-08T19:13+00:00
Amon-Ra St. Brown,rec_yds,60.0,-292,Detroit Lions @ Arizona Cardinals,2026-10-11T20:25:00Z,2026-10-08T19:13+00:00
Amon-Ra St. Brown,rec_yds,70.0,-180,Detroit Lions @ Arizona Cardinals,2026-10-11T20:25:00Z,2026-10-08T19:13+00:00
Amon-Ra St. Brown,rec_yds,80.0,-118,Detroit Lions @ Arizona Cardinals,2026-10-11T20:25:00Z,2026-10-08T19:13+00:00
Amon-Ra St. Brown,rec_yds,81.0,-113,Detroit Lions @ Arizona Cardinals,2026-10-11T20:25:00Z,2026-10-08T19:13+00:00
Amon-Ra St. Brown,rec_yds,90.0,127,Detroit Lions @ Arizona Cardinals,2026-10-11T20:25:00Z,2026-10-08T19:13+00:00
Amon-Ra St. Brown,rec_yds,100.0,185,Detroit Lions @ Arizona Cardinals,2026-10-11T20:25:00Z,2026-10-08T19:13+00:00
Amon-Ra St. Brown,rec_yds,110.0,270,Detroit Lions @ Arizona Cardinals,2026-10-11T20:25:00Z,2026-10-08T19:13+00:00
Amon-Ra St. Brown,rec_yds,120.0,387,Detroit Lions @ Arizona Cardinals,2026-10-11T20:25:00Z,2026-10-08T19:13+00:00
Amon-Ra St. Brown,rec_yds,130.0,565,Detroit Lions @ Arizona Cardinals,2026-10-11T20:25:00Z,2026-10-08T19:13+00:00
Amon-Ra St. Brown,rec_yds,140.0,810,Detroit Lions @ Arizona Cardinals,2026-10-11T20:25:00Z,2026-10-08T19:13+00:00
Amon-Ra St. Brown,rec_yds,150.0,1140,Detroit Lions @ Arizona Cardinals,2026-10-11T20:25:00Z,2026-10-08T19:13+00:00
Amon-Ra St. Brown,rec_yds,160.0,1600,Detroit Lions @ Arizona Cardinals,2026-10-11T20:25:00Z,2026-10-08T19:13+00:00
Amon-Ra St. Brown,rec_yds,170.0,2100,Detroit Lions @ Arizona Cardinals,2026-10-11T20:25:00Z,2026-10-08T19:13+00:00
Amon-Ra St. Brown,rec_yds,180.0,2900,Detroit Lions @ Arizona Cardinals,2026-10-11T20:25:00Z,2026-10-08T19:13+00:00
Amon-Ra St. Brown,rec_yds,190.0,3800,Detroit Lions @ Arizona Cardinals,2026-10-11T20:25:00Z,2026-10-08T19:13+00:00
Jameson Williams,rec_yds,15.0,-1380,Detroit Lions @ Arizona Cardinals,2026-10-11T20:25:00Z,2026-10-08T19:13+00:00
Jameson Williams,rec_yds,25.0,-555,Detroit Lions @ Arizona Cardinals,2026-10-11T20:25:00Z,2026-10-08T19:13+00:00
Jameson Williams,rec_yds,40.0,-222,Detroit Lions @ Arizona Cardinals,2026-10-11T20:25:00Z,2026-10-08T19:13+00:00
Jameson Williams,rec_yds,50.0,-135,Detroit Lions @ Arizona Cardinals,2026-10-11T20:25:00Z,2026-10-08T19:13+00:00
Jameson Williams,rec_yds,54.0,-112,Detroit Lions @ Arizona Cardinals,2026-10-11T20:25:00Z,2026-10-08T19:13+00:00
Jameson Williams,rec_yds,60.0,116,Detroit Lions @ Arizona Cardinals,2026-10-11T20:25:00Z,2026-10-08T19:13+00:00
Jameson Williams,rec_yds,70.0,176,Detroit Lions @ Arizona Cardinals,2026-10-11T20:25:00Z,2026-10-08T19:13+00:00
Jameson Williams,rec_yds,80.0,260,Detroit Lions @ Arizona Cardinals,2026-10-11T20:25:00Z,2026-10-08T19:13+00:00
Jameson Williams,rec_yds,90.0,386,Detroit Lions @ Arizona Cardinals,2026-10-11T20:25:00Z,2026-10-08T19:13+00:00
Jameson Williams,rec_yds,100.0,561,Detroit Lions @ Arizona Cardinals,2026-10-11T20:25:00Z,2026-10-08T19:13+00:00
Jameson Williams,rec_yds,110.0,820,Detroit Lions @ Arizona Cardinals,2026-10-11T20:25:00Z,2026-10-08T19:13+00:00
Jameson Williams,rec_yds,120.0,1200,Detroit Lions @ Arizona Cardinals,2026-10-11T20:25:00Z,2026-10-08T19:13+00:00
Jameson Williams,rec_yds,130.0,1720,Detroit Lions @ Arizona Cardinals,2026-10-11T20:25:00Z,2026-10-08T19:13+00:00
Jameson Williams,rec_yds,140.0,2300,Detroit Lions @ Arizona Cardinals,2026-10-11T20:25:00Z,2026-10-08T19:13+00:00
Jameson Williams,rec_yds,150.0,3200,Detroit Lions @ Arizona Cardinals,2026-10-11T20:25:00Z,2026-10-08T19:13+00:00
Sam LaPorta,rec_yds,15.0,-1820,Detroit Lions @ Arizona Cardinals,2026-10-11T20:25:00Z,2026-10-08T19:13+00:00
Sam LaPorta,rec_yds,25.0,-610,Detroit Lions @ Arizona Cardinals,2026-10-11T20:25:00Z,2026-10-08T19:13+00:00
Sam LaPorta,rec_yds,40.0,-211,Detroit Lions @ Arizona Cardinals,2026-10-11T20:25:00Z,2026-10-08T19:13+00:00
Sam LaPorta,rec_yds,50.0,-122,Detroit Lions @ Arizona Cardinals,2026-10-11T20:25:00Z,2026-10-08T19:13+00:00
Sam LaPorta,rec_yds,52.0,-110,Detroit Lions @ Arizona Cardinals,2026-10-11T20:25:00Z,2026-10-08T19:13+00:00
Sam LaPorta,rec_yds,60.0,134,Detroit Lions @ Arizona Cardinals,2026-10-11T20:25:00Z,2026-10-08T19:13+00:00
Sam LaPorta,rec_yds,70.0,215,Detroit Lions @ Arizona Cardinals,2026-10-11T20:25:00Z,2026-10-08T19:13+00:00
Sam LaPorta,rec_yds,80.0,337,Detroit Lions @ Arizona Cardinals,2026-10-11T20:25:00Z,2026-10-08T19:13+00:00
Sam LaPorta,rec_yds,90.0,513,Detroit Lions @ Arizona Cardinals,2026-10-11T20:25:00Z,2026-10-08T19:13+00:00
Sam LaPorta,rec_yds,100.0,770,Detroit Lions @ Arizona Cardinals,2026-10-11T20:25:00Z,2026-10-08T19:13+00:00
Sam LaPorta,rec_yds,110.0,1160,Detroit Lions @ Arizona Cardinals,2026-10-11T20:25:00Z,2026-10-08T19:13+00:00
Sam LaPorta,rec_yds,120.0,1700,Detroit Lions @ Arizona Cardinals,2026-10-11T20:25:00Z,2026-10-08T19:13+00:00
Sam LaPorta,rec_yds,130.0,2600,Detroit Lions @ Arizona Cardinals,2026-10-11T20:25:00Z,2026-10-08T19:13+00:00
Sam LaPorta,rec_yds,140.0,3500,Detroit Lions @ Arizona Cardinals,2026-10-11T20:25:00Z,2026-10-08T19:13+00:00
Marvin Harrison Jr.,rec_yds,15.0,-443,Detroit Lions @ Arizona Cardinals,2026-10-11T20:25:00Z,2026-10-08T19:13+00:00
Marvin Harrison Jr.,rec_yds,25.0,-206,Detroit Lions @ Arizona Cardinals,2026-10-11T20:25:00Z,2026-10-08T19:13+00:00
Marvin Harrison Jr.,rec_yds,35.0,-115,Detroit Lions @ Arizona Cardinals,2026-10-11T20:25:00Z,2026-10-08T19:13+00:00
Marvin Harrison Jr.,rec_yds,40.0,112,Detroit Lions @ Arizona Cardinals,2026-10-11T20:25:00Z,2026-10-08T19:13+00:00
Marvin Harrison Jr.,rec_yds,50.0,178,Detroit Lions @ Arizona Cardinals,2026-10-11T20:25:00Z,2026-10-08T19:13+00:00
Marvin Harrison Jr.,rec_yds,60.0,272,Detroit Lions @ Arizona Cardinals,2026-10-11T20:25:00Z,2026-10-08T19:13+00:00
Marvin Harrison Jr.,rec_yds,70.0,407,Detroit Lions @ Arizona Cardinals,2026-10-11T20:25:00Z,2026-10-08T19:13+00:00
Marvin Harrison Jr.,rec_yds,80.0,610,Detroit Lions @ Arizona Cardinals,2026-10-11T20:25:00Z,2026-10-08T19:13+00:00
Marvin Harrison Jr.,rec_yds,90.0,910,Detroit Lions @ Arizona Cardinals,2026-10-11T20:25:00Z,2026-10-08T19:13+00:00
Marvin Harrison Jr.,rec_yds,100.0,1320,Detroit Lions @ Arizona Cardinals,2026-10-11T20:25:00Z,2026-10-08T19:13+00:00
Marvin Harrison Jr.,rec_yds,110.0,1900,Detroit Lions @ Arizona Cardinals,2026-10-11T20:25:00Z,2026-10-08T19:13+00:00
Marvin Harrison Jr.,rec_yds,120.0,2600,Detroit Lions @ Arizona Cardinals,2026-10-11T20:25:00Z,2026-10-08T19:13+00:00
Marvin Harrison Jr.,rec_yds,130.0,3500,Detroit Lions @ Arizona Cardinals,2026-10-11T20:25:00Z,2026-10-08T19:13+00:00
Jahmyr Gibbs,rec_yds,15.0,-820,Detroit Lions @ Arizona Cardinals,2026-10-11T20:25:00Z,2026-10-08T19:13+00:00
Jahmyr Gibbs,rec_yds,25.0,-282,Detroit Lions @ Arizona Cardinals,2026-10-11T20:25:00Z,2026-10-08T19:13+00:00
Jahmyr Gibbs,rec_yds,38.0,-109,Detroit Lions @ Arizona Cardinals,2026-10-11T20:25:00Z,2026-10-08T19:13+00:00
Jahmyr Gibbs,rec_yds,40.0,103,Detroit Lions @ Arizona Cardinals,2026-10-11T20:25:00Z,2026-10-08T19:13+00:00
Jahmyr Gibbs,rec_yds,50.0,187,Detroit Lions @ Arizona Cardinals,2026-10-11T20:25:00Z,2026-10-08T19:13+00:00
Jahmyr Gibbs,rec_yds,60.0,318,Detroit Lions @ Arizona Cardinals,2026-10-11T20:25:00Z,2026-10-08T19:13+00:00
Jahmyr Gibbs,rec_yds,70.0,530,Detroit Lions @ Arizona Cardinals,2026-10-11T20:25:00Z,2026-10-08T19:13+00:00
Jahmyr Gibbs,rec_yds,80.0,870,Detroit Lions @ Arizona Cardinals,2026-10-11T20:25:00Z,2026-10-08T19:13+00:00
Jahmyr Gibbs,rec_yds,90.0,1400,Detroit Lions @ Arizona Cardinals,2026-10-11T20:25:00Z,2026-10-08T19:13+00:00
Jahmyr Gibbs,rec_yds,100.0,2100,Detroit Lions @ Arizona Cardinals,2026-10-11T20:25:00Z,2026-10-08T19:13+00:00
Jahmyr Gibbs,rec_yds,110.0,3100,Detroit Lions @ Arizona Cardinals,2026-10-11T20:25:00Z,2026-10-08T19:13+00:00
Isaac TeSlaa,rec_yds,15.0,-257,Detroit Lions @ Arizona Cardinals,2026-10-11T20:25:00Z,2026-10-08T19:13+00:00
Isaac TeSlaa,rec_yds,25.0,-120,Detroit Lions @ Arizona Cardinals,2026-10-11T20:25:00Z,2026-10-08T19:13+00:00
Isaac TeSlaa,rec_yds,26.0,-113,Detroit Lions @ Arizona Cardinals,2026-10-11T20:25:00Z,2026-10-08T19:13+00:00
Isaac TeSlaa,rec_yds,40.0,193,Detroit Lions @ Arizona Cardinals,2026-10-11T20:25:00Z,2026-10-08T19:13+00:00
Isaac TeSlaa,rec_yds,50.0,321,Detroit Lions @ Arizona Cardinals,2026-10-11T20:25:00Z,2026-10-08T19:13+00:00
Isaac TeSlaa,rec_yds,60.0,507,Detroit Lions @ Arizona Cardinals,2026-10-11T20:25:00Z,2026-10-08T19:13+00:00
Isaac TeSlaa,rec_yds,70.0,790,Detroit Lions @ Arizona Cardinals,2026-10-11T20:25:00Z,2026-10-08T19:13+00:00
Isaac TeSlaa,rec_yds,80.0,1200,Detroit Lions @ Arizona Cardinals,2026-10-11T20:25:00Z,2026-10-08T19:13+00:00
Isaac TeSlaa,rec_yds,90.0,1780,Detroit Lions @ Arizona Cardinals,2026-10-11T20:25:00Z,2026-10-08T19:13+00:00
Isaac TeSlaa,rec_yds,100.0,2600,Detroit Lions @ Arizona Cardinals,2026-10-11T20:25:00Z,2026-10-08T19:13+00:00
Isaac TeSlaa,rec_yds,110.0,3500,Detroit Lions @ Arizona Cardinals,2026-10-11T20:25:00Z,2026-10-08T19:13+00:00
Kendrick Bourne,rec_yds,15.0,-229,Detroit Lions @ Arizona Cardinals,2026-10-11T20:25:00Z,2026-10-08T19:13+00:00
Kendrick Bourne,rec_yds,25.0,-109,Detroit Lions @ Arizona Cardinals,2026-10-11T20:25:00Z,2026-10-08T19:13+00:00
Kendrick Bourne,rec_yds,40.0,221,Detroit Lions @ Arizona Cardinals,2026-10-11T20:25:00Z,2026-10-08T19:13+00:00
Kendrick Bourne,rec_yds,50.0,371,Detroit Lions @ Arizona Cardinals,2026-10-11T20:25:00Z,2026-10-08T19:13+00:00
Kendrick Bourne,rec_yds,60.0,594,Detroit Lions @ Arizona Cardinals,2026-10-11T20:25:00Z,2026-10-08T19:13+00:00
Kendrick Bourne,rec_yds,70.0,960,Detroit Lions @ Arizona Cardinals,2026-10-11T20:25:00Z,2026-10-08T19:13+00:00
Kendrick Bourne,rec_yds,80.0,1520,Detroit Lions @ Arizona Cardinals,2026-10-11T20:25:00Z,2026-10-08T19:13+00:00
Kendrick Bourne,rec_yds,90.0,2200,Detroit Lions @ Arizona Cardinals,2026-10-11T20:25:00Z,2026-10-08T19:13+00:00
Kendrick Bourne,rec_yds,100.0,3300,Detroit Lions @ Arizona Cardinals,2026-10-11T20:25:00Z,2026-10-08T19:13+00:00
Tyler Allgeier,rec_yds,12.0,-116,Detroit Lions @ Arizona Cardinals,2026-10-11T20:25:00Z,2026-10-08T19:13+00:00
Tyler Allgeier,rec_yds,15.0,117,Detroit Lions @ Arizona Cardinals,2026-10-11T20:25:00Z,2026-10-08T19:13+00:00
Tyler Allgeier,rec_yds,25.0,263,Detroit Lions @ Arizona Cardinals,2026-10-11T20:25:00Z,2026-10-08T19:13+00:00
Tyler Allgeier,rec_yds,40.0,680,Detroit Lions @ Arizona Cardinals,2026-10-11T20:25:00Z,2026-10-08T19:13+00:00
Tyler Allgeier,rec_yds,50.0,1120,Detroit Lions @ Arizona Cardinals,2026-10-11T20:25:00Z,2026-10-08T19:13+00:00
Tyler Allgeier,rec_yds,60.0,1760,Detroit Lions @ Arizona Cardinals,2026-10-11T20:25:00Z,2026-10-08T19:13+00:00
Tyler Allgeier,rec_yds,70.0,2600,Detroit Lions @ Arizona Cardinals,2026-10-11T20:25:00Z,2026-10-08T19:13+00:00
Tyler Allgeier,rec_yds,80.0,3800,Detroit Lions @ Arizona Cardinals,2026-10-11T20:25:00Z,2026-10-08T19:13+00:00
Jeremiyah Love,rec_yds,12.0,-109,Detroit Lions @ Arizona Cardinals,2026-10-11T20:25:00Z,2026-10-08T19:13+00:00
Jeremiyah Love,rec_yds,15.0,134,Detroit Lions @ Arizona Cardinals,2026-10-11T20:25:00Z,2026-10-08T19:13+00:00
Jeremiyah Love,rec_yds,25.0,352,Detroit Lions @ Arizona Cardinals,2026-10-11T20:25:00Z,2026-10-08T19:13+00:00
Jeremiyah Love,rec_yds,40.0,980,Detroit Lions @ Arizona Cardinals,2026-10-11T20:25:00Z,2026-10-08T19:13+00:00
Jeremiyah Love,rec_yds,50.0,1480,Detroit Lions @ Arizona Cardinals,2026-10-11T20:25:00Z,2026-10-08T19:13+00:00
Jeremiyah Love,rec_yds,60.0,2000,Detroit Lions @ Arizona Cardinals,2026-10-11T20:25:00Z,2026-10-08T19:13+00:00
Jeremiyah Love,rec_yds,70.0,2900,Detroit Lions @ Arizona Cardinals,2026-10-11T20:25:00Z,2026-10-08T19:13+00:00
Trey McBride,receptions,5.0,-1180,Detroit Lions @ Arizona Cardinals,2026-10-11T20:25:00Z,2026-10-08T19:13+00:00
Trey McBride,receptions,6.0,-493,Detroit Lions @ Arizona Cardinals,2026-10-11T20:25:00Z,2026-10-08T19:13+00:00
Trey McBride,receptions,7.0,-246,Detroit Lions @ Arizona Cardinals,2026-10-11T20:25:00Z,2026-10-08T19:13+00:00
Trey McBride,receptions,8.0,-136,Detroit Lions @ Arizona Cardinals,2026-10-11T20:25:00Z,2026-10-08T19:13+00:00
Trey McBride,receptions,9.0,125,Detroit Lions @ Arizona Cardinals,2026-10-11T20:25:00Z,2026-10-08T19:13+00:00
Trey McBride,receptions,10.0,208,Detroit Lions @ Arizona Cardinals,2026-10-11T20:25:00Z,2026-10-08T19:13+00:00
Trey McBride,receptions,11.0,346,Detroit Lions @ Arizona Cardinals,2026-10-11T20:25:00Z,2026-10-08T19:13+00:00
Trey McBride,receptions,12.0,567,Detroit Lions @ Arizona Cardinals,2026-10-11T20:25:00Z,2026-10-08T19:13+00:00
Trey McBride,receptions,13.0,920,Detroit Lions @ Arizona Cardinals,2026-10-11T20:25:00Z,2026-10-08T19:13+00:00
Trey McBride,receptions,14.0,1460,Detroit Lions @ Arizona Cardinals,2026-10-11T20:25:00Z,2026-10-08T19:13+00:00
Trey McBride,receptions,15.0,2200,Detroit Lions @ Arizona Cardinals,2026-10-11T20:25:00Z,2026-10-08T19:13+00:00
Trey McBride,receptions,16.0,2900,Detroit Lions @ Arizona Cardinals,2026-10-11T20:25:00Z,2026-10-08T19:13+00:00
Amon-Ra St. Brown,receptions,4.0,-2600,Detroit Lions @ Arizona Cardinals,2026-10-11T20:25:00Z,2026-10-08T19:13+00:00
Amon-Ra St. Brown,receptions,5.0,-800,Detroit Lions @ Arizona Cardinals,2026-10-11T20:25:00Z,2026-10-08T19:13+00:00
Amon-Ra St. Brown,receptions,6.0,-349,Detroit Lions @ Arizona Cardinals,2026-10-11T20:25:00Z,2026-10-08T19:13+00:00
Amon-Ra St. Brown,receptions,7.0,-176,Detroit Lions @ Arizona Cardinals,2026-10-11T20:25:00Z,2026-10-08T19:13+00:00
Amon-Ra St. Brown,receptions,8.0,103,Detroit Lions @ Arizona Cardinals,2026-10-11T20:25:00Z,2026-10-08T19:13+00:00
Amon-Ra St. Brown,receptions,9.0,182,Detroit Lions @ Arizona Cardinals,2026-10-11T20:25:00Z,2026-10-08T19:13+00:00
Amon-Ra St. Brown,receptions,10.0,318,Detroit Lions @ Arizona Cardinals,2026-10-11T20:25:00Z,2026-10-08T19:13+00:00
Amon-Ra St. Brown,receptions,11.0,551,Detroit Lions @ Arizona Cardinals,2026-10-11T20:25:00Z,2026-10-08T19:13+00:00
Amon-Ra St. Brown,receptions,12.0,920,Detroit Lions @ Arizona Cardinals,2026-10-11T20:25:00Z,2026-10-08T19:13+00:00
Amon-Ra St. Brown,receptions,13.0,1540,Detroit Lions @ Arizona Cardinals,2026-10-11T20:25:00Z,2026-10-08T19:13+00:00
Amon-Ra St. Brown,receptions,14.0,2200,Detroit Lions @ Arizona Cardinals,2026-10-11T20:25:00Z,2026-10-08T19:13+00:00
Michael Wilson,receptions,3.0,-1980,Detroit Lions @ Arizona Cardinals,2026-10-11T20:25:00Z,2026-10-08T19:13+00:00
Michael Wilson,receptions,4.0,-630,Detroit Lions @ Arizona Cardinals,2026-10-11T20:25:00Z,2026-10-08T19:13+00:00
Michael Wilson,receptions,5.0,-276,Detroit Lions @ Arizona Cardinals,2026-10-11T20:25:00Z,2026-10-08T19:13+00:00
Michael Wilson,receptions,6.0,-142,Detroit Lions @ Arizona Cardinals,2026-10-11T20:25:00Z,2026-10-08T19:13+00:00
Michael Wilson,receptions,7.0,128,Detroit Lions @ Arizona Cardinals,2026-10-11T20:25:00Z,2026-10-08T19:13+00:00
Michael Wilson,receptions,8.0,226,Detroit Lions @ Arizona Cardinals,2026-10-11T20:25:00Z,2026-10-08T19:13+00:00
Michael Wilson,receptions,9.0,392,Detroit Lions @ Arizona Cardinals,2026-10-11T20:25:00Z,2026-10-08T19:13+00:00
Michael Wilson,receptions,10.0,670,Detroit Lions @ Arizona Cardinals,2026-10-11T20:25:00Z,2026-10-08T19:13+00:00
Michael Wilson,receptions,11.0,1140,Detroit Lions @ Arizona Cardinals,2026-10-11T20:25:00Z,2026-10-08T19:13+00:00
Michael Wilson,receptions,12.0,1780,Detroit Lions @ Arizona Cardinals,2026-10-11T20:25:00Z,2026-10-08T19:13+00:00
Michael Wilson,receptions,13.0,2600,Detroit Lions @ Arizona Cardinals,2026-10-11T20:25:00Z,2026-10-08T19:13+00:00
Sam LaPorta,receptions,3.0,-1000,Detroit Lions @ Arizona Cardinals,2026-10-11T20:25:00Z,2026-10-08T19:13+00:00
Sam LaPorta,receptions,4.0,-341,Detroit Lions @ Arizona Cardinals,2026-10-11T20:25:00Z,2026-10-08T19:13+00:00
Sam LaPorta,receptions,5.0,-154,Detroit Lions @ Arizona Cardinals,2026-10-11T20:25:00Z,2026-10-08T19:13+00:00
Sam LaPorta,receptions,6.0,129,Detroit Lions @ Arizona Cardinals,2026-10-11T20:25:00Z,2026-10-08T19:13+00:00
Sam LaPorta,receptions,7.0,250,Detroit Lions @ Arizona Cardinals,2026-10-11T20:25:00Z,2026-10-08T19:13+00:00
Sam LaPorta,receptions,8.0,478,Detroit Lions @ Arizona Cardinals,2026-10-11T20:25:00Z,2026-10-08T19:13+00:00
Sam LaPorta,receptions,9.0,870,Detroit Lions @ Arizona Cardinals,2026-10-11T20:25:00Z,2026-10-08T19:13+00:00
Sam LaPorta,receptions,10.0,1520,Detroit Lions @ Arizona Cardinals,2026-10-11T20:25:00Z,2026-10-08T19:13+00:00
Sam LaPorta,receptions,11.0,2400,Detroit Lions @ Arizona Cardinals,2026-10-11T20:25:00Z,2026-10-08T19:13+00:00
Jahmyr Gibbs,receptions,2.0,-3800,Detroit Lions @ Arizona Cardinals,2026-10-11T20:25:00Z,2026-10-08T19:13+00:00
Jahmyr Gibbs,receptions,3.0,-740,Detroit Lions @ Arizona Cardinals,2026-10-11T20:25:00Z,2026-10-08T19:13+00:00
Jahmyr Gibbs,receptions,4.0,-280,Detroit Lions @ Arizona Cardinals,2026-10-11T20:25:00Z,2026-10-08T19:13+00:00
Jahmyr Gibbs,receptions,5.0,-128,Detroit Lions @ Arizona Cardinals,2026-10-11T20:25:00Z,2026-10-08T19:13+00:00
Jahmyr Gibbs,receptions,6.0,159,Detroit Lions @ Arizona Cardinals,2026-10-11T20:25:00Z,2026-10-08T19:13+00:00
Jahmyr Gibbs,receptions,7.0,303,Detroit Lions @ Arizona Cardinals,2026-10-11T20:25:00Z,2026-10-08T19:13+00:00
Jahmyr Gibbs,receptions,8.0,571,Detroit Lions @ Arizona Cardinals,2026-10-11T20:25:00Z,2026-10-08T19:13+00:00
Jahmyr Gibbs,receptions,9.0,1040,Detroit Lions @ Arizona Cardinals,2026-10-11T20:25:00Z,2026-10-08T19:13+00:00
Jahmyr Gibbs,receptions,10.0,1840,Detroit Lions @ Arizona Cardinals,2026-10-11T20:25:00Z,2026-10-08T19:13+00:00
Jahmyr Gibbs,receptions,11.0,2800,Detroit Lions @ Arizona Cardinals,2026-10-11T20:25:00Z,2026-10-08T19:13+00:00
Jameson Williams,receptions,2.0,-1360,Detroit Lions @ Arizona Cardinals,2026-10-11T20:25:00Z,2026-10-08T19:13+00:00
Jameson Williams,receptions,3.0,-351,Detroit Lions @ Arizona Cardinals,2026-10-11T20:25:00Z,2026-10-08T19:13+00:00
Jameson Williams,receptions,4.0,-134,Detroit Lions @ Arizona Cardinals,2026-10-11T20:25:00Z,2026-10-08T19:13+00:00
Jameson Williams,receptions,5.0,167,Detroit Lions @ Arizona Cardinals,2026-10-11T20:25:00Z,2026-10-08T19:13+00:00
Jameson Williams,receptions,6.0,351,Detroit Lions @ Arizona Cardinals,2026-10-11T20:25:00Z,2026-10-08T19:13+00:00
Jameson Williams,receptions,7.0,720,Detroit Lions @ Arizona Cardinals,2026-10-11T20:25:00Z,2026-10-08T19:13+00:00
Jameson Williams,receptions,8.0,1420,Detroit Lions @ Arizona Cardinals,2026-10-11T20:25:00Z,2026-10-08T19:13+00:00
Jameson Williams,receptions,9.0,2500,Detroit Lions @ Arizona Cardinals,2026-10-11T20:25:00Z,2026-10-08T19:13+00:00
Marvin Harrison Jr.,receptions,2.0,-460,Detroit Lions @ Arizona Cardinals,2026-10-11T20:25:00Z,2026-10-08T19:13+00:00
Marvin Harrison Jr.,receptions,3.0,-144,Detroit Lions @ Arizona Cardinals,2026-10-11T20:25:00Z,2026-10-08T19:13+00:00
Marvin Harrison Jr.,receptions,4.0,172,Detroit Lions @ Arizona Cardinals,2026-10-11T20:25:00Z,2026-10-08T19:13+00:00
Marvin Harrison Jr.,receptions,5.0,388,Detroit Lions @ Arizona Cardinals,2026-10-11T20:25:00Z,2026-10-08T19:13+00:00
Marvin Harrison Jr.,receptions,6.0,850,Detroit Lions @ Arizona Cardinals,2026-10-11T20:25:00Z,2026-10-08T19:13+00:00
Marvin Harrison Jr.,receptions,7.0,1740,Detroit Lions @ Arizona Cardinals,2026-10-11T20:25:00Z,2026-10-08T19:13+00:00
Marvin Harrison Jr.,receptions,8.0,2900,Detroit Lions @ Arizona Cardinals,2026-10-11T20:25:00Z,2026-10-08T19:13+00:00
Tyler Allgeier,receptions,2.0,-169,Detroit Lions @ Arizona Cardinals,2026-10-11T20:25:00Z,2026-10-08T19:13+00:00
Tyler Allgeier,receptions,3.0,165,Detroit Lions @ Arizona Cardinals,2026-10-11T20:25:00Z,2026-10-08T19:13+00:00
Tyler Allgeier,receptions,4.0,380,Detroit Lions @ Arizona Cardinals,2026-10-11T20:25:00Z,2026-10-08T19:13+00:00
Tyler Allgeier,receptions,5.0,770,Detroit Lions @ Arizona Cardinals,2026-10-11T20:25:00Z,2026-10-08T19:13+00:00
Tyler Allgeier,receptions,6.0,1360,Detroit Lions @ Arizona Cardinals,2026-10-11T20:25:00Z,2026-10-08T19:13+00:00
Tyler Allgeier,receptions,7.0,2100,Detroit Lions @ Arizona Cardinals,2026-10-11T20:25:00Z,2026-10-08T19:13+00:00
Tyler Allgeier,receptions,8.0,2900,Detroit Lions @ Arizona Cardinals,2026-10-11T20:25:00Z,2026-10-08T19:13+00:00
Isaac TeSlaa,receptions,2.0,-230,Detroit Lions @ Arizona Cardinals,2026-10-11T20:25:00Z,2026-10-08T19:13+00:00
Isaac TeSlaa,receptions,3.0,123,Detroit Lions @ Arizona Cardinals,2026-10-11T20:25:00Z,2026-10-08T19:13+00:00
Isaac TeSlaa,receptions,4.0,294,Detroit Lions @ Arizona Cardinals,2026-10-11T20:25:00Z,2026-10-08T19:13+00:00
Isaac TeSlaa,receptions,5.0,650,Detroit Lions @ Arizona Cardinals,2026-10-11T20:25:00Z,2026-10-08T19:13+00:00
Isaac TeSlaa,receptions,6.0,1340,Detroit Lions @ Arizona Cardinals,2026-10-11T20:25:00Z,2026-10-08T19:13+00:00
Isaac TeSlaa,receptions,7.0,2300,Detroit Lions @ Arizona Cardinals,2026-10-11T20:25:00Z,2026-10-08T19:13+00:00
Jeremiyah Love,receptions,2.0,-291,Detroit Lions @ Arizona Cardinals,2026-10-11T20:25:00Z,2026-10-08T19:13+00:00
Jeremiyah Love,receptions,3.0,103,Detroit Lions @ Arizona Cardinals,2026-10-11T20:25:00Z,2026-10-08T19:13+00:00
Jeremiyah Love,receptions,4.0,258,Detroit Lions @ Arizona Cardinals,2026-10-11T20:25:00Z,2026-10-08T19:13+00:00
Jeremiyah Love,receptions,5.0,610,Detroit Lions @ Arizona Cardinals,2026-10-11T20:25:00Z,2026-10-08T19:13+00:00
Jeremiyah Love,receptions,6.0,1280,Detroit Lions @ Arizona Cardinals,2026-10-11T20:25:00Z,2026-10-08T19:13+00:00
Jeremiyah Love,receptions,7.0,2300,Detroit Lions @ Arizona Cardinals,2026-10-11T20:25:00Z,2026-10-08T19:13+00:00
Kendrick Bourne,receptions,2.0,-278,Detroit Lions @ Arizona Cardinals,2026-10-11T20:25:00Z,2026-10-08T19:13+00:00
Kendrick Bourne,receptions,3.0,105,Detroit Lions @ Arizona Cardinals,2026-10-11T20:25:00Z,2026-10-08T19:13+00:00
Kendrick Bourne,receptions,4.0,270,Detroit Lions @ Arizona Cardinals,2026-10-11T20:25:00Z,2026-10-08T19:13+00:00
Kendrick Bourne,receptions,5.0,640,Detroit Lions @ Arizona Cardinals,2026-10-11T20:25:00Z,2026-10-08T19:13+00:00
Kendrick Bourne,receptions,6.0,1420,Detroit Lions @ Arizona Cardinals,2026-10-11T20:25:00Z,2026-10-08T19:13+00:00
Kendrick Bourne,receptions,7.0,2500,Detroit Lions @ Arizona Cardinals,2026-10-11T20:25:00Z,2026-10-08T19:13+00:00
Jahmyr Gibbs,rush_att,12.0,-2500,Detroit Lions @ Arizona Cardinals,2026-10-11T20:25:00Z,2026-10-08T19:13+00:00
Jahmyr Gibbs,rush_att,14.0,-880,Detroit Lions @ Arizona Cardinals,2026-10-11T20:25:00Z,2026-10-08T19:13+00:00
Jahmyr Gibbs,rush_att,16.0,-391,Detroit Lions @ Arizona Cardinals,2026-10-11T20:25:00Z,2026-10-08T19:13+00:00
Jahmyr Gibbs,rush_att,18.0,-202,Detroit Lions @ Arizona Cardinals,2026-10-11T20:25:00Z,2026-10-08T19:13+00:00
Jahmyr Gibbs,rush_att,20.0,-110,Detroit Lions @ Arizona Cardinals,2026-10-11T20:25:00Z,2026-10-08T19:13+00:00
Jahmyr Gibbs,rush_att,22.0,167,Detroit Lions @ Arizona Cardinals,2026-10-11T20:25:00Z,2026-10-08T19:13+00:00
Jahmyr Gibbs,rush_att,24.0,306,Detroit Lions @ Arizona Cardinals,2026-10-11T20:25:00Z,2026-10-08T19:13+00:00
Jahmyr Gibbs,rush_att,26.0,573,Detroit Lions @ Arizona Cardinals,2026-10-11T20:25:00Z,2026-10-08T19:13+00:00
Jahmyr Gibbs,rush_att,28.0,1060,Detroit Lions @ Arizona Cardinals,2026-10-11T20:25:00Z,2026-10-08T19:13+00:00
Jahmyr Gibbs,rush_yds,40.0,-2800,Detroit Lions @ Arizona Cardinals,2026-10-11T20:25:00Z,2026-10-08T19:13+00:00
Jahmyr Gibbs,rush_yds,50.0,-1120,Detroit Lions @ Arizona Cardinals,2026-10-11T20:25:00Z,2026-10-08T19:13+00:00
Jahmyr Gibbs,rush_yds,60.0,-561,Detroit Lions @ Arizona Cardinals,2026-10-11T20:25:00Z,2026-10-08T19:13+00:00
Jahmyr Gibbs,rush_yds,70.0,-322,Detroit Lions @ Arizona Cardinals,2026-10-11T20:25:00Z,2026-10-08T19:13+00:00
Jahmyr Gibbs,rush_yds,80.0,-200,Detroit Lions @ Arizona Cardinals,2026-10-11T20:25:00Z,2026-10-08T19:13+00:00
Jahmyr Gibbs,rush_yds,90.0,-131,Detroit Lions @ Arizona Cardinals,2026-10-11T20:25:00Z,2026-10-08T19:13+00:00
Jahmyr Gibbs,rush_yds,94.0,-112,Detroit Lions @ Arizona Cardinals,2026-10-11T20:25:00Z,2026-10-08T19:13+00:00
Jahmyr Gibbs,rush_yds,100.0,114,Detroit Lions @ Arizona Cardinals,2026-10-11T20:25:00Z,2026-10-08T19:13+00:00
Jahmyr Gibbs,rush_yds,110.0,168,Detroit Lions @ Arizona Cardinals,2026-10-11T20:25:00Z,2026-10-08T19:13+00:00
Jahmyr Gibbs,rush_yds,120.0,239,Detroit Lions @ Arizona Cardinals,2026-10-11T20:25:00Z,2026-10-08T19:13+00:00
Jahmyr Gibbs,rush_yds,130.0,341,Detroit Lions @ Arizona Cardinals,2026-10-11T20:25:00Z,2026-10-08T19:13+00:00
Jahmyr Gibbs,rush_yds,140.0,490,Detroit Lions @ Arizona Cardinals,2026-10-11T20:25:00Z,2026-10-08T19:13+00:00
Jahmyr Gibbs,rush_yds,150.0,700,Detroit Lions @ Arizona Cardinals,2026-10-11T20:25:00Z,2026-10-08T19:13+00:00
Jahmyr Gibbs,rush_yds,160.0,1000,Detroit Lions @ Arizona Cardinals,2026-10-11T20:25:00Z,2026-10-08T19:13+00:00
Jahmyr Gibbs,rush_yds,170.0,1400,Detroit Lions @ Arizona Cardinals,2026-10-11T20:25:00Z,2026-10-08T19:13+00:00
Jahmyr Gibbs,rush_yds,180.0,1940,Detroit Lions @ Arizona Cardinals,2026-10-11T20:25:00Z,2026-10-08T19:13+00:00
Jahmyr Gibbs,rush_yds,190.0,2600,Detroit Lions @ Arizona Cardinals,2026-10-11T20:25:00Z,2026-10-08T19:13+00:00
Jahmyr Gibbs,rush_yds,200.0,3400,Detroit Lions @ Arizona Cardinals,2026-10-11T20:25:00Z,2026-10-08T19:13+00:00
Jeremiyah Love,rush_yds,10.0,-3200,Detroit Lions @ Arizona Cardinals,2026-10-11T20:25:00Z,2026-10-08T19:13+00:00
Jeremiyah Love,rush_yds,15.0,-1400,Detroit Lions @ Arizona Cardinals,2026-10-11T20:25:00Z,2026-10-08T19:13+00:00
Jeremiyah Love,rush_yds,20.0,-780,Detroit Lions @ Arizona Cardinals,2026-10-11T20:25:00Z,2026-10-08T19:13+00:00
Jeremiyah Love,rush_yds,25.0,-482,Detroit Lions @ Arizona Cardinals,2026-10-11T20:25:00Z,2026-10-08T19:13+00:00
Jeremiyah Love,rush_yds,30.0,-322,Detroit Lions @ Arizona Cardinals,2026-10-11T20:25:00Z,2026-10-08T19:13+00:00
Jeremiyah Love,rush_yds,40.0,-162,Detroit Lions @ Arizona Cardinals,2026-10-11T20:25:00Z,2026-10-08T19:13+00:00
Jeremiyah Love,rush_yds,47.0,-110,Detroit Lions @ Arizona Cardinals,2026-10-11T20:25:00Z,2026-10-08T19:13+00:00
Jeremiyah Love,rush_yds,50.0,106,Detroit Lions @ Arizona Cardinals,2026-10-11T20:25:00Z,2026-10-08T19:13+00:00
Jeremiyah Love,rush_yds,60.0,173,Detroit Lions @ Arizona Cardinals,2026-10-11T20:25:00Z,2026-10-08T19:13+00:00
Jeremiyah Love,rush_yds,70.0,265,Detroit Lions @ Arizona Cardinals,2026-10-11T20:25:00Z,2026-10-08T19:13+00:00
Jeremiyah Love,rush_yds,80.0,403,Detroit Lions @ Arizona Cardinals,2026-10-11T20:25:00Z,2026-10-08T19:13+00:00
Jeremiyah Love,rush_yds,90.0,597,Detroit Lions @ Arizona Cardinals,2026-10-11T20:25:00Z,2026-10-08T19:13+00:00
Jeremiyah Love,rush_yds,100.0,880,Detroit Lions @ Arizona Cardinals,2026-10-11T20:25:00Z,2026-10-08T19:13+00:00
Jeremiyah Love,rush_yds,110.0,1280,Detroit Lions @ Arizona Cardinals,2026-10-11T20:25:00Z,2026-10-08T19:13+00:00
Jeremiyah Love,rush_yds,120.0,1820,Detroit Lions @ Arizona Cardinals,2026-10-11T20:25:00Z,2026-10-08T19:13+00:00
Jeremiyah Love,rush_yds,130.0,2600,Detroit Lions @ Arizona Cardinals,2026-10-11T20:25:00Z,2026-10-08T19:13+00:00
Jeremiyah Love,rush_yds,140.0,3300,Detroit Lions @ Arizona Cardinals,2026-10-11T20:25:00Z,2026-10-08T19:13+00:00
Tyler Allgeier,rush_yds,10.0,-710,Detroit Lions @ Arizona Cardinals,2026-10-11T20:25:00Z,2026-10-08T19:13+00:00
Tyler Allgeier,rush_yds,15.0,-332,Detroit Lions @ Arizona Cardinals,2026-10-11T20:25:00Z,2026-10-08T19:13+00:00
Tyler Allgeier,rush_yds,20.0,-191,Detroit Lions @ Arizona Cardinals,2026-10-11T20:25:00Z,2026-10-08T19:13+00:00
Tyler Allgeier,rush_yds,25.0,-123,Detroit Lions @ Arizona Cardinals,2026-10-11T20:25:00Z,2026-10-08T19:13+00:00
Tyler Allgeier,rush_yds,26.0,-114,Detroit Lions @ Arizona Cardinals,2026-10-11T20:25:00Z,2026-10-08T19:13+00:00
Tyler Allgeier,rush_yds,30.0,118,Detroit Lions @ Arizona Cardinals,2026-10-11T20:25:00Z,2026-10-08T19:13+00:00
Tyler Allgeier,rush_yds,40.0,220,Detroit Lions @ Arizona Cardinals,2026-10-11T20:25:00Z,2026-10-08T19:13+00:00
Tyler Allgeier,rush_yds,50.0,360,Detroit Lions @ Arizona Cardinals,2026-10-11T20:25:00Z,2026-10-08T19:13+00:00
Tyler Allgeier,rush_yds,60.0,549,Detroit Lions @ Arizona Cardinals,2026-10-11T20:25:00Z,2026-10-08T19:13+00:00
Tyler Allgeier,rush_yds,70.0,770,Detroit Lions @ Arizona Cardinals,2026-10-11T20:25:00Z,2026-10-08T19:13+00:00
Tyler Allgeier,rush_yds,80.0,1060,Detroit Lions @ Arizona Cardinals,2026-10-11T20:25:00Z,2026-10-08T19:13+00:00
Tyler Allgeier,rush_yds,90.0,1460,Detroit Lions @ Arizona Cardinals,2026-10-11T20:25:00Z,2026-10-08T19:13+00:00
Tyler Allgeier,rush_yds,100.0,2000,Detroit Lions @ Arizona Cardinals,2026-10-11T20:25:00Z,2026-10-08T19:13+00:00
Tyler Allgeier,rush_yds,110.0,2500,Detroit Lions @ Arizona Cardinals,2026-10-11T20:25:00Z,2026-10-08T19:13+00:00
Tyler Allgeier,rush_yds,120.0,3300,Detroit Lions @ Arizona Cardinals,2026-10-11T20:25:00Z,2026-10-08T19:13+00:00
Jacoby Brissett,rush_yds,8.0,-111,Detroit Lions @ Arizona Cardinals,2026-10-11T20:25:00Z,2026-10-08T19:13+00:00
Jacoby Brissett,rush_yds,10.0,121,Detroit Lions @ Arizona Cardinals,2026-10-11T20:25:00Z,2026-10-08T19:13+00:00
Jacoby Brissett,rush_yds,15.0,230,Detroit Lions @ Arizona Cardinals,2026-10-11T20:25:00Z,2026-10-08T19:13+00:00
Jacoby Brissett,rush_yds,20.0,407,Detroit Lions @ Arizona Cardinals,2026-10-11T20:25:00Z,2026-10-08T19:13+00:00
Jacoby Brissett,rush_yds,25.0,690,Detroit Lions @ Arizona Cardinals,2026-10-11T20:25:00Z,2026-10-08T19:13+00:00
Jacoby Brissett,rush_yds,30.0,1100,Detroit Lions @ Arizona Cardinals,2026-10-11T20:25:00Z,2026-10-08T19:13+00:00
Jacoby Brissett,rush_yds,40.0,2300,Detroit Lions @ Arizona Cardinals,2026-10-11T20:25:00Z,2026-10-08T19:13+00:00
Jacoby Brissett,rush_yds,50.0,4000,Detroit Lions @ Arizona Cardinals,2026-10-11T20:25:00Z,2026-10-08T19:13+00:00
Jared Goff,rush_yds,1.0,-114,Detroit Lions @ Arizona Cardinals,2026-10-11T20:25:00Z,2026-10-08T19:13+00:00
Jared Goff,rush_yds,10.0,438,Detroit Lions @ Arizona Cardinals,2026-10-11T20:25:00Z,2026-10-08T19:13+00:00
Jared Goff,rush_yds,15.0,870,Detroit Lions @ Arizona Cardinals,2026-10-11T20:25:00Z,2026-10-08T19:13+00:00
Jared Goff,rush_yds,20.0,1520,Detroit Lions @ Arizona Cardinals,2026-10-11T20:25:00Z,2026-10-08T19:13+00:00
Jared Goff,rush_yds,25.0,2500,Detroit Lions @ Arizona Cardinals,2026-10-11T20:25:00Z,2026-10-08T19:13+00:00
Jared Goff,rush_yds,30.0,3800,Detroit Lions @ Arizona Cardinals,2026-10-11T20:25:00Z,2026-10-08T19:13+00:00
Brock Purdy,pass_att,24.0,-2200,San Francisco 49ers @ Seattle Seahawks,2026-10-11T20:25:00Z,2026-10-08T19:13+00:00
Brock Purdy,pass_att,26.0,-880,San Francisco 49ers @ Seattle Seahawks,2026-10-11T20:25:00Z,2026-10-08T19:13+00:00
Brock Purdy,pass_att,28.0,-430,San Francisco 49ers @ Seattle Seahawks,2026-10-11T20:25:00Z,2026-10-08T19:13+00:00
Brock Purdy,pass_att,30.0,-239,San Francisco 49ers @ Seattle Seahawks,2026-10-11T20:25:00Z,2026-10-08T19:13+00:00
Brock Purdy,pass_att,32.0,-141,San Francisco 49ers @ Seattle Seahawks,2026-10-11T20:25:00Z,2026-10-08T19:13+00:00
Brock Purdy,pass_att,33.0,-109,San Francisco 49ers @ Seattle Seahawks,2026-10-11T20:25:00Z,2026-10-08T19:13+00:00
Brock Purdy,pass_att,34.0,118,San Francisco 49ers @ Seattle Seahawks,2026-10-11T20:25:00Z,2026-10-08T19:13+00:00
Brock Purdy,pass_att,36.0,188,San Francisco 49ers @ Seattle Seahawks,2026-10-11T20:25:00Z,2026-10-08T19:13+00:00
Brock Purdy,pass_att,38.0,300,San Francisco 49ers @ Seattle Seahawks,2026-10-11T20:25:00Z,2026-10-08T19:13+00:00
Brock Purdy,pass_att,40.0,474,San Francisco 49ers @ Seattle Seahawks,2026-10-11T20:25:00Z,2026-10-08T19:13+00:00
Brock Purdy,pass_att,42.0,750,San Francisco 49ers @ Seattle Seahawks,2026-10-11T20:25:00Z,2026-10-08T19:13+00:00
Brock Purdy,pass_att,44.0,1120,San Francisco 49ers @ Seattle Seahawks,2026-10-11T20:25:00Z,2026-10-08T19:13+00:00
Brock Purdy,pass_att,46.0,1660,San Francisco 49ers @ Seattle Seahawks,2026-10-11T20:25:00Z,2026-10-08T19:13+00:00
Sam Darnold,pass_att,22.0,-3600,San Francisco 49ers @ Seattle Seahawks,2026-10-11T20:25:00Z,2026-10-08T19:13+00:00
Sam Darnold,pass_att,24.0,-1140,San Francisco 49ers @ Seattle Seahawks,2026-10-11T20:25:00Z,2026-10-08T19:13+00:00
Sam Darnold,pass_att,26.0,-510,San Francisco 49ers @ Seattle Seahawks,2026-10-11T20:25:00Z,2026-10-08T19:13+00:00
Sam Darnold,pass_att,28.0,-270,San Francisco 49ers @ Seattle Seahawks,2026-10-11T20:25:00Z,2026-10-08T19:13+00:00
Sam Darnold,pass_att,30.0,-157,San Francisco 49ers @ Seattle Seahawks,2026-10-11T20:25:00Z,2026-10-08T19:13+00:00
Sam Darnold,pass_att,31.0,-121,San Francisco 49ers @ Seattle Seahawks,2026-10-11T20:25:00Z,2026-10-08T19:13+00:00
Sam Darnold,pass_att,32.0,106,San Francisco 49ers @ Seattle Seahawks,2026-10-11T20:25:00Z,2026-10-08T19:13+00:00
Sam Darnold,pass_att,34.0,167,San Francisco 49ers @ Seattle Seahawks,2026-10-11T20:25:00Z,2026-10-08T19:13+00:00
Sam Darnold,pass_att,36.0,264,San Francisco 49ers @ Seattle Seahawks,2026-10-11T20:25:00Z,2026-10-08T19:13+00:00
Sam Darnold,pass_att,38.0,408,San Francisco 49ers @ Seattle Seahawks,2026-10-11T20:25:00Z,2026-10-08T19:13+00:00
Sam Darnold,pass_att,40.0,640,San Francisco 49ers @ Seattle Seahawks,2026-10-11T20:25:00Z,2026-10-08T19:13+00:00
Sam Darnold,pass_att,42.0,980,San Francisco 49ers @ Seattle Seahawks,2026-10-11T20:25:00Z,2026-10-08T19:13+00:00
Sam Darnold,pass_att,44.0,1460,San Francisco 49ers @ Seattle Seahawks,2026-10-11T20:25:00Z,2026-10-08T19:13+00:00
Brock Purdy,pass_cmps,16.0,-970,San Francisco 49ers @ Seattle Seahawks,2026-10-11T20:25:00Z,2026-10-08T19:13+00:00
Brock Purdy,pass_cmps,18.0,-374,San Francisco 49ers @ Seattle Seahawks,2026-10-11T20:25:00Z,2026-10-08T19:13+00:00
Brock Purdy,pass_cmps,20.0,-168,San Francisco 49ers @ Seattle Seahawks,2026-10-11T20:25:00Z,2026-10-08T19:13+00:00
Brock Purdy,pass_cmps,21.0,-117,San Francisco 49ers @ Seattle Seahawks,2026-10-11T20:25:00Z,2026-10-08T19:13+00:00
Brock Purdy,pass_cmps,22.0,121,San Francisco 49ers @ Seattle Seahawks,2026-10-11T20:25:00Z,2026-10-08T19:13+00:00
Brock Purdy,pass_cmps,24.0,236,San Francisco 49ers @ Seattle Seahawks,2026-10-11T20:25:00Z,2026-10-08T19:13+00:00
Brock Purdy,pass_cmps,26.0,457,San Francisco 49ers @ Seattle Seahawks,2026-10-11T20:25:00Z,2026-10-08T19:13+00:00
Brock Purdy,pass_cmps,28.0,860,San Francisco 49ers @ Seattle Seahawks,2026-10-11T20:25:00Z,2026-10-08T19:13+00:00
Brock Purdy,pass_cmps,30.0,1600,San Francisco 49ers @ Seattle Seahawks,2026-10-11T20:25:00Z,2026-10-08T19:13+00:00
Sam Darnold,pass_cmps,14.0,-2500,San Francisco 49ers @ Seattle Seahawks,2026-10-11T20:25:00Z,2026-10-08T19:13+00:00
Sam Darnold,pass_cmps,16.0,-730,San Francisco 49ers @ Seattle Seahawks,2026-10-11T20:25:00Z,2026-10-08T19:13+00:00
Sam Darnold,pass_cmps,18.0,-284,San Francisco 49ers @ Seattle Seahawks,2026-10-11T20:25:00Z,2026-10-08T19:13+00:00
Sam Darnold,pass_cmps,20.0,-130,San Francisco 49ers @ Seattle Seahawks,2026-10-11T20:25:00Z,2026-10-08T19:13+00:00
Sam Darnold,pass_cmps,22.0,155,San Francisco 49ers @ Seattle Seahawks,2026-10-11T20:25:00Z,2026-10-08T19:13+00:00
Sam Darnold,pass_cmps,24.0,304,San Francisco 49ers @ Seattle Seahawks,2026-10-11T20:25:00Z,2026-10-08T19:13+00:00
Sam Darnold,pass_cmps,26.0,587,San Francisco 49ers @ Seattle Seahawks,2026-10-11T20:25:00Z,2026-10-08T19:13+00:00
Sam Darnold,pass_cmps,28.0,1120,San Francisco 49ers @ Seattle Seahawks,2026-10-11T20:25:00Z,2026-10-08T19:13+00:00
Brock Purdy,pass_yds,150.0,-1220,San Francisco 49ers @ Seattle Seahawks,2026-10-11T20:25:00Z,2026-10-08T19:13+00:00
Brock Purdy,pass_yds,160.0,-840,San Francisco 49ers @ Seattle Seahawks,2026-10-11T20:25:00Z,2026-10-08T19:13+00:00
Brock Purdy,pass_yds,170.0,-577,San Francisco 49ers @ Seattle Seahawks,2026-10-11T20:25:00Z,2026-10-08T19:13+00:00
Brock Purdy,pass_yds,180.0,-413,San Francisco 49ers @ Seattle Seahawks,2026-10-11T20:25:00Z,2026-10-08T19:13+00:00
Brock Purdy,pass_yds,190.0,-306,San Francisco 49ers @ Seattle Seahawks,2026-10-11T20:25:00Z,2026-10-08T19:13+00:00
Brock Purdy,pass_yds,200.0,-229,San Francisco 49ers @ Seattle Seahawks,2026-10-11T20:25:00Z,2026-10-08T19:13+00:00
Brock Purdy,pass_yds,210.0,-173,San Francisco 49ers @ Seattle Seahawks,2026-10-11T20:25:00Z,2026-10-08T19:13+00:00
Brock Purdy,pass_yds,220.0,-133,San Francisco 49ers @ Seattle Seahawks,2026-10-11T20:25:00Z,2026-10-08T19:13+00:00
Brock Purdy,pass_yds,227.0,-112,San Francisco 49ers @ Seattle Seahawks,2026-10-11T20:25:00Z,2026-10-08T19:13+00:00
Brock Purdy,pass_yds,230.0,-103,San Francisco 49ers @ Seattle Seahawks,2026-10-11T20:25:00Z,2026-10-08T19:13+00:00
Brock Purdy,pass_yds,240.0,122,San Francisco 49ers @ Seattle Seahawks,2026-10-11T20:25:00Z,2026-10-08T19:13+00:00
Brock Purdy,pass_yds,250.0,157,San Francisco 49ers @ Seattle Seahawks,2026-10-11T20:25:00Z,2026-10-08T19:13+00:00
Brock Purdy,pass_yds,260.0,200,San Francisco 49ers @ Seattle Seahawks,2026-10-11T20:25:00Z,2026-10-08T19:13+00:00
Brock Purdy,pass_yds,270.0,252,San Francisco 49ers @ Seattle Seahawks,2026-10-11T20:25:00Z,2026-10-08T19:13+00:00
Brock Purdy,pass_yds,280.0,323,San Francisco 49ers @ Seattle Seahawks,2026-10-11T20:25:00Z,2026-10-08T19:13+00:00
Brock Purdy,pass_yds,290.0,409,San Francisco 49ers @ Seattle Seahawks,2026-10-11T20:25:00Z,2026-10-08T19:13+00:00
Brock Purdy,pass_yds,300.0,524,San Francisco 49ers @ Seattle Seahawks,2026-10-11T20:25:00Z,2026-10-08T19:13+00:00
Brock Purdy,pass_yds,310.0,650,San Francisco 49ers @ Seattle Seahawks,2026-10-11T20:25:00Z,2026-10-08T19:13+00:00
Brock Purdy,pass_yds,320.0,840,San Francisco 49ers @ Seattle Seahawks,2026-10-11T20:25:00Z,2026-10-08T19:13+00:00
Brock Purdy,pass_yds,330.0,1080,San Francisco 49ers @ Seattle Seahawks,2026-10-11T20:25:00Z,2026-10-08T19:13+00:00
Brock Purdy,pass_yds,340.0,1360,San Francisco 49ers @ Seattle Seahawks,2026-10-11T20:25:00Z,2026-10-08T19:13+00:00
Brock Purdy,pass_yds,350.0,1740,San Francisco 49ers @ Seattle Seahawks,2026-10-11T20:25:00Z,2026-10-08T19:13+00:00
Brock Purdy,pass_yds,360.0,2200,San Francisco 49ers @ Seattle Seahawks,2026-10-11T20:25:00Z,2026-10-08T19:13+00:00
Brock Purdy,pass_yds,370.0,2700,San Francisco 49ers @ Seattle Seahawks,2026-10-11T20:25:00Z,2026-10-08T19:13+00:00
Brock Purdy,pass_yds,380.0,3300,San Francisco 49ers @ Seattle Seahawks,2026-10-11T20:25:00Z,2026-10-08T19:13+00:00
Sam Darnold,pass_yds,150.0,-1340,San Francisco 49ers @ Seattle Seahawks,2026-10-11T20:25:00Z,2026-10-08T19:13+00:00
Sam Darnold,pass_yds,160.0,-890,San Francisco 49ers @ Seattle Seahawks,2026-10-11T20:25:00Z,2026-10-08T19:13+00:00
Sam Darnold,pass_yds,170.0,-600,San Francisco 49ers @ Seattle Seahawks,2026-10-11T20:25:00Z,2026-10-08T19:13+00:00
Sam Darnold,pass_yds,180.0,-421,San Francisco 49ers @ Seattle Seahawks,2026-10-11T20:25:00Z,2026-10-08T19:13+00:00
Sam Darnold,pass_yds,190.0,-310,San Francisco 49ers @ Seattle Seahawks,2026-10-11T20:25:00Z,2026-10-08T19:13+00:00
Sam Darnold,pass_yds,200.0,-233,San Francisco 49ers @ Seattle Seahawks,2026-10-11T20:25:00Z,2026-10-08T19:13+00:00
Sam Darnold,pass_yds,210.0,-171,San Francisco 49ers @ Seattle Seahawks,2026-10-11T20:25:00Z,2026-10-08T19:13+00:00
Sam Darnold,pass_yds,220.0,-130,San Francisco 49ers @ Seattle Seahawks,2026-10-11T20:25:00Z,2026-10-08T19:13+00:00
Sam Darnold,pass_yds,226.0,-111,San Francisco 49ers @ Seattle Seahawks,2026-10-11T20:25:00Z,2026-10-08T19:13+00:00
Sam Darnold,pass_yds,230.0,100,San Francisco 49ers @ Seattle Seahawks,2026-10-11T20:25:00Z,2026-10-08T19:13+00:00
Sam Darnold,pass_yds,240.0,129,San Francisco 49ers @ Seattle Seahawks,2026-10-11T20:25:00Z,2026-10-08T19:13+00:00
Sam Darnold,pass_yds,250.0,167,San Francisco 49ers @ Seattle Seahawks,2026-10-11T20:25:00Z,2026-10-08T19:13+00:00
Sam Darnold,pass_yds,260.0,219,San Francisco 49ers @ Seattle Seahawks,2026-10-11T20:25:00Z,2026-10-08T19:13+00:00
Sam Darnold,pass_yds,270.0,281,San Francisco 49ers @ Seattle Seahawks,2026-10-11T20:25:00Z,2026-10-08T19:13+00:00
Sam Darnold,pass_yds,280.0,360,San Francisco 49ers @ Seattle Seahawks,2026-10-11T20:25:00Z,2026-10-08T19:13+00:00
Sam Darnold,pass_yds,290.0,463,San Francisco 49ers @ Seattle Seahawks,2026-10-11T20:25:00Z,2026-10-08T19:13+00:00
Sam Darnold,pass_yds,300.0,594,San Francisco 49ers @ Seattle Seahawks,2026-10-11T20:25:00Z,2026-10-08T19:13+00:00
Sam Darnold,pass_yds,310.0,760,San Francisco 49ers @ Seattle Seahawks,2026-10-11T20:25:00Z,2026-10-08T19:13+00:00
Sam Darnold,pass_yds,320.0,970,San Francisco 49ers @ Seattle Seahawks,2026-10-11T20:25:00Z,2026-10-08T19:13+00:00
Sam Darnold,pass_yds,330.0,1240,San Francisco 49ers @ Seattle Seahawks,2026-10-11T20:25:00Z,2026-10-08T19:13+00:00
Sam Darnold,pass_yds,340.0,1600,San Francisco 49ers @ Seattle Seahawks,2026-10-11T20:25:00Z,2026-10-08T19:13+00:00
Sam Darnold,pass_yds,350.0,2000,San Francisco 49ers @ Seattle Seahawks,2026-10-11T20:25:00Z,2026-10-08T19:13+00:00
Sam Darnold,pass_yds,360.0,2600,San Francisco 49ers @ Seattle Seahawks,2026-10-11T20:25:00Z,2026-10-08T19:13+00:00
Sam Darnold,pass_yds,370.0,3100,San Francisco 49ers @ Seattle Seahawks,2026-10-11T20:25:00Z,2026-10-08T19:13+00:00
Sam Darnold,pass_yds,380.0,3900,San Francisco 49ers @ Seattle Seahawks,2026-10-11T20:25:00Z,2026-10-08T19:13+00:00
Jaxon Smith-Njigba,rec_yds,40.0,-1640,San Francisco 49ers @ Seattle Seahawks,2026-10-11T20:25:00Z,2026-10-08T19:13+00:00
Jaxon Smith-Njigba,rec_yds,50.0,-800,San Francisco 49ers @ Seattle Seahawks,2026-10-11T20:25:00Z,2026-10-08T19:13+00:00
Jaxon Smith-Njigba,rec_yds,60.0,-464,San Francisco 49ers @ Seattle Seahawks,2026-10-11T20:25:00Z,2026-10-08T19:13+00:00
Jaxon Smith-Njigba,rec_yds,70.0,-287,San Francisco 49ers @ Seattle Seahawks,2026-10-11T20:25:00Z,2026-10-08T19:13+00:00
Jaxon Smith-Njigba,rec_yds,80.0,-184,San Francisco 49ers @ Seattle Seahawks,2026-10-11T20:25:00Z,2026-10-08T19:13+00:00
Jaxon Smith-Njigba,rec_yds,90.0,-125,San Francisco 49ers @ Seattle Seahawks,2026-10-11T20:25:00Z,2026-10-08T19:13+00:00
Jaxon Smith-Njigba,rec_yds,93.0,-113,San Francisco 49ers @ Seattle Seahawks,2026-10-11T20:25:00Z,2026-10-08T19:13+00:00
Jaxon Smith-Njigba,rec_yds,100.0,117,San Francisco 49ers @ Seattle Seahawks,2026-10-11T20:25:00Z,2026-10-08T19:13+00:00
Jaxon Smith-Njigba,rec_yds,110.0,169,San Francisco 49ers @ Seattle Seahawks,2026-10-11T20:25:00Z,2026-10-08T19:13+00:00
Jaxon Smith-Njigba,rec_yds,120.0,241,San Francisco 49ers @ Seattle Seahawks,2026-10-11T20:25:00Z,2026-10-08T19:13+00:00
Jaxon Smith-Njigba,rec_yds,130.0,337,San Francisco 49ers @ Seattle Seahawks,2026-10-11T20:25:00Z,2026-10-08T19:13+00:00
Jaxon Smith-Njigba,rec_yds,140.0,472,San Francisco 49ers @ Seattle Seahawks,2026-10-11T20:25:00Z,2026-10-08T19:13+00:00
Jaxon Smith-Njigba,rec_yds,150.0,670,San Francisco 49ers @ Seattle Seahawks,2026-10-11T20:25:00Z,2026-10-08T19:13+00:00
Jaxon Smith-Njigba,rec_yds,160.0,940,San Francisco 49ers @ Seattle Seahawks,2026-10-11T20:25:00Z,2026-10-08T19:13+00:00
Jaxon Smith-Njigba,rec_yds,170.0,1320,San Francisco 49ers @ Seattle Seahawks,2026-10-11T20:25:00Z,2026-10-08T19:13+00:00
Jaxon Smith-Njigba,rec_yds,180.0,1760,San Francisco 49ers @ Seattle Seahawks,2026-10-11T20:25:00Z,2026-10-08T19:13+00:00
Jaxon Smith-Njigba,rec_yds,190.0,2400,San Francisco 49ers @ Seattle Seahawks,2026-10-11T20:25:00Z,2026-10-08T19:13+00:00
Jaxon Smith-Njigba,rec_yds,200.0,3100,San Francisco 49ers @ Seattle Seahawks,2026-10-11T20:25:00Z,2026-10-08T19:13+00:00
George Kittle,rec_yds,15.0,-1780,San Francisco 49ers @ Seattle Seahawks,2026-10-11T20:25:00Z,2026-10-08T19:13+00:00
George Kittle,rec_yds,25.0,-660,San Francisco 49ers @ Seattle Seahawks,2026-10-11T20:25:00Z,2026-10-08T19:13+00:00
George Kittle,rec_yds,40.0,-229,San Francisco 49ers @ Seattle Seahawks,2026-10-11T20:25:00Z,2026-10-08T19:13+00:00
George Kittle,rec_yds,50.0,-134,San Francisco 49ers @ Seattle Seahawks,2026-10-11T20:25:00Z,2026-10-08T19:13+00:00
George Kittle,rec_yds,54.0,-110,San Francisco 49ers @ Seattle Seahawks,2026-10-11T20:25:00Z,2026-10-08T19:13+00:00
George Kittle,rec_yds,60.0,121,San Francisco 49ers @ Seattle Seahawks,2026-10-11T20:25:00Z,2026-10-08T19:13+00:00
George Kittle,rec_yds,70.0,185,San Francisco 49ers @ Seattle Seahawks,2026-10-11T20:25:00Z,2026-10-08T19:13+00:00
George Kittle,rec_yds,80.0,281,San Francisco 49ers @ Seattle Seahawks,2026-10-11T20:25:00Z,2026-10-08T19:13+00:00
George Kittle,rec_yds,90.0,422,San Francisco 49ers @ Seattle Seahawks,2026-10-11T20:25:00Z,2026-10-08T19:13+00:00
George Kittle,rec_yds,100.0,640,San Francisco 49ers @ Seattle Seahawks,2026-10-11T20:25:00Z,2026-10-08T19:13+00:00
George Kittle,rec_yds,110.0,930,San Francisco 49ers @ Seattle Seahawks,2026-10-11T20:25:00Z,2026-10-08T19:13+00:00
George Kittle,rec_yds,120.0,1340,San Francisco 49ers @ Seattle Seahawks,2026-10-11T20:25:00Z,2026-10-08T19:13+00:00
George Kittle,rec_yds,130.0,1880,San Francisco 49ers @ Seattle Seahawks,2026-10-11T20:25:00Z,2026-10-08T19:13+00:00
George Kittle,rec_yds,140.0,2600,San Francisco 49ers @ Seattle Seahawks,2026-10-11T20:25:00Z,2026-10-08T19:13+00:00
George Kittle,rec_yds,150.0,3600,San Francisco 49ers @ Seattle Seahawks,2026-10-11T20:25:00Z,2026-10-08T19:13+00:00
Mike Evans,rec_yds,15.0,-1160,San Francisco 49ers @ Seattle Seahawks,2026-10-11T20:25:00Z,2026-10-08T19:13+00:00
Mike Evans,rec_yds,25.0,-467,San Francisco 49ers @ Seattle Seahawks,2026-10-11T20:25:00Z,2026-10-08T19:13+00:00
Mike Evans,rec_yds,40.0,-179,San Francisco 49ers @ Seattle Seahawks,2026-10-11T20:25:00Z,2026-10-08T19:13+00:00
Mike Evans,rec_yds,49.0,-112,San Francisco 49ers @ Seattle Seahawks,2026-10-11T20:25:00Z,2026-10-08T19:13+00:00
Mike Evans,rec_yds,50.0,-107,San Francisco 49ers @ Seattle Seahawks,2026-10-11T20:25:00Z,2026-10-08T19:13+00:00
Mike Evans,rec_yds,60.0,149,San Francisco 49ers @ Seattle Seahawks,2026-10-11T20:25:00Z,2026-10-08T19:13+00:00
Mike Evans,rec_yds,70.0,231,San Francisco 49ers @ Seattle Seahawks,2026-10-11T20:25:00Z,2026-10-08T19:13+00:00
Mike Evans,rec_yds,80.0,347,San Francisco 49ers @ Seattle Seahawks,2026-10-11T20:25:00Z,2026-10-08T19:13+00:00
Mike Evans,rec_yds,90.0,523,San Francisco 49ers @ Seattle Seahawks,2026-10-11T20:25:00Z,2026-10-08T19:13+00:00
Mike Evans,rec_yds,100.0,790,San Francisco 49ers @ Seattle Seahawks,2026-10-11T20:25:00Z,2026-10-08T19:13+00:00
Mike Evans,rec_yds,110.0,1120,San Francisco 49ers @ Seattle Seahawks,2026-10-11T20:25:00Z,2026-10-08T19:13+00:00
Mike Evans,rec_yds,120.0,1620,San Francisco 49ers @ Seattle Seahawks,2026-10-11T20:25:00Z,2026-10-08T19:13+00:00
Mike Evans,rec_yds,130.0,2300,San Francisco 49ers @ Seattle Seahawks,2026-10-11T20:25:00Z,2026-10-08T19:13+00:00
Mike Evans,rec_yds,140.0,3200,San Francisco 49ers @ Seattle Seahawks,2026-10-11T20:25:00Z,2026-10-08T19:13+00:00
Christian McCaffrey,rec_yds,15.0,-670,San Francisco 49ers @ Seattle Seahawks,2026-10-11T20:25:00Z,2026-10-08T19:13+00:00
Christian McCaffrey,rec_yds,25.0,-253,San Francisco 49ers @ Seattle Seahawks,2026-10-11T20:25:00Z,2026-10-08T19:13+00:00
Christian McCaffrey,rec_yds,37.0,-111,San Francisco 49ers @ Seattle Seahawks,2026-10-11T20:25:00Z,2026-10-08T19:13+00:00
Christian McCaffrey,rec_yds,40.0,109,San Francisco 49ers @ Seattle Seahawks,2026-10-11T20:25:00Z,2026-10-08T19:13+00:00
Christian McCaffrey,rec_yds,50.0,188,San Francisco 49ers @ Seattle Seahawks,2026-10-11T20:25:00Z,2026-10-08T19:13+00:00
Christian McCaffrey,rec_yds,60.0,308,San Francisco 49ers @ Seattle Seahawks,2026-10-11T20:25:00Z,2026-10-08T19:13+00:00
Christian McCaffrey,rec_yds,70.0,501,San Francisco 49ers @ Seattle Seahawks,2026-10-11T20:25:00Z,2026-10-08T19:13+00:00
Christian McCaffrey,rec_yds,80.0,790,San Francisco 49ers @ Seattle Seahawks,2026-10-11T20:25:00Z,2026-10-08T19:13+00:00
Christian McCaffrey,rec_yds,90.0,1240,San Francisco 49ers @ Seattle Seahawks,2026-10-11T20:25:00Z,2026-10-08T19:13+00:00
Christian McCaffrey,rec_yds,100.0,1900,San Francisco 49ers @ Seattle Seahawks,2026-10-11T20:25:00Z,2026-10-08T19:13+00:00
Christian McCaffrey,rec_yds,110.0,2800,San Francisco 49ers @ Seattle Seahawks,2026-10-11T20:25:00Z,2026-10-08T19:13+00:00
Christian McCaffrey,rec_yds,120.0,3900,San Francisco 49ers @ Seattle Seahawks,2026-10-11T20:25:00Z,2026-10-08T19:13+00:00
Deebo Samuel,rec_yds,15.0,-515,San Francisco 49ers @ Seattle Seahawks,2026-10-11T20:25:00Z,2026-10-08T19:13+00:00
Deebo Samuel,rec_yds,25.0,-210,San Francisco 49ers @ Seattle Seahawks,2026-10-11T20:25:00Z,2026-10-08T19:13+00:00
Deebo Samuel,rec_yds,35.0,-108,San Francisco 49ers @ Seattle Seahawks,2026-10-11T20:25:00Z,2026-10-08T19:13+00:00
Deebo Samuel,rec_yds,40.0,123,San Francisco 49ers @ Seattle Seahawks,2026-10-11T20:25:00Z,2026-10-08T19:13+00:00
Deebo Samuel,rec_yds,50.0,214,San Francisco 49ers @ Seattle Seahawks,2026-10-11T20:25:00Z,2026-10-08T19:13+00:00
Deebo Samuel,rec_yds,60.0,354,San Francisco 49ers @ Seattle Seahawks,2026-10-11T20:25:00Z,2026-10-08T19:13+00:00
Deebo Samuel,rec_yds,70.0,581,San Francisco 49ers @ Seattle Seahawks,2026-10-11T20:25:00Z,2026-10-08T19:13+00:00
Deebo Samuel,rec_yds,80.0,920,San Francisco 49ers @ Seattle Seahawks,2026-10-11T20:25:00Z,2026-10-08T19:13+00:00
Deebo Samuel,rec_yds,90.0,1460,San Francisco 49ers @ Seattle Seahawks,2026-10-11T20:25:00Z,2026-10-08T19:13+00:00
Deebo Samuel,rec_yds,100.0,2200,San Francisco 49ers @ Seattle Seahawks,2026-10-11T20:25:00Z,2026-10-08T19:13+00:00
Deebo Samuel,rec_yds,110.0,3200,San Francisco 49ers @ Seattle Seahawks,2026-10-11T20:25:00Z,2026-10-08T19:13+00:00
Cooper Kupp,rec_yds,15.0,-250,San Francisco 49ers @ Seattle Seahawks,2026-10-11T20:25:00Z,2026-10-08T19:13+00:00
Cooper Kupp,rec_yds,25.0,-112,San Francisco 49ers @ Seattle Seahawks,2026-10-11T20:25:00Z,2026-10-08T19:13+00:00
Cooper Kupp,rec_yds,40.0,243,San Francisco 49ers @ Seattle Seahawks,2026-10-11T20:25:00Z,2026-10-08T19:13+00:00
Cooper Kupp,rec_yds,50.0,430,San Francisco 49ers @ Seattle Seahawks,2026-10-11T20:25:00Z,2026-10-08T19:13+00:00
Cooper Kupp,rec_yds,60.0,740,San Francisco 49ers @ Seattle Seahawks,2026-10-11T20:25:00Z,2026-10-08T19:13+00:00
Cooper Kupp,rec_yds,70.0,1240,San Francisco 49ers @ Seattle Seahawks,2026-10-11T20:25:00Z,2026-10-08T19:13+00:00
Cooper Kupp,rec_yds,80.0,2000,San Francisco 49ers @ Seattle Seahawks,2026-10-11T20:25:00Z,2026-10-08T19:13+00:00
Cooper Kupp,rec_yds,90.0,3000,San Francisco 49ers @ Seattle Seahawks,2026-10-11T20:25:00Z,2026-10-08T19:13+00:00
Rashid Shaheed,rec_yds,15.0,-180,San Francisco 49ers @ Seattle Seahawks,2026-10-11T20:25:00Z,2026-10-08T19:13+00:00
Rashid Shaheed,rec_yds,21.0,-114,San Francisco 49ers @ Seattle Seahawks,2026-10-11T20:25:00Z,2026-10-08T19:13+00:00
Rashid Shaheed,rec_yds,25.0,116,San Francisco 49ers @ Seattle Seahawks,2026-10-11T20:25:00Z,2026-10-08T19:13+00:00
Rashid Shaheed,rec_yds,40.0,284,San Francisco 49ers @ Seattle Seahawks,2026-10-11T20:25:00Z,2026-10-08T19:13+00:00
Rashid Shaheed,rec_yds,50.0,490,San Francisco 49ers @ Seattle Seahawks,2026-10-11T20:25:00Z,2026-10-08T19:13+00:00
Rashid Shaheed,rec_yds,60.0,800,San Francisco 49ers @ Seattle Seahawks,2026-10-11T20:25:00Z,2026-10-08T19:13+00:00
Rashid Shaheed,rec_yds,70.0,1260,San Francisco 49ers @ Seattle Seahawks,2026-10-11T20:25:00Z,2026-10-08T19:13+00:00
Rashid Shaheed,rec_yds,80.0,2000,San Francisco 49ers @ Seattle Seahawks,2026-10-11T20:25:00Z,2026-10-08T19:13+00:00
Rashid Shaheed,rec_yds,90.0,3000,San Francisco 49ers @ Seattle Seahawks,2026-10-11T20:25:00Z,2026-10-08T19:13+00:00
AJ Barner,rec_yds,15.0,-243,San Francisco 49ers @ Seattle Seahawks,2026-10-11T20:25:00Z,2026-10-08T19:13+00:00
AJ Barner,rec_yds,24.0,-110,San Francisco 49ers @ Seattle Seahawks,2026-10-11T20:25:00Z,2026-10-08T19:13+00:00
AJ Barner,rec_yds,25.0,-103,San Francisco 49ers @ Seattle Seahawks,2026-10-11T20:25:00Z,2026-10-08T19:13+00:00
AJ Barner,rec_yds,40.0,262,San Francisco 49ers @ Seattle Seahawks,2026-10-11T20:25:00Z,2026-10-08T19:13+00:00
AJ Barner,rec_yds,50.0,477,San Francisco 49ers @ Seattle Seahawks,2026-10-11T20:25:00Z,2026-10-08T19:13+00:00
AJ Barner,rec_yds,60.0,830,San Francisco 49ers @ Seattle Seahawks,2026-10-11T20:25:00Z,2026-10-08T19:13+00:00
AJ Barner,rec_yds,70.0,1380,San Francisco 49ers @ Seattle Seahawks,2026-10-11T20:25:00Z,2026-10-08T19:13+00:00
AJ Barner,rec_yds,80.0,2200,San Francisco 49ers @ Seattle Seahawks,2026-10-11T20:25:00Z,2026-10-08T19:13+00:00
AJ Barner,rec_yds,90.0,3200,San Francisco 49ers @ Seattle Seahawks,2026-10-11T20:25:00Z,2026-10-08T19:13+00:00
George Holani,rec_yds,9.0,-116,San Francisco 49ers @ Seattle Seahawks,2026-10-11T20:25:00Z,2026-10-08T19:13+00:00
George Holani,rec_yds,15.0,177,San Francisco 49ers @ Seattle Seahawks,2026-10-11T20:25:00Z,2026-10-08T19:13+00:00
George Holani,rec_yds,25.0,434,San Francisco 49ers @ Seattle Seahawks,2026-10-11T20:25:00Z,2026-10-08T19:13+00:00
George Holani,rec_yds,40.0,1200,San Francisco 49ers @ Seattle Seahawks,2026-10-11T20:25:00Z,2026-10-08T19:13+00:00
George Holani,rec_yds,50.0,2000,San Francisco 49ers @ Seattle Seahawks,2026-10-11T20:25:00Z,2026-10-08T19:13+00:00
George Holani,rec_yds,60.0,2900,San Francisco 49ers @ Seattle Seahawks,2026-10-11T20:25:00Z,2026-10-08T19:13+00:00
George Holani,rec_yds,70.0,3900,San Francisco 49ers @ Seattle Seahawks,2026-10-11T20:25:00Z,2026-10-08T19:13+00:00
Tory Horton,rec_yds,10.0,-113,San Francisco 49ers @ Seattle Seahawks,2026-10-11T20:25:00Z,2026-10-08T19:13+00:00
Tory Horton,rec_yds,15.0,150,San Francisco 49ers @ Seattle Seahawks,2026-10-11T20:25:00Z,2026-10-08T19:13+00:00
Tory Horton,rec_yds,25.0,338,San Francisco 49ers @ Seattle Seahawks,2026-10-11T20:25:00Z,2026-10-08T19:13+00:00
Tory Horton,rec_yds,40.0,940,San Francisco 49ers @ Seattle Seahawks,2026-10-11T20:25:00Z,2026-10-08T19:13+00:00
Tory Horton,rec_yds,50.0,1720,San Francisco 49ers @ Seattle Seahawks,2026-10-11T20:25:00Z,2026-10-08T19:13+00:00
Tory Horton,rec_yds,60.0,3000,San Francisco 49ers @ Seattle Seahawks,2026-10-11T20:25:00Z,2026-10-08T19:13+00:00
Emanuel Wilson,rec_yds,9.0,-119,San Francisco 49ers @ Seattle Seahawks,2026-10-11T20:25:00Z,2026-10-08T19:13+00:00
Emanuel Wilson,rec_yds,15.0,167,San Francisco 49ers @ Seattle Seahawks,2026-10-11T20:25:00Z,2026-10-08T19:13+00:00
Emanuel Wilson,rec_yds,25.0,419,San Francisco 49ers @ Seattle Seahawks,2026-10-11T20:25:00Z,2026-10-08T19:13+00:00
Emanuel Wilson,rec_yds,40.0,1300,San Francisco 49ers @ Seattle Seahawks,2026-10-11T20:25:00Z,2026-10-08T19:13+00:00
Emanuel Wilson,rec_yds,50.0,2300,San Francisco 49ers @ Seattle Seahawks,2026-10-11T20:25:00Z,2026-10-08T19:13+00:00
Emanuel Wilson,rec_yds,60.0,3500,San Francisco 49ers @ Seattle Seahawks,2026-10-11T20:25:00Z,2026-10-08T19:13+00:00
Jaxon Smith-Njigba,receptions,4.0,-1460,San Francisco 49ers @ Seattle Seahawks,2026-10-11T20:25:00Z,2026-10-08T19:13+00:00
Jaxon Smith-Njigba,receptions,5.0,-531,San Francisco 49ers @ Seattle Seahawks,2026-10-11T20:25:00Z,2026-10-08T19:13+00:00
Jaxon Smith-Njigba,receptions,6.0,-239,San Francisco 49ers @ Seattle Seahawks,2026-10-11T20:25:00Z,2026-10-08T19:13+00:00
Jaxon Smith-Njigba,receptions,7.0,-122,San Francisco 49ers @ Seattle Seahawks,2026-10-11T20:25:00Z,2026-10-08T19:13+00:00
Jaxon Smith-Njigba,receptions,8.0,151,San Francisco 49ers @ Seattle Seahawks,2026-10-11T20:25:00Z,2026-10-08T19:13+00:00
Jaxon Smith-Njigba,receptions,9.0,273,San Francisco 49ers @ Seattle Seahawks,2026-10-11T20:25:00Z,2026-10-08T19:13+00:00
Jaxon Smith-Njigba,receptions,10.0,481,San Francisco 49ers @ Seattle Seahawks,2026-10-11T20:25:00Z,2026-10-08T19:13+00:00
Jaxon Smith-Njigba,receptions,11.0,850,San Francisco 49ers @ Seattle Seahawks,2026-10-11T20:25:00Z,2026-10-08T19:13+00:00
Jaxon Smith-Njigba,receptions,12.0,1380,San Francisco 49ers @ Seattle Seahawks,2026-10-11T20:25:00Z,2026-10-08T19:13+00:00
Jaxon Smith-Njigba,receptions,13.0,2100,San Francisco 49ers @ Seattle Seahawks,2026-10-11T20:25:00Z,2026-10-08T19:13+00:00
Jaxon Smith-Njigba,receptions,14.0,2900,San Francisco 49ers @ Seattle Seahawks,2026-10-11T20:25:00Z,2026-10-08T19:13+00:00
Christian McCaffrey,receptions,2.0,-3600,San Francisco 49ers @ Seattle Seahawks,2026-10-11T20:25:00Z,2026-10-08T19:13+00:00
Christian McCaffrey,receptions,3.0,-740,San Francisco 49ers @ Seattle Seahawks,2026-10-11T20:25:00Z,2026-10-08T19:13+00:00
Christian McCaffrey,receptions,4.0,-284,San Francisco 49ers @ Seattle Seahawks,2026-10-11T20:25:00Z,2026-10-08T19:13+00:00
Christian McCaffrey,receptions,5.0,-134,San Francisco 49ers @ Seattle Seahawks,2026-10-11T20:25:00Z,2026-10-08T19:13+00:00
Christian McCaffrey,receptions,6.0,143,San Francisco 49ers @ Seattle Seahawks,2026-10-11T20:25:00Z,2026-10-08T19:13+00:00
Christian McCaffrey,receptions,7.0,265,San Francisco 49ers @ Seattle Seahawks,2026-10-11T20:25:00Z,2026-10-08T19:13+00:00
Christian McCaffrey,receptions,8.0,477,San Francisco 49ers @ Seattle Seahawks,2026-10-11T20:25:00Z,2026-10-08T19:13+00:00
Christian McCaffrey,receptions,9.0,830,San Francisco 49ers @ Seattle Seahawks,2026-10-11T20:25:00Z,2026-10-08T19:13+00:00
Christian McCaffrey,receptions,10.0,1400,San Francisco 49ers @ Seattle Seahawks,2026-10-11T20:25:00Z,2026-10-08T19:13+00:00
Christian McCaffrey,receptions,11.0,2100,San Francisco 49ers @ Seattle Seahawks,2026-10-11T20:25:00Z,2026-10-08T19:13+00:00
George Kittle,receptions,2.0,-3500,San Francisco 49ers @ Seattle Seahawks,2026-10-11T20:25:00Z,2026-10-08T19:13+00:00
George Kittle,receptions,3.0,-680,San Francisco 49ers @ Seattle Seahawks,2026-10-11T20:25:00Z,2026-10-08T19:13+00:00
George Kittle,receptions,4.0,-257,San Francisco 49ers @ Seattle Seahawks,2026-10-11T20:25:00Z,2026-10-08T19:13+00:00
George Kittle,receptions,5.0,-115,San Francisco 49ers @ Seattle Seahawks,2026-10-11T20:25:00Z,2026-10-08T19:13+00:00
George Kittle,receptions,6.0,176,San Francisco 49ers @ Seattle Seahawks,2026-10-11T20:25:00Z,2026-10-08T19:13+00:00
George Kittle,receptions,7.0,336,San Francisco 49ers @ Seattle Seahawks,2026-10-11T20:25:00Z,2026-10-08T19:13+00:00
George Kittle,receptions,8.0,640,San Francisco 49ers @ Seattle Seahawks,2026-10-11T20:25:00Z,2026-10-08T19:13+00:00
George Kittle,receptions,9.0,1200,San Francisco 49ers @ Seattle Seahawks,2026-10-11T20:25:00Z,2026-10-08T19:13+00:00
George Kittle,receptions,10.0,2000,San Francisco 49ers @ Seattle Seahawks,2026-10-11T20:25:00Z,2026-10-08T19:13+00:00
Mike Evans,receptions,2.0,-1520,San Francisco 49ers @ Seattle Seahawks,2026-10-11T20:25:00Z,2026-10-08T19:13+00:00
Mike Evans,receptions,3.0,-407,San Francisco 49ers @ Seattle Seahawks,2026-10-11T20:25:00Z,2026-10-08T19:13+00:00
Mike Evans,receptions,4.0,-158,San Francisco 49ers @ Seattle Seahawks,2026-10-11T20:25:00Z,2026-10-08T19:13+00:00
Mike Evans,receptions,5.0,138,San Francisco 49ers @ Seattle Seahawks,2026-10-11T20:25:00Z,2026-10-08T19:13+00:00
Mike Evans,receptions,6.0,286,San Francisco 49ers @ Seattle Seahawks,2026-10-11T20:25:00Z,2026-10-08T19:13+00:00
Mike Evans,receptions,7.0,563,San Francisco 49ers @ Seattle Seahawks,2026-10-11T20:25:00Z,2026-10-08T19:13+00:00
Mike Evans,receptions,8.0,1060,San Francisco 49ers @ Seattle Seahawks,2026-10-11T20:25:00Z,2026-10-08T19:13+00:00
Mike Evans,receptions,9.0,1860,San Francisco 49ers @ Seattle Seahawks,2026-10-11T20:25:00Z,2026-10-08T19:13+00:00
Mike Evans,receptions,10.0,2900,San Francisco 49ers @ Seattle Seahawks,2026-10-11T20:25:00Z,2026-10-08T19:13+00:00
Deebo Samuel,receptions,2.0,-900,San Francisco 49ers @ Seattle Seahawks,2026-10-11T20:25:00Z,2026-10-08T19:13+00:00
Deebo Samuel,receptions,3.0,-261,San Francisco 49ers @ Seattle Seahawks,2026-10-11T20:25:00Z,2026-10-08T19:13+00:00
Deebo Samuel,receptions,4.0,-106,San Francisco 49ers @ Seattle Seahawks,2026-10-11T20:25:00Z,2026-10-08T19:13+00:00
Deebo Samuel,receptions,5.0,205,San Francisco 49ers @ Seattle Seahawks,2026-10-11T20:25:00Z,2026-10-08T19:13+00:00
Deebo Samuel,receptions,6.0,430,San Francisco 49ers @ Seattle Seahawks,2026-10-11T20:25:00Z,2026-10-08T19:13+00:00
Deebo Samuel,receptions,7.0,860,San Francisco 49ers @ Seattle Seahawks,2026-10-11T20:25:00Z,2026-10-08T19:13+00:00
Deebo Samuel,receptions,8.0,1600,San Francisco 49ers @ Seattle Seahawks,2026-10-11T20:25:00Z,2026-10-08T19:13+00:00
Deebo Samuel,receptions,9.0,2700,San Francisco 49ers @ Seattle Seahawks,2026-10-11T20:25:00Z,2026-10-08T19:13+00:00
AJ Barner,receptions,2.0,-388,San Francisco 49ers @ Seattle Seahawks,2026-10-11T20:25:00Z,2026-10-08T19:13+00:00
AJ Barner,receptions,3.0,-126,San Francisco 49ers @ Seattle Seahawks,2026-10-11T20:25:00Z,2026-10-08T19:13+00:00
AJ Barner,receptions,4.0,201,San Francisco 49ers @ Seattle Seahawks,2026-10-11T20:25:00Z,2026-10-08T19:13+00:00
AJ Barner,receptions,5.0,473,San Francisco 49ers @ Seattle Seahawks,2026-10-11T20:25:00Z,2026-10-08T19:13+00:00
AJ Barner,receptions,6.0,1020,San Francisco 49ers @ Seattle Seahawks,2026-10-11T20:25:00Z,2026-10-08T19:13+00:00
AJ Barner,receptions,7.0,1880,San Francisco 49ers @ Seattle Seahawks,2026-10-11T20:25:00Z,2026-10-08T19:13+00:00
Cooper Kupp,receptions,2.0,-273,San Francisco 49ers @ Seattle Seahawks,2026-10-11T20:25:00Z,2026-10-08T19:13+00:00
Cooper Kupp,receptions,3.0,108,San Francisco 49ers @ Seattle Seahawks,2026-10-11T20:25:00Z,2026-10-08T19:13+00:00
Cooper Kupp,receptions,4.0,277,San Francisco 49ers @ Seattle Seahawks,2026-10-11T20:25:00Z,2026-10-08T19:13+00:00
Cooper Kupp,receptions,5.0,650,San Francisco 49ers @ Seattle Seahawks,2026-10-11T20:25:00Z,2026-10-08T19:13+00:00
Cooper Kupp,receptions,6.0,1500,San Francisco 49ers @ Seattle Seahawks,2026-10-11T20:25:00Z,2026-10-08T19:13+00:00
Cooper Kupp,receptions,7.0,2700,San Francisco 49ers @ Seattle Seahawks,2026-10-11T20:25:00Z,2026-10-08T19:13+00:00
George Holani,receptions,2.0,-155,San Francisco 49ers @ Seattle Seahawks,2026-10-11T20:25:00Z,2026-10-08T19:13+00:00
George Holani,receptions,3.0,185,San Francisco 49ers @ Seattle Seahawks,2026-10-11T20:25:00Z,2026-10-08T19:13+00:00
George Holani,receptions,4.0,462,San Francisco 49ers @ Seattle Seahawks,2026-10-11T20:25:00Z,2026-10-08T19:13+00:00
George Holani,receptions,5.0,1040,San Francisco 49ers @ Seattle Seahawks,2026-10-11T20:25:00Z,2026-10-08T19:13+00:00
George Holani,receptions,6.0,2100,San Francisco 49ers @ Seattle Seahawks,2026-10-11T20:25:00Z,2026-10-08T19:13+00:00
Rashid Shaheed,receptions,2.0,-185,San Francisco 49ers @ Seattle Seahawks,2026-10-11T20:25:00Z,2026-10-08T19:13+00:00
Rashid Shaheed,receptions,3.0,165,San Francisco 49ers @ Seattle Seahawks,2026-10-11T20:25:00Z,2026-10-08T19:13+00:00
Rashid Shaheed,receptions,4.0,447,San Francisco 49ers @ Seattle Seahawks,2026-10-11T20:25:00Z,2026-10-08T19:13+00:00
Rashid Shaheed,receptions,5.0,1060,San Francisco 49ers @ Seattle Seahawks,2026-10-11T20:25:00Z,2026-10-08T19:13+00:00
Rashid Shaheed,receptions,6.0,2200,San Francisco 49ers @ Seattle Seahawks,2026-10-11T20:25:00Z,2026-10-08T19:13+00:00
Emanuel Wilson,receptions,2.0,-155,San Francisco 49ers @ Seattle Seahawks,2026-10-11T20:25:00Z,2026-10-08T19:13+00:00
Emanuel Wilson,receptions,3.0,189,San Francisco 49ers @ Seattle Seahawks,2026-10-11T20:25:00Z,2026-10-08T19:13+00:00
Emanuel Wilson,receptions,4.0,496,San Francisco 49ers @ Seattle Seahawks,2026-10-11T20:25:00Z,2026-10-08T19:13+00:00
Emanuel Wilson,receptions,5.0,1180,San Francisco 49ers @ Seattle Seahawks,2026-10-11T20:25:00Z,2026-10-08T19:13+00:00
Emanuel Wilson,receptions,6.0,2400,San Francisco 49ers @ Seattle Seahawks,2026-10-11T20:25:00Z,2026-10-08T19:13+00:00
Tory Horton,receptions,2.0,151,San Francisco 49ers @ Seattle Seahawks,2026-10-11T20:25:00Z,2026-10-08T19:13+00:00
Tory Horton,receptions,3.0,502,San Francisco 49ers @ Seattle Seahawks,2026-10-11T20:25:00Z,2026-10-08T19:13+00:00
Tory Horton,receptions,4.0,1400,San Francisco 49ers @ Seattle Seahawks,2026-10-11T20:25:00Z,2026-10-08T19:13+00:00
Tory Horton,receptions,5.0,2900,San Francisco 49ers @ Seattle Seahawks,2026-10-11T20:25:00Z,2026-10-08T19:13+00:00
Emanuel Wilson,rush_att,10.0,-3500,San Francisco 49ers @ Seattle Seahawks,2026-10-11T20:25:00Z,2026-10-08T19:13+00:00
Emanuel Wilson,rush_att,12.0,-910,San Francisco 49ers @ Seattle Seahawks,2026-10-11T20:25:00Z,2026-10-08T19:13+00:00
Emanuel Wilson,rush_att,14.0,-364,San Francisco 49ers @ Seattle Seahawks,2026-10-11T20:25:00Z,2026-10-08T19:13+00:00
Emanuel Wilson,rush_att,16.0,-171,San Francisco 49ers @ Seattle Seahawks,2026-10-11T20:25:00Z,2026-10-08T19:13+00:00
Emanuel Wilson,rush_att,17.0,-122,San Francisco 49ers @ Seattle Seahawks,2026-10-11T20:25:00Z,2026-10-08T19:13+00:00
Emanuel Wilson,rush_att,18.0,115,San Francisco 49ers @ Seattle Seahawks,2026-10-11T20:25:00Z,2026-10-08T19:13+00:00
Emanuel Wilson,rush_att,20.0,221,San Francisco 49ers @ Seattle Seahawks,2026-10-11T20:25:00Z,2026-10-08T19:13+00:00
Emanuel Wilson,rush_att,22.0,418,San Francisco 49ers @ Seattle Seahawks,2026-10-11T20:25:00Z,2026-10-08T19:13+00:00
Emanuel Wilson,rush_att,24.0,810,San Francisco 49ers @ Seattle Seahawks,2026-10-11T20:25:00Z,2026-10-08T19:13+00:00
Emanuel Wilson,rush_att,26.0,1500,San Francisco 49ers @ Seattle Seahawks,2026-10-11T20:25:00Z,2026-10-08T19:13+00:00
Christian McCaffrey,rush_att,8.0,-3800,San Francisco 49ers @ Seattle Seahawks,2026-10-11T20:25:00Z,2026-10-08T19:13+00:00
Christian McCaffrey,rush_att,10.0,-850,San Francisco 49ers @ Seattle Seahawks,2026-10-11T20:25:00Z,2026-10-08T19:13+00:00
Christian McCaffrey,rush_att,12.0,-336,San Francisco 49ers @ Seattle Seahawks,2026-10-11T20:25:00Z,2026-10-08T19:13+00:00
Christian McCaffrey,rush_att,14.0,-161,San Francisco 49ers @ Seattle Seahawks,2026-10-11T20:25:00Z,2026-10-08T19:13+00:00
Christian McCaffrey,rush_att,15.0,-116,San Francisco 49ers @ Seattle Seahawks,2026-10-11T20:25:00Z,2026-10-08T19:13+00:00
Christian McCaffrey,rush_att,16.0,118,San Francisco 49ers @ Seattle Seahawks,2026-10-11T20:25:00Z,2026-10-08T19:13+00:00
Christian McCaffrey,rush_att,18.0,214,San Francisco 49ers @ Seattle Seahawks,2026-10-11T20:25:00Z,2026-10-08T19:13+00:00
Christian McCaffrey,rush_att,20.0,383,San Francisco 49ers @ Seattle Seahawks,2026-10-11T20:25:00Z,2026-10-08T19:13+00:00
Christian McCaffrey,rush_att,22.0,700,San Francisco 49ers @ Seattle Seahawks,2026-10-11T20:25:00Z,2026-10-08T19:13+00:00
Christian McCaffrey,rush_att,24.0,1220,San Francisco 49ers @ Seattle Seahawks,2026-10-11T20:25:00Z,2026-10-08T19:13+00:00
Emanuel Wilson,rush_yds,20.0,-2900,San Francisco 49ers @ Seattle Seahawks,2026-10-11T20:25:00Z,2026-10-08T19:13+00:00
Emanuel Wilson,rush_yds,25.0,-1500,San Francisco 49ers @ Seattle Seahawks,2026-10-11T20:25:00Z,2026-10-08T19:13+00:00
Emanuel Wilson,rush_yds,30.0,-890,San Francisco 49ers @ Seattle Seahawks,2026-10-11T20:25:00Z,2026-10-08T19:13+00:00
Emanuel Wilson,rush_yds,40.0,-392,San Francisco 49ers @ Seattle Seahawks,2026-10-11T20:25:00Z,2026-10-08T19:13+00:00
Emanuel Wilson,rush_yds,50.0,-209,San Francisco 49ers @ Seattle Seahawks,2026-10-11T20:25:00Z,2026-10-08T19:13+00:00
Emanuel Wilson,rush_yds,60.0,-120,San Francisco 49ers @ Seattle Seahawks,2026-10-11T20:25:00Z,2026-10-08T19:13+00:00
Emanuel Wilson,rush_yds,61.0,-114,San Francisco 49ers @ Seattle Seahawks,2026-10-11T20:25:00Z,2026-10-08T19:13+00:00
Emanuel Wilson,rush_yds,70.0,135,San Francisco 49ers @ Seattle Seahawks,2026-10-11T20:25:00Z,2026-10-08T19:13+00:00
Emanuel Wilson,rush_yds,80.0,207,San Francisco 49ers @ Seattle Seahawks,2026-10-11T20:25:00Z,2026-10-08T19:13+00:00
Emanuel Wilson,rush_yds,90.0,315,San Francisco 49ers @ Seattle Seahawks,2026-10-11T20:25:00Z,2026-10-08T19:13+00:00
Emanuel Wilson,rush_yds,100.0,470,San Francisco 49ers @ Seattle Seahawks,2026-10-11T20:25:00Z,2026-10-08T19:13+00:00
Emanuel Wilson,rush_yds,110.0,700,San Francisco 49ers @ Seattle Seahawks,2026-10-11T20:25:00Z,2026-10-08T19:13+00:00
Emanuel Wilson,rush_yds,120.0,1040,San Francisco 49ers @ Seattle Seahawks,2026-10-11T20:25:00Z,2026-10-08T19:13+00:00
Emanuel Wilson,rush_yds,130.0,1480,San Francisco 49ers @ Seattle Seahawks,2026-10-11T20:25:00Z,2026-10-08T19:13+00:00
Emanuel Wilson,rush_yds,140.0,2100,San Francisco 49ers @ Seattle Seahawks,2026-10-11T20:25:00Z,2026-10-08T19:13+00:00
Emanuel Wilson,rush_yds,150.0,2900,San Francisco 49ers @ Seattle Seahawks,2026-10-11T20:25:00Z,2026-10-08T19:13+00:00
Emanuel Wilson,rush_yds,160.0,3700,San Francisco 49ers @ Seattle Seahawks,2026-10-11T20:25:00Z,2026-10-08T19:13+00:00
Christian McCaffrey,rush_yds,20.0,-2200,San Francisco 49ers @ Seattle Seahawks,2026-10-11T20:25:00Z,2026-10-08T19:13+00:00
Christian McCaffrey,rush_yds,25.0,-1080,San Francisco 49ers @ Seattle Seahawks,2026-10-11T20:25:00Z,2026-10-08T19:13+00:00
Christian McCaffrey,rush_yds,30.0,-630,San Francisco 49ers @ Seattle Seahawks,2026-10-11T20:25:00Z,2026-10-08T19:13+00:00
Christian McCaffrey,rush_yds,40.0,-272,San Francisco 49ers @ Seattle Seahawks,2026-10-11T20:25:00Z,2026-10-08T19:13+00:00
Christian McCaffrey,rush_yds,50.0,-142,San Francisco 49ers @ Seattle Seahawks,2026-10-11T20:25:00Z,2026-10-08T19:13+00:00
Christian McCaffrey,rush_yds,54.0,-114,San Francisco 49ers @ Seattle Seahawks,2026-10-11T20:25:00Z,2026-10-08T19:13+00:00
Christian McCaffrey,rush_yds,60.0,121,San Francisco 49ers @ Seattle Seahawks,2026-10-11T20:25:00Z,2026-10-08T19:13+00:00
Christian McCaffrey,rush_yds,70.0,195,San Francisco 49ers @ Seattle Seahawks,2026-10-11T20:25:00Z,2026-10-08T19:13+00:00
Christian McCaffrey,rush_yds,80.0,304,San Francisco 49ers @ Seattle Seahawks,2026-10-11T20:25:00Z,2026-10-08T19:13+00:00
Christian McCaffrey,rush_yds,90.0,465,San Francisco 49ers @ Seattle Seahawks,2026-10-11T20:25:00Z,2026-10-08T19:13+00:00
Christian McCaffrey,rush_yds,100.0,700,San Francisco 49ers @ Seattle Seahawks,2026-10-11T20:25:00Z,2026-10-08T19:13+00:00
Christian McCaffrey,rush_yds,110.0,1040,San Francisco 49ers @ Seattle Seahawks,2026-10-11T20:25:00Z,2026-10-08T19:13+00:00
Christian McCaffrey,rush_yds,120.0,1500,San Francisco 49ers @ Seattle Seahawks,2026-10-11T20:25:00Z,2026-10-08T19:13+00:00
Christian McCaffrey,rush_yds,130.0,2100,San Francisco 49ers @ Seattle Seahawks,2026-10-11T20:25:00Z,2026-10-08T19:13+00:00
Christian McCaffrey,rush_yds,140.0,2900,San Francisco 49ers @ Seattle Seahawks,2026-10-11T20:25:00Z,2026-10-08T19:13+00:00
Christian McCaffrey,rush_yds,150.0,3900,San Francisco 49ers @ Seattle Seahawks,2026-10-11T20:25:00Z,2026-10-08T19:13+00:00
George Holani,rush_yds,10.0,-365,San Francisco 49ers @ Seattle Seahawks,2026-10-11T20:25:00Z,2026-10-08T19:13+00:00
George Holani,rush_yds,15.0,-188,San Francisco 49ers @ Seattle Seahawks,2026-10-11T20:25:00Z,2026-10-08T19:13+00:00
George Holani,rush_yds,20.0,-113,San Francisco 49ers @ Seattle Seahawks,2026-10-11T20:25:00Z,2026-10-08T19:13+00:00
George Holani,rush_yds,25.0,138,San Francisco 49ers @ Seattle Seahawks,2026-10-11T20:25:00Z,2026-10-08T19:13+00:00
George Holani,rush_yds,30.0,201,San Francisco 49ers @ Seattle Seahawks,2026-10-11T20:25:00Z,2026-10-08T19:13+00:00
George Holani,rush_yds,40.0,388,San Francisco 49ers @ Seattle Seahawks,2026-10-11T20:25:00Z,2026-10-08T19:13+00:00
George Holani,rush_yds,50.0,690,San Francisco 49ers @ Seattle Seahawks,2026-10-11T20:25:00Z,2026-10-08T19:13+00:00
George Holani,rush_yds,60.0,1120,San Francisco 49ers @ Seattle Seahawks,2026-10-11T20:25:00Z,2026-10-08T19:13+00:00
George Holani,rush_yds,70.0,1820,San Francisco 49ers @ Seattle Seahawks,2026-10-11T20:25:00Z,2026-10-08T19:13+00:00
George Holani,rush_yds,80.0,2600,San Francisco 49ers @ Seattle Seahawks,2026-10-11T20:25:00Z,2026-10-08T19:13+00:00
George Holani,rush_yds,90.0,3800,San Francisco 49ers @ Seattle Seahawks,2026-10-11T20:25:00Z,2026-10-08T19:13+00:00
Kaelon Black,rush_yds,10.0,-246,San Francisco 49ers @ Seattle Seahawks,2026-10-11T20:25:00Z,2026-10-08T19:13+00:00
Kaelon Black,rush_yds,15.0,-127,San Francisco 49ers @ Seattle Seahawks,2026-10-11T20:25:00Z,2026-10-08T19:13+00:00
Kaelon Black,rush_yds,16.0,-112,San Francisco 49ers @ Seattle Seahawks,2026-10-11T20:25:00Z,2026-10-08T19:13+00:00
Kaelon Black,rush_yds,20.0,135,San Francisco 49ers @ Seattle Seahawks,2026-10-11T20:25:00Z,2026-10-08T19:13+00:00
Kaelon Black,rush_yds,25.0,213,San Francisco 49ers @ Seattle Seahawks,2026-10-11T20:25:00Z,2026-10-08T19:13+00:00
Kaelon Black,rush_yds,30.0,322,San Francisco 49ers @ Seattle Seahawks,2026-10-11T20:25:00Z,2026-10-08T19:13+00:00
Kaelon Black,rush_yds,40.0,660,San Francisco 49ers @ Seattle Seahawks,2026-10-11T20:25:00Z,2026-10-08T19:13+00:00
Kaelon Black,rush_yds,50.0,1220,San Francisco 49ers @ Seattle Seahawks,2026-10-11T20:25:00Z,2026-10-08T19:13+00:00
Kaelon Black,rush_yds,60.0,1940,San Francisco 49ers @ Seattle Seahawks,2026-10-11T20:25:00Z,2026-10-08T19:13+00:00
Kaelon Black,rush_yds,70.0,2900,San Francisco 49ers @ Seattle Seahawks,2026-10-11T20:25:00Z,2026-10-08T19:13+00:00
Brock Purdy,rush_yds,10.0,-387,San Francisco 49ers @ Seattle Seahawks,2026-10-11T20:25:00Z,2026-10-08T19:13+00:00
Brock Purdy,rush_yds,15.0,-196,San Francisco 49ers @ Seattle Seahawks,2026-10-11T20:25:00Z,2026-10-08T19:13+00:00
Brock Purdy,rush_yds,20.0,-111,San Francisco 49ers @ Seattle Seahawks,2026-10-11T20:25:00Z,2026-10-08T19:13+00:00
Brock Purdy,rush_yds,25.0,146,San Francisco 49ers @ Seattle Seahawks,2026-10-11T20:25:00Z,2026-10-08T19:13+00:00
Brock Purdy,rush_yds,30.0,229,San Francisco 49ers @ Seattle Seahawks,2026-10-11T20:25:00Z,2026-10-08T19:13+00:00
Brock Purdy,rush_yds,40.0,529,San Francisco 49ers @ Seattle Seahawks,2026-10-11T20:25:00Z,2026-10-08T19:13+00:00
Brock Purdy,rush_yds,50.0,1120,San Francisco 49ers @ Seattle Seahawks,2026-10-11T20:25:00Z,2026-10-08T19:13+00:00
Brock Purdy,rush_yds,60.0,2100,San Francisco 49ers @ Seattle Seahawks,2026-10-11T20:25:00Z,2026-10-08T19:13+00:00
Brock Purdy,rush_yds,70.0,3600,San Francisco 49ers @ Seattle Seahawks,2026-10-11T20:25:00Z,2026-10-08T19:13+00:00
Deebo Samuel,rush_yds,9.0,-114,San Francisco 49ers @ Seattle Seahawks,2026-10-11T20:25:00Z,2026-10-08T19:13+00:00
Deebo Samuel,rush_yds,10.0,102,San Francisco 49ers @ Seattle Seahawks,2026-10-11T20:25:00Z,2026-10-08T19:13+00:00
Deebo Samuel,rush_yds,15.0,194,San Francisco 49ers @ Seattle Seahawks,2026-10-11T20:25:00Z,2026-10-08T19:13+00:00
Deebo Samuel,rush_yds,20.0,329,San Francisco 49ers @ Seattle Seahawks,2026-10-11T20:25:00Z,2026-10-08T19:13+00:00
Deebo Samuel,rush_yds,25.0,514,San Francisco 49ers @ Seattle Seahawks,2026-10-11T20:25:00Z,2026-10-08T19:13+00:00
Deebo Samuel,rush_yds,30.0,740,San Francisco 49ers @ Seattle Seahawks,2026-10-11T20:25:00Z,2026-10-08T19:13+00:00
Deebo Samuel,rush_yds,40.0,1480,San Francisco 49ers @ Seattle Seahawks,2026-10-11T20:25:00Z,2026-10-08T19:13+00:00
Deebo Samuel,rush_yds,50.0,2400,San Francisco 49ers @ Seattle Seahawks,2026-10-11T20:25:00Z,2026-10-08T19:13+00:00
Deebo Samuel,rush_yds,60.0,3500,San Francisco 49ers @ Seattle Seahawks,2026-10-11T20:25:00Z,2026-10-08T19:13+00:00
Sam Darnold,rush_yds,5.0,-118,San Francisco 49ers @ Seattle Seahawks,2026-10-11T20:25:00Z,2026-10-08T19:13+00:00
Sam Darnold,rush_yds,10.0,192,San Francisco 49ers @ Seattle Seahawks,2026-10-11T20:25:00Z,2026-10-08T19:13+00:00
Sam Darnold,rush_yds,15.0,380,San Francisco 49ers @ Seattle Seahawks,2026-10-11T20:25:00Z,2026-10-08T19:13+00:00
Sam Darnold,rush_yds,20.0,680,San Francisco 49ers @ Seattle Seahawks,2026-10-11T20:25:00Z,2026-10-08T19:13+00:00
Sam Darnold,rush_yds,25.0,1060,San Francisco 49ers @ Seattle Seahawks,2026-10-11T20:25:00Z,2026-10-08T19:13+00:00
Sam Darnold,rush_yds,30.0,1620,San Francisco 49ers @ Seattle Seahawks,2026-10-11T20:25:00Z,2026-10-08T19:13+00:00
Sam Darnold,rush_yds,40.0,3000,San Francisco 49ers @ Seattle Seahawks,2026-10-11T20:25:00Z,2026-10-08T19:13+00:00
Michael Penix Jr.,pass_att,22.0,-1820,Baltimore Ravens @ Atlanta Falcons,2026-10-12T00:20:00Z,2026-10-08T19:13+00:00
Michael Penix Jr.,pass_att,24.0,-720,Baltimore Ravens @ Atlanta Falcons,2026-10-12T00:20:00Z,2026-10-08T19:13+00:00
Michael Penix Jr.,pass_att,26.0,-349,Baltimore Ravens @ Atlanta Falcons,2026-10-12T00:20:00Z,2026-10-08T19:13+00:00
Michael Penix Jr.,pass_att,28.0,-193,Baltimore Ravens @ Atlanta Falcons,2026-10-12T00:20:00Z,2026-10-08T19:13+00:00
Michael Penix Jr.,pass_att,30.0,-114,Baltimore Ravens @ Atlanta Falcons,2026-10-12T00:20:00Z,2026-10-08T19:13+00:00
Michael Penix Jr.,pass_att,32.0,145,Baltimore Ravens @ Atlanta Falcons,2026-10-12T00:20:00Z,2026-10-08T19:13+00:00
Michael Penix Jr.,pass_att,34.0,231,Baltimore Ravens @ Atlanta Falcons,2026-10-12T00:20:00Z,2026-10-08T19:13+00:00
Michael Penix Jr.,pass_att,36.0,362,Baltimore Ravens @ Atlanta Falcons,2026-10-12T00:20:00Z,2026-10-08T19:13+00:00
Michael Penix Jr.,pass_att,38.0,574,Baltimore Ravens @ Atlanta Falcons,2026-10-12T00:20:00Z,2026-10-08T19:13+00:00
Michael Penix Jr.,pass_att,40.0,890,Baltimore Ravens @ Atlanta Falcons,2026-10-12T00:20:00Z,2026-10-08T19:13+00:00
Michael Penix Jr.,pass_att,42.0,1340,Baltimore Ravens @ Atlanta Falcons,2026-10-12T00:20:00Z,2026-10-08T19:13+00:00
Michael Penix Jr.,pass_cmps,14.0,-1000,Baltimore Ravens @ Atlanta Falcons,2026-10-12T00:20:00Z,2026-10-08T19:13+00:00
Michael Penix Jr.,pass_cmps,16.0,-341,Baltimore Ravens @ Atlanta Falcons,2026-10-12T00:20:00Z,2026-10-08T19:13+00:00
Michael Penix Jr.,pass_cmps,18.0,-144,Baltimore Ravens @ Atlanta Falcons,2026-10-12T00:20:00Z,2026-10-08T19:13+00:00
Michael Penix Jr.,pass_cmps,19.0,102,Baltimore Ravens @ Atlanta Falcons,2026-10-12T00:20:00Z,2026-10-08T19:13+00:00
Michael Penix Jr.,pass_cmps,20.0,147,Baltimore Ravens @ Atlanta Falcons,2026-10-12T00:20:00Z,2026-10-08T19:13+00:00
Michael Penix Jr.,pass_cmps,22.0,303,Baltimore Ravens @ Atlanta Falcons,2026-10-12T00:20:00Z,2026-10-08T19:13+00:00
Michael Penix Jr.,pass_cmps,24.0,610,Baltimore Ravens @ Atlanta Falcons,2026-10-12T00:20:00Z,2026-10-08T19:13+00:00
Michael Penix Jr.,pass_cmps,26.0,1180,Baltimore Ravens @ Atlanta Falcons,2026-10-12T00:20:00Z,2026-10-08T19:13+00:00
Michael Penix Jr.,pass_yds,150.0,-840,Baltimore Ravens @ Atlanta Falcons,2026-10-12T00:20:00Z,2026-10-08T19:13+00:00
Michael Penix Jr.,pass_yds,160.0,-595,Baltimore Ravens @ Atlanta Falcons,2026-10-12T00:20:00Z,2026-10-08T19:13+00:00
Michael Penix Jr.,pass_yds,170.0,-425,Baltimore Ravens @ Atlanta Falcons,2026-10-12T00:20:00Z,2026-10-08T19:13+00:00
Michael Penix Jr.,pass_yds,180.0,-312,Baltimore Ravens @ Atlanta Falcons,2026-10-12T00:20:00Z,2026-10-08T19:13+00:00
Michael Penix Jr.,pass_yds,190.0,-236,Baltimore Ravens @ Atlanta Falcons,2026-10-12T00:20:00Z,2026-10-08T19:13+00:00
Michael Penix Jr.,pass_yds,200.0,-179,Baltimore Ravens @ Atlanta Falcons,2026-10-12T00:20:00Z,2026-10-08T19:13+00:00
Michael Penix Jr.,pass_yds,210.0,-136,Baltimore Ravens @ Atlanta Falcons,2026-10-12T00:20:00Z,2026-10-08T19:13+00:00
Michael Penix Jr.,pass_yds,217.0,-113,Baltimore Ravens @ Atlanta Falcons,2026-10-12T00:20:00Z,2026-10-08T19:13+00:00
Michael Penix Jr.,pass_yds,220.0,-104,Baltimore Ravens @ Atlanta Falcons,2026-10-12T00:20:00Z,2026-10-08T19:13+00:00
Michael Penix Jr.,pass_yds,230.0,123,Baltimore Ravens @ Atlanta Falcons,2026-10-12T00:20:00Z,2026-10-08T19:13+00:00
Michael Penix Jr.,pass_yds,240.0,157,Baltimore Ravens @ Atlanta Falcons,2026-10-12T00:20:00Z,2026-10-08T19:13+00:00
Michael Penix Jr.,pass_yds,250.0,200,Baltimore Ravens @ Atlanta Falcons,2026-10-12T00:20:00Z,2026-10-08T19:13+00:00
Michael Penix Jr.,pass_yds,260.0,256,Baltimore Ravens @ Atlanta Falcons,2026-10-12T00:20:00Z,2026-10-08T19:13+00:00
Michael Penix Jr.,pass_yds,270.0,327,Baltimore Ravens @ Atlanta Falcons,2026-10-12T00:20:00Z,2026-10-08T19:13+00:00
Michael Penix Jr.,pass_yds,280.0,417,Baltimore Ravens @ Atlanta Falcons,2026-10-12T00:20:00Z,2026-10-08T19:13+00:00
Michael Penix Jr.,pass_yds,290.0,539,Baltimore Ravens @ Atlanta Falcons,2026-10-12T00:20:00Z,2026-10-08T19:13+00:00
Michael Penix Jr.,pass_yds,300.0,670,Baltimore Ravens @ Atlanta Falcons,2026-10-12T00:20:00Z,2026-10-08T19:13+00:00
Michael Penix Jr.,pass_yds,310.0,850,Baltimore Ravens @ Atlanta Falcons,2026-10-12T00:20:00Z,2026-10-08T19:13+00:00
Michael Penix Jr.,pass_yds,320.0,1080,Baltimore Ravens @ Atlanta Falcons,2026-10-12T00:20:00Z,2026-10-08T19:13+00:00
Michael Penix Jr.,pass_yds,330.0,1340,Baltimore Ravens @ Atlanta Falcons,2026-10-12T00:20:00Z,2026-10-08T19:13+00:00
Michael Penix Jr.,pass_yds,340.0,1720,Baltimore Ravens @ Atlanta Falcons,2026-10-12T00:20:00Z,2026-10-08T19:13+00:00
Michael Penix Jr.,pass_yds,350.0,2100,Baltimore Ravens @ Atlanta Falcons,2026-10-12T00:20:00Z,2026-10-08T19:13+00:00
Michael Penix Jr.,pass_yds,360.0,2600,Baltimore Ravens @ Atlanta Falcons,2026-10-12T00:20:00Z,2026-10-08T19:13+00:00
Michael Penix Jr.,pass_yds,370.0,3300,Baltimore Ravens @ Atlanta Falcons,2026-10-12T00:20:00Z,2026-10-08T19:13+00:00
Tyler Huntley,pass_yds,150.0,-240,Baltimore Ravens @ Atlanta Falcons,2026-10-12T00:20:00Z,2026-10-08T19:13+00:00
Tyler Huntley,pass_yds,160.0,-175,Baltimore Ravens @ Atlanta Falcons,2026-10-12T00:20:00Z,2026-10-08T19:13+00:00
Tyler Huntley,pass_yds,170.0,-128,Baltimore Ravens @ Atlanta Falcons,2026-10-12T00:20:00Z,2026-10-08T19:13+00:00
Tyler Huntley,pass_yds,175.0,-111,Baltimore Ravens @ Atlanta Falcons,2026-10-12T00:20:00Z,2026-10-08T19:13+00:00
Tyler Huntley,pass_yds,180.0,104,Baltimore Ravens @ Atlanta Falcons,2026-10-12T00:20:00Z,2026-10-08T19:13+00:00
Tyler Huntley,pass_yds,190.0,139,Baltimore Ravens @ Atlanta Falcons,2026-10-12T00:20:00Z,2026-10-08T19:13+00:00
Tyler Huntley,pass_yds,200.0,184,Baltimore Ravens @ Atlanta Falcons,2026-10-12T00:20:00Z,2026-10-08T19:13+00:00
Tyler Huntley,pass_yds,210.0,244,Baltimore Ravens @ Atlanta Falcons,2026-10-12T00:20:00Z,2026-10-08T19:13+00:00
Tyler Huntley,pass_yds,220.0,323,Baltimore Ravens @ Atlanta Falcons,2026-10-12T00:20:00Z,2026-10-08T19:13+00:00
Tyler Huntley,pass_yds,230.0,421,Baltimore Ravens @ Atlanta Falcons,2026-10-12T00:20:00Z,2026-10-08T19:13+00:00
Tyler Huntley,pass_yds,240.0,549,Baltimore Ravens @ Atlanta Falcons,2026-10-12T00:20:00Z,2026-10-08T19:13+00:00
Tyler Huntley,pass_yds,250.0,720,Baltimore Ravens @ Atlanta Falcons,2026-10-12T00:20:00Z,2026-10-08T19:13+00:00
Tyler Huntley,pass_yds,260.0,940,Baltimore Ravens @ Atlanta Falcons,2026-10-12T00:20:00Z,2026-10-08T19:13+00:00
Tyler Huntley,pass_yds,270.0,1240,Baltimore Ravens @ Atlanta Falcons,2026-10-12T00:20:00Z,2026-10-08T19:13+00:00
Tyler Huntley,pass_yds,280.0,1640,Baltimore Ravens @ Atlanta Falcons,2026-10-12T00:20:00Z,2026-10-08T19:13+00:00
Tyler Huntley,pass_yds,290.0,2000,Baltimore Ravens @ Atlanta Falcons,2026-10-12T00:20:00Z,2026-10-08T19:13+00:00
Tyler Huntley,pass_yds,300.0,2700,Baltimore Ravens @ Atlanta Falcons,2026-10-12T00:20:00Z,2026-10-08T19:13+00:00
Tyler Huntley,pass_yds,310.0,3400,Baltimore Ravens @ Atlanta Falcons,2026-10-12T00:20:00Z,2026-10-08T19:13+00:00
Drake London,rec_yds,40.0,-810,Baltimore Ravens @ Atlanta Falcons,2026-10-12T00:20:00Z,2026-10-08T19:13+00:00
Drake London,rec_yds,50.0,-442,Baltimore Ravens @ Atlanta Falcons,2026-10-12T00:20:00Z,2026-10-08T19:13+00:00
Drake London,rec_yds,60.0,-277,Baltimore Ravens @ Atlanta Falcons,2026-10-12T00:20:00Z,2026-10-08T19:13+00:00
Drake London,rec_yds,70.0,-180,Baltimore Ravens @ Atlanta Falcons,2026-10-12T00:20:00Z,2026-10-08T19:13+00:00
Drake London,rec_yds,80.0,-120,Baltimore Ravens @ Atlanta Falcons,2026-10-12T00:20:00Z,2026-10-08T19:13+00:00
Drake London,rec_yds,82.0,-112,Baltimore Ravens @ Atlanta Falcons,2026-10-12T00:20:00Z,2026-10-08T19:13+00:00
Drake London,rec_yds,90.0,120,Baltimore Ravens @ Atlanta Falcons,2026-10-12T00:20:00Z,2026-10-08T19:13+00:00
Drake London,rec_yds,100.0,171,Baltimore Ravens @ Atlanta Falcons,2026-10-12T00:20:00Z,2026-10-08T19:13+00:00
Drake London,rec_yds,110.0,238,Baltimore Ravens @ Atlanta Falcons,2026-10-12T00:20:00Z,2026-10-08T19:13+00:00
Drake London,rec_yds,120.0,338,Baltimore Ravens @ Atlanta Falcons,2026-10-12T00:20:00Z,2026-10-08T19:13+00:00
Drake London,rec_yds,130.0,472,Baltimore Ravens @ Atlanta Falcons,2026-10-12T00:20:00Z,2026-10-08T19:13+00:00
Drake London,rec_yds,140.0,660,Baltimore Ravens @ Atlanta Falcons,2026-10-12T00:20:00Z,2026-10-08T19:13+00:00
Drake London,rec_yds,150.0,920,Baltimore Ravens @ Atlanta Falcons,2026-10-12T00:20:00Z,2026-10-08T19:13+00:00
Drake London,rec_yds,160.0,1280,Baltimore Ravens @ Atlanta Falcons,2026-10-12T00:20:00Z,2026-10-08T19:13+00:00
Drake London,rec_yds,170.0,1820,Baltimore Ravens @ Atlanta Falcons,2026-10-12T00:20:00Z,2026-10-08T19:13+00:00
Drake London,rec_yds,180.0,2400,Baltimore Ravens @ Atlanta Falcons,2026-10-12T00:20:00Z,2026-10-08T19:13+00:00
Drake London,rec_yds,190.0,3200,Baltimore Ravens @ Atlanta Falcons,2026-10-12T00:20:00Z,2026-10-08T19:13+00:00
Drake London,rec_yds,200.0,4000,Baltimore Ravens @ Atlanta Falcons,2026-10-12T00:20:00Z,2026-10-08T19:13+00:00
Zay Flowers,rec_yds,25.0,-1400,Baltimore Ravens @ Atlanta Falcons,2026-10-12T00:20:00Z,2026-10-08T19:13+00:00
Zay Flowers,rec_yds,40.0,-478,Baltimore Ravens @ Atlanta Falcons,2026-10-12T00:20:00Z,2026-10-08T19:13+00:00
Zay Flowers,rec_yds,50.0,-270,Baltimore Ravens @ Atlanta Falcons,2026-10-12T00:20:00Z,2026-10-08T19:13+00:00
Zay Flowers,rec_yds,60.0,-169,Baltimore Ravens @ Atlanta Falcons,2026-10-12T00:20:00Z,2026-10-08T19:13+00:00
Zay Flowers,rec_yds,70.0,-111,Baltimore Ravens @ Atlanta Falcons,2026-10-12T00:20:00Z,2026-10-08T19:13+00:00
Zay Flowers,rec_yds,80.0,132,Baltimore Ravens @ Atlanta Falcons,2026-10-12T00:20:00Z,2026-10-08T19:13+00:00
Zay Flowers,rec_yds,90.0,193,Baltimore Ravens @ Atlanta Falcons,2026-10-12T00:20:00Z,2026-10-08T19:13+00:00
Zay Flowers,rec_yds,100.0,278,Baltimore Ravens @ Atlanta Falcons,2026-10-12T00:20:00Z,2026-10-08T19:13+00:00
Zay Flowers,rec_yds,110.0,396,Baltimore Ravens @ Atlanta Falcons,2026-10-12T00:20:00Z,2026-10-08T19:13+00:00
Zay Flowers,rec_yds,120.0,567,Baltimore Ravens @ Atlanta Falcons,2026-10-12T00:20:00Z,2026-10-08T19:13+00:00
Zay Flowers,rec_yds,130.0,800,Baltimore Ravens @ Atlanta Falcons,2026-10-12T00:20:00Z,2026-10-08T19:13+00:00
Zay Flowers,rec_yds,140.0,1120,Baltimore Ravens @ Atlanta Falcons,2026-10-12T00:20:00Z,2026-10-08T19:13+00:00
Zay Flowers,rec_yds,150.0,1560,Baltimore Ravens @ Atlanta Falcons,2026-10-12T00:20:00Z,2026-10-08T19:13+00:00
Zay Flowers,rec_yds,160.0,2100,Baltimore Ravens @ Atlanta Falcons,2026-10-12T00:20:00Z,2026-10-08T19:13+00:00
Zay Flowers,rec_yds,170.0,2800,Baltimore Ravens @ Atlanta Falcons,2026-10-12T00:20:00Z,2026-10-08T19:13+00:00
Zay Flowers,rec_yds,180.0,3500,Baltimore Ravens @ Atlanta Falcons,2026-10-12T00:20:00Z,2026-10-08T19:13+00:00
Mark Andrews,rec_yds,15.0,-424,Baltimore Ravens @ Atlanta Falcons,2026-10-12T00:20:00Z,2026-10-08T19:13+00:00
Mark Andrews,rec_yds,25.0,-165,Baltimore Ravens @ Atlanta Falcons,2026-10-12T00:20:00Z,2026-10-08T19:13+00:00
Mark Andrews,rec_yds,30.0,-114,Baltimore Ravens @ Atlanta Falcons,2026-10-12T00:20:00Z,2026-10-08T19:13+00:00
Mark Andrews,rec_yds,40.0,166,Baltimore Ravens @ Atlanta Falcons,2026-10-12T00:20:00Z,2026-10-08T19:13+00:00
Mark Andrews,rec_yds,50.0,291,Baltimore Ravens @ Atlanta Falcons,2026-10-12T00:20:00Z,2026-10-08T19:13+00:00
Mark Andrews,rec_yds,60.0,497,Baltimore Ravens @ Atlanta Falcons,2026-10-12T00:20:00Z,2026-10-08T19:13+00:00
Mark Andrews,rec_yds,70.0,800,Baltimore Ravens @ Atlanta Falcons,2026-10-12T00:20:00Z,2026-10-08T19:13+00:00
Mark Andrews,rec_yds,80.0,1240,Baltimore Ravens @ Atlanta Falcons,2026-10-12T00:20:00Z,2026-10-08T19:13+00:00
Mark Andrews,rec_yds,90.0,1960,Baltimore Ravens @ Atlanta Falcons,2026-10-12T00:20:00Z,2026-10-08T19:13+00:00
Mark Andrews,rec_yds,100.0,2900,Baltimore Ravens @ Atlanta Falcons,2026-10-12T00:20:00Z,2026-10-08T19:13+00:00
Mark Andrews,rec_yds,110.0,4000,Baltimore Ravens @ Atlanta Falcons,2026-10-12T00:20:00Z,2026-10-08T19:13+00:00
Bijan Robinson,rec_yds,15.0,-333,Baltimore Ravens @ Atlanta Falcons,2026-10-12T00:20:00Z,2026-10-08T19:13+00:00
Bijan Robinson,rec_yds,25.0,-135,Baltimore Ravens @ Atlanta Falcons,2026-10-12T00:20:00Z,2026-10-08T19:13+00:00
Bijan Robinson,rec_yds,28.0,-109,Baltimore Ravens @ Atlanta Falcons,2026-10-12T00:20:00Z,2026-10-08T19:13+00:00
Bijan Robinson,rec_yds,40.0,198,Baltimore Ravens @ Atlanta Falcons,2026-10-12T00:20:00Z,2026-10-08T19:13+00:00
Bijan Robinson,rec_yds,50.0,344,Baltimore Ravens @ Atlanta Falcons,2026-10-12T00:20:00Z,2026-10-08T19:13+00:00
Bijan Robinson,rec_yds,60.0,589,Baltimore Ravens @ Atlanta Falcons,2026-10-12T00:20:00Z,2026-10-08T19:13+00:00
Bijan Robinson,rec_yds,70.0,950,Baltimore Ravens @ Atlanta Falcons,2026-10-12T00:20:00Z,2026-10-08T19:13+00:00
Bijan Robinson,rec_yds,80.0,1440,Baltimore Ravens @ Atlanta Falcons,2026-10-12T00:20:00Z,2026-10-08T19:13+00:00
Bijan Robinson,rec_yds,90.0,2200,Baltimore Ravens @ Atlanta Falcons,2026-10-12T00:20:00Z,2026-10-08T19:13+00:00
Bijan Robinson,rec_yds,100.0,3300,Baltimore Ravens @ Atlanta Falcons,2026-10-12T00:20:00Z,2026-10-08T19:13+00:00
Kyle Pitts,rec_yds,15.0,-232,Baltimore Ravens @ Atlanta Falcons,2026-10-12T00:20:00Z,2026-10-08T19:13+00:00
Kyle Pitts,rec_yds,25.0,-111,Baltimore Ravens @ Atlanta Falcons,2026-10-12T00:20:00Z,2026-10-08T19:13+00:00
Kyle Pitts,rec_yds,40.0,215,Baltimore Ravens @ Atlanta Falcons,2026-10-12T00:20:00Z,2026-10-08T19:13+00:00
Kyle Pitts,rec_yds,50.0,353,Baltimore Ravens @ Atlanta Falcons,2026-10-12T00:20:00Z,2026-10-08T19:13+00:00
Kyle Pitts,rec_yds,60.0,578,Baltimore Ravens @ Atlanta Falcons,2026-10-12T00:20:00Z,2026-10-08T19:13+00:00
Kyle Pitts,rec_yds,70.0,940,Baltimore Ravens @ Atlanta Falcons,2026-10-12T00:20:00Z,2026-10-08T19:13+00:00
Kyle Pitts,rec_yds,80.0,1460,Baltimore Ravens @ Atlanta Falcons,2026-10-12T00:20:00Z,2026-10-08T19:13+00:00
Kyle Pitts,rec_yds,90.0,2200,Baltimore Ravens @ Atlanta Falcons,2026-10-12T00:20:00Z,2026-10-08T19:13+00:00
Kyle Pitts,rec_yds,100.0,3300,Baltimore Ravens @ Atlanta Falcons,2026-10-12T00:20:00Z,2026-10-08T19:13+00:00
Jahan Dotson,rec_yds,15.0,-163,Baltimore Ravens @ Atlanta Falcons,2026-10-12T00:20:00Z,2026-10-08T19:13+00:00
Jahan Dotson,rec_yds,20.0,-109,Baltimore Ravens @ Atlanta Falcons,2026-10-12T00:20:00Z,2026-10-08T19:13+00:00
Jahan Dotson,rec_yds,25.0,125,Baltimore Ravens @ Atlanta Falcons,2026-10-12T00:20:00Z,2026-10-08T19:13+00:00
Jahan Dotson,rec_yds,40.0,289,Baltimore Ravens @ Atlanta Falcons,2026-10-12T00:20:00Z,2026-10-08T19:13+00:00
Jahan Dotson,rec_yds,50.0,471,Baltimore Ravens @ Atlanta Falcons,2026-10-12T00:20:00Z,2026-10-08T19:13+00:00
Jahan Dotson,rec_yds,60.0,730,Baltimore Ravens @ Atlanta Falcons,2026-10-12T00:20:00Z,2026-10-08T19:13+00:00
Jahan Dotson,rec_yds,70.0,1160,Baltimore Ravens @ Atlanta Falcons,2026-10-12T00:20:00Z,2026-10-08T19:13+00:00
Jahan Dotson,rec_yds,80.0,1760,Baltimore Ravens @ Atlanta Falcons,2026-10-12T00:20:00Z,2026-10-08T19:13+00:00
Jahan Dotson,rec_yds,90.0,2600,Baltimore Ravens @ Atlanta Falcons,2026-10-12T00:20:00Z,2026-10-08T19:13+00:00
Jahan Dotson,rec_yds,100.0,3800,Baltimore Ravens @ Atlanta Falcons,2026-10-12T00:20:00Z,2026-10-08T19:13+00:00
Rashod Bateman,rec_yds,15.0,-144,Baltimore Ravens @ Atlanta Falcons,2026-10-12T00:20:00Z,2026-10-08T19:13+00:00
Rashod Bateman,rec_yds,18.0,-112,Baltimore Ravens @ Atlanta Falcons,2026-10-12T00:20:00Z,2026-10-08T19:13+00:00
Rashod Bateman,rec_yds,25.0,150,Baltimore Ravens @ Atlanta Falcons,2026-10-12T00:20:00Z,2026-10-08T19:13+00:00
Rashod Bateman,rec_yds,40.0,374,Baltimore Ravens @ Atlanta Falcons,2026-10-12T00:20:00Z,2026-10-08T19:13+00:00
Rashod Bateman,rec_yds,50.0,640,Baltimore Ravens @ Atlanta Falcons,2026-10-12T00:20:00Z,2026-10-08T19:13+00:00
Rashod Bateman,rec_yds,60.0,1020,Baltimore Ravens @ Atlanta Falcons,2026-10-12T00:20:00Z,2026-10-08T19:13+00:00
Rashod Bateman,rec_yds,70.0,1680,Baltimore Ravens @ Atlanta Falcons,2026-10-12T00:20:00Z,2026-10-08T19:13+00:00
Rashod Bateman,rec_yds,80.0,2500,Baltimore Ravens @ Atlanta Falcons,2026-10-12T00:20:00Z,2026-10-08T19:13+00:00
Rashod Bateman,rec_yds,90.0,3800,Baltimore Ravens @ Atlanta Falcons,2026-10-12T00:20:00Z,2026-10-08T19:13+00:00
Drake London,receptions,3.0,-2700,Baltimore Ravens @ Atlanta Falcons,2026-10-12T00:20:00Z,2026-10-08T19:13+00:00
Drake London,receptions,4.0,-690,Baltimore Ravens @ Atlanta Falcons,2026-10-12T00:20:00Z,2026-10-08T19:13+00:00
Drake London,receptions,5.0,-287,Baltimore Ravens @ Atlanta Falcons,2026-10-12T00:20:00Z,2026-10-08T19:13+00:00
Drake London,receptions,6.0,-138,Baltimore Ravens @ Atlanta Falcons,2026-10-12T00:20:00Z,2026-10-08T19:13+00:00
Drake London,receptions,7.0,138,Baltimore Ravens @ Atlanta Falcons,2026-10-12T00:20:00Z,2026-10-08T19:13+00:00
Drake London,receptions,8.0,257,Baltimore Ravens @ Atlanta Falcons,2026-10-12T00:20:00Z,2026-10-08T19:13+00:00
Drake London,receptions,9.0,469,Baltimore Ravens @ Atlanta Falcons,2026-10-12T00:20:00Z,2026-10-08T19:13+00:00
Drake London,receptions,10.0,820,Baltimore Ravens @ Atlanta Falcons,2026-10-12T00:20:00Z,2026-10-08T19:13+00:00
Drake London,receptions,11.0,1380,Baltimore Ravens @ Atlanta Falcons,2026-10-12T00:20:00Z,2026-10-08T19:13+00:00
Drake London,receptions,12.0,2200,Baltimore Ravens @ Atlanta Falcons,2026-10-12T00:20:00Z,2026-10-08T19:13+00:00
Zay Flowers,receptions,3.0,-1380,Baltimore Ravens @ Atlanta Falcons,2026-10-12T00:20:00Z,2026-10-08T19:13+00:00
Zay Flowers,receptions,4.0,-466,Baltimore Ravens @ Atlanta Falcons,2026-10-12T00:20:00Z,2026-10-08T19:13+00:00
Zay Flowers,receptions,5.0,-199,Baltimore Ravens @ Atlanta Falcons,2026-10-12T00:20:00Z,2026-10-08T19:13+00:00
Zay Flowers,receptions,6.0,-101,Baltimore Ravens @ Atlanta Falcons,2026-10-12T00:20:00Z,2026-10-08T19:13+00:00
Zay Flowers,receptions,7.0,182,Baltimore Ravens @ Atlanta Falcons,2026-10-12T00:20:00Z,2026-10-08T19:13+00:00
Zay Flowers,receptions,8.0,328,Baltimore Ravens @ Atlanta Falcons,2026-10-12T00:20:00Z,2026-10-08T19:13+00:00
Zay Flowers,receptions,9.0,595,Baltimore Ravens @ Atlanta Falcons,2026-10-12T00:20:00Z,2026-10-08T19:13+00:00
Zay Flowers,receptions,10.0,1040,Baltimore Ravens @ Atlanta Falcons,2026-10-12T00:20:00Z,2026-10-08T19:13+00:00
Zay Flowers,receptions,11.0,1700,Baltimore Ravens @ Atlanta Falcons,2026-10-12T00:20:00Z,2026-10-08T19:13+00:00
Zay Flowers,receptions,12.0,2500,Baltimore Ravens @ Atlanta Falcons,2026-10-12T00:20:00Z,2026-10-08T19:13+00:00
Mark Andrews,receptions,2.0,-1100,Baltimore Ravens @ Atlanta Falcons,2026-10-12T00:20:00Z,2026-10-08T19:13+00:00
Mark Andrews,receptions,3.0,-309,Baltimore Ravens @ Atlanta Falcons,2026-10-12T00:20:00Z,2026-10-08T19:13+00:00
Mark Andrews,receptions,4.0,-123,Baltimore Ravens @ Atlanta Falcons,2026-10-12T00:20:00Z,2026-10-08T19:13+00:00
Mark Andrews,receptions,5.0,173,Baltimore Ravens @ Atlanta Falcons,2026-10-12T00:20:00Z,2026-10-08T19:13+00:00
Mark Andrews,receptions,6.0,355,Baltimore Ravens @ Atlanta Falcons,2026-10-12T00:20:00Z,2026-10-08T19:13+00:00
Mark Andrews,receptions,7.0,690,Baltimore Ravens @ Atlanta Falcons,2026-10-12T00:20:00Z,2026-10-08T19:13+00:00
Mark Andrews,receptions,8.0,1260,Baltimore Ravens @ Atlanta Falcons,2026-10-12T00:20:00Z,2026-10-08T19:13+00:00
Mark Andrews,receptions,9.0,2100,Baltimore Ravens @ Atlanta Falcons,2026-10-12T00:20:00Z,2026-10-08T19:13+00:00
Bijan Robinson,receptions,2.0,-1080,Baltimore Ravens @ Atlanta Falcons,2026-10-12T00:20:00Z,2026-10-08T19:13+00:00
Bijan Robinson,receptions,3.0,-306,Baltimore Ravens @ Atlanta Falcons,2026-10-12T00:20:00Z,2026-10-08T19:13+00:00
Bijan Robinson,receptions,4.0,-124,Baltimore Ravens @ Atlanta Falcons,2026-10-12T00:20:00Z,2026-10-08T19:13+00:00
Bijan Robinson,receptions,5.0,174,Baltimore Ravens @ Atlanta Falcons,2026-10-12T00:20:00Z,2026-10-08T19:13+00:00
Bijan Robinson,receptions,6.0,355,Baltimore Ravens @ Atlanta Falcons,2026-10-12T00:20:00Z,2026-10-08T19:13+00:00
Bijan Robinson,receptions,7.0,710,Baltimore Ravens @ Atlanta Falcons,2026-10-12T00:20:00Z,2026-10-08T19:13+00:00
Bijan Robinson,receptions,8.0,1380,Baltimore Ravens @ Atlanta Falcons,2026-10-12T00:20:00Z,2026-10-08T19:13+00:00
Bijan Robinson,receptions,9.0,2300,Baltimore Ravens @ Atlanta Falcons,2026-10-12T00:20:00Z,2026-10-08T19:13+00:00
Kyle Pitts,receptions,2.0,-255,Baltimore Ravens @ Atlanta Falcons,2026-10-12T00:20:00Z,2026-10-08T19:13+00:00
Kyle Pitts,receptions,3.0,115,Baltimore Ravens @ Atlanta Falcons,2026-10-12T00:20:00Z,2026-10-08T19:13+00:00
Kyle Pitts,receptions,4.0,293,Baltimore Ravens @ Atlanta Falcons,2026-10-12T00:20:00Z,2026-10-08T19:13+00:00
Kyle Pitts,receptions,5.0,690,Baltimore Ravens @ Atlanta Falcons,2026-10-12T00:20:00Z,2026-10-08T19:13+00:00
Kyle Pitts,receptions,6.0,1600,Baltimore Ravens @ Atlanta Falcons,2026-10-12T00:20:00Z,2026-10-08T19:13+00:00
Kyle Pitts,receptions,7.0,2800,Baltimore Ravens @ Atlanta Falcons,2026-10-12T00:20:00Z,2026-10-08T19:13+00:00
Rashod Bateman,receptions,2.0,-149,Baltimore Ravens @ Atlanta Falcons,2026-10-12T00:20:00Z,2026-10-08T19:13+00:00
Rashod Bateman,receptions,3.0,204,Baltimore Ravens @ Atlanta Falcons,2026-10-12T00:20:00Z,2026-10-08T19:13+00:00
Rashod Bateman,receptions,4.0,555,Baltimore Ravens @ Atlanta Falcons,2026-10-12T00:20:00Z,2026-10-08T19:13+00:00
Rashod Bateman,receptions,5.0,1300,Baltimore Ravens @ Atlanta Falcons,2026-10-12T00:20:00Z,2026-10-08T19:13+00:00
Rashod Bateman,receptions,6.0,2500,Baltimore Ravens @ Atlanta Falcons,2026-10-12T00:20:00Z,2026-10-08T19:13+00:00
Jahan Dotson,receptions,2.0,-144,Baltimore Ravens @ Atlanta Falcons,2026-10-12T00:20:00Z,2026-10-08T19:13+00:00
Jahan Dotson,receptions,3.0,213,Baltimore Ravens @ Atlanta Falcons,2026-10-12T00:20:00Z,2026-10-08T19:13+00:00
Jahan Dotson,receptions,4.0,564,Baltimore Ravens @ Atlanta Falcons,2026-10-12T00:20:00Z,2026-10-08T19:13+00:00
Jahan Dotson,receptions,5.0,1340,Baltimore Ravens @ Atlanta Falcons,2026-10-12T00:20:00Z,2026-10-08T19:13+00:00
Jahan Dotson,receptions,6.0,2700,Baltimore Ravens @ Atlanta Falcons,2026-10-12T00:20:00Z,2026-10-08T19:13+00:00
Derrick Henry,rush_att,14.0,-1320,Baltimore Ravens @ Atlanta Falcons,2026-10-12T00:20:00Z,2026-10-08T19:13+00:00
Derrick Henry,rush_att,16.0,-532,Baltimore Ravens @ Atlanta Falcons,2026-10-12T00:20:00Z,2026-10-08T19:13+00:00
Derrick Henry,rush_att,18.0,-267,Baltimore Ravens @ Atlanta Falcons,2026-10-12T00:20:00Z,2026-10-08T19:13+00:00
Derrick Henry,rush_att,20.0,-145,Baltimore Ravens @ Atlanta Falcons,2026-10-12T00:20:00Z,2026-10-08T19:13+00:00
Derrick Henry,rush_att,21.0,-111,Baltimore Ravens @ Atlanta Falcons,2026-10-12T00:20:00Z,2026-10-08T19:13+00:00
Derrick Henry,rush_att,22.0,118,Baltimore Ravens @ Atlanta Falcons,2026-10-12T00:20:00Z,2026-10-08T19:13+00:00
Derrick Henry,rush_att,24.0,201,Baltimore Ravens @ Atlanta Falcons,2026-10-12T00:20:00Z,2026-10-08T19:13+00:00
Derrick Henry,rush_att,26.0,339,Baltimore Ravens @ Atlanta Falcons,2026-10-12T00:20:00Z,2026-10-08T19:13+00:00
Derrick Henry,rush_att,28.0,581,Baltimore Ravens @ Atlanta Falcons,2026-10-12T00:20:00Z,2026-10-08T19:13+00:00
Derrick Henry,rush_att,30.0,990,Baltimore Ravens @ Atlanta Falcons,2026-10-12T00:20:00Z,2026-10-08T19:13+00:00
Derrick Henry,rush_att,32.0,1640,Baltimore Ravens @ Atlanta Falcons,2026-10-12T00:20:00Z,2026-10-08T19:13+00:00
Bijan Robinson,rush_att,12.0,-1380,Baltimore Ravens @ Atlanta Falcons,2026-10-12T00:20:00Z,2026-10-08T19:13+00:00
Bijan Robinson,rush_att,14.0,-559,Baltimore Ravens @ Atlanta Falcons,2026-10-12T00:20:00Z,2026-10-08T19:13+00:00
Bijan Robinson,rush_att,16.0,-281,Baltimore Ravens @ Atlanta Falcons,2026-10-12T00:20:00Z,2026-10-08T19:13+00:00
Bijan Robinson,rush_att,18.0,-155,Baltimore Ravens @ Atlanta Falcons,2026-10-12T00:20:00Z,2026-10-08T19:13+00:00
Bijan Robinson,rush_att,19.0,-118,Baltimore Ravens @ Atlanta Falcons,2026-10-12T00:20:00Z,2026-10-08T19:13+00:00
Bijan Robinson,rush_att,20.0,111,Baltimore Ravens @ Atlanta Falcons,2026-10-12T00:20:00Z,2026-10-08T19:13+00:00
Bijan Robinson,rush_att,22.0,189,Baltimore Ravens @ Atlanta Falcons,2026-10-12T00:20:00Z,2026-10-08T19:13+00:00
Bijan Robinson,rush_att,24.0,323,Baltimore Ravens @ Atlanta Falcons,2026-10-12T00:20:00Z,2026-10-08T19:13+00:00
Bijan Robinson,rush_att,26.0,552,Baltimore Ravens @ Atlanta Falcons,2026-10-12T00:20:00Z,2026-10-08T19:13+00:00
Bijan Robinson,rush_att,28.0,950,Baltimore Ravens @ Atlanta Falcons,2026-10-12T00:20:00Z,2026-10-08T19:13+00:00
Bijan Robinson,rush_att,30.0,1580,Baltimore Ravens @ Atlanta Falcons,2026-10-12T00:20:00Z,2026-10-08T19:13+00:00
Brian Robinson Jr.,rush_att,6.0,-820,Baltimore Ravens @ Atlanta Falcons,2026-10-12T00:20:00Z,2026-10-08T19:13+00:00
Brian Robinson Jr.,rush_att,8.0,-244,Baltimore Ravens @ Atlanta Falcons,2026-10-12T00:20:00Z,2026-10-08T19:13+00:00
Brian Robinson Jr.,rush_att,10.0,109,Baltimore Ravens @ Atlanta Falcons,2026-10-12T00:20:00Z,2026-10-08T19:13+00:00
Brian Robinson Jr.,rush_att,12.0,262,Baltimore Ravens @ Atlanta Falcons,2026-10-12T00:20:00Z,2026-10-08T19:13+00:00
Brian Robinson Jr.,rush_att,14.0,610,Baltimore Ravens @ Atlanta Falcons,2026-10-12T00:20:00Z,2026-10-08T19:13+00:00
Brian Robinson Jr.,rush_att,16.0,1380,Baltimore Ravens @ Atlanta Falcons,2026-10-12T00:20:00Z,2026-10-08T19:13+00:00
Bijan Robinson,rush_yds,40.0,-2200,Baltimore Ravens @ Atlanta Falcons,2026-10-12T00:20:00Z,2026-10-08T19:13+00:00
Bijan Robinson,rush_yds,50.0,-880,Baltimore Ravens @ Atlanta Falcons,2026-10-12T00:20:00Z,2026-10-08T19:13+00:00
Bijan Robinson,rush_yds,60.0,-456,Baltimore Ravens @ Atlanta Falcons,2026-10-12T00:20:00Z,2026-10-08T19:13+00:00
Bijan Robinson,rush_yds,70.0,-267,Baltimore Ravens @ Atlanta Falcons,2026-10-12T00:20:00Z,2026-10-08T19:13+00:00
Bijan Robinson,rush_yds,80.0,-170,Baltimore Ravens @ Atlanta Falcons,2026-10-12T00:20:00Z,2026-10-08T19:13+00:00
Bijan Robinson,rush_yds,90.0,-112,Baltimore Ravens @ Atlanta Falcons,2026-10-12T00:20:00Z,2026-10-08T19:13+00:00
Bijan Robinson,rush_yds,100.0,131,Baltimore Ravens @ Atlanta Falcons,2026-10-12T00:20:00Z,2026-10-08T19:13+00:00
Bijan Robinson,rush_yds,110.0,188,Baltimore Ravens @ Atlanta Falcons,2026-10-12T00:20:00Z,2026-10-08T19:13+00:00
Bijan Robinson,rush_yds,120.0,269,Baltimore Ravens @ Atlanta Falcons,2026-10-12T00:20:00Z,2026-10-08T19:13+00:00
Bijan Robinson,rush_yds,130.0,386,Baltimore Ravens @ Atlanta Falcons,2026-10-12T00:20:00Z,2026-10-08T19:13+00:00
Bijan Robinson,rush_yds,140.0,534,Baltimore Ravens @ Atlanta Falcons,2026-10-12T00:20:00Z,2026-10-08T19:13+00:00
Bijan Robinson,rush_yds,150.0,750,Baltimore Ravens @ Atlanta Falcons,2026-10-12T00:20:00Z,2026-10-08T19:13+00:00
Bijan Robinson,rush_yds,160.0,1060,Baltimore Ravens @ Atlanta Falcons,2026-10-12T00:20:00Z,2026-10-08T19:13+00:00
Bijan Robinson,rush_yds,170.0,1500,Baltimore Ravens @ Atlanta Falcons,2026-10-12T00:20:00Z,2026-10-08T19:13+00:00
Bijan Robinson,rush_yds,180.0,2000,Baltimore Ravens @ Atlanta Falcons,2026-10-12T00:20:00Z,2026-10-08T19:13+00:00
Bijan Robinson,rush_yds,190.0,2700,Baltimore Ravens @ Atlanta Falcons,2026-10-12T00:20:00Z,2026-10-08T19:13+00:00
Bijan Robinson,rush_yds,200.0,3600,Baltimore Ravens @ Atlanta Falcons,2026-10-12T00:20:00Z,2026-10-08T19:13+00:00
Derrick Henry,rush_yds,40.0,-1760,Baltimore Ravens @ Atlanta Falcons,2026-10-12T00:20:00Z,2026-10-08T19:13+00:00
Derrick Henry,rush_yds,50.0,-730,Baltimore Ravens @ Atlanta Falcons,2026-10-12T00:20:00Z,2026-10-08T19:13+00:00
Derrick Henry,rush_yds,60.0,-382,Baltimore Ravens @ Atlanta Falcons,2026-10-12T00:20:00Z,2026-10-08T19:13+00:00
Derrick Henry,rush_yds,70.0,-228,Baltimore Ravens @ Atlanta Falcons,2026-10-12T00:20:00Z,2026-10-08T19:13+00:00
Derrick Henry,rush_yds,80.0,-144,Baltimore Ravens @ Atlanta Falcons,2026-10-12T00:20:00Z,2026-10-08T19:13+00:00
Derrick Henry,rush_yds,86.0,-110,Baltimore Ravens @ Atlanta Falcons,2026-10-12T00:20:00Z,2026-10-08T19:13+00:00
Derrick Henry,rush_yds,90.0,107,Baltimore Ravens @ Atlanta Falcons,2026-10-12T00:20:00Z,2026-10-08T19:13+00:00
Derrick Henry,rush_yds,100.0,159,Baltimore Ravens @ Atlanta Falcons,2026-10-12T00:20:00Z,2026-10-08T19:13+00:00
Derrick Henry,rush_yds,110.0,233,Baltimore Ravens @ Atlanta Falcons,2026-10-12T00:20:00Z,2026-10-08T19:13+00:00
Derrick Henry,rush_yds,120.0,334,Baltimore Ravens @ Atlanta Falcons,2026-10-12T00:20:00Z,2026-10-08T19:13+00:00
Derrick Henry,rush_yds,130.0,474,Baltimore Ravens @ Atlanta Falcons,2026-10-12T00:20:00Z,2026-10-08T19:13+00:00
Derrick Henry,rush_yds,140.0,680,Baltimore Ravens @ Atlanta Falcons,2026-10-12T00:20:00Z,2026-10-08T19:13+00:00
Derrick Henry,rush_yds,150.0,940,Baltimore Ravens @ Atlanta Falcons,2026-10-12T00:20:00Z,2026-10-08T19:13+00:00
Derrick Henry,rush_yds,160.0,1320,Baltimore Ravens @ Atlanta Falcons,2026-10-12T00:20:00Z,2026-10-08T19:13+00:00
Derrick Henry,rush_yds,170.0,1820,Baltimore Ravens @ Atlanta Falcons,2026-10-12T00:20:00Z,2026-10-08T19:13+00:00
Derrick Henry,rush_yds,180.0,2500,Baltimore Ravens @ Atlanta Falcons,2026-10-12T00:20:00Z,2026-10-08T19:13+00:00
Derrick Henry,rush_yds,190.0,3200,Baltimore Ravens @ Atlanta Falcons,2026-10-12T00:20:00Z,2026-10-08T19:13+00:00
Brian Robinson Jr.,rush_yds,10.0,-1820,Baltimore Ravens @ Atlanta Falcons,2026-10-12T00:20:00Z,2026-10-08T19:13+00:00
Brian Robinson Jr.,rush_yds,15.0,-810,Baltimore Ravens @ Atlanta Falcons,2026-10-12T00:20:00Z,2026-10-08T19:13+00:00
Brian Robinson Jr.,rush_yds,20.0,-440,Baltimore Ravens @ Atlanta Falcons,2026-10-12T00:20:00Z,2026-10-08T19:13+00:00
Brian Robinson Jr.,rush_yds,25.0,-264,Baltimore Ravens @ Atlanta Falcons,2026-10-12T00:20:00Z,2026-10-08T19:13+00:00
Brian Robinson Jr.,rush_yds,30.0,-172,Baltimore Ravens @ Atlanta Falcons,2026-10-12T00:20:00Z,2026-10-08T19:13+00:00
Brian Robinson Jr.,rush_yds,36.0,-109,Baltimore Ravens @ Atlanta Falcons,2026-10-12T00:20:00Z,2026-10-08T19:13+00:00
Brian Robinson Jr.,rush_yds,40.0,120,Baltimore Ravens @ Atlanta Falcons,2026-10-12T00:20:00Z,2026-10-08T19:13+00:00
Brian Robinson Jr.,rush_yds,50.0,222,Baltimore Ravens @ Atlanta Falcons,2026-10-12T00:20:00Z,2026-10-08T19:13+00:00
Brian Robinson Jr.,rush_yds,60.0,398,Baltimore Ravens @ Atlanta Falcons,2026-10-12T00:20:00Z,2026-10-08T19:13+00:00
Brian Robinson Jr.,rush_yds,70.0,660,Baltimore Ravens @ Atlanta Falcons,2026-10-12T00:20:00Z,2026-10-08T19:13+00:00
Brian Robinson Jr.,rush_yds,80.0,1060,Baltimore Ravens @ Atlanta Falcons,2026-10-12T00:20:00Z,2026-10-08T19:13+00:00
Brian Robinson Jr.,rush_yds,90.0,1640,Baltimore Ravens @ Atlanta Falcons,2026-10-12T00:20:00Z,2026-10-08T19:13+00:00
Brian Robinson Jr.,rush_yds,100.0,2400,Baltimore Ravens @ Atlanta Falcons,2026-10-12T00:20:00Z,2026-10-08T19:13+00:00
Brian Robinson Jr.,rush_yds,110.0,3400,Baltimore Ravens @ Atlanta Falcons,2026-10-12T00:20:00Z,2026-10-08T19:13+00:00
Justice Hill,rush_yds,10.0,-149,Baltimore Ravens @ Atlanta Falcons,2026-10-12T00:20:00Z,2026-10-08T19:13+00:00
Justice Hill,rush_yds,12.0,-115,Baltimore Ravens @ Atlanta Falcons,2026-10-12T00:20:00Z,2026-10-08T19:13+00:00
Justice Hill,rush_yds,15.0,125,Baltimore Ravens @ Atlanta Falcons,2026-10-12T00:20:00Z,2026-10-08T19:13+00:00
Justice Hill,rush_yds,20.0,214,Baltimore Ravens @ Atlanta Falcons,2026-10-12T00:20:00Z,2026-10-08T19:13+00:00
Justice Hill,rush_yds,25.0,339,Baltimore Ravens @ Atlanta Falcons,2026-10-12T00:20:00Z,2026-10-08T19:13+00:00
Justice Hill,rush_yds,30.0,504,Baltimore Ravens @ Atlanta Falcons,2026-10-12T00:20:00Z,2026-10-08T19:13+00:00
Justice Hill,rush_yds,40.0,1060,Baltimore Ravens @ Atlanta Falcons,2026-10-12T00:20:00Z,2026-10-08T19:13+00:00
Justice Hill,rush_yds,50.0,1900,Baltimore Ravens @ Atlanta Falcons,2026-10-12T00:20:00Z,2026-10-08T19:13+00:00
Justice Hill,rush_yds,60.0,3000,Baltimore Ravens @ Atlanta Falcons,2026-10-12T00:20:00Z,2026-10-08T19:13+00:00
Michael Penix Jr.,rush_yds,1.0,-111,Baltimore Ravens @ Atlanta Falcons,2026-10-12T00:20:00Z,2026-10-08T19:13+00:00
Michael Penix Jr.,rush_yds,10.0,521,Baltimore Ravens @ Atlanta Falcons,2026-10-12T00:20:00Z,2026-10-08T19:13+00:00
Michael Penix Jr.,rush_yds,15.0,1060,Baltimore Ravens @ Atlanta Falcons,2026-10-12T00:20:00Z,2026-10-08T19:13+00:00
Michael Penix Jr.,rush_yds,20.0,1960,Baltimore Ravens @ Atlanta Falcons,2026-10-12T00:20:00Z,2026-10-08T19:13+00:00
Michael Penix Jr.,rush_yds,25.0,3100,Baltimore Ravens @ Atlanta Falcons,2026-10-12T00:20:00Z,2026-10-08T19:13+00:00
