Player,Market,Rung,Odds,Game,Commence,PulledAt
Dak Prescott,pass_att,26.0,-2100,Tampa Bay Buccaneers @ Dallas Cowboys,2026-10-09T00:15:00Z,2026-10-08T23:43+00:00
Dak Prescott,pass_att,28.0,-820,Tampa Bay Buccaneers @ Dallas Cowboys,2026-10-09T00:15:00Z,2026-10-08T23:43+00:00
Dak Prescott,pass_att,30.0,-385,Tampa Bay Buccaneers @ Dallas Cowboys,2026-10-09T00:15:00Z,2026-10-08T23:43+00:00
Dak Prescott,pass_att,32.0,-208,Tampa Bay Buccaneers @ Dallas Cowboys,2026-10-09T00:15:00Z,2026-10-08T23:43+00:00
Dak Prescott,pass_att,34.0,-119,Tampa Bay Buccaneers @ Dallas Cowboys,2026-10-09T00:15:00Z,2026-10-08T23:43+00:00
Dak Prescott,pass_att,36.0,140,Tampa Bay Buccaneers @ Dallas Cowboys,2026-10-09T00:15:00Z,2026-10-08T23:43+00:00
Dak Prescott,pass_att,38.0,228,Tampa Bay Buccaneers @ Dallas Cowboys,2026-10-09T00:15:00Z,2026-10-08T23:43+00:00
Dak Prescott,pass_att,40.0,372,Tampa Bay Buccaneers @ Dallas Cowboys,2026-10-09T00:15:00Z,2026-10-08T23:43+00:00
Dak Prescott,pass_att,42.0,596,Tampa Bay Buccaneers @ Dallas Cowboys,2026-10-09T00:15:00Z,2026-10-08T23:43+00:00
Dak Prescott,pass_att,44.0,930,Tampa Bay Buccaneers @ Dallas Cowboys,2026-10-09T00:15:00Z,2026-10-08T23:43+00:00
Dak Prescott,pass_att,46.0,1400,Tampa Bay Buccaneers @ Dallas Cowboys,2026-10-09T00:15:00Z,2026-10-08T23:43+00:00
Jalon Daniels,pass_att,20.0,-3100,Tampa Bay Buccaneers @ Dallas Cowboys,2026-10-09T00:15:00Z,2026-10-08T23:43+00:00
Jalon Daniels,pass_att,22.0,-1100,Tampa Bay Buccaneers @ Dallas Cowboys,2026-10-09T00:15:00Z,2026-10-08T23:43+00:00
Jalon Daniels,pass_att,24.0,-520,Tampa Bay Buccaneers @ Dallas Cowboys,2026-10-09T00:15:00Z,2026-10-08T23:43+00:00
Jalon Daniels,pass_att,26.0,-284,Tampa Bay Buccaneers @ Dallas Cowboys,2026-10-09T00:15:00Z,2026-10-08T23:43+00:00
Jalon Daniels,pass_att,28.0,-161,Tampa Bay Buccaneers @ Dallas Cowboys,2026-10-09T00:15:00Z,2026-10-08T23:43+00:00
Jalon Daniels,pass_att,29.0,-122,Tampa Bay Buccaneers @ Dallas Cowboys,2026-10-09T00:15:00Z,2026-10-08T23:43+00:00
Jalon Daniels,pass_att,30.0,105,Tampa Bay Buccaneers @ Dallas Cowboys,2026-10-09T00:15:00Z,2026-10-08T23:43+00:00
Jalon Daniels,pass_att,32.0,172,Tampa Bay Buccaneers @ Dallas Cowboys,2026-10-09T00:15:00Z,2026-10-08T23:43+00:00
Jalon Daniels,pass_att,34.0,279,Tampa Bay Buccaneers @ Dallas Cowboys,2026-10-09T00:15:00Z,2026-10-08T23:43+00:00
Jalon Daniels,pass_att,36.0,449,Tampa Bay Buccaneers @ Dallas Cowboys,2026-10-09T00:15:00Z,2026-10-08T23:43+00:00
Jalon Daniels,pass_att,38.0,710,Tampa Bay Buccaneers @ Dallas Cowboys,2026-10-09T00:15:00Z,2026-10-08T23:43+00:00
Jalon Daniels,pass_att,40.0,1120,Tampa Bay Buccaneers @ Dallas Cowboys,2026-10-09T00:15:00Z,2026-10-08T23:43+00:00
Jalon Daniels,pass_att,42.0,1680,Tampa Bay Buccaneers @ Dallas Cowboys,2026-10-09T00:15:00Z,2026-10-08T23:43+00:00
Dak Prescott,pass_cmps,18.0,-2000,Tampa Bay Buccaneers @ Dallas Cowboys,2026-10-09T00:15:00Z,2026-10-08T23:43+00:00
Dak Prescott,pass_cmps,20.0,-630,Tampa Bay Buccaneers @ Dallas Cowboys,2026-10-09T00:15:00Z,2026-10-08T23:43+00:00
Dak Prescott,pass_cmps,22.0,-263,Tampa Bay Buccaneers @ Dallas Cowboys,2026-10-09T00:15:00Z,2026-10-08T23:43+00:00
Dak Prescott,pass_cmps,24.0,-125,Tampa Bay Buccaneers @ Dallas Cowboys,2026-10-09T00:15:00Z,2026-10-08T23:43+00:00
Dak Prescott,pass_cmps,26.0,162,Tampa Bay Buccaneers @ Dallas Cowboys,2026-10-09T00:15:00Z,2026-10-08T23:43+00:00
Dak Prescott,pass_cmps,28.0,333,Tampa Bay Buccaneers @ Dallas Cowboys,2026-10-09T00:15:00Z,2026-10-08T23:43+00:00
Dak Prescott,pass_cmps,30.0,640,Tampa Bay Buccaneers @ Dallas Cowboys,2026-10-09T00:15:00Z,2026-10-08T23:43+00:00
Dak Prescott,pass_cmps,32.0,1200,Tampa Bay Buccaneers @ Dallas Cowboys,2026-10-09T00:15:00Z,2026-10-08T23:43+00:00
Jalon Daniels,pass_cmps,12.0,-3500,Tampa Bay Buccaneers @ Dallas Cowboys,2026-10-09T00:15:00Z,2026-10-08T23:43+00:00
Jalon Daniels,pass_cmps,14.0,-850,Tampa Bay Buccaneers @ Dallas Cowboys,2026-10-09T00:15:00Z,2026-10-08T23:43+00:00
Jalon Daniels,pass_cmps,16.0,-330,Tampa Bay Buccaneers @ Dallas Cowboys,2026-10-09T00:15:00Z,2026-10-08T23:43+00:00
Jalon Daniels,pass_cmps,18.0,-149,Tampa Bay Buccaneers @ Dallas Cowboys,2026-10-09T00:15:00Z,2026-10-08T23:43+00:00
Jalon Daniels,pass_cmps,19.0,-104,Tampa Bay Buccaneers @ Dallas Cowboys,2026-10-09T00:15:00Z,2026-10-08T23:43+00:00
Jalon Daniels,pass_cmps,20.0,137,Tampa Bay Buccaneers @ Dallas Cowboys,2026-10-09T00:15:00Z,2026-10-08T23:43+00:00
Jalon Daniels,pass_cmps,22.0,276,Tampa Bay Buccaneers @ Dallas Cowboys,2026-10-09T00:15:00Z,2026-10-08T23:43+00:00
Jalon Daniels,pass_cmps,24.0,543,Tampa Bay Buccaneers @ Dallas Cowboys,2026-10-09T00:15:00Z,2026-10-08T23:43+00:00
Jalon Daniels,pass_cmps,26.0,1020,Tampa Bay Buccaneers @ Dallas Cowboys,2026-10-09T00:15:00Z,2026-10-08T23:43+00:00
Dak Prescott,pass_yds,190.0,-1440,Tampa Bay Buccaneers @ Dallas Cowboys,2026-10-09T00:15:00Z,2026-10-08T23:43+00:00
Dak Prescott,pass_yds,200.0,-960,Tampa Bay Buccaneers @ Dallas Cowboys,2026-10-09T00:15:00Z,2026-10-08T23:43+00:00
Dak Prescott,pass_yds,210.0,-670,Tampa Bay Buccaneers @ Dallas Cowboys,2026-10-09T00:15:00Z,2026-10-08T23:43+00:00
Dak Prescott,pass_yds,220.0,-480,Tampa Bay Buccaneers @ Dallas Cowboys,2026-10-09T00:15:00Z,2026-10-08T23:43+00:00
Dak Prescott,pass_yds,230.0,-361,Tampa Bay Buccaneers @ Dallas Cowboys,2026-10-09T00:15:00Z,2026-10-08T23:43+00:00
Dak Prescott,pass_yds,240.0,-271,Tampa Bay Buccaneers @ Dallas Cowboys,2026-10-09T00:15:00Z,2026-10-08T23:43+00:00
Dak Prescott,pass_yds,250.0,-206,Tampa Bay Buccaneers @ Dallas Cowboys,2026-10-09T00:15:00Z,2026-10-08T23:43+00:00
Dak Prescott,pass_yds,260.0,-159,Tampa Bay Buccaneers @ Dallas Cowboys,2026-10-09T00:15:00Z,2026-10-08T23:43+00:00
Dak Prescott,pass_yds,270.0,-123,Tampa Bay Buccaneers @ Dallas Cowboys,2026-10-09T00:15:00Z,2026-10-08T23:43+00:00
Dak Prescott,pass_yds,274.0,-112,Tampa Bay Buccaneers @ Dallas Cowboys,2026-10-09T00:15:00Z,2026-10-08T23:43+00:00
Dak Prescott,pass_yds,280.0,103,Tampa Bay Buccaneers @ Dallas Cowboys,2026-10-09T00:15:00Z,2026-10-08T23:43+00:00
Dak Prescott,pass_yds,290.0,131,Tampa Bay Buccaneers @ Dallas Cowboys,2026-10-09T00:15:00Z,2026-10-08T23:43+00:00
Dak Prescott,pass_yds,300.0,167,Tampa Bay Buccaneers @ Dallas Cowboys,2026-10-09T00:15:00Z,2026-10-08T23:43+00:00
Dak Prescott,pass_yds,310.0,211,Tampa Bay Buccaneers @ Dallas Cowboys,2026-10-09T00:15:00Z,2026-10-08T23:43+00:00
Dak Prescott,pass_yds,320.0,271,Tampa Bay Buccaneers @ Dallas Cowboys,2026-10-09T00:15:00Z,2026-10-08T23:43+00:00
Dak Prescott,pass_yds,330.0,342,Tampa Bay Buccaneers @ Dallas Cowboys,2026-10-09T00:15:00Z,2026-10-08T23:43+00:00
Dak Prescott,pass_yds,340.0,439,Tampa Bay Buccaneers @ Dallas Cowboys,2026-10-09T00:15:00Z,2026-10-08T23:43+00:00
Dak Prescott,pass_yds,350.0,560,Tampa Bay Buccaneers @ Dallas Cowboys,2026-10-09T00:15:00Z,2026-10-08T23:43+00:00
Dak Prescott,pass_yds,360.0,710,Tampa Bay Buccaneers @ Dallas Cowboys,2026-10-09T00:15:00Z,2026-10-08T23:43+00:00
Dak Prescott,pass_yds,370.0,900,Tampa Bay Buccaneers @ Dallas Cowboys,2026-10-09T00:15:00Z,2026-10-08T23:43+00:00
Dak Prescott,pass_yds,380.0,1180,Tampa Bay Buccaneers @ Dallas Cowboys,2026-10-09T00:15:00Z,2026-10-08T23:43+00:00
Dak Prescott,pass_yds,390.0,1480,Tampa Bay Buccaneers @ Dallas Cowboys,2026-10-09T00:15:00Z,2026-10-08T23:43+00:00
Dak Prescott,pass_yds,400.0,1900,Tampa Bay Buccaneers @ Dallas Cowboys,2026-10-09T00:15:00Z,2026-10-08T23:43+00:00
Dak Prescott,pass_yds,410.0,2300,Tampa Bay Buccaneers @ Dallas Cowboys,2026-10-09T00:15:00Z,2026-10-08T23:43+00:00
Dak Prescott,pass_yds,420.0,3000,Tampa Bay Buccaneers @ Dallas Cowboys,2026-10-09T00:15:00Z,2026-10-08T23:43+00:00
Dak Prescott,pass_yds,430.0,3600,Tampa Bay Buccaneers @ Dallas Cowboys,2026-10-09T00:15:00Z,2026-10-08T23:43+00:00
Jalon Daniels,pass_yds,150.0,-315,Tampa Bay Buccaneers @ Dallas Cowboys,2026-10-09T00:15:00Z,2026-10-08T23:43+00:00
Jalon Daniels,pass_yds,160.0,-233,Tampa Bay Buccaneers @ Dallas Cowboys,2026-10-09T00:15:00Z,2026-10-08T23:43+00:00
Jalon Daniels,pass_yds,170.0,-174,Tampa Bay Buccaneers @ Dallas Cowboys,2026-10-09T00:15:00Z,2026-10-08T23:43+00:00
Jalon Daniels,pass_yds,180.0,-133,Tampa Bay Buccaneers @ Dallas Cowboys,2026-10-09T00:15:00Z,2026-10-08T23:43+00:00
Jalon Daniels,pass_yds,186.0,-112,Tampa Bay Buccaneers @ Dallas Cowboys,2026-10-09T00:15:00Z,2026-10-08T23:43+00:00
Jalon Daniels,pass_yds,190.0,-101,Tampa Bay Buccaneers @ Dallas Cowboys,2026-10-09T00:15:00Z,2026-10-08T23:43+00:00
Jalon Daniels,pass_yds,200.0,128,Tampa Bay Buccaneers @ Dallas Cowboys,2026-10-09T00:15:00Z,2026-10-08T23:43+00:00
Jalon Daniels,pass_yds,210.0,166,Tampa Bay Buccaneers @ Dallas Cowboys,2026-10-09T00:15:00Z,2026-10-08T23:43+00:00
Jalon Daniels,pass_yds,220.0,215,Tampa Bay Buccaneers @ Dallas Cowboys,2026-10-09T00:15:00Z,2026-10-08T23:43+00:00
Jalon Daniels,pass_yds,230.0,277,Tampa Bay Buccaneers @ Dallas Cowboys,2026-10-09T00:15:00Z,2026-10-08T23:43+00:00
Jalon Daniels,pass_yds,240.0,352,Tampa Bay Buccaneers @ Dallas Cowboys,2026-10-09T00:15:00Z,2026-10-08T23:43+00:00
Jalon Daniels,pass_yds,250.0,452,Tampa Bay Buccaneers @ Dallas Cowboys,2026-10-09T00:15:00Z,2026-10-08T23:43+00:00
Jalon Daniels,pass_yds,260.0,571,Tampa Bay Buccaneers @ Dallas Cowboys,2026-10-09T00:15:00Z,2026-10-08T23:43+00:00
Jalon Daniels,pass_yds,270.0,720,Tampa Bay Buccaneers @ Dallas Cowboys,2026-10-09T00:15:00Z,2026-10-08T23:43+00:00
Jalon Daniels,pass_yds,280.0,940,Tampa Bay Buccaneers @ Dallas Cowboys,2026-10-09T00:15:00Z,2026-10-08T23:43+00:00
Jalon Daniels,pass_yds,290.0,1180,Tampa Bay Buccaneers @ Dallas Cowboys,2026-10-09T00:15:00Z,2026-10-08T23:43+00:00
Jalon Daniels,pass_yds,300.0,1460,Tampa Bay Buccaneers @ Dallas Cowboys,2026-10-09T00:15:00Z,2026-10-08T23:43+00:00
Jalon Daniels,pass_yds,310.0,1840,Tampa Bay Buccaneers @ Dallas Cowboys,2026-10-09T00:15:00Z,2026-10-08T23:43+00:00
Jalon Daniels,pass_yds,320.0,2400,Tampa Bay Buccaneers @ Dallas Cowboys,2026-10-09T00:15:00Z,2026-10-08T23:43+00:00
Jalon Daniels,pass_yds,330.0,2900,Tampa Bay Buccaneers @ Dallas Cowboys,2026-10-09T00:15:00Z,2026-10-08T23:43+00:00
Jalon Daniels,pass_yds,340.0,3500,Tampa Bay Buccaneers @ Dallas Cowboys,2026-10-09T00:15:00Z,2026-10-08T23:43+00:00
CeeDee Lamb,rec_yds,25.0,-3400,Tampa Bay Buccaneers @ Dallas Cowboys,2026-10-09T00:15:00Z,2026-10-08T23:43+00:00
CeeDee Lamb,rec_yds,40.0,-940,Tampa Bay Buccaneers @ Dallas Cowboys,2026-10-09T00:15:00Z,2026-10-08T23:43+00:00
CeeDee Lamb,rec_yds,50.0,-482,Tampa Bay Buccaneers @ Dallas Cowboys,2026-10-09T00:15:00Z,2026-10-08T23:43+00:00
CeeDee Lamb,rec_yds,60.0,-299,Tampa Bay Buccaneers @ Dallas Cowboys,2026-10-09T00:15:00Z,2026-10-08T23:43+00:00
CeeDee Lamb,rec_yds,70.0,-190,Tampa Bay Buccaneers @ Dallas Cowboys,2026-10-09T00:15:00Z,2026-10-08T23:43+00:00
CeeDee Lamb,rec_yds,80.0,-132,Tampa Bay Buccaneers @ Dallas Cowboys,2026-10-09T00:15:00Z,2026-10-08T23:43+00:00
CeeDee Lamb,rec_yds,85.0,-111,Tampa Bay Buccaneers @ Dallas Cowboys,2026-10-09T00:15:00Z,2026-10-08T23:43+00:00
CeeDee Lamb,rec_yds,90.0,107,Tampa Bay Buccaneers @ Dallas Cowboys,2026-10-09T00:15:00Z,2026-10-08T23:43+00:00
CeeDee Lamb,rec_yds,100.0,148,Tampa Bay Buccaneers @ Dallas Cowboys,2026-10-09T00:15:00Z,2026-10-08T23:43+00:00
CeeDee Lamb,rec_yds,110.0,201,Tampa Bay Buccaneers @ Dallas Cowboys,2026-10-09T00:15:00Z,2026-10-08T23:43+00:00
CeeDee Lamb,rec_yds,120.0,273,Tampa Bay Buccaneers @ Dallas Cowboys,2026-10-09T00:15:00Z,2026-10-08T23:43+00:00
CeeDee Lamb,rec_yds,130.0,367,Tampa Bay Buccaneers @ Dallas Cowboys,2026-10-09T00:15:00Z,2026-10-08T23:43+00:00
CeeDee Lamb,rec_yds,140.0,493,Tampa Bay Buccaneers @ Dallas Cowboys,2026-10-09T00:15:00Z,2026-10-08T23:43+00:00
CeeDee Lamb,rec_yds,150.0,670,Tampa Bay Buccaneers @ Dallas Cowboys,2026-10-09T00:15:00Z,2026-10-08T23:43+00:00
CeeDee Lamb,rec_yds,160.0,900,Tampa Bay Buccaneers @ Dallas Cowboys,2026-10-09T00:15:00Z,2026-10-08T23:43+00:00
CeeDee Lamb,rec_yds,170.0,1180,Tampa Bay Buccaneers @ Dallas Cowboys,2026-10-09T00:15:00Z,2026-10-08T23:43+00:00
CeeDee Lamb,rec_yds,180.0,1560,Tampa Bay Buccaneers @ Dallas Cowboys,2026-10-09T00:15:00Z,2026-10-08T23:43+00:00
CeeDee Lamb,rec_yds,190.0,2000,Tampa Bay Buccaneers @ Dallas Cowboys,2026-10-09T00:15:00Z,2026-10-08T23:43+00:00
CeeDee Lamb,rec_yds,200.0,2700,Tampa Bay Buccaneers @ Dallas Cowboys,2026-10-09T00:15:00Z,2026-10-08T23:43+00:00
George Pickens,rec_yds,15.0,-6600,Tampa Bay Buccaneers @ Dallas Cowboys,2026-10-09T00:15:00Z,2026-10-08T23:43+00:00
George Pickens,rec_yds,25.0,-1280,Tampa Bay Buccaneers @ Dallas Cowboys,2026-10-09T00:15:00Z,2026-10-08T23:43+00:00
George Pickens,rec_yds,40.0,-399,Tampa Bay Buccaneers @ Dallas Cowboys,2026-10-09T00:15:00Z,2026-10-08T23:43+00:00
George Pickens,rec_yds,50.0,-231,Tampa Bay Buccaneers @ Dallas Cowboys,2026-10-09T00:15:00Z,2026-10-08T23:43+00:00
George Pickens,rec_yds,60.0,-154,Tampa Bay Buccaneers @ Dallas Cowboys,2026-10-09T00:15:00Z,2026-10-08T23:43+00:00
George Pickens,rec_yds,68.0,-110,Tampa Bay Buccaneers @ Dallas Cowboys,2026-10-09T00:15:00Z,2026-10-08T23:43+00:00
George Pickens,rec_yds,70.0,-103,Tampa Bay Buccaneers @ Dallas Cowboys,2026-10-09T00:15:00Z,2026-10-08T23:43+00:00
George Pickens,rec_yds,80.0,137,Tampa Bay Buccaneers @ Dallas Cowboys,2026-10-09T00:15:00Z,2026-10-08T23:43+00:00
George Pickens,rec_yds,90.0,186,Tampa Bay Buccaneers @ Dallas Cowboys,2026-10-09T00:15:00Z,2026-10-08T23:43+00:00
George Pickens,rec_yds,100.0,256,Tampa Bay Buccaneers @ Dallas Cowboys,2026-10-09T00:15:00Z,2026-10-08T23:43+00:00
George Pickens,rec_yds,110.0,344,Tampa Bay Buccaneers @ Dallas Cowboys,2026-10-09T00:15:00Z,2026-10-08T23:43+00:00
George Pickens,rec_yds,120.0,460,Tampa Bay Buccaneers @ Dallas Cowboys,2026-10-09T00:15:00Z,2026-10-08T23:43+00:00
George Pickens,rec_yds,130.0,630,Tampa Bay Buccaneers @ Dallas Cowboys,2026-10-09T00:15:00Z,2026-10-08T23:43+00:00
George Pickens,rec_yds,140.0,830,Tampa Bay Buccaneers @ Dallas Cowboys,2026-10-09T00:15:00Z,2026-10-08T23:43+00:00
George Pickens,rec_yds,150.0,1100,Tampa Bay Buccaneers @ Dallas Cowboys,2026-10-09T00:15:00Z,2026-10-08T23:43+00:00
George Pickens,rec_yds,160.0,1380,Tampa Bay Buccaneers @ Dallas Cowboys,2026-10-09T00:15:00Z,2026-10-08T23:43+00:00
George Pickens,rec_yds,170.0,1800,Tampa Bay Buccaneers @ Dallas Cowboys,2026-10-09T00:15:00Z,2026-10-08T23:43+00:00
George Pickens,rec_yds,180.0,2400,Tampa Bay Buccaneers @ Dallas Cowboys,2026-10-09T00:15:00Z,2026-10-08T23:43+00:00
George Pickens,rec_yds,190.0,3000,Tampa Bay Buccaneers @ Dallas Cowboys,2026-10-09T00:15:00Z,2026-10-08T23:43+00:00
George Pickens,rec_yds,200.0,4000,Tampa Bay Buccaneers @ Dallas Cowboys,2026-10-09T00:15:00Z,2026-10-08T23:43+00:00
Emeka Egbuka,rec_yds,15.0,-443,Tampa Bay Buccaneers @ Dallas Cowboys,2026-10-09T00:15:00Z,2026-10-08T23:43+00:00
Emeka Egbuka,rec_yds,25.0,-217,Tampa Bay Buccaneers @ Dallas Cowboys,2026-10-09T00:15:00Z,2026-10-08T23:43+00:00
Emeka Egbuka,rec_yds,37.0,-110,Tampa Bay Buccaneers @ Dallas Cowboys,2026-10-09T00:15:00Z,2026-10-08T23:43+00:00
Emeka Egbuka,rec_yds,40.0,106,Tampa Bay Buccaneers @ Dallas Cowboys,2026-10-09T00:15:00Z,2026-10-08T23:43+00:00
Emeka Egbuka,rec_yds,50.0,172,Tampa Bay Buccaneers @ Dallas Cowboys,2026-10-09T00:15:00Z,2026-10-08T23:43+00:00
Emeka Egbuka,rec_yds,60.0,258,Tampa Bay Buccaneers @ Dallas Cowboys,2026-10-09T00:15:00Z,2026-10-08T23:43+00:00
Emeka Egbuka,rec_yds,70.0,386,Tampa Bay Buccaneers @ Dallas Cowboys,2026-10-09T00:15:00Z,2026-10-08T23:43+00:00
Emeka Egbuka,rec_yds,80.0,573,Tampa Bay Buccaneers @ Dallas Cowboys,2026-10-09T00:15:00Z,2026-10-08T23:43+00:00
Emeka Egbuka,rec_yds,90.0,840,Tampa Bay Buccaneers @ Dallas Cowboys,2026-10-09T00:15:00Z,2026-10-08T23:43+00:00
Emeka Egbuka,rec_yds,100.0,1220,Tampa Bay Buccaneers @ Dallas Cowboys,2026-10-09T00:15:00Z,2026-10-08T23:43+00:00
Emeka Egbuka,rec_yds,110.0,1700,Tampa Bay Buccaneers @ Dallas Cowboys,2026-10-09T00:15:00Z,2026-10-08T23:43+00:00
Emeka Egbuka,rec_yds,120.0,2300,Tampa Bay Buccaneers @ Dallas Cowboys,2026-10-09T00:15:00Z,2026-10-08T23:43+00:00
Emeka Egbuka,rec_yds,130.0,3100,Tampa Bay Buccaneers @ Dallas Cowboys,2026-10-09T00:15:00Z,2026-10-08T23:43+00:00
Chris Godwin,rec_yds,15.0,-449,Tampa Bay Buccaneers @ Dallas Cowboys,2026-10-09T00:15:00Z,2026-10-08T23:43+00:00
Chris Godwin,rec_yds,25.0,-204,Tampa Bay Buccaneers @ Dallas Cowboys,2026-10-09T00:15:00Z,2026-10-08T23:43+00:00
Chris Godwin,rec_yds,34.0,-115,Tampa Bay Buccaneers @ Dallas Cowboys,2026-10-09T00:15:00Z,2026-10-08T23:43+00:00
Chris Godwin,rec_yds,40.0,122,Tampa Bay Buccaneers @ Dallas Cowboys,2026-10-09T00:15:00Z,2026-10-08T23:43+00:00
Chris Godwin,rec_yds,50.0,205,Tampa Bay Buccaneers @ Dallas Cowboys,2026-10-09T00:15:00Z,2026-10-08T23:43+00:00
Chris Godwin,rec_yds,60.0,324,Tampa Bay Buccaneers @ Dallas Cowboys,2026-10-09T00:15:00Z,2026-10-08T23:43+00:00
Chris Godwin,rec_yds,70.0,499,Tampa Bay Buccaneers @ Dallas Cowboys,2026-10-09T00:15:00Z,2026-10-08T23:43+00:00
Chris Godwin,rec_yds,80.0,750,Tampa Bay Buccaneers @ Dallas Cowboys,2026-10-09T00:15:00Z,2026-10-08T23:43+00:00
Chris Godwin,rec_yds,90.0,1140,Tampa Bay Buccaneers @ Dallas Cowboys,2026-10-09T00:15:00Z,2026-10-08T23:43+00:00
Chris Godwin,rec_yds,100.0,1660,Tampa Bay Buccaneers @ Dallas Cowboys,2026-10-09T00:15:00Z,2026-10-08T23:43+00:00
Chris Godwin,rec_yds,110.0,2300,Tampa Bay Buccaneers @ Dallas Cowboys,2026-10-09T00:15:00Z,2026-10-08T23:43+00:00
Chris Godwin,rec_yds,120.0,3300,Tampa Bay Buccaneers @ Dallas Cowboys,2026-10-09T00:15:00Z,2026-10-08T23:43+00:00
Cade Otton,rec_yds,15.0,-364,Tampa Bay Buccaneers @ Dallas Cowboys,2026-10-09T00:15:00Z,2026-10-08T23:43+00:00
Cade Otton,rec_yds,25.0,-168,Tampa Bay Buccaneers @ Dallas Cowboys,2026-10-09T00:15:00Z,2026-10-08T23:43+00:00
Cade Otton,rec_yds,32.0,-111,Tampa Bay Buccaneers @ Dallas Cowboys,2026-10-09T00:15:00Z,2026-10-08T23:43+00:00
Cade Otton,rec_yds,40.0,140,Tampa Bay Buccaneers @ Dallas Cowboys,2026-10-09T00:15:00Z,2026-10-08T23:43+00:00
Cade Otton,rec_yds,50.0,234,Tampa Bay Buccaneers @ Dallas Cowboys,2026-10-09T00:15:00Z,2026-10-08T23:43+00:00
Cade Otton,rec_yds,60.0,375,Tampa Bay Buccaneers @ Dallas Cowboys,2026-10-09T00:15:00Z,2026-10-08T23:43+00:00
Cade Otton,rec_yds,70.0,589,Tampa Bay Buccaneers @ Dallas Cowboys,2026-10-09T00:15:00Z,2026-10-08T23:43+00:00
Cade Otton,rec_yds,80.0,920,Tampa Bay Buccaneers @ Dallas Cowboys,2026-10-09T00:15:00Z,2026-10-08T23:43+00:00
Cade Otton,rec_yds,90.0,1380,Tampa Bay Buccaneers @ Dallas Cowboys,2026-10-09T00:15:00Z,2026-10-08T23:43+00:00
Cade Otton,rec_yds,100.0,2000,Tampa Bay Buccaneers @ Dallas Cowboys,2026-10-09T00:15:00Z,2026-10-08T23:43+00:00
Cade Otton,rec_yds,110.0,2800,Tampa Bay Buccaneers @ Dallas Cowboys,2026-10-09T00:15:00Z,2026-10-08T23:43+00:00
Cade Otton,rec_yds,120.0,3900,Tampa Bay Buccaneers @ Dallas Cowboys,2026-10-09T00:15:00Z,2026-10-08T23:43+00:00
Ryan Flournoy,rec_yds,15.0,-379,Tampa Bay Buccaneers @ Dallas Cowboys,2026-10-09T00:15:00Z,2026-10-08T23:43+00:00
Ryan Flournoy,rec_yds,25.0,-172,Tampa Bay Buccaneers @ Dallas Cowboys,2026-10-09T00:15:00Z,2026-10-08T23:43+00:00
Ryan Flournoy,rec_yds,32.0,-111,Tampa Bay Buccaneers @ Dallas Cowboys,2026-10-09T00:15:00Z,2026-10-08T23:43+00:00
Ryan Flournoy,rec_yds,40.0,142,Tampa Bay Buccaneers @ Dallas Cowboys,2026-10-09T00:15:00Z,2026-10-08T23:43+00:00
Ryan Flournoy,rec_yds,50.0,236,Tampa Bay Buccaneers @ Dallas Cowboys,2026-10-09T00:15:00Z,2026-10-08T23:43+00:00
Ryan Flournoy,rec_yds,60.0,378,Tampa Bay Buccaneers @ Dallas Cowboys,2026-10-09T00:15:00Z,2026-10-08T23:43+00:00
Ryan Flournoy,rec_yds,70.0,585,Tampa Bay Buccaneers @ Dallas Cowboys,2026-10-09T00:15:00Z,2026-10-08T23:43+00:00
Ryan Flournoy,rec_yds,80.0,900,Tampa Bay Buccaneers @ Dallas Cowboys,2026-10-09T00:15:00Z,2026-10-08T23:43+00:00
Ryan Flournoy,rec_yds,90.0,1380,Tampa Bay Buccaneers @ Dallas Cowboys,2026-10-09T00:15:00Z,2026-10-08T23:43+00:00
Ryan Flournoy,rec_yds,100.0,2000,Tampa Bay Buccaneers @ Dallas Cowboys,2026-10-09T00:15:00Z,2026-10-08T23:43+00:00
Ryan Flournoy,rec_yds,110.0,2900,Tampa Bay Buccaneers @ Dallas Cowboys,2026-10-09T00:15:00Z,2026-10-08T23:43+00:00
Ryan Flournoy,rec_yds,120.0,3900,Tampa Bay Buccaneers @ Dallas Cowboys,2026-10-09T00:15:00Z,2026-10-08T23:43+00:00
Jake Ferguson,rec_yds,15.0,-295,Tampa Bay Buccaneers @ Dallas Cowboys,2026-10-09T00:15:00Z,2026-10-08T23:43+00:00
Jake Ferguson,rec_yds,25.0,-123,Tampa Bay Buccaneers @ Dallas Cowboys,2026-10-09T00:15:00Z,2026-10-08T23:43+00:00
Jake Ferguson,rec_yds,26.0,-115,Tampa Bay Buccaneers @ Dallas Cowboys,2026-10-09T00:15:00Z,2026-10-08T23:43+00:00
Jake Ferguson,rec_yds,40.0,215,Tampa Bay Buccaneers @ Dallas Cowboys,2026-10-09T00:15:00Z,2026-10-08T23:43+00:00
Jake Ferguson,rec_yds,50.0,378,Tampa Bay Buccaneers @ Dallas Cowboys,2026-10-09T00:15:00Z,2026-10-08T23:43+00:00
Jake Ferguson,rec_yds,60.0,620,Tampa Bay Buccaneers @ Dallas Cowboys,2026-10-09T00:15:00Z,2026-10-08T23:43+00:00
Jake Ferguson,rec_yds,70.0,990,Tampa Bay Buccaneers @ Dallas Cowboys,2026-10-09T00:15:00Z,2026-10-08T23:43+00:00
Jake Ferguson,rec_yds,80.0,1600,Tampa Bay Buccaneers @ Dallas Cowboys,2026-10-09T00:15:00Z,2026-10-08T23:43+00:00
Jake Ferguson,rec_yds,90.0,2500,Tampa Bay Buccaneers @ Dallas Cowboys,2026-10-09T00:15:00Z,2026-10-08T23:43+00:00
Jake Ferguson,rec_yds,100.0,3600,Tampa Bay Buccaneers @ Dallas Cowboys,2026-10-09T00:15:00Z,2026-10-08T23:43+00:00
Ted Hurst III,rec_yds,15.0,-129,Tampa Bay Buccaneers @ Dallas Cowboys,2026-10-09T00:15:00Z,2026-10-08T23:43+00:00
Ted Hurst III,rec_yds,17.0,-111,Tampa Bay Buccaneers @ Dallas Cowboys,2026-10-09T00:15:00Z,2026-10-08T23:43+00:00
Ted Hurst III,rec_yds,25.0,157,Tampa Bay Buccaneers @ Dallas Cowboys,2026-10-09T00:15:00Z,2026-10-08T23:43+00:00
Ted Hurst III,rec_yds,40.0,343,Tampa Bay Buccaneers @ Dallas Cowboys,2026-10-09T00:15:00Z,2026-10-08T23:43+00:00
Ted Hurst III,rec_yds,50.0,543,Tampa Bay Buccaneers @ Dallas Cowboys,2026-10-09T00:15:00Z,2026-10-08T23:43+00:00
Ted Hurst III,rec_yds,60.0,820,Tampa Bay Buccaneers @ Dallas Cowboys,2026-10-09T00:15:00Z,2026-10-08T23:43+00:00
Ted Hurst III,rec_yds,70.0,1220,Tampa Bay Buccaneers @ Dallas Cowboys,2026-10-09T00:15:00Z,2026-10-08T23:43+00:00
Ted Hurst III,rec_yds,80.0,1860,Tampa Bay Buccaneers @ Dallas Cowboys,2026-10-09T00:15:00Z,2026-10-08T23:43+00:00
Ted Hurst III,rec_yds,90.0,2700,Tampa Bay Buccaneers @ Dallas Cowboys,2026-10-09T00:15:00Z,2026-10-08T23:43+00:00
Ted Hurst III,rec_yds,100.0,3700,Tampa Bay Buccaneers @ Dallas Cowboys,2026-10-09T00:15:00Z,2026-10-08T23:43+00:00
Tez Johnson,rec_yds,13.0,-114,Tampa Bay Buccaneers @ Dallas Cowboys,2026-10-09T00:15:00Z,2026-10-08T23:43+00:00
Tez Johnson,rec_yds,15.0,101,Tampa Bay Buccaneers @ Dallas Cowboys,2026-10-09T00:15:00Z,2026-10-08T23:43+00:00
Tez Johnson,rec_yds,25.0,206,Tampa Bay Buccaneers @ Dallas Cowboys,2026-10-09T00:15:00Z,2026-10-08T23:43+00:00
Tez Johnson,rec_yds,40.0,462,Tampa Bay Buccaneers @ Dallas Cowboys,2026-10-09T00:15:00Z,2026-10-08T23:43+00:00
Tez Johnson,rec_yds,50.0,730,Tampa Bay Buccaneers @ Dallas Cowboys,2026-10-09T00:15:00Z,2026-10-08T23:43+00:00
Tez Johnson,rec_yds,60.0,1140,Tampa Bay Buccaneers @ Dallas Cowboys,2026-10-09T00:15:00Z,2026-10-08T23:43+00:00
Tez Johnson,rec_yds,70.0,1820,Tampa Bay Buccaneers @ Dallas Cowboys,2026-10-09T00:15:00Z,2026-10-08T23:43+00:00
Tez Johnson,rec_yds,80.0,2600,Tampa Bay Buccaneers @ Dallas Cowboys,2026-10-09T00:15:00Z,2026-10-08T23:43+00:00
Tez Johnson,rec_yds,90.0,3700,Tampa Bay Buccaneers @ Dallas Cowboys,2026-10-09T00:15:00Z,2026-10-08T23:43+00:00
Javonte Williams,rec_yds,15.0,-112,Tampa Bay Buccaneers @ Dallas Cowboys,2026-10-09T00:15:00Z,2026-10-08T23:43+00:00
Javonte Williams,rec_yds,25.0,230,Tampa Bay Buccaneers @ Dallas Cowboys,2026-10-09T00:15:00Z,2026-10-08T23:43+00:00
Javonte Williams,rec_yds,40.0,650,Tampa Bay Buccaneers @ Dallas Cowboys,2026-10-09T00:15:00Z,2026-10-08T23:43+00:00
Javonte Williams,rec_yds,50.0,1180,Tampa Bay Buccaneers @ Dallas Cowboys,2026-10-09T00:15:00Z,2026-10-08T23:43+00:00
Javonte Williams,rec_yds,60.0,1840,Tampa Bay Buccaneers @ Dallas Cowboys,2026-10-09T00:15:00Z,2026-10-08T23:43+00:00
Javonte Williams,rec_yds,70.0,2700,Tampa Bay Buccaneers @ Dallas Cowboys,2026-10-09T00:15:00Z,2026-10-08T23:43+00:00
Javonte Williams,rec_yds,80.0,4000,Tampa Bay Buccaneers @ Dallas Cowboys,2026-10-09T00:15:00Z,2026-10-08T23:43+00:00
Brevyn Spann-Ford,rec_yds,7.0,-110,Tampa Bay Buccaneers @ Dallas Cowboys,2026-10-09T00:15:00Z,2026-10-08T23:43+00:00
Brevyn Spann-Ford,rec_yds,15.0,172,Tampa Bay Buccaneers @ Dallas Cowboys,2026-10-09T00:15:00Z,2026-10-08T23:43+00:00
Brevyn Spann-Ford,rec_yds,25.0,346,Tampa Bay Buccaneers @ Dallas Cowboys,2026-10-09T00:15:00Z,2026-10-08T23:43+00:00
Brevyn Spann-Ford,rec_yds,40.0,790,Tampa Bay Buccaneers @ Dallas Cowboys,2026-10-09T00:15:00Z,2026-10-08T23:43+00:00
Brevyn Spann-Ford,rec_yds,50.0,1300,Tampa Bay Buccaneers @ Dallas Cowboys,2026-10-09T00:15:00Z,2026-10-08T23:43+00:00
Brevyn Spann-Ford,rec_yds,60.0,2100,Tampa Bay Buccaneers @ Dallas Cowboys,2026-10-09T00:15:00Z,2026-10-08T23:43+00:00
Brevyn Spann-Ford,rec_yds,70.0,3100,Tampa Bay Buccaneers @ Dallas Cowboys,2026-10-09T00:15:00Z,2026-10-08T23:43+00:00
Bucky Irving,rec_yds,14.0,-112,Tampa Bay Buccaneers @ Dallas Cowboys,2026-10-09T00:15:00Z,2026-10-08T23:43+00:00
Bucky Irving,rec_yds,15.0,-101,Tampa Bay Buccaneers @ Dallas Cowboys,2026-10-09T00:15:00Z,2026-10-08T23:43+00:00
Bucky Irving,rec_yds,25.0,240,Tampa Bay Buccaneers @ Dallas Cowboys,2026-10-09T00:15:00Z,2026-10-08T23:43+00:00
Bucky Irving,rec_yds,40.0,700,Tampa Bay Buccaneers @ Dallas Cowboys,2026-10-09T00:15:00Z,2026-10-08T23:43+00:00
Bucky Irving,rec_yds,50.0,1280,Tampa Bay Buccaneers @ Dallas Cowboys,2026-10-09T00:15:00Z,2026-10-08T23:43+00:00
Bucky Irving,rec_yds,60.0,2100,Tampa Bay Buccaneers @ Dallas Cowboys,2026-10-09T00:15:00Z,2026-10-08T23:43+00:00
Bucky Irving,rec_yds,70.0,3200,Tampa Bay Buccaneers @ Dallas Cowboys,2026-10-09T00:15:00Z,2026-10-08T23:43+00:00
KaVontae Turpin,rec_yds,1.0,-103,Tampa Bay Buccaneers @ Dallas Cowboys,2026-10-09T00:15:00Z,2026-10-08T23:43+00:00
KaVontae Turpin,rec_yds,15.0,155,Tampa Bay Buccaneers @ Dallas Cowboys,2026-10-09T00:15:00Z,2026-10-08T23:43+00:00
KaVontae Turpin,rec_yds,25.0,319,Tampa Bay Buccaneers @ Dallas Cowboys,2026-10-09T00:15:00Z,2026-10-08T23:43+00:00
KaVontae Turpin,rec_yds,40.0,750,Tampa Bay Buccaneers @ Dallas Cowboys,2026-10-09T00:15:00Z,2026-10-08T23:43+00:00
KaVontae Turpin,rec_yds,50.0,1300,Tampa Bay Buccaneers @ Dallas Cowboys,2026-10-09T00:15:00Z,2026-10-08T23:43+00:00
KaVontae Turpin,rec_yds,60.0,2100,Tampa Bay Buccaneers @ Dallas Cowboys,2026-10-09T00:15:00Z,2026-10-08T23:43+00:00
KaVontae Turpin,rec_yds,70.0,3200,Tampa Bay Buccaneers @ Dallas Cowboys,2026-10-09T00:15:00Z,2026-10-08T23:43+00:00
Kenny Gainwell,rec_yds,12.0,-108,Tampa Bay Buccaneers @ Dallas Cowboys,2026-10-09T00:15:00Z,2026-10-08T23:43+00:00
Kenny Gainwell,rec_yds,15.0,129,Tampa Bay Buccaneers @ Dallas Cowboys,2026-10-09T00:15:00Z,2026-10-08T23:43+00:00
Kenny Gainwell,rec_yds,25.0,306,Tampa Bay Buccaneers @ Dallas Cowboys,2026-10-09T00:15:00Z,2026-10-08T23:43+00:00
Kenny Gainwell,rec_yds,40.0,900,Tampa Bay Buccaneers @ Dallas Cowboys,2026-10-09T00:15:00Z,2026-10-08T23:43+00:00
Kenny Gainwell,rec_yds,50.0,1620,Tampa Bay Buccaneers @ Dallas Cowboys,2026-10-09T00:15:00Z,2026-10-08T23:43+00:00
Kenny Gainwell,rec_yds,60.0,2700,Tampa Bay Buccaneers @ Dallas Cowboys,2026-10-09T00:15:00Z,2026-10-08T23:43+00:00
Kenny Gainwell,rec_yds,70.0,3800,Tampa Bay Buccaneers @ Dallas Cowboys,2026-10-09T00:15:00Z,2026-10-08T23:43+00:00
CeeDee Lamb,receptions,4.0,-1060,Tampa Bay Buccaneers @ Dallas Cowboys,2026-10-09T00:15:00Z,2026-10-08T23:43+00:00
CeeDee Lamb,receptions,5.0,-423,Tampa Bay Buccaneers @ Dallas Cowboys,2026-10-09T00:15:00Z,2026-10-08T23:43+00:00
CeeDee Lamb,receptions,6.0,-208,Tampa Bay Buccaneers @ Dallas Cowboys,2026-10-09T00:15:00Z,2026-10-08T23:43+00:00
CeeDee Lamb,receptions,7.0,-113,Tampa Bay Buccaneers @ Dallas Cowboys,2026-10-09T00:15:00Z,2026-10-08T23:43+00:00
CeeDee Lamb,receptions,8.0,157,Tampa Bay Buccaneers @ Dallas Cowboys,2026-10-09T00:15:00Z,2026-10-08T23:43+00:00
CeeDee Lamb,receptions,9.0,273,Tampa Bay Buccaneers @ Dallas Cowboys,2026-10-09T00:15:00Z,2026-10-08T23:43+00:00
CeeDee Lamb,receptions,10.0,470,Tampa Bay Buccaneers @ Dallas Cowboys,2026-10-09T00:15:00Z,2026-10-08T23:43+00:00
CeeDee Lamb,receptions,11.0,770,Tampa Bay Buccaneers @ Dallas Cowboys,2026-10-09T00:15:00Z,2026-10-08T23:43+00:00
CeeDee Lamb,receptions,12.0,1300,Tampa Bay Buccaneers @ Dallas Cowboys,2026-10-09T00:15:00Z,2026-10-08T23:43+00:00
CeeDee Lamb,receptions,13.0,2000,Tampa Bay Buccaneers @ Dallas Cowboys,2026-10-09T00:15:00Z,2026-10-08T23:43+00:00
CeeDee Lamb,receptions,14.0,2800,Tampa Bay Buccaneers @ Dallas Cowboys,2026-10-09T00:15:00Z,2026-10-08T23:43+00:00
George Pickens,receptions,3.0,-810,Tampa Bay Buccaneers @ Dallas Cowboys,2026-10-09T00:15:00Z,2026-10-08T23:43+00:00
George Pickens,receptions,4.0,-307,Tampa Bay Buccaneers @ Dallas Cowboys,2026-10-09T00:15:00Z,2026-10-08T23:43+00:00
George Pickens,receptions,5.0,-143,Tampa Bay Buccaneers @ Dallas Cowboys,2026-10-09T00:15:00Z,2026-10-08T23:43+00:00
George Pickens,receptions,6.0,140,Tampa Bay Buccaneers @ Dallas Cowboys,2026-10-09T00:15:00Z,2026-10-08T23:43+00:00
George Pickens,receptions,7.0,266,Tampa Bay Buccaneers @ Dallas Cowboys,2026-10-09T00:15:00Z,2026-10-08T23:43+00:00
George Pickens,receptions,8.0,493,Tampa Bay Buccaneers @ Dallas Cowboys,2026-10-09T00:15:00Z,2026-10-08T23:43+00:00
George Pickens,receptions,9.0,870,Tampa Bay Buccaneers @ Dallas Cowboys,2026-10-09T00:15:00Z,2026-10-08T23:43+00:00
George Pickens,receptions,10.0,1500,Tampa Bay Buccaneers @ Dallas Cowboys,2026-10-09T00:15:00Z,2026-10-08T23:43+00:00
George Pickens,receptions,11.0,2400,Tampa Bay Buccaneers @ Dallas Cowboys,2026-10-09T00:15:00Z,2026-10-08T23:43+00:00
Chris Godwin,receptions,2.0,-1420,Tampa Bay Buccaneers @ Dallas Cowboys,2026-10-09T00:15:00Z,2026-10-08T23:43+00:00
Chris Godwin,receptions,3.0,-383,Tampa Bay Buccaneers @ Dallas Cowboys,2026-10-09T00:15:00Z,2026-10-08T23:43+00:00
Chris Godwin,receptions,4.0,-151,Tampa Bay Buccaneers @ Dallas Cowboys,2026-10-09T00:15:00Z,2026-10-08T23:43+00:00
Chris Godwin,receptions,5.0,144,Tampa Bay Buccaneers @ Dallas Cowboys,2026-10-09T00:15:00Z,2026-10-08T23:43+00:00
Chris Godwin,receptions,6.0,299,Tampa Bay Buccaneers @ Dallas Cowboys,2026-10-09T00:15:00Z,2026-10-08T23:43+00:00
Chris Godwin,receptions,7.0,594,Tampa Bay Buccaneers @ Dallas Cowboys,2026-10-09T00:15:00Z,2026-10-08T23:43+00:00
Chris Godwin,receptions,8.0,1140,Tampa Bay Buccaneers @ Dallas Cowboys,2026-10-09T00:15:00Z,2026-10-08T23:43+00:00
Chris Godwin,receptions,9.0,1960,Tampa Bay Buccaneers @ Dallas Cowboys,2026-10-09T00:15:00Z,2026-10-08T23:43+00:00
Cade Otton,receptions,2.0,-820,Tampa Bay Buccaneers @ Dallas Cowboys,2026-10-09T00:15:00Z,2026-10-08T23:43+00:00
Cade Otton,receptions,3.0,-249,Tampa Bay Buccaneers @ Dallas Cowboys,2026-10-09T00:15:00Z,2026-10-08T23:43+00:00
Cade Otton,receptions,4.0,-104,Tampa Bay Buccaneers @ Dallas Cowboys,2026-10-09T00:15:00Z,2026-10-08T23:43+00:00
Cade Otton,receptions,5.0,211,Tampa Bay Buccaneers @ Dallas Cowboys,2026-10-09T00:15:00Z,2026-10-08T23:43+00:00
Cade Otton,receptions,6.0,439,Tampa Bay Buccaneers @ Dallas Cowboys,2026-10-09T00:15:00Z,2026-10-08T23:43+00:00
Cade Otton,receptions,7.0,890,Tampa Bay Buccaneers @ Dallas Cowboys,2026-10-09T00:15:00Z,2026-10-08T23:43+00:00
Cade Otton,receptions,8.0,1640,Tampa Bay Buccaneers @ Dallas Cowboys,2026-10-09T00:15:00Z,2026-10-08T23:43+00:00
Cade Otton,receptions,9.0,2700,Tampa Bay Buccaneers @ Dallas Cowboys,2026-10-09T00:15:00Z,2026-10-08T23:43+00:00
Ryan Flournoy,receptions,2.0,-536,Tampa Bay Buccaneers @ Dallas Cowboys,2026-10-09T00:15:00Z,2026-10-08T23:43+00:00
Ryan Flournoy,receptions,3.0,-181,Tampa Bay Buccaneers @ Dallas Cowboys,2026-10-09T00:15:00Z,2026-10-08T23:43+00:00
Ryan Flournoy,receptions,4.0,129,Tampa Bay Buccaneers @ Dallas Cowboys,2026-10-09T00:15:00Z,2026-10-08T23:43+00:00
Ryan Flournoy,receptions,5.0,269,Tampa Bay Buccaneers @ Dallas Cowboys,2026-10-09T00:15:00Z,2026-10-08T23:43+00:00
Ryan Flournoy,receptions,6.0,542,Tampa Bay Buccaneers @ Dallas Cowboys,2026-10-09T00:15:00Z,2026-10-08T23:43+00:00
Ryan Flournoy,receptions,7.0,1060,Tampa Bay Buccaneers @ Dallas Cowboys,2026-10-09T00:15:00Z,2026-10-08T23:43+00:00
Ryan Flournoy,receptions,8.0,1840,Tampa Bay Buccaneers @ Dallas Cowboys,2026-10-09T00:15:00Z,2026-10-08T23:43+00:00
Ryan Flournoy,receptions,9.0,2900,Tampa Bay Buccaneers @ Dallas Cowboys,2026-10-09T00:15:00Z,2026-10-08T23:43+00:00
Jake Ferguson,receptions,2.0,-730,Tampa Bay Buccaneers @ Dallas Cowboys,2026-10-09T00:15:00Z,2026-10-08T23:43+00:00
Jake Ferguson,receptions,3.0,-222,Tampa Bay Buccaneers @ Dallas Cowboys,2026-10-09T00:15:00Z,2026-10-08T23:43+00:00
Jake Ferguson,receptions,4.0,111,Tampa Bay Buccaneers @ Dallas Cowboys,2026-10-09T00:15:00Z,2026-10-08T23:43+00:00
Jake Ferguson,receptions,5.0,239,Tampa Bay Buccaneers @ Dallas Cowboys,2026-10-09T00:15:00Z,2026-10-08T23:43+00:00
Jake Ferguson,receptions,6.0,507,Tampa Bay Buccaneers @ Dallas Cowboys,2026-10-09T00:15:00Z,2026-10-08T23:43+00:00
Jake Ferguson,receptions,7.0,1040,Tampa Bay Buccaneers @ Dallas Cowboys,2026-10-09T00:15:00Z,2026-10-08T23:43+00:00
Jake Ferguson,receptions,8.0,1960,Tampa Bay Buccaneers @ Dallas Cowboys,2026-10-09T00:15:00Z,2026-10-08T23:43+00:00
Emeka Egbuka,receptions,2.0,-710,Tampa Bay Buccaneers @ Dallas Cowboys,2026-10-09T00:15:00Z,2026-10-08T23:43+00:00
Emeka Egbuka,receptions,3.0,-215,Tampa Bay Buccaneers @ Dallas Cowboys,2026-10-09T00:15:00Z,2026-10-08T23:43+00:00
Emeka Egbuka,receptions,4.0,114,Tampa Bay Buccaneers @ Dallas Cowboys,2026-10-09T00:15:00Z,2026-10-08T23:43+00:00
Emeka Egbuka,receptions,5.0,260,Tampa Bay Buccaneers @ Dallas Cowboys,2026-10-09T00:15:00Z,2026-10-08T23:43+00:00
Emeka Egbuka,receptions,6.0,564,Tampa Bay Buccaneers @ Dallas Cowboys,2026-10-09T00:15:00Z,2026-10-08T23:43+00:00
Emeka Egbuka,receptions,7.0,1120,Tampa Bay Buccaneers @ Dallas Cowboys,2026-10-09T00:15:00Z,2026-10-08T23:43+00:00
Emeka Egbuka,receptions,8.0,2000,Tampa Bay Buccaneers @ Dallas Cowboys,2026-10-09T00:15:00Z,2026-10-08T23:43+00:00
Javonte Williams,receptions,2.0,-384,Tampa Bay Buccaneers @ Dallas Cowboys,2026-10-09T00:15:00Z,2026-10-08T23:43+00:00
Javonte Williams,receptions,3.0,-128,Tampa Bay Buccaneers @ Dallas Cowboys,2026-10-09T00:15:00Z,2026-10-08T23:43+00:00
Javonte Williams,receptions,4.0,196,Tampa Bay Buccaneers @ Dallas Cowboys,2026-10-09T00:15:00Z,2026-10-08T23:43+00:00
Javonte Williams,receptions,5.0,453,Tampa Bay Buccaneers @ Dallas Cowboys,2026-10-09T00:15:00Z,2026-10-08T23:43+00:00
Javonte Williams,receptions,6.0,1000,Tampa Bay Buccaneers @ Dallas Cowboys,2026-10-09T00:15:00Z,2026-10-08T23:43+00:00
Javonte Williams,receptions,7.0,1940,Tampa Bay Buccaneers @ Dallas Cowboys,2026-10-09T00:15:00Z,2026-10-08T23:43+00:00
Bucky Irving,receptions,2.0,-223,Tampa Bay Buccaneers @ Dallas Cowboys,2026-10-09T00:15:00Z,2026-10-08T23:43+00:00
Bucky Irving,receptions,3.0,132,Tampa Bay Buccaneers @ Dallas Cowboys,2026-10-09T00:15:00Z,2026-10-08T23:43+00:00
Bucky Irving,receptions,4.0,324,Tampa Bay Buccaneers @ Dallas Cowboys,2026-10-09T00:15:00Z,2026-10-08T23:43+00:00
Bucky Irving,receptions,5.0,770,Tampa Bay Buccaneers @ Dallas Cowboys,2026-10-09T00:15:00Z,2026-10-08T23:43+00:00
Bucky Irving,receptions,6.0,1660,Tampa Bay Buccaneers @ Dallas Cowboys,2026-10-09T00:15:00Z,2026-10-08T23:43+00:00
Bucky Irving,receptions,7.0,2900,Tampa Bay Buccaneers @ Dallas Cowboys,2026-10-09T00:15:00Z,2026-10-08T23:43+00:00
Kenny Gainwell,receptions,2.0,-143,Tampa Bay Buccaneers @ Dallas Cowboys,2026-10-09T00:15:00Z,2026-10-08T23:43+00:00
Kenny Gainwell,receptions,3.0,207,Tampa Bay Buccaneers @ Dallas Cowboys,2026-10-09T00:15:00Z,2026-10-08T23:43+00:00
Kenny Gainwell,receptions,4.0,533,Tampa Bay Buccaneers @ Dallas Cowboys,2026-10-09T00:15:00Z,2026-10-08T23:43+00:00
Kenny Gainwell,receptions,5.0,1280,Tampa Bay Buccaneers @ Dallas Cowboys,2026-10-09T00:15:00Z,2026-10-08T23:43+00:00
Kenny Gainwell,receptions,6.0,2500,Tampa Bay Buccaneers @ Dallas Cowboys,2026-10-09T00:15:00Z,2026-10-08T23:43+00:00
Ted Hurst III,receptions,2.0,-102,Tampa Bay Buccaneers @ Dallas Cowboys,2026-10-09T00:15:00Z,2026-10-08T23:43+00:00
Ted Hurst III,receptions,3.0,314,Tampa Bay Buccaneers @ Dallas Cowboys,2026-10-09T00:15:00Z,2026-10-08T23:43+00:00
Ted Hurst III,receptions,4.0,890,Tampa Bay Buccaneers @ Dallas Cowboys,2026-10-09T00:15:00Z,2026-10-08T23:43+00:00
Ted Hurst III,receptions,5.0,2000,Tampa Bay Buccaneers @ Dallas Cowboys,2026-10-09T00:15:00Z,2026-10-08T23:43+00:00
Tez Johnson,receptions,2.0,132,Tampa Bay Buccaneers @ Dallas Cowboys,2026-10-09T00:15:00Z,2026-10-08T23:43+00:00
Tez Johnson,receptions,3.0,431,Tampa Bay Buccaneers @ Dallas Cowboys,2026-10-09T00:15:00Z,2026-10-08T23:43+00:00
Tez Johnson,receptions,4.0,1200,Tampa Bay Buccaneers @ Dallas Cowboys,2026-10-09T00:15:00Z,2026-10-08T23:43+00:00
Tez Johnson,receptions,5.0,2500,Tampa Bay Buccaneers @ Dallas Cowboys,2026-10-09T00:15:00Z,2026-10-08T23:43+00:00
Brevyn Spann-Ford,receptions,2.0,332,Tampa Bay Buccaneers @ Dallas Cowboys,2026-10-09T00:15:00Z,2026-10-08T23:43+00:00
Brevyn Spann-Ford,receptions,3.0,1180,Tampa Bay Buccaneers @ Dallas Cowboys,2026-10-09T00:15:00Z,2026-10-08T23:43+00:00
KaVontae Turpin,receptions,2.0,438,Tampa Bay Buccaneers @ Dallas Cowboys,2026-10-09T00:15:00Z,2026-10-08T23:43+00:00
KaVontae Turpin,receptions,3.0,1400,Tampa Bay Buccaneers @ Dallas Cowboys,2026-10-09T00:15:00Z,2026-10-08T23:43+00:00
Javonte Williams,rush_att,10.0,-2800,Tampa Bay Buccaneers @ Dallas Cowboys,2026-10-09T00:15:00Z,2026-10-08T23:43+00:00
Javonte Williams,rush_att,12.0,-760,Tampa Bay Buccaneers @ Dallas Cowboys,2026-10-09T00:15:00Z,2026-10-08T23:43+00:00
Javonte Williams,rush_att,14.0,-315,Tampa Bay Buccaneers @ Dallas Cowboys,2026-10-09T00:15:00Z,2026-10-08T23:43+00:00
Javonte Williams,rush_att,16.0,-147,Tampa Bay Buccaneers @ Dallas Cowboys,2026-10-09T00:15:00Z,2026-10-08T23:43+00:00
Javonte Williams,rush_att,17.0,-104,Tampa Bay Buccaneers @ Dallas Cowboys,2026-10-09T00:15:00Z,2026-10-08T23:43+00:00
Javonte Williams,rush_att,18.0,137,Tampa Bay Buccaneers @ Dallas Cowboys,2026-10-09T00:15:00Z,2026-10-08T23:43+00:00
Javonte Williams,rush_att,20.0,272,Tampa Bay Buccaneers @ Dallas Cowboys,2026-10-09T00:15:00Z,2026-10-08T23:43+00:00
Javonte Williams,rush_att,22.0,532,Tampa Bay Buccaneers @ Dallas Cowboys,2026-10-09T00:15:00Z,2026-10-08T23:43+00:00
Javonte Williams,rush_att,24.0,1040,Tampa Bay Buccaneers @ Dallas Cowboys,2026-10-09T00:15:00Z,2026-10-08T23:43+00:00
Bucky Irving,rush_att,8.0,-2600,Tampa Bay Buccaneers @ Dallas Cowboys,2026-10-09T00:15:00Z,2026-10-08T23:43+00:00
Bucky Irving,rush_att,10.0,-630,Tampa Bay Buccaneers @ Dallas Cowboys,2026-10-09T00:15:00Z,2026-10-08T23:43+00:00
Bucky Irving,rush_att,12.0,-245,Tampa Bay Buccaneers @ Dallas Cowboys,2026-10-09T00:15:00Z,2026-10-08T23:43+00:00
Bucky Irving,rush_att,14.0,-113,Tampa Bay Buccaneers @ Dallas Cowboys,2026-10-09T00:15:00Z,2026-10-08T23:43+00:00
Bucky Irving,rush_att,16.0,179,Tampa Bay Buccaneers @ Dallas Cowboys,2026-10-09T00:15:00Z,2026-10-08T23:43+00:00
Bucky Irving,rush_att,18.0,347,Tampa Bay Buccaneers @ Dallas Cowboys,2026-10-09T00:15:00Z,2026-10-08T23:43+00:00
Bucky Irving,rush_att,20.0,660,Tampa Bay Buccaneers @ Dallas Cowboys,2026-10-09T00:15:00Z,2026-10-08T23:43+00:00
Bucky Irving,rush_att,22.0,1220,Tampa Bay Buccaneers @ Dallas Cowboys,2026-10-09T00:15:00Z,2026-10-08T23:43+00:00
Jalon Daniels,rush_att,4.0,-2300,Tampa Bay Buccaneers @ Dallas Cowboys,2026-10-09T00:15:00Z,2026-10-08T23:43+00:00
Jalon Daniels,rush_att,6.0,-354,Tampa Bay Buccaneers @ Dallas Cowboys,2026-10-09T00:15:00Z,2026-10-08T23:43+00:00
Jalon Daniels,rush_att,8.0,-103,Tampa Bay Buccaneers @ Dallas Cowboys,2026-10-09T00:15:00Z,2026-10-08T23:43+00:00
Jalon Daniels,rush_att,10.0,287,Tampa Bay Buccaneers @ Dallas Cowboys,2026-10-09T00:15:00Z,2026-10-08T23:43+00:00
Jalon Daniels,rush_att,12.0,790,Tampa Bay Buccaneers @ Dallas Cowboys,2026-10-09T00:15:00Z,2026-10-08T23:43+00:00
Dak Prescott,rush_att,2.0,-474,Tampa Bay Buccaneers @ Dallas Cowboys,2026-10-09T00:15:00Z,2026-10-08T23:43+00:00
Dak Prescott,rush_att,4.0,117,Tampa Bay Buccaneers @ Dallas Cowboys,2026-10-09T00:15:00Z,2026-10-08T23:43+00:00
Dak Prescott,rush_att,6.0,482,Tampa Bay Buccaneers @ Dallas Cowboys,2026-10-09T00:15:00Z,2026-10-08T23:43+00:00
Dak Prescott,rush_att,8.0,1740,Tampa Bay Buccaneers @ Dallas Cowboys,2026-10-09T00:15:00Z,2026-10-08T23:43+00:00
Javonte Williams,rush_yds,30.0,-1820,Tampa Bay Buccaneers @ Dallas Cowboys,2026-10-09T00:15:00Z,2026-10-08T23:43+00:00
Javonte Williams,rush_yds,40.0,-650,Tampa Bay Buccaneers @ Dallas Cowboys,2026-10-09T00:15:00Z,2026-10-08T23:43+00:00
Javonte Williams,rush_yds,50.0,-313,Tampa Bay Buccaneers @ Dallas Cowboys,2026-10-09T00:15:00Z,2026-10-08T23:43+00:00
Javonte Williams,rush_yds,60.0,-173,Tampa Bay Buccaneers @ Dallas Cowboys,2026-10-09T00:15:00Z,2026-10-08T23:43+00:00
Javonte Williams,rush_yds,68.0,-113,Tampa Bay Buccaneers @ Dallas Cowboys,2026-10-09T00:15:00Z,2026-10-08T23:43+00:00
Javonte Williams,rush_yds,70.0,-103,Tampa Bay Buccaneers @ Dallas Cowboys,2026-10-09T00:15:00Z,2026-10-08T23:43+00:00
Javonte Williams,rush_yds,80.0,156,Tampa Bay Buccaneers @ Dallas Cowboys,2026-10-09T00:15:00Z,2026-10-08T23:43+00:00
Javonte Williams,rush_yds,90.0,246,Tampa Bay Buccaneers @ Dallas Cowboys,2026-10-09T00:15:00Z,2026-10-08T23:43+00:00
Javonte Williams,rush_yds,100.0,381,Tampa Bay Buccaneers @ Dallas Cowboys,2026-10-09T00:15:00Z,2026-10-08T23:43+00:00
Javonte Williams,rush_yds,110.0,583,Tampa Bay Buccaneers @ Dallas Cowboys,2026-10-09T00:15:00Z,2026-10-08T23:43+00:00
Javonte Williams,rush_yds,120.0,870,Tampa Bay Buccaneers @ Dallas Cowboys,2026-10-09T00:15:00Z,2026-10-08T23:43+00:00
Javonte Williams,rush_yds,130.0,1280,Tampa Bay Buccaneers @ Dallas Cowboys,2026-10-09T00:15:00Z,2026-10-08T23:43+00:00
Javonte Williams,rush_yds,140.0,1780,Tampa Bay Buccaneers @ Dallas Cowboys,2026-10-09T00:15:00Z,2026-10-08T23:43+00:00
Javonte Williams,rush_yds,150.0,2500,Tampa Bay Buccaneers @ Dallas Cowboys,2026-10-09T00:15:00Z,2026-10-08T23:43+00:00
Javonte Williams,rush_yds,160.0,3500,Tampa Bay Buccaneers @ Dallas Cowboys,2026-10-09T00:15:00Z,2026-10-08T23:43+00:00
Bucky Irving,rush_yds,20.0,-2400,Tampa Bay Buccaneers @ Dallas Cowboys,2026-10-09T00:15:00Z,2026-10-08T23:43+00:00
Bucky Irving,rush_yds,25.0,-1160,Tampa Bay Buccaneers @ Dallas Cowboys,2026-10-09T00:15:00Z,2026-10-08T23:43+00:00
Bucky Irving,rush_yds,30.0,-680,Tampa Bay Buccaneers @ Dallas Cowboys,2026-10-09T00:15:00Z,2026-10-08T23:43+00:00
Bucky Irving,rush_yds,40.0,-287,Tampa Bay Buccaneers @ Dallas Cowboys,2026-10-09T00:15:00Z,2026-10-08T23:43+00:00
Bucky Irving,rush_yds,50.0,-150,Tampa Bay Buccaneers @ Dallas Cowboys,2026-10-09T00:15:00Z,2026-10-08T23:43+00:00
Bucky Irving,rush_yds,55.0,-113,Tampa Bay Buccaneers @ Dallas Cowboys,2026-10-09T00:15:00Z,2026-10-08T23:43+00:00
Bucky Irving,rush_yds,60.0,116,Tampa Bay Buccaneers @ Dallas Cowboys,2026-10-09T00:15:00Z,2026-10-08T23:43+00:00
Bucky Irving,rush_yds,70.0,190,Tampa Bay Buccaneers @ Dallas Cowboys,2026-10-09T00:15:00Z,2026-10-08T23:43+00:00
Bucky Irving,rush_yds,80.0,298,Tampa Bay Buccaneers @ Dallas Cowboys,2026-10-09T00:15:00Z,2026-10-08T23:43+00:00
Bucky Irving,rush_yds,90.0,458,Tampa Bay Buccaneers @ Dallas Cowboys,2026-10-09T00:15:00Z,2026-10-08T23:43+00:00
Bucky Irving,rush_yds,100.0,710,Tampa Bay Buccaneers @ Dallas Cowboys,2026-10-09T00:15:00Z,2026-10-08T23:43+00:00
Bucky Irving,rush_yds,110.0,1080,Tampa Bay Buccaneers @ Dallas Cowboys,2026-10-09T00:15:00Z,2026-10-08T23:43+00:00
Bucky Irving,rush_yds,120.0,1560,Tampa Bay Buccaneers @ Dallas Cowboys,2026-10-09T00:15:00Z,2026-10-08T23:43+00:00
Bucky Irving,rush_yds,130.0,2200,Tampa Bay Buccaneers @ Dallas Cowboys,2026-10-09T00:15:00Z,2026-10-08T23:43+00:00
Bucky Irving,rush_yds,140.0,3000,Tampa Bay Buccaneers @ Dallas Cowboys,2026-10-09T00:15:00Z,2026-10-08T23:43+00:00
Jalon Daniels,rush_yds,10.0,-2500,Tampa Bay Buccaneers @ Dallas Cowboys,2026-10-09T00:15:00Z,2026-10-08T23:43+00:00
Jalon Daniels,rush_yds,15.0,-1180,Tampa Bay Buccaneers @ Dallas Cowboys,2026-10-09T00:15:00Z,2026-10-08T23:43+00:00
Jalon Daniels,rush_yds,20.0,-660,Tampa Bay Buccaneers @ Dallas Cowboys,2026-10-09T00:15:00Z,2026-10-08T23:43+00:00
Jalon Daniels,rush_yds,25.0,-412,Tampa Bay Buccaneers @ Dallas Cowboys,2026-10-09T00:15:00Z,2026-10-08T23:43+00:00
Jalon Daniels,rush_yds,30.0,-278,Tampa Bay Buccaneers @ Dallas Cowboys,2026-10-09T00:15:00Z,2026-10-08T23:43+00:00
Jalon Daniels,rush_yds,40.0,-138,Tampa Bay Buccaneers @ Dallas Cowboys,2026-10-09T00:15:00Z,2026-10-08T23:43+00:00
Jalon Daniels,rush_yds,43.0,-114,Tampa Bay Buccaneers @ Dallas Cowboys,2026-10-09T00:15:00Z,2026-10-08T23:43+00:00
Jalon Daniels,rush_yds,50.0,132,Tampa Bay Buccaneers @ Dallas Cowboys,2026-10-09T00:15:00Z,2026-10-08T23:43+00:00
Jalon Daniels,rush_yds,60.0,227,Tampa Bay Buccaneers @ Dallas Cowboys,2026-10-09T00:15:00Z,2026-10-08T23:43+00:00
Jalon Daniels,rush_yds,70.0,370,Tampa Bay Buccaneers @ Dallas Cowboys,2026-10-09T00:15:00Z,2026-10-08T23:43+00:00
Jalon Daniels,rush_yds,80.0,610,Tampa Bay Buccaneers @ Dallas Cowboys,2026-10-09T00:15:00Z,2026-10-08T23:43+00:00
Jalon Daniels,rush_yds,90.0,970,Tampa Bay Buccaneers @ Dallas Cowboys,2026-10-09T00:15:00Z,2026-10-08T23:43+00:00
Jalon Daniels,rush_yds,100.0,1500,Tampa Bay Buccaneers @ Dallas Cowboys,2026-10-09T00:15:00Z,2026-10-08T23:43+00:00
Jalon Daniels,rush_yds,110.0,2300,Tampa Bay Buccaneers @ Dallas Cowboys,2026-10-09T00:15:00Z,2026-10-08T23:43+00:00
Jalon Daniels,rush_yds,120.0,3300,Tampa Bay Buccaneers @ Dallas Cowboys,2026-10-09T00:15:00Z,2026-10-08T23:43+00:00
Sean Tucker,rush_yds,10.0,-111,Tampa Bay Buccaneers @ Dallas Cowboys,2026-10-09T00:15:00Z,2026-10-08T23:43+00:00
Sean Tucker,rush_yds,15.0,139,Tampa Bay Buccaneers @ Dallas Cowboys,2026-10-09T00:15:00Z,2026-10-08T23:43+00:00
Sean Tucker,rush_yds,20.0,204,Tampa Bay Buccaneers @ Dallas Cowboys,2026-10-09T00:15:00Z,2026-10-08T23:43+00:00
Sean Tucker,rush_yds,25.0,288,Tampa Bay Buccaneers @ Dallas Cowboys,2026-10-09T00:15:00Z,2026-10-08T23:43+00:00
Sean Tucker,rush_yds,30.0,389,Tampa Bay Buccaneers @ Dallas Cowboys,2026-10-09T00:15:00Z,2026-10-08T23:43+00:00
Sean Tucker,rush_yds,40.0,660,Tampa Bay Buccaneers @ Dallas Cowboys,2026-10-09T00:15:00Z,2026-10-08T23:43+00:00
Sean Tucker,rush_yds,50.0,1000,Tampa Bay Buccaneers @ Dallas Cowboys,2026-10-09T00:15:00Z,2026-10-08T23:43+00:00
Sean Tucker,rush_yds,60.0,1400,Tampa Bay Buccaneers @ Dallas Cowboys,2026-10-09T00:15:00Z,2026-10-08T23:43+00:00
Sean Tucker,rush_yds,70.0,1900,Tampa Bay Buccaneers @ Dallas Cowboys,2026-10-09T00:15:00Z,2026-10-08T23:43+00:00
Sean Tucker,rush_yds,80.0,2400,Tampa Bay Buccaneers @ Dallas Cowboys,2026-10-09T00:15:00Z,2026-10-08T23:43+00:00
Sean Tucker,rush_yds,90.0,3000,Tampa Bay Buccaneers @ Dallas Cowboys,2026-10-09T00:15:00Z,2026-10-08T23:43+00:00
Sean Tucker,rush_yds,100.0,3600,Tampa Bay Buccaneers @ Dallas Cowboys,2026-10-09T00:15:00Z,2026-10-08T23:43+00:00
Tyler Goodson,rush_yds,10.0,-192,Tampa Bay Buccaneers @ Dallas Cowboys,2026-10-09T00:15:00Z,2026-10-08T23:43+00:00
Tyler Goodson,rush_yds,14.0,-116,Tampa Bay Buccaneers @ Dallas Cowboys,2026-10-09T00:15:00Z,2026-10-08T23:43+00:00
Tyler Goodson,rush_yds,15.0,-104,Tampa Bay Buccaneers @ Dallas Cowboys,2026-10-09T00:15:00Z,2026-10-08T23:43+00:00
Tyler Goodson,rush_yds,20.0,160,Tampa Bay Buccaneers @ Dallas Cowboys,2026-10-09T00:15:00Z,2026-10-08T23:43+00:00
Tyler Goodson,rush_yds,25.0,245,Tampa Bay Buccaneers @ Dallas Cowboys,2026-10-09T00:15:00Z,2026-10-08T23:43+00:00
Tyler Goodson,rush_yds,30.0,356,Tampa Bay Buccaneers @ Dallas Cowboys,2026-10-09T00:15:00Z,2026-10-08T23:43+00:00
Tyler Goodson,rush_yds,40.0,690,Tampa Bay Buccaneers @ Dallas Cowboys,2026-10-09T00:15:00Z,2026-10-08T23:43+00:00
Tyler Goodson,rush_yds,50.0,1200,Tampa Bay Buccaneers @ Dallas Cowboys,2026-10-09T00:15:00Z,2026-10-08T23:43+00:00
Tyler Goodson,rush_yds,60.0,1940,Tampa Bay Buccaneers @ Dallas Cowboys,2026-10-09T00:15:00Z,2026-10-08T23:43+00:00
Tyler Goodson,rush_yds,70.0,2900,Tampa Bay Buccaneers @ Dallas Cowboys,2026-10-09T00:15:00Z,2026-10-08T23:43+00:00
Kenny Gainwell,rush_yds,10.0,-173,Tampa Bay Buccaneers @ Dallas Cowboys,2026-10-09T00:15:00Z,2026-10-08T23:43+00:00
Kenny Gainwell,rush_yds,13.0,-112,Tampa Bay Buccaneers @ Dallas Cowboys,2026-10-09T00:15:00Z,2026-10-08T23:43+00:00
Kenny Gainwell,rush_yds,15.0,117,Tampa Bay Buccaneers @ Dallas Cowboys,2026-10-09T00:15:00Z,2026-10-08T23:43+00:00
Kenny Gainwell,rush_yds,20.0,213,Tampa Bay Buccaneers @ Dallas Cowboys,2026-10-09T00:15:00Z,2026-10-08T23:43+00:00
Kenny Gainwell,rush_yds,25.0,353,Tampa Bay Buccaneers @ Dallas Cowboys,2026-10-09T00:15:00Z,2026-10-08T23:43+00:00
Kenny Gainwell,rush_yds,30.0,545,Tampa Bay Buccaneers @ Dallas Cowboys,2026-10-09T00:15:00Z,2026-10-08T23:43+00:00
Kenny Gainwell,rush_yds,40.0,1100,Tampa Bay Buccaneers @ Dallas Cowboys,2026-10-09T00:15:00Z,2026-10-08T23:43+00:00
Kenny Gainwell,rush_yds,50.0,1860,Tampa Bay Buccaneers @ Dallas Cowboys,2026-10-09T00:15:00Z,2026-10-08T23:43+00:00
Kenny Gainwell,rush_yds,60.0,2800,Tampa Bay Buccaneers @ Dallas Cowboys,2026-10-09T00:15:00Z,2026-10-08T23:43+00:00
Kenny Gainwell,rush_yds,70.0,3900,Tampa Bay Buccaneers @ Dallas Cowboys,2026-10-09T00:15:00Z,2026-10-08T23:43+00:00
Dak Prescott,rush_yds,10.0,-110,Tampa Bay Buccaneers @ Dallas Cowboys,2026-10-09T00:15:00Z,2026-10-08T23:43+00:00
Dak Prescott,rush_yds,15.0,172,Tampa Bay Buccaneers @ Dallas Cowboys,2026-10-09T00:15:00Z,2026-10-08T23:43+00:00
Dak Prescott,rush_yds,20.0,296,Tampa Bay Buccaneers @ Dallas Cowboys,2026-10-09T00:15:00Z,2026-10-08T23:43+00:00
Dak Prescott,rush_yds,25.0,477,Tampa Bay Buccaneers @ Dallas Cowboys,2026-10-09T00:15:00Z,2026-10-08T23:43+00:00
Dak Prescott,rush_yds,30.0,740,Tampa Bay Buccaneers @ Dallas Cowboys,2026-10-09T00:15:00Z,2026-10-08T23:43+00:00
Dak Prescott,rush_yds,40.0,1560,Tampa Bay Buccaneers @ Dallas Cowboys,2026-10-09T00:15:00Z,2026-10-08T23:43+00:00
Dak Prescott,rush_yds,50.0,2700,Tampa Bay Buccaneers @ Dallas Cowboys,2026-10-09T00:15:00Z,2026-10-08T23:43+00:00
Jalen Hurts,pass_att,24.0,-1380,Philadelphia Eagles @ Jacksonville Jaguars,2026-10-11T13:30:00Z,2026-10-09T18:46+00:00
Jalen Hurts,pass_att,26.0,-620,Philadelphia Eagles @ Jacksonville Jaguars,2026-10-11T13:30:00Z,2026-10-09T18:46+00:00
Jalen Hurts,pass_att,28.0,-329,Philadelphia Eagles @ Jacksonville Jaguars,2026-10-11T13:30:00Z,2026-10-09T18:46+00:00
Jalen Hurts,pass_att,30.0,-191,Philadelphia Eagles @ Jacksonville Jaguars,2026-10-11T13:30:00Z,2026-10-09T18:46+00:00
Jalen Hurts,pass_att,32.0,-116,Philadelphia Eagles @ Jacksonville Jaguars,2026-10-11T13:30:00Z,2026-10-09T18:46+00:00
Jalen Hurts,pass_att,34.0,138,Philadelphia Eagles @ Jacksonville Jaguars,2026-10-11T13:30:00Z,2026-10-09T18:46+00:00
Jalen Hurts,pass_att,36.0,224,Philadelphia Eagles @ Jacksonville Jaguars,2026-10-11T13:30:00Z,2026-10-09T18:46+00:00
Jalen Hurts,pass_att,38.0,347,Philadelphia Eagles @ Jacksonville Jaguars,2026-10-11T13:30:00Z,2026-10-09T18:46+00:00
Jalen Hurts,pass_att,40.0,549,Philadelphia Eagles @ Jacksonville Jaguars,2026-10-11T13:30:00Z,2026-10-09T18:46+00:00
Jalen Hurts,pass_att,42.0,870,Philadelphia Eagles @ Jacksonville Jaguars,2026-10-11T13:30:00Z,2026-10-09T18:46+00:00
Jalen Hurts,pass_att,44.0,1320,Philadelphia Eagles @ Jacksonville Jaguars,2026-10-11T13:30:00Z,2026-10-09T18:46+00:00
Trevor Lawrence,pass_att,22.0,-3200,Philadelphia Eagles @ Jacksonville Jaguars,2026-10-11T13:30:00Z,2026-10-09T18:46+00:00
Trevor Lawrence,pass_att,24.0,-990,Philadelphia Eagles @ Jacksonville Jaguars,2026-10-11T13:30:00Z,2026-10-09T18:46+00:00
Trevor Lawrence,pass_att,26.0,-455,Philadelphia Eagles @ Jacksonville Jaguars,2026-10-11T13:30:00Z,2026-10-09T18:46+00:00
Trevor Lawrence,pass_att,28.0,-234,Philadelphia Eagles @ Jacksonville Jaguars,2026-10-11T13:30:00Z,2026-10-09T18:46+00:00
Trevor Lawrence,pass_att,30.0,-130,Philadelphia Eagles @ Jacksonville Jaguars,2026-10-11T13:30:00Z,2026-10-09T18:46+00:00
Trevor Lawrence,pass_att,31.0,101,Philadelphia Eagles @ Jacksonville Jaguars,2026-10-11T13:30:00Z,2026-10-09T18:46+00:00
Trevor Lawrence,pass_att,32.0,131,Philadelphia Eagles @ Jacksonville Jaguars,2026-10-11T13:30:00Z,2026-10-09T18:46+00:00
Trevor Lawrence,pass_att,34.0,217,Philadelphia Eagles @ Jacksonville Jaguars,2026-10-11T13:30:00Z,2026-10-09T18:46+00:00
Trevor Lawrence,pass_att,36.0,351,Philadelphia Eagles @ Jacksonville Jaguars,2026-10-11T13:30:00Z,2026-10-09T18:46+00:00
Trevor Lawrence,pass_att,38.0,556,Philadelphia Eagles @ Jacksonville Jaguars,2026-10-11T13:30:00Z,2026-10-09T18:46+00:00
Trevor Lawrence,pass_att,40.0,850,Philadelphia Eagles @ Jacksonville Jaguars,2026-10-11T13:30:00Z,2026-10-09T18:46+00:00
Trevor Lawrence,pass_att,42.0,1280,Philadelphia Eagles @ Jacksonville Jaguars,2026-10-11T13:30:00Z,2026-10-09T18:46+00:00
Trevor Lawrence,pass_cmps,14.0,-2800,Philadelphia Eagles @ Jacksonville Jaguars,2026-10-11T13:30:00Z,2026-10-09T18:46+00:00
Trevor Lawrence,pass_cmps,16.0,-720,Philadelphia Eagles @ Jacksonville Jaguars,2026-10-11T13:30:00Z,2026-10-09T18:46+00:00
Trevor Lawrence,pass_cmps,18.0,-283,Philadelphia Eagles @ Jacksonville Jaguars,2026-10-11T13:30:00Z,2026-10-09T18:46+00:00
Trevor Lawrence,pass_cmps,20.0,-128,Philadelphia Eagles @ Jacksonville Jaguars,2026-10-11T13:30:00Z,2026-10-09T18:46+00:00
Trevor Lawrence,pass_cmps,22.0,159,Philadelphia Eagles @ Jacksonville Jaguars,2026-10-11T13:30:00Z,2026-10-09T18:46+00:00
Trevor Lawrence,pass_cmps,24.0,317,Philadelphia Eagles @ Jacksonville Jaguars,2026-10-11T13:30:00Z,2026-10-09T18:46+00:00
Trevor Lawrence,pass_cmps,26.0,610,Philadelphia Eagles @ Jacksonville Jaguars,2026-10-11T13:30:00Z,2026-10-09T18:46+00:00
Trevor Lawrence,pass_cmps,28.0,1160,Philadelphia Eagles @ Jacksonville Jaguars,2026-10-11T13:30:00Z,2026-10-09T18:46+00:00
Jalen Hurts,pass_cmps,14.0,-1020,Philadelphia Eagles @ Jacksonville Jaguars,2026-10-11T13:30:00Z,2026-10-09T18:46+00:00
Jalen Hurts,pass_cmps,16.0,-391,Philadelphia Eagles @ Jacksonville Jaguars,2026-10-11T13:30:00Z,2026-10-09T18:46+00:00
Jalen Hurts,pass_cmps,18.0,-181,Philadelphia Eagles @ Jacksonville Jaguars,2026-10-11T13:30:00Z,2026-10-09T18:46+00:00
Jalen Hurts,pass_cmps,19.0,-128,Philadelphia Eagles @ Jacksonville Jaguars,2026-10-11T13:30:00Z,2026-10-09T18:46+00:00
Jalen Hurts,pass_cmps,20.0,109,Philadelphia Eagles @ Jacksonville Jaguars,2026-10-11T13:30:00Z,2026-10-09T18:46+00:00
Jalen Hurts,pass_cmps,22.0,209,Philadelphia Eagles @ Jacksonville Jaguars,2026-10-11T13:30:00Z,2026-10-09T18:46+00:00
Jalen Hurts,pass_cmps,24.0,394,Philadelphia Eagles @ Jacksonville Jaguars,2026-10-11T13:30:00Z,2026-10-09T18:46+00:00
Jalen Hurts,pass_cmps,26.0,740,Philadelphia Eagles @ Jacksonville Jaguars,2026-10-11T13:30:00Z,2026-10-09T18:46+00:00
Jalen Hurts,pass_cmps,28.0,1300,Philadelphia Eagles @ Jacksonville Jaguars,2026-10-11T13:30:00Z,2026-10-09T18:46+00:00
Trevor Lawrence,pass_yds,150.0,-1300,Philadelphia Eagles @ Jacksonville Jaguars,2026-10-11T13:30:00Z,2026-10-09T18:46+00:00
Trevor Lawrence,pass_yds,160.0,-860,Philadelphia Eagles @ Jacksonville Jaguars,2026-10-11T13:30:00Z,2026-10-09T18:46+00:00
Trevor Lawrence,pass_yds,170.0,-600,Philadelphia Eagles @ Jacksonville Jaguars,2026-10-11T13:30:00Z,2026-10-09T18:46+00:00
Trevor Lawrence,pass_yds,180.0,-422,Philadelphia Eagles @ Jacksonville Jaguars,2026-10-11T13:30:00Z,2026-10-09T18:46+00:00
Trevor Lawrence,pass_yds,190.0,-306,Philadelphia Eagles @ Jacksonville Jaguars,2026-10-11T13:30:00Z,2026-10-09T18:46+00:00
Trevor Lawrence,pass_yds,200.0,-230,Philadelphia Eagles @ Jacksonville Jaguars,2026-10-11T13:30:00Z,2026-10-09T18:46+00:00
Trevor Lawrence,pass_yds,210.0,-173,Philadelphia Eagles @ Jacksonville Jaguars,2026-10-11T13:30:00Z,2026-10-09T18:46+00:00
Trevor Lawrence,pass_yds,220.0,-133,Philadelphia Eagles @ Jacksonville Jaguars,2026-10-11T13:30:00Z,2026-10-09T18:46+00:00
Trevor Lawrence,pass_yds,227.0,-111,Philadelphia Eagles @ Jacksonville Jaguars,2026-10-11T13:30:00Z,2026-10-09T18:46+00:00
Trevor Lawrence,pass_yds,230.0,-103,Philadelphia Eagles @ Jacksonville Jaguars,2026-10-11T13:30:00Z,2026-10-09T18:46+00:00
Trevor Lawrence,pass_yds,240.0,125,Philadelphia Eagles @ Jacksonville Jaguars,2026-10-11T13:30:00Z,2026-10-09T18:46+00:00
Trevor Lawrence,pass_yds,250.0,162,Philadelphia Eagles @ Jacksonville Jaguars,2026-10-11T13:30:00Z,2026-10-09T18:46+00:00
Trevor Lawrence,pass_yds,260.0,205,Philadelphia Eagles @ Jacksonville Jaguars,2026-10-11T13:30:00Z,2026-10-09T18:46+00:00
Trevor Lawrence,pass_yds,270.0,261,Philadelphia Eagles @ Jacksonville Jaguars,2026-10-11T13:30:00Z,2026-10-09T18:46+00:00
Trevor Lawrence,pass_yds,280.0,325,Philadelphia Eagles @ Jacksonville Jaguars,2026-10-11T13:30:00Z,2026-10-09T18:46+00:00
Trevor Lawrence,pass_yds,290.0,411,Philadelphia Eagles @ Jacksonville Jaguars,2026-10-11T13:30:00Z,2026-10-09T18:46+00:00
Trevor Lawrence,pass_yds,300.0,531,Philadelphia Eagles @ Jacksonville Jaguars,2026-10-11T13:30:00Z,2026-10-09T18:46+00:00
Trevor Lawrence,pass_yds,310.0,670,Philadelphia Eagles @ Jacksonville Jaguars,2026-10-11T13:30:00Z,2026-10-09T18:46+00:00
Trevor Lawrence,pass_yds,320.0,850,Philadelphia Eagles @ Jacksonville Jaguars,2026-10-11T13:30:00Z,2026-10-09T18:46+00:00
Trevor Lawrence,pass_yds,330.0,1100,Philadelphia Eagles @ Jacksonville Jaguars,2026-10-11T13:30:00Z,2026-10-09T18:46+00:00
Trevor Lawrence,pass_yds,340.0,1400,Philadelphia Eagles @ Jacksonville Jaguars,2026-10-11T13:30:00Z,2026-10-09T18:46+00:00
Trevor Lawrence,pass_yds,350.0,1740,Philadelphia Eagles @ Jacksonville Jaguars,2026-10-11T13:30:00Z,2026-10-09T18:46+00:00
Trevor Lawrence,pass_yds,360.0,2200,Philadelphia Eagles @ Jacksonville Jaguars,2026-10-11T13:30:00Z,2026-10-09T18:46+00:00
Trevor Lawrence,pass_yds,370.0,2700,Philadelphia Eagles @ Jacksonville Jaguars,2026-10-11T13:30:00Z,2026-10-09T18:46+00:00
Trevor Lawrence,pass_yds,380.0,3400,Philadelphia Eagles @ Jacksonville Jaguars,2026-10-11T13:30:00Z,2026-10-09T18:46+00:00
Jalen Hurts,pass_yds,150.0,-343,Philadelphia Eagles @ Jacksonville Jaguars,2026-10-11T13:30:00Z,2026-10-09T18:46+00:00
Jalen Hurts,pass_yds,160.0,-247,Philadelphia Eagles @ Jacksonville Jaguars,2026-10-11T13:30:00Z,2026-10-09T18:46+00:00
Jalen Hurts,pass_yds,170.0,-183,Philadelphia Eagles @ Jacksonville Jaguars,2026-10-11T13:30:00Z,2026-10-09T18:46+00:00
Jalen Hurts,pass_yds,180.0,-138,Philadelphia Eagles @ Jacksonville Jaguars,2026-10-11T13:30:00Z,2026-10-09T18:46+00:00
Jalen Hurts,pass_yds,187.0,-113,Philadelphia Eagles @ Jacksonville Jaguars,2026-10-11T13:30:00Z,2026-10-09T18:46+00:00
Jalen Hurts,pass_yds,190.0,-104,Philadelphia Eagles @ Jacksonville Jaguars,2026-10-11T13:30:00Z,2026-10-09T18:46+00:00
Jalen Hurts,pass_yds,200.0,125,Philadelphia Eagles @ Jacksonville Jaguars,2026-10-11T13:30:00Z,2026-10-09T18:46+00:00
Jalen Hurts,pass_yds,210.0,162,Philadelphia Eagles @ Jacksonville Jaguars,2026-10-11T13:30:00Z,2026-10-09T18:46+00:00
Jalen Hurts,pass_yds,220.0,209,Philadelphia Eagles @ Jacksonville Jaguars,2026-10-11T13:30:00Z,2026-10-09T18:46+00:00
Jalen Hurts,pass_yds,230.0,270,Philadelphia Eagles @ Jacksonville Jaguars,2026-10-11T13:30:00Z,2026-10-09T18:46+00:00
Jalen Hurts,pass_yds,240.0,346,Philadelphia Eagles @ Jacksonville Jaguars,2026-10-11T13:30:00Z,2026-10-09T18:46+00:00
Jalen Hurts,pass_yds,250.0,450,Philadelphia Eagles @ Jacksonville Jaguars,2026-10-11T13:30:00Z,2026-10-09T18:46+00:00
Jalen Hurts,pass_yds,260.0,574,Philadelphia Eagles @ Jacksonville Jaguars,2026-10-11T13:30:00Z,2026-10-09T18:46+00:00
Jalen Hurts,pass_yds,270.0,730,Philadelphia Eagles @ Jacksonville Jaguars,2026-10-11T13:30:00Z,2026-10-09T18:46+00:00
Jalen Hurts,pass_yds,280.0,940,Philadelphia Eagles @ Jacksonville Jaguars,2026-10-11T13:30:00Z,2026-10-09T18:46+00:00
Jalen Hurts,pass_yds,290.0,1220,Philadelphia Eagles @ Jacksonville Jaguars,2026-10-11T13:30:00Z,2026-10-09T18:46+00:00
Jalen Hurts,pass_yds,300.0,1580,Philadelphia Eagles @ Jacksonville Jaguars,2026-10-11T13:30:00Z,2026-10-09T18:46+00:00
Jalen Hurts,pass_yds,310.0,2000,Philadelphia Eagles @ Jacksonville Jaguars,2026-10-11T13:30:00Z,2026-10-09T18:46+00:00
Jalen Hurts,pass_yds,320.0,2400,Philadelphia Eagles @ Jacksonville Jaguars,2026-10-11T13:30:00Z,2026-10-09T18:46+00:00
Jalen Hurts,pass_yds,330.0,3100,Philadelphia Eagles @ Jacksonville Jaguars,2026-10-11T13:30:00Z,2026-10-09T18:46+00:00
Jalen Hurts,pass_yds,340.0,3700,Philadelphia Eagles @ Jacksonville Jaguars,2026-10-11T13:30:00Z,2026-10-09T18:46+00:00
Parker Washington,rec_yds,15.0,-1320,Philadelphia Eagles @ Jacksonville Jaguars,2026-10-11T13:30:00Z,2026-10-09T18:46+00:00
Parker Washington,rec_yds,25.0,-660,Philadelphia Eagles @ Jacksonville Jaguars,2026-10-11T13:30:00Z,2026-10-09T18:46+00:00
Parker Washington,rec_yds,40.0,-295,Philadelphia Eagles @ Jacksonville Jaguars,2026-10-11T13:30:00Z,2026-10-09T18:46+00:00
Parker Washington,rec_yds,50.0,-192,Philadelphia Eagles @ Jacksonville Jaguars,2026-10-11T13:30:00Z,2026-10-09T18:46+00:00
Parker Washington,rec_yds,60.0,-131,Philadelphia Eagles @ Jacksonville Jaguars,2026-10-11T13:30:00Z,2026-10-09T18:46+00:00
Parker Washington,rec_yds,64.0,-114,Philadelphia Eagles @ Jacksonville Jaguars,2026-10-11T13:30:00Z,2026-10-09T18:46+00:00
Parker Washington,rec_yds,70.0,108,Philadelphia Eagles @ Jacksonville Jaguars,2026-10-11T13:30:00Z,2026-10-09T18:46+00:00
Parker Washington,rec_yds,80.0,154,Philadelphia Eagles @ Jacksonville Jaguars,2026-10-11T13:30:00Z,2026-10-09T18:46+00:00
Parker Washington,rec_yds,90.0,213,Philadelphia Eagles @ Jacksonville Jaguars,2026-10-11T13:30:00Z,2026-10-09T18:46+00:00
Parker Washington,rec_yds,100.0,295,Philadelphia Eagles @ Jacksonville Jaguars,2026-10-11T13:30:00Z,2026-10-09T18:46+00:00
Parker Washington,rec_yds,110.0,403,Philadelphia Eagles @ Jacksonville Jaguars,2026-10-11T13:30:00Z,2026-10-09T18:46+00:00
Parker Washington,rec_yds,120.0,547,Philadelphia Eagles @ Jacksonville Jaguars,2026-10-11T13:30:00Z,2026-10-09T18:46+00:00
Parker Washington,rec_yds,130.0,730,Philadelphia Eagles @ Jacksonville Jaguars,2026-10-11T13:30:00Z,2026-10-09T18:46+00:00
Parker Washington,rec_yds,140.0,990,Philadelphia Eagles @ Jacksonville Jaguars,2026-10-11T13:30:00Z,2026-10-09T18:46+00:00
Parker Washington,rec_yds,150.0,1360,Philadelphia Eagles @ Jacksonville Jaguars,2026-10-11T13:30:00Z,2026-10-09T18:46+00:00
Parker Washington,rec_yds,160.0,1840,Philadelphia Eagles @ Jacksonville Jaguars,2026-10-11T13:30:00Z,2026-10-09T18:46+00:00
Parker Washington,rec_yds,170.0,2300,Philadelphia Eagles @ Jacksonville Jaguars,2026-10-11T13:30:00Z,2026-10-09T18:46+00:00
Parker Washington,rec_yds,180.0,3000,Philadelphia Eagles @ Jacksonville Jaguars,2026-10-11T13:30:00Z,2026-10-09T18:46+00:00
Parker Washington,rec_yds,190.0,3900,Philadelphia Eagles @ Jacksonville Jaguars,2026-10-11T13:30:00Z,2026-10-09T18:46+00:00
Jakobi Meyers,rec_yds,15.0,-780,Philadelphia Eagles @ Jacksonville Jaguars,2026-10-11T13:30:00Z,2026-10-09T18:46+00:00
Jakobi Meyers,rec_yds,25.0,-325,Philadelphia Eagles @ Jacksonville Jaguars,2026-10-11T13:30:00Z,2026-10-09T18:46+00:00
Jakobi Meyers,rec_yds,40.0,-132,Philadelphia Eagles @ Jacksonville Jaguars,2026-10-11T13:30:00Z,2026-10-09T18:46+00:00
Jakobi Meyers,rec_yds,43.0,-114,Philadelphia Eagles @ Jacksonville Jaguars,2026-10-11T13:30:00Z,2026-10-09T18:46+00:00
Jakobi Meyers,rec_yds,50.0,124,Philadelphia Eagles @ Jacksonville Jaguars,2026-10-11T13:30:00Z,2026-10-09T18:46+00:00
Jakobi Meyers,rec_yds,60.0,196,Philadelphia Eagles @ Jacksonville Jaguars,2026-10-11T13:30:00Z,2026-10-09T18:46+00:00
Jakobi Meyers,rec_yds,70.0,300,Philadelphia Eagles @ Jacksonville Jaguars,2026-10-11T13:30:00Z,2026-10-09T18:46+00:00
Jakobi Meyers,rec_yds,80.0,449,Philadelphia Eagles @ Jacksonville Jaguars,2026-10-11T13:30:00Z,2026-10-09T18:46+00:00
Jakobi Meyers,rec_yds,90.0,670,Philadelphia Eagles @ Jacksonville Jaguars,2026-10-11T13:30:00Z,2026-10-09T18:46+00:00
Jakobi Meyers,rec_yds,100.0,1000,Philadelphia Eagles @ Jacksonville Jaguars,2026-10-11T13:30:00Z,2026-10-09T18:46+00:00
Jakobi Meyers,rec_yds,110.0,1460,Philadelphia Eagles @ Jacksonville Jaguars,2026-10-11T13:30:00Z,2026-10-09T18:46+00:00
Jakobi Meyers,rec_yds,120.0,2100,Philadelphia Eagles @ Jacksonville Jaguars,2026-10-11T13:30:00Z,2026-10-09T18:46+00:00
Jakobi Meyers,rec_yds,130.0,3000,Philadelphia Eagles @ Jacksonville Jaguars,2026-10-11T13:30:00Z,2026-10-09T18:46+00:00
Jakobi Meyers,rec_yds,140.0,4000,Philadelphia Eagles @ Jacksonville Jaguars,2026-10-11T13:30:00Z,2026-10-09T18:46+00:00
Dontayvion Wicks,rec_yds,15.0,-920,Philadelphia Eagles @ Jacksonville Jaguars,2026-10-11T13:30:00Z,2026-10-09T18:46+00:00
Dontayvion Wicks,rec_yds,25.0,-360,Philadelphia Eagles @ Jacksonville Jaguars,2026-10-11T13:30:00Z,2026-10-09T18:46+00:00
Dontayvion Wicks,rec_yds,40.0,-138,Philadelphia Eagles @ Jacksonville Jaguars,2026-10-11T13:30:00Z,2026-10-09T18:46+00:00
Dontayvion Wicks,rec_yds,44.0,-113,Philadelphia Eagles @ Jacksonville Jaguars,2026-10-11T13:30:00Z,2026-10-09T18:46+00:00
Dontayvion Wicks,rec_yds,50.0,120,Philadelphia Eagles @ Jacksonville Jaguars,2026-10-11T13:30:00Z,2026-10-09T18:46+00:00
Dontayvion Wicks,rec_yds,60.0,192,Philadelphia Eagles @ Jacksonville Jaguars,2026-10-11T13:30:00Z,2026-10-09T18:46+00:00
Dontayvion Wicks,rec_yds,70.0,305,Philadelphia Eagles @ Jacksonville Jaguars,2026-10-11T13:30:00Z,2026-10-09T18:46+00:00
Dontayvion Wicks,rec_yds,80.0,465,Philadelphia Eagles @ Jacksonville Jaguars,2026-10-11T13:30:00Z,2026-10-09T18:46+00:00
Dontayvion Wicks,rec_yds,90.0,710,Philadelphia Eagles @ Jacksonville Jaguars,2026-10-11T13:30:00Z,2026-10-09T18:46+00:00
Dontayvion Wicks,rec_yds,100.0,1060,Philadelphia Eagles @ Jacksonville Jaguars,2026-10-11T13:30:00Z,2026-10-09T18:46+00:00
Dontayvion Wicks,rec_yds,110.0,1640,Philadelphia Eagles @ Jacksonville Jaguars,2026-10-11T13:30:00Z,2026-10-09T18:46+00:00
Dontayvion Wicks,rec_yds,120.0,2300,Philadelphia Eagles @ Jacksonville Jaguars,2026-10-11T13:30:00Z,2026-10-09T18:46+00:00
Dontayvion Wicks,rec_yds,130.0,3300,Philadelphia Eagles @ Jacksonville Jaguars,2026-10-11T13:30:00Z,2026-10-09T18:46+00:00
Dallas Goedert,rec_yds,15.0,-860,Philadelphia Eagles @ Jacksonville Jaguars,2026-10-11T13:30:00Z,2026-10-09T18:46+00:00
Dallas Goedert,rec_yds,25.0,-334,Philadelphia Eagles @ Jacksonville Jaguars,2026-10-11T13:30:00Z,2026-10-09T18:46+00:00
Dallas Goedert,rec_yds,40.0,-125,Philadelphia Eagles @ Jacksonville Jaguars,2026-10-11T13:30:00Z,2026-10-09T18:46+00:00
Dallas Goedert,rec_yds,42.0,-111,Philadelphia Eagles @ Jacksonville Jaguars,2026-10-11T13:30:00Z,2026-10-09T18:46+00:00
Dallas Goedert,rec_yds,50.0,136,Philadelphia Eagles @ Jacksonville Jaguars,2026-10-11T13:30:00Z,2026-10-09T18:46+00:00
Dallas Goedert,rec_yds,60.0,221,Philadelphia Eagles @ Jacksonville Jaguars,2026-10-11T13:30:00Z,2026-10-09T18:46+00:00
Dallas Goedert,rec_yds,70.0,346,Philadelphia Eagles @ Jacksonville Jaguars,2026-10-11T13:30:00Z,2026-10-09T18:46+00:00
Dallas Goedert,rec_yds,80.0,532,Philadelphia Eagles @ Jacksonville Jaguars,2026-10-11T13:30:00Z,2026-10-09T18:46+00:00
Dallas Goedert,rec_yds,90.0,810,Philadelphia Eagles @ Jacksonville Jaguars,2026-10-11T13:30:00Z,2026-10-09T18:46+00:00
Dallas Goedert,rec_yds,100.0,1200,Philadelphia Eagles @ Jacksonville Jaguars,2026-10-11T13:30:00Z,2026-10-09T18:46+00:00
Dallas Goedert,rec_yds,110.0,1740,Philadelphia Eagles @ Jacksonville Jaguars,2026-10-11T13:30:00Z,2026-10-09T18:46+00:00
Dallas Goedert,rec_yds,120.0,2400,Philadelphia Eagles @ Jacksonville Jaguars,2026-10-11T13:30:00Z,2026-10-09T18:46+00:00
Dallas Goedert,rec_yds,130.0,3500,Philadelphia Eagles @ Jacksonville Jaguars,2026-10-11T13:30:00Z,2026-10-09T18:46+00:00
Brenton Strange,rec_yds,15.0,-408,Philadelphia Eagles @ Jacksonville Jaguars,2026-10-11T13:30:00Z,2026-10-09T18:46+00:00
Brenton Strange,rec_yds,25.0,-177,Philadelphia Eagles @ Jacksonville Jaguars,2026-10-11T13:30:00Z,2026-10-09T18:46+00:00
Brenton Strange,rec_yds,32.0,-114,Philadelphia Eagles @ Jacksonville Jaguars,2026-10-11T13:30:00Z,2026-10-09T18:46+00:00
Brenton Strange,rec_yds,40.0,140,Philadelphia Eagles @ Jacksonville Jaguars,2026-10-11T13:30:00Z,2026-10-09T18:46+00:00
Brenton Strange,rec_yds,50.0,237,Philadelphia Eagles @ Jacksonville Jaguars,2026-10-11T13:30:00Z,2026-10-09T18:46+00:00
Brenton Strange,rec_yds,60.0,385,Philadelphia Eagles @ Jacksonville Jaguars,2026-10-11T13:30:00Z,2026-10-09T18:46+00:00
Brenton Strange,rec_yds,70.0,610,Philadelphia Eagles @ Jacksonville Jaguars,2026-10-11T13:30:00Z,2026-10-09T18:46+00:00
Brenton Strange,rec_yds,80.0,940,Philadelphia Eagles @ Jacksonville Jaguars,2026-10-11T13:30:00Z,2026-10-09T18:46+00:00
Brenton Strange,rec_yds,90.0,1420,Philadelphia Eagles @ Jacksonville Jaguars,2026-10-11T13:30:00Z,2026-10-09T18:46+00:00
Brenton Strange,rec_yds,100.0,2100,Philadelphia Eagles @ Jacksonville Jaguars,2026-10-11T13:30:00Z,2026-10-09T18:46+00:00
Brenton Strange,rec_yds,110.0,3200,Philadelphia Eagles @ Jacksonville Jaguars,2026-10-11T13:30:00Z,2026-10-09T18:46+00:00
Brian Thomas Jr,rec_yds,15.0,-222,Philadelphia Eagles @ Jacksonville Jaguars,2026-10-11T13:30:00Z,2026-10-09T18:46+00:00
Brian Thomas Jr,rec_yds,24.0,-114,Philadelphia Eagles @ Jacksonville Jaguars,2026-10-11T13:30:00Z,2026-10-09T18:46+00:00
Brian Thomas Jr,rec_yds,25.0,-107,Philadelphia Eagles @ Jacksonville Jaguars,2026-10-11T13:30:00Z,2026-10-09T18:46+00:00
Brian Thomas Jr,rec_yds,40.0,205,Philadelphia Eagles @ Jacksonville Jaguars,2026-10-11T13:30:00Z,2026-10-09T18:46+00:00
Brian Thomas Jr,rec_yds,50.0,322,Philadelphia Eagles @ Jacksonville Jaguars,2026-10-11T13:30:00Z,2026-10-09T18:46+00:00
Brian Thomas Jr,rec_yds,60.0,495,Philadelphia Eagles @ Jacksonville Jaguars,2026-10-11T13:30:00Z,2026-10-09T18:46+00:00
Brian Thomas Jr,rec_yds,70.0,750,Philadelphia Eagles @ Jacksonville Jaguars,2026-10-11T13:30:00Z,2026-10-09T18:46+00:00
Brian Thomas Jr,rec_yds,80.0,1120,Philadelphia Eagles @ Jacksonville Jaguars,2026-10-11T13:30:00Z,2026-10-09T18:46+00:00
Brian Thomas Jr,rec_yds,90.0,1680,Philadelphia Eagles @ Jacksonville Jaguars,2026-10-11T13:30:00Z,2026-10-09T18:46+00:00
Brian Thomas Jr,rec_yds,100.0,2400,Philadelphia Eagles @ Jacksonville Jaguars,2026-10-11T13:30:00Z,2026-10-09T18:46+00:00
Brian Thomas Jr,rec_yds,110.0,3300,Philadelphia Eagles @ Jacksonville Jaguars,2026-10-11T13:30:00Z,2026-10-09T18:46+00:00
Josh Cameron,rec_yds,11.0,-113,Philadelphia Eagles @ Jacksonville Jaguars,2026-10-11T13:30:00Z,2026-10-09T18:46+00:00
Josh Cameron,rec_yds,15.0,126,Philadelphia Eagles @ Jacksonville Jaguars,2026-10-11T13:30:00Z,2026-10-09T18:46+00:00
Josh Cameron,rec_yds,25.0,260,Philadelphia Eagles @ Jacksonville Jaguars,2026-10-11T13:30:00Z,2026-10-09T18:46+00:00
Josh Cameron,rec_yds,40.0,650,Philadelphia Eagles @ Jacksonville Jaguars,2026-10-11T13:30:00Z,2026-10-09T18:46+00:00
Josh Cameron,rec_yds,50.0,1160,Philadelphia Eagles @ Jacksonville Jaguars,2026-10-11T13:30:00Z,2026-10-09T18:46+00:00
Josh Cameron,rec_yds,60.0,1880,Philadelphia Eagles @ Jacksonville Jaguars,2026-10-11T13:30:00Z,2026-10-09T18:46+00:00
Josh Cameron,rec_yds,70.0,3000,Philadelphia Eagles @ Jacksonville Jaguars,2026-10-11T13:30:00Z,2026-10-09T18:46+00:00
Bhayshul Tuten,rec_yds,10.0,-114,Philadelphia Eagles @ Jacksonville Jaguars,2026-10-11T13:30:00Z,2026-10-09T18:46+00:00
Bhayshul Tuten,rec_yds,15.0,145,Philadelphia Eagles @ Jacksonville Jaguars,2026-10-11T13:30:00Z,2026-10-09T18:46+00:00
Bhayshul Tuten,rec_yds,25.0,312,Philadelphia Eagles @ Jacksonville Jaguars,2026-10-11T13:30:00Z,2026-10-09T18:46+00:00
Bhayshul Tuten,rec_yds,40.0,860,Philadelphia Eagles @ Jacksonville Jaguars,2026-10-11T13:30:00Z,2026-10-09T18:46+00:00
Bhayshul Tuten,rec_yds,50.0,1480,Philadelphia Eagles @ Jacksonville Jaguars,2026-10-11T13:30:00Z,2026-10-09T18:46+00:00
Bhayshul Tuten,rec_yds,60.0,2400,Philadelphia Eagles @ Jacksonville Jaguars,2026-10-11T13:30:00Z,2026-10-09T18:46+00:00
Bhayshul Tuten,rec_yds,70.0,3500,Philadelphia Eagles @ Jacksonville Jaguars,2026-10-11T13:30:00Z,2026-10-09T18:46+00:00
Will Shipley,rec_yds,15.0,-108,Philadelphia Eagles @ Jacksonville Jaguars,2026-10-11T13:30:00Z,2026-10-09T18:46+00:00
Will Shipley,rec_yds,25.0,239,Philadelphia Eagles @ Jacksonville Jaguars,2026-10-11T13:30:00Z,2026-10-09T18:46+00:00
Will Shipley,rec_yds,40.0,750,Philadelphia Eagles @ Jacksonville Jaguars,2026-10-11T13:30:00Z,2026-10-09T18:46+00:00
Will Shipley,rec_yds,50.0,1440,Philadelphia Eagles @ Jacksonville Jaguars,2026-10-11T13:30:00Z,2026-10-09T18:46+00:00
Will Shipley,rec_yds,60.0,2400,Philadelphia Eagles @ Jacksonville Jaguars,2026-10-11T13:30:00Z,2026-10-09T18:46+00:00
Will Shipley,rec_yds,70.0,3700,Philadelphia Eagles @ Jacksonville Jaguars,2026-10-11T13:30:00Z,2026-10-09T18:46+00:00
Parker Washington,receptions,3.0,-870,Philadelphia Eagles @ Jacksonville Jaguars,2026-10-11T13:30:00Z,2026-10-09T18:46+00:00
Parker Washington,receptions,4.0,-300,Philadelphia Eagles @ Jacksonville Jaguars,2026-10-11T13:30:00Z,2026-10-09T18:46+00:00
Parker Washington,receptions,5.0,-137,Philadelphia Eagles @ Jacksonville Jaguars,2026-10-11T13:30:00Z,2026-10-09T18:46+00:00
Parker Washington,receptions,6.0,149,Philadelphia Eagles @ Jacksonville Jaguars,2026-10-11T13:30:00Z,2026-10-09T18:46+00:00
Parker Washington,receptions,7.0,291,Philadelphia Eagles @ Jacksonville Jaguars,2026-10-11T13:30:00Z,2026-10-09T18:46+00:00
Parker Washington,receptions,8.0,539,Philadelphia Eagles @ Jacksonville Jaguars,2026-10-11T13:30:00Z,2026-10-09T18:46+00:00
Parker Washington,receptions,9.0,1000,Philadelphia Eagles @ Jacksonville Jaguars,2026-10-11T13:30:00Z,2026-10-09T18:46+00:00
Parker Washington,receptions,10.0,1780,Philadelphia Eagles @ Jacksonville Jaguars,2026-10-11T13:30:00Z,2026-10-09T18:46+00:00
Parker Washington,receptions,11.0,2800,Philadelphia Eagles @ Jacksonville Jaguars,2026-10-11T13:30:00Z,2026-10-09T18:46+00:00
Dallas Goedert,receptions,2.0,-2000,Philadelphia Eagles @ Jacksonville Jaguars,2026-10-11T13:30:00Z,2026-10-09T18:46+00:00
Dallas Goedert,receptions,3.0,-486,Philadelphia Eagles @ Jacksonville Jaguars,2026-10-11T13:30:00Z,2026-10-09T18:46+00:00
Dallas Goedert,receptions,4.0,-192,Philadelphia Eagles @ Jacksonville Jaguars,2026-10-11T13:30:00Z,2026-10-09T18:46+00:00
Dallas Goedert,receptions,5.0,109,Philadelphia Eagles @ Jacksonville Jaguars,2026-10-11T13:30:00Z,2026-10-09T18:46+00:00
Dallas Goedert,receptions,6.0,208,Philadelphia Eagles @ Jacksonville Jaguars,2026-10-11T13:30:00Z,2026-10-09T18:46+00:00
Dallas Goedert,receptions,7.0,388,Philadelphia Eagles @ Jacksonville Jaguars,2026-10-11T13:30:00Z,2026-10-09T18:46+00:00
Dallas Goedert,receptions,8.0,700,Philadelphia Eagles @ Jacksonville Jaguars,2026-10-11T13:30:00Z,2026-10-09T18:46+00:00
Dallas Goedert,receptions,9.0,1200,Philadelphia Eagles @ Jacksonville Jaguars,2026-10-11T13:30:00Z,2026-10-09T18:46+00:00
Dallas Goedert,receptions,10.0,1960,Philadelphia Eagles @ Jacksonville Jaguars,2026-10-11T13:30:00Z,2026-10-09T18:46+00:00
Dallas Goedert,receptions,11.0,2900,Philadelphia Eagles @ Jacksonville Jaguars,2026-10-11T13:30:00Z,2026-10-09T18:46+00:00
Dontayvion Wicks,receptions,2.0,-1200,Philadelphia Eagles @ Jacksonville Jaguars,2026-10-11T13:30:00Z,2026-10-09T18:46+00:00
Dontayvion Wicks,receptions,3.0,-334,Philadelphia Eagles @ Jacksonville Jaguars,2026-10-11T13:30:00Z,2026-10-09T18:46+00:00
Dontayvion Wicks,receptions,4.0,-132,Philadelphia Eagles @ Jacksonville Jaguars,2026-10-11T13:30:00Z,2026-10-09T18:46+00:00
Dontayvion Wicks,receptions,5.0,162,Philadelphia Eagles @ Jacksonville Jaguars,2026-10-11T13:30:00Z,2026-10-09T18:46+00:00
Dontayvion Wicks,receptions,6.0,329,Philadelphia Eagles @ Jacksonville Jaguars,2026-10-11T13:30:00Z,2026-10-09T18:46+00:00
Dontayvion Wicks,receptions,7.0,630,Philadelphia Eagles @ Jacksonville Jaguars,2026-10-11T13:30:00Z,2026-10-09T18:46+00:00
Dontayvion Wicks,receptions,8.0,1180,Philadelphia Eagles @ Jacksonville Jaguars,2026-10-11T13:30:00Z,2026-10-09T18:46+00:00
Dontayvion Wicks,receptions,9.0,1980,Philadelphia Eagles @ Jacksonville Jaguars,2026-10-11T13:30:00Z,2026-10-09T18:46+00:00
Jakobi Meyers,receptions,2.0,-1140,Philadelphia Eagles @ Jacksonville Jaguars,2026-10-11T13:30:00Z,2026-10-09T18:46+00:00
Jakobi Meyers,receptions,3.0,-320,Philadelphia Eagles @ Jacksonville Jaguars,2026-10-11T13:30:00Z,2026-10-09T18:46+00:00
Jakobi Meyers,receptions,4.0,-126,Philadelphia Eagles @ Jacksonville Jaguars,2026-10-11T13:30:00Z,2026-10-09T18:46+00:00
Jakobi Meyers,receptions,5.0,171,Philadelphia Eagles @ Jacksonville Jaguars,2026-10-11T13:30:00Z,2026-10-09T18:46+00:00
Jakobi Meyers,receptions,6.0,361,Philadelphia Eagles @ Jacksonville Jaguars,2026-10-11T13:30:00Z,2026-10-09T18:46+00:00
Jakobi Meyers,receptions,7.0,740,Philadelphia Eagles @ Jacksonville Jaguars,2026-10-11T13:30:00Z,2026-10-09T18:46+00:00
Jakobi Meyers,receptions,8.0,1400,Philadelphia Eagles @ Jacksonville Jaguars,2026-10-11T13:30:00Z,2026-10-09T18:46+00:00
Jakobi Meyers,receptions,9.0,2300,Philadelphia Eagles @ Jacksonville Jaguars,2026-10-11T13:30:00Z,2026-10-09T18:46+00:00
Brenton Strange,receptions,2.0,-670,Philadelphia Eagles @ Jacksonville Jaguars,2026-10-11T13:30:00Z,2026-10-09T18:46+00:00
Brenton Strange,receptions,3.0,-206,Philadelphia Eagles @ Jacksonville Jaguars,2026-10-11T13:30:00Z,2026-10-09T18:46+00:00
Brenton Strange,receptions,4.0,122,Philadelphia Eagles @ Jacksonville Jaguars,2026-10-11T13:30:00Z,2026-10-09T18:46+00:00
Brenton Strange,receptions,5.0,269,Philadelphia Eagles @ Jacksonville Jaguars,2026-10-11T13:30:00Z,2026-10-09T18:46+00:00
Brenton Strange,receptions,6.0,565,Philadelphia Eagles @ Jacksonville Jaguars,2026-10-11T13:30:00Z,2026-10-09T18:46+00:00
Brenton Strange,receptions,7.0,1140,Philadelphia Eagles @ Jacksonville Jaguars,2026-10-11T13:30:00Z,2026-10-09T18:46+00:00
Brenton Strange,receptions,8.0,2200,Philadelphia Eagles @ Jacksonville Jaguars,2026-10-11T13:30:00Z,2026-10-09T18:46+00:00
Will Shipley,receptions,2.0,-327,Philadelphia Eagles @ Jacksonville Jaguars,2026-10-11T13:30:00Z,2026-10-09T18:46+00:00
Will Shipley,receptions,3.0,-112,Philadelphia Eagles @ Jacksonville Jaguars,2026-10-11T13:30:00Z,2026-10-09T18:46+00:00
Will Shipley,receptions,4.0,213,Philadelphia Eagles @ Jacksonville Jaguars,2026-10-11T13:30:00Z,2026-10-09T18:46+00:00
Will Shipley,receptions,5.0,484,Philadelphia Eagles @ Jacksonville Jaguars,2026-10-11T13:30:00Z,2026-10-09T18:46+00:00
Will Shipley,receptions,6.0,1000,Philadelphia Eagles @ Jacksonville Jaguars,2026-10-11T13:30:00Z,2026-10-09T18:46+00:00
Will Shipley,receptions,7.0,1960,Philadelphia Eagles @ Jacksonville Jaguars,2026-10-11T13:30:00Z,2026-10-09T18:46+00:00
Brian Thomas Jr,receptions,2.0,-188,Philadelphia Eagles @ Jacksonville Jaguars,2026-10-11T13:30:00Z,2026-10-09T18:46+00:00
Brian Thomas Jr,receptions,3.0,147,Philadelphia Eagles @ Jacksonville Jaguars,2026-10-11T13:30:00Z,2026-10-09T18:46+00:00
Brian Thomas Jr,receptions,4.0,349,Philadelphia Eagles @ Jacksonville Jaguars,2026-10-11T13:30:00Z,2026-10-09T18:46+00:00
Brian Thomas Jr,receptions,5.0,780,Philadelphia Eagles @ Jacksonville Jaguars,2026-10-11T13:30:00Z,2026-10-09T18:46+00:00
Brian Thomas Jr,receptions,6.0,1580,Philadelphia Eagles @ Jacksonville Jaguars,2026-10-11T13:30:00Z,2026-10-09T18:46+00:00
Brian Thomas Jr,receptions,7.0,2600,Philadelphia Eagles @ Jacksonville Jaguars,2026-10-11T13:30:00Z,2026-10-09T18:46+00:00
Bhayshul Tuten,receptions,2.0,-109,Philadelphia Eagles @ Jacksonville Jaguars,2026-10-11T13:30:00Z,2026-10-09T18:46+00:00
Bhayshul Tuten,receptions,3.0,280,Philadelphia Eagles @ Jacksonville Jaguars,2026-10-11T13:30:00Z,2026-10-09T18:46+00:00
Bhayshul Tuten,receptions,4.0,750,Philadelphia Eagles @ Jacksonville Jaguars,2026-10-11T13:30:00Z,2026-10-09T18:46+00:00
Bhayshul Tuten,receptions,5.0,1760,Philadelphia Eagles @ Jacksonville Jaguars,2026-10-11T13:30:00Z,2026-10-09T18:46+00:00
Josh Cameron,receptions,2.0,131,Philadelphia Eagles @ Jacksonville Jaguars,2026-10-11T13:30:00Z,2026-10-09T18:46+00:00
Josh Cameron,receptions,3.0,426,Philadelphia Eagles @ Jacksonville Jaguars,2026-10-11T13:30:00Z,2026-10-09T18:46+00:00
Josh Cameron,receptions,4.0,1200,Philadelphia Eagles @ Jacksonville Jaguars,2026-10-11T13:30:00Z,2026-10-09T18:46+00:00
Josh Cameron,receptions,5.0,2500,Philadelphia Eagles @ Jacksonville Jaguars,2026-10-11T13:30:00Z,2026-10-09T18:46+00:00
Bhayshul Tuten,rush_att,10.0,-1420,Philadelphia Eagles @ Jacksonville Jaguars,2026-10-11T13:30:00Z,2026-10-09T18:46+00:00
Bhayshul Tuten,rush_att,12.0,-458,Philadelphia Eagles @ Jacksonville Jaguars,2026-10-11T13:30:00Z,2026-10-09T18:46+00:00
Bhayshul Tuten,rush_att,14.0,-199,Philadelphia Eagles @ Jacksonville Jaguars,2026-10-11T13:30:00Z,2026-10-09T18:46+00:00
Bhayshul Tuten,rush_att,15.0,-134,Philadelphia Eagles @ Jacksonville Jaguars,2026-10-11T13:30:00Z,2026-10-09T18:46+00:00
Bhayshul Tuten,rush_att,16.0,109,Philadelphia Eagles @ Jacksonville Jaguars,2026-10-11T13:30:00Z,2026-10-09T18:46+00:00
Bhayshul Tuten,rush_att,18.0,227,Philadelphia Eagles @ Jacksonville Jaguars,2026-10-11T13:30:00Z,2026-10-09T18:46+00:00
Bhayshul Tuten,rush_att,20.0,464,Philadelphia Eagles @ Jacksonville Jaguars,2026-10-11T13:30:00Z,2026-10-09T18:46+00:00
Bhayshul Tuten,rush_att,22.0,980,Philadelphia Eagles @ Jacksonville Jaguars,2026-10-11T13:30:00Z,2026-10-09T18:46+00:00
Will Shipley,rush_att,6.0,-1760,Philadelphia Eagles @ Jacksonville Jaguars,2026-10-11T13:30:00Z,2026-10-09T18:46+00:00
Will Shipley,rush_att,8.0,-409,Philadelphia Eagles @ Jacksonville Jaguars,2026-10-11T13:30:00Z,2026-10-09T18:46+00:00
Will Shipley,rush_att,10.0,-149,Philadelphia Eagles @ Jacksonville Jaguars,2026-10-11T13:30:00Z,2026-10-09T18:46+00:00
Will Shipley,rush_att,11.0,103,Philadelphia Eagles @ Jacksonville Jaguars,2026-10-11T13:30:00Z,2026-10-09T18:46+00:00
Will Shipley,rush_att,12.0,151,Philadelphia Eagles @ Jacksonville Jaguars,2026-10-11T13:30:00Z,2026-10-09T18:46+00:00
Will Shipley,rush_att,14.0,322,Philadelphia Eagles @ Jacksonville Jaguars,2026-10-11T13:30:00Z,2026-10-09T18:46+00:00
Will Shipley,rush_att,16.0,670,Philadelphia Eagles @ Jacksonville Jaguars,2026-10-11T13:30:00Z,2026-10-09T18:46+00:00
Will Shipley,rush_att,18.0,1280,Philadelphia Eagles @ Jacksonville Jaguars,2026-10-11T13:30:00Z,2026-10-09T18:46+00:00
Chris Rodriguez Jr.,rush_att,4.0,-1020,Philadelphia Eagles @ Jacksonville Jaguars,2026-10-11T13:30:00Z,2026-10-09T18:46+00:00
Chris Rodriguez Jr.,rush_att,6.0,-232,Philadelphia Eagles @ Jacksonville Jaguars,2026-10-11T13:30:00Z,2026-10-09T18:46+00:00
Chris Rodriguez Jr.,rush_att,7.0,-132,Philadelphia Eagles @ Jacksonville Jaguars,2026-10-11T13:30:00Z,2026-10-09T18:46+00:00
Chris Rodriguez Jr.,rush_att,8.0,127,Philadelphia Eagles @ Jacksonville Jaguars,2026-10-11T13:30:00Z,2026-10-09T18:46+00:00
Chris Rodriguez Jr.,rush_att,10.0,336,Philadelphia Eagles @ Jacksonville Jaguars,2026-10-11T13:30:00Z,2026-10-09T18:46+00:00
Chris Rodriguez Jr.,rush_att,12.0,830,Philadelphia Eagles @ Jacksonville Jaguars,2026-10-11T13:30:00Z,2026-10-09T18:46+00:00
Jalen Hurts,rush_att,4.0,-860,Philadelphia Eagles @ Jacksonville Jaguars,2026-10-11T13:30:00Z,2026-10-09T18:46+00:00
Jalen Hurts,rush_att,6.0,-175,Philadelphia Eagles @ Jacksonville Jaguars,2026-10-11T13:30:00Z,2026-10-09T18:46+00:00
Jalen Hurts,rush_att,7.0,105,Philadelphia Eagles @ Jacksonville Jaguars,2026-10-11T13:30:00Z,2026-10-09T18:46+00:00
Jalen Hurts,rush_att,8.0,187,Philadelphia Eagles @ Jacksonville Jaguars,2026-10-11T13:30:00Z,2026-10-09T18:46+00:00
Jalen Hurts,rush_att,10.0,555,Philadelphia Eagles @ Jacksonville Jaguars,2026-10-11T13:30:00Z,2026-10-09T18:46+00:00
Jalen Hurts,rush_att,12.0,1540,Philadelphia Eagles @ Jacksonville Jaguars,2026-10-11T13:30:00Z,2026-10-09T18:46+00:00
Trevor Lawrence,rush_att,2.0,-680,Philadelphia Eagles @ Jacksonville Jaguars,2026-10-11T13:30:00Z,2026-10-09T18:46+00:00
Trevor Lawrence,rush_att,4.0,-110,Philadelphia Eagles @ Jacksonville Jaguars,2026-10-11T13:30:00Z,2026-10-09T18:46+00:00
Trevor Lawrence,rush_att,6.0,369,Philadelphia Eagles @ Jacksonville Jaguars,2026-10-11T13:30:00Z,2026-10-09T18:46+00:00
Trevor Lawrence,rush_att,8.0,1440,Philadelphia Eagles @ Jacksonville Jaguars,2026-10-11T13:30:00Z,2026-10-09T18:46+00:00
Bhayshul Tuten,rush_yds,20.0,-2500,Philadelphia Eagles @ Jacksonville Jaguars,2026-10-11T13:30:00Z,2026-10-09T18:46+00:00
Bhayshul Tuten,rush_yds,25.0,-1460,Philadelphia Eagles @ Jacksonville Jaguars,2026-10-11T13:30:00Z,2026-10-09T18:46+00:00
Bhayshul Tuten,rush_yds,30.0,-930,Philadelphia Eagles @ Jacksonville Jaguars,2026-10-11T13:30:00Z,2026-10-09T18:46+00:00
Bhayshul Tuten,rush_yds,40.0,-442,Philadelphia Eagles @ Jacksonville Jaguars,2026-10-11T13:30:00Z,2026-10-09T18:46+00:00
Bhayshul Tuten,rush_yds,50.0,-249,Philadelphia Eagles @ Jacksonville Jaguars,2026-10-11T13:30:00Z,2026-10-09T18:46+00:00
Bhayshul Tuten,rush_yds,60.0,-151,Philadelphia Eagles @ Jacksonville Jaguars,2026-10-11T13:30:00Z,2026-10-09T18:46+00:00
Bhayshul Tuten,rush_yds,66.0,-114,Philadelphia Eagles @ Jacksonville Jaguars,2026-10-11T13:30:00Z,2026-10-09T18:46+00:00
Bhayshul Tuten,rush_yds,70.0,105,Philadelphia Eagles @ Jacksonville Jaguars,2026-10-11T13:30:00Z,2026-10-09T18:46+00:00
Bhayshul Tuten,rush_yds,80.0,157,Philadelphia Eagles @ Jacksonville Jaguars,2026-10-11T13:30:00Z,2026-10-09T18:46+00:00
Bhayshul Tuten,rush_yds,90.0,229,Philadelphia Eagles @ Jacksonville Jaguars,2026-10-11T13:30:00Z,2026-10-09T18:46+00:00
Bhayshul Tuten,rush_yds,100.0,334,Philadelphia Eagles @ Jacksonville Jaguars,2026-10-11T13:30:00Z,2026-10-09T18:46+00:00
Bhayshul Tuten,rush_yds,110.0,486,Philadelphia Eagles @ Jacksonville Jaguars,2026-10-11T13:30:00Z,2026-10-09T18:46+00:00
Bhayshul Tuten,rush_yds,120.0,700,Philadelphia Eagles @ Jacksonville Jaguars,2026-10-11T13:30:00Z,2026-10-09T18:46+00:00
Bhayshul Tuten,rush_yds,130.0,980,Philadelphia Eagles @ Jacksonville Jaguars,2026-10-11T13:30:00Z,2026-10-09T18:46+00:00
Bhayshul Tuten,rush_yds,140.0,1340,Philadelphia Eagles @ Jacksonville Jaguars,2026-10-11T13:30:00Z,2026-10-09T18:46+00:00
Bhayshul Tuten,rush_yds,150.0,1820,Philadelphia Eagles @ Jacksonville Jaguars,2026-10-11T13:30:00Z,2026-10-09T18:46+00:00
Bhayshul Tuten,rush_yds,160.0,2500,Philadelphia Eagles @ Jacksonville Jaguars,2026-10-11T13:30:00Z,2026-10-09T18:46+00:00
Bhayshul Tuten,rush_yds,170.0,3300,Philadelphia Eagles @ Jacksonville Jaguars,2026-10-11T13:30:00Z,2026-10-09T18:46+00:00
Will Shipley,rush_yds,10.0,-610,Philadelphia Eagles @ Jacksonville Jaguars,2026-10-11T13:30:00Z,2026-10-09T18:46+00:00
Will Shipley,rush_yds,15.0,-394,Philadelphia Eagles @ Jacksonville Jaguars,2026-10-11T13:30:00Z,2026-10-09T18:46+00:00
Will Shipley,rush_yds,20.0,-266,Philadelphia Eagles @ Jacksonville Jaguars,2026-10-11T13:30:00Z,2026-10-09T18:46+00:00
Will Shipley,rush_yds,25.0,-192,Philadelphia Eagles @ Jacksonville Jaguars,2026-10-11T13:30:00Z,2026-10-09T18:46+00:00
Will Shipley,rush_yds,30.0,-142,Philadelphia Eagles @ Jacksonville Jaguars,2026-10-11T13:30:00Z,2026-10-09T18:46+00:00
Will Shipley,rush_yds,34.0,-115,Philadelphia Eagles @ Jacksonville Jaguars,2026-10-11T13:30:00Z,2026-10-09T18:46+00:00
Will Shipley,rush_yds,40.0,118,Philadelphia Eagles @ Jacksonville Jaguars,2026-10-11T13:30:00Z,2026-10-09T18:46+00:00
Will Shipley,rush_yds,50.0,185,Philadelphia Eagles @ Jacksonville Jaguars,2026-10-11T13:30:00Z,2026-10-09T18:46+00:00
Will Shipley,rush_yds,60.0,282,Philadelphia Eagles @ Jacksonville Jaguars,2026-10-11T13:30:00Z,2026-10-09T18:46+00:00
Will Shipley,rush_yds,70.0,422,Philadelphia Eagles @ Jacksonville Jaguars,2026-10-11T13:30:00Z,2026-10-09T18:46+00:00
Will Shipley,rush_yds,80.0,620,Philadelphia Eagles @ Jacksonville Jaguars,2026-10-11T13:30:00Z,2026-10-09T18:46+00:00
Will Shipley,rush_yds,90.0,880,Philadelphia Eagles @ Jacksonville Jaguars,2026-10-11T13:30:00Z,2026-10-09T18:46+00:00
Will Shipley,rush_yds,100.0,1220,Philadelphia Eagles @ Jacksonville Jaguars,2026-10-11T13:30:00Z,2026-10-09T18:46+00:00
Will Shipley,rush_yds,110.0,1620,Philadelphia Eagles @ Jacksonville Jaguars,2026-10-11T13:30:00Z,2026-10-09T18:46+00:00
Will Shipley,rush_yds,120.0,2100,Philadelphia Eagles @ Jacksonville Jaguars,2026-10-11T13:30:00Z,2026-10-09T18:46+00:00
Will Shipley,rush_yds,130.0,2800,Philadelphia Eagles @ Jacksonville Jaguars,2026-10-11T13:30:00Z,2026-10-09T18:46+00:00
Will Shipley,rush_yds,140.0,3700,Philadelphia Eagles @ Jacksonville Jaguars,2026-10-11T13:30:00Z,2026-10-09T18:46+00:00
Chris Rodriguez Jr.,rush_yds,10.0,-680,Philadelphia Eagles @ Jacksonville Jaguars,2026-10-11T13:30:00Z,2026-10-09T18:46+00:00
Chris Rodriguez Jr.,rush_yds,15.0,-359,Philadelphia Eagles @ Jacksonville Jaguars,2026-10-11T13:30:00Z,2026-10-09T18:46+00:00
Chris Rodriguez Jr.,rush_yds,20.0,-212,Philadelphia Eagles @ Jacksonville Jaguars,2026-10-11T13:30:00Z,2026-10-09T18:46+00:00
Chris Rodriguez Jr.,rush_yds,25.0,-137,Philadelphia Eagles @ Jacksonville Jaguars,2026-10-11T13:30:00Z,2026-10-09T18:46+00:00
Chris Rodriguez Jr.,rush_yds,27.0,-116,Philadelphia Eagles @ Jacksonville Jaguars,2026-10-11T13:30:00Z,2026-10-09T18:46+00:00
Chris Rodriguez Jr.,rush_yds,30.0,108,Philadelphia Eagles @ Jacksonville Jaguars,2026-10-11T13:30:00Z,2026-10-09T18:46+00:00
Chris Rodriguez Jr.,rush_yds,40.0,216,Philadelphia Eagles @ Jacksonville Jaguars,2026-10-11T13:30:00Z,2026-10-09T18:46+00:00
Chris Rodriguez Jr.,rush_yds,50.0,383,Philadelphia Eagles @ Jacksonville Jaguars,2026-10-11T13:30:00Z,2026-10-09T18:46+00:00
Chris Rodriguez Jr.,rush_yds,60.0,660,Philadelphia Eagles @ Jacksonville Jaguars,2026-10-11T13:30:00Z,2026-10-09T18:46+00:00
Chris Rodriguez Jr.,rush_yds,70.0,1040,Philadelphia Eagles @ Jacksonville Jaguars,2026-10-11T13:30:00Z,2026-10-09T18:46+00:00
Chris Rodriguez Jr.,rush_yds,80.0,1600,Philadelphia Eagles @ Jacksonville Jaguars,2026-10-11T13:30:00Z,2026-10-09T18:46+00:00
Chris Rodriguez Jr.,rush_yds,90.0,2400,Philadelphia Eagles @ Jacksonville Jaguars,2026-10-11T13:30:00Z,2026-10-09T18:46+00:00
Chris Rodriguez Jr.,rush_yds,100.0,3400,Philadelphia Eagles @ Jacksonville Jaguars,2026-10-11T13:30:00Z,2026-10-09T18:46+00:00
Dameon Pierce,rush_yds,10.0,-342,Philadelphia Eagles @ Jacksonville Jaguars,2026-10-11T13:30:00Z,2026-10-09T18:46+00:00
Dameon Pierce,rush_yds,15.0,-201,Philadelphia Eagles @ Jacksonville Jaguars,2026-10-11T13:30:00Z,2026-10-09T18:46+00:00
Dameon Pierce,rush_yds,20.0,-127,Philadelphia Eagles @ Jacksonville Jaguars,2026-10-11T13:30:00Z,2026-10-09T18:46+00:00
Dameon Pierce,rush_yds,21.0,-116,Philadelphia Eagles @ Jacksonville Jaguars,2026-10-11T13:30:00Z,2026-10-09T18:46+00:00
Dameon Pierce,rush_yds,25.0,116,Philadelphia Eagles @ Jacksonville Jaguars,2026-10-11T13:30:00Z,2026-10-09T18:46+00:00
Dameon Pierce,rush_yds,30.0,167,Philadelphia Eagles @ Jacksonville Jaguars,2026-10-11T13:30:00Z,2026-10-09T18:46+00:00
Dameon Pierce,rush_yds,40.0,312,Philadelphia Eagles @ Jacksonville Jaguars,2026-10-11T13:30:00Z,2026-10-09T18:46+00:00
Dameon Pierce,rush_yds,50.0,529,Philadelphia Eagles @ Jacksonville Jaguars,2026-10-11T13:30:00Z,2026-10-09T18:46+00:00
Dameon Pierce,rush_yds,60.0,860,Philadelphia Eagles @ Jacksonville Jaguars,2026-10-11T13:30:00Z,2026-10-09T18:46+00:00
Dameon Pierce,rush_yds,70.0,1320,Philadelphia Eagles @ Jacksonville Jaguars,2026-10-11T13:30:00Z,2026-10-09T18:46+00:00
Dameon Pierce,rush_yds,80.0,1920,Philadelphia Eagles @ Jacksonville Jaguars,2026-10-11T13:30:00Z,2026-10-09T18:46+00:00
Dameon Pierce,rush_yds,90.0,2700,Philadelphia Eagles @ Jacksonville Jaguars,2026-10-11T13:30:00Z,2026-10-09T18:46+00:00
Dameon Pierce,rush_yds,100.0,3700,Philadelphia Eagles @ Jacksonville Jaguars,2026-10-11T13:30:00Z,2026-10-09T18:46+00:00
Jalen Hurts,rush_yds,10.0,-690,Philadelphia Eagles @ Jacksonville Jaguars,2026-10-11T13:30:00Z,2026-10-09T18:46+00:00
Jalen Hurts,rush_yds,15.0,-351,Philadelphia Eagles @ Jacksonville Jaguars,2026-10-11T13:30:00Z,2026-10-09T18:46+00:00
Jalen Hurts,rush_yds,20.0,-209,Philadelphia Eagles @ Jacksonville Jaguars,2026-10-11T13:30:00Z,2026-10-09T18:46+00:00
Jalen Hurts,rush_yds,25.0,-133,Philadelphia Eagles @ Jacksonville Jaguars,2026-10-11T13:30:00Z,2026-10-09T18:46+00:00
Jalen Hurts,rush_yds,27.0,-114,Philadelphia Eagles @ Jacksonville Jaguars,2026-10-11T13:30:00Z,2026-10-09T18:46+00:00
Jalen Hurts,rush_yds,30.0,111,Philadelphia Eagles @ Jacksonville Jaguars,2026-10-11T13:30:00Z,2026-10-09T18:46+00:00
Jalen Hurts,rush_yds,40.0,222,Philadelphia Eagles @ Jacksonville Jaguars,2026-10-11T13:30:00Z,2026-10-09T18:46+00:00
Jalen Hurts,rush_yds,50.0,416,Philadelphia Eagles @ Jacksonville Jaguars,2026-10-11T13:30:00Z,2026-10-09T18:46+00:00
Jalen Hurts,rush_yds,60.0,730,Philadelphia Eagles @ Jacksonville Jaguars,2026-10-11T13:30:00Z,2026-10-09T18:46+00:00
Jalen Hurts,rush_yds,70.0,1240,Philadelphia Eagles @ Jacksonville Jaguars,2026-10-11T13:30:00Z,2026-10-09T18:46+00:00
Jalen Hurts,rush_yds,80.0,1960,Philadelphia Eagles @ Jacksonville Jaguars,2026-10-11T13:30:00Z,2026-10-09T18:46+00:00
Jalen Hurts,rush_yds,90.0,2900,Philadelphia Eagles @ Jacksonville Jaguars,2026-10-11T13:30:00Z,2026-10-09T18:46+00:00
Trevor Lawrence,rush_yds,10.0,-215,Philadelphia Eagles @ Jacksonville Jaguars,2026-10-11T13:30:00Z,2026-10-09T18:46+00:00
Trevor Lawrence,rush_yds,15.0,-120,Philadelphia Eagles @ Jacksonville Jaguars,2026-10-11T13:30:00Z,2026-10-09T18:46+00:00
Trevor Lawrence,rush_yds,16.0,-109,Philadelphia Eagles @ Jacksonville Jaguars,2026-10-11T13:30:00Z,2026-10-09T18:46+00:00
Trevor Lawrence,rush_yds,20.0,134,Philadelphia Eagles @ Jacksonville Jaguars,2026-10-11T13:30:00Z,2026-10-09T18:46+00:00
Trevor Lawrence,rush_yds,25.0,208,Philadelphia Eagles @ Jacksonville Jaguars,2026-10-11T13:30:00Z,2026-10-09T18:46+00:00
Trevor Lawrence,rush_yds,30.0,313,Philadelphia Eagles @ Jacksonville Jaguars,2026-10-11T13:30:00Z,2026-10-09T18:46+00:00
Trevor Lawrence,rush_yds,40.0,660,Philadelphia Eagles @ Jacksonville Jaguars,2026-10-11T13:30:00Z,2026-10-09T18:46+00:00
Trevor Lawrence,rush_yds,50.0,1280,Philadelphia Eagles @ Jacksonville Jaguars,2026-10-11T13:30:00Z,2026-10-09T18:46+00:00
Trevor Lawrence,rush_yds,60.0,2100,Philadelphia Eagles @ Jacksonville Jaguars,2026-10-11T13:30:00Z,2026-10-09T18:46+00:00
Trevor Lawrence,rush_yds,70.0,3500,Philadelphia Eagles @ Jacksonville Jaguars,2026-10-11T13:30:00Z,2026-10-09T18:46+00:00
Jordan Love,pass_att,26.0,-1360,Chicago Bears @ Green Bay Packers,2026-10-11T17:00:00Z,2026-10-09T18:46+00:00
Jordan Love,pass_att,28.0,-620,Chicago Bears @ Green Bay Packers,2026-10-11T17:00:00Z,2026-10-09T18:46+00:00
Jordan Love,pass_att,30.0,-324,Chicago Bears @ Green Bay Packers,2026-10-11T17:00:00Z,2026-10-09T18:46+00:00
Jordan Love,pass_att,32.0,-184,Chicago Bears @ Green Bay Packers,2026-10-11T17:00:00Z,2026-10-09T18:46+00:00
Jordan Love,pass_att,34.0,-111,Chicago Bears @ Green Bay Packers,2026-10-11T17:00:00Z,2026-10-09T18:46+00:00
Jordan Love,pass_att,36.0,146,Chicago Bears @ Green Bay Packers,2026-10-11T17:00:00Z,2026-10-09T18:46+00:00
Jordan Love,pass_att,38.0,232,Chicago Bears @ Green Bay Packers,2026-10-11T17:00:00Z,2026-10-09T18:46+00:00
Jordan Love,pass_att,40.0,357,Chicago Bears @ Green Bay Packers,2026-10-11T17:00:00Z,2026-10-09T18:46+00:00
Jordan Love,pass_att,42.0,547,Chicago Bears @ Green Bay Packers,2026-10-11T17:00:00Z,2026-10-09T18:46+00:00
Jordan Love,pass_att,44.0,820,Chicago Bears @ Green Bay Packers,2026-10-11T17:00:00Z,2026-10-09T18:46+00:00
Jordan Love,pass_att,46.0,1240,Chicago Bears @ Green Bay Packers,2026-10-11T17:00:00Z,2026-10-09T18:46+00:00
Tyson Bagent,pass_att,24.0,-1480,Chicago Bears @ Green Bay Packers,2026-10-11T17:00:00Z,2026-10-09T18:46+00:00
Tyson Bagent,pass_att,26.0,-640,Chicago Bears @ Green Bay Packers,2026-10-11T17:00:00Z,2026-10-09T18:46+00:00
Tyson Bagent,pass_att,28.0,-335,Chicago Bears @ Green Bay Packers,2026-10-11T17:00:00Z,2026-10-09T18:46+00:00
Tyson Bagent,pass_att,30.0,-189,Chicago Bears @ Green Bay Packers,2026-10-11T17:00:00Z,2026-10-09T18:46+00:00
Tyson Bagent,pass_att,32.0,-112,Chicago Bears @ Green Bay Packers,2026-10-11T17:00:00Z,2026-10-09T18:46+00:00
Tyson Bagent,pass_att,34.0,143,Chicago Bears @ Green Bay Packers,2026-10-11T17:00:00Z,2026-10-09T18:46+00:00
Tyson Bagent,pass_att,36.0,223,Chicago Bears @ Green Bay Packers,2026-10-11T17:00:00Z,2026-10-09T18:46+00:00
Tyson Bagent,pass_att,38.0,352,Chicago Bears @ Green Bay Packers,2026-10-11T17:00:00Z,2026-10-09T18:46+00:00
Tyson Bagent,pass_att,40.0,552,Chicago Bears @ Green Bay Packers,2026-10-11T17:00:00Z,2026-10-09T18:46+00:00
Tyson Bagent,pass_att,42.0,840,Chicago Bears @ Green Bay Packers,2026-10-11T17:00:00Z,2026-10-09T18:46+00:00
Tyson Bagent,pass_att,44.0,1220,Chicago Bears @ Green Bay Packers,2026-10-11T17:00:00Z,2026-10-09T18:46+00:00
Jordan Love,pass_cmps,16.0,-1400,Chicago Bears @ Green Bay Packers,2026-10-11T17:00:00Z,2026-10-09T18:46+00:00
Jordan Love,pass_cmps,18.0,-481,Chicago Bears @ Green Bay Packers,2026-10-11T17:00:00Z,2026-10-09T18:46+00:00
Jordan Love,pass_cmps,20.0,-211,Chicago Bears @ Green Bay Packers,2026-10-11T17:00:00Z,2026-10-09T18:46+00:00
Jordan Love,pass_cmps,22.0,-103,Chicago Bears @ Green Bay Packers,2026-10-11T17:00:00Z,2026-10-09T18:46+00:00
Jordan Love,pass_cmps,24.0,192,Chicago Bears @ Green Bay Packers,2026-10-11T17:00:00Z,2026-10-09T18:46+00:00
Jordan Love,pass_cmps,26.0,376,Chicago Bears @ Green Bay Packers,2026-10-11T17:00:00Z,2026-10-09T18:46+00:00
Jordan Love,pass_cmps,28.0,730,Chicago Bears @ Green Bay Packers,2026-10-11T17:00:00Z,2026-10-09T18:46+00:00
Jordan Love,pass_cmps,30.0,1300,Chicago Bears @ Green Bay Packers,2026-10-11T17:00:00Z,2026-10-09T18:46+00:00
Tyson Bagent,pass_cmps,16.0,-980,Chicago Bears @ Green Bay Packers,2026-10-11T17:00:00Z,2026-10-09T18:46+00:00
Tyson Bagent,pass_cmps,18.0,-371,Chicago Bears @ Green Bay Packers,2026-10-11T17:00:00Z,2026-10-09T18:46+00:00
Tyson Bagent,pass_cmps,20.0,-168,Chicago Bears @ Green Bay Packers,2026-10-11T17:00:00Z,2026-10-09T18:46+00:00
Tyson Bagent,pass_cmps,21.0,-118,Chicago Bears @ Green Bay Packers,2026-10-11T17:00:00Z,2026-10-09T18:46+00:00
Tyson Bagent,pass_cmps,22.0,120,Chicago Bears @ Green Bay Packers,2026-10-11T17:00:00Z,2026-10-09T18:46+00:00
Tyson Bagent,pass_cmps,24.0,237,Chicago Bears @ Green Bay Packers,2026-10-11T17:00:00Z,2026-10-09T18:46+00:00
Tyson Bagent,pass_cmps,26.0,459,Chicago Bears @ Green Bay Packers,2026-10-11T17:00:00Z,2026-10-09T18:46+00:00
Tyson Bagent,pass_cmps,28.0,880,Chicago Bears @ Green Bay Packers,2026-10-11T17:00:00Z,2026-10-09T18:46+00:00
Tyson Bagent,pass_cmps,30.0,1580,Chicago Bears @ Green Bay Packers,2026-10-11T17:00:00Z,2026-10-09T18:46+00:00
Jordan Love,pass_yds,160.0,-1100,Chicago Bears @ Green Bay Packers,2026-10-11T17:00:00Z,2026-10-09T18:46+00:00
Jordan Love,pass_yds,170.0,-790,Chicago Bears @ Green Bay Packers,2026-10-11T17:00:00Z,2026-10-09T18:46+00:00
Jordan Love,pass_yds,180.0,-568,Chicago Bears @ Green Bay Packers,2026-10-11T17:00:00Z,2026-10-09T18:46+00:00
Jordan Love,pass_yds,190.0,-409,Chicago Bears @ Green Bay Packers,2026-10-11T17:00:00Z,2026-10-09T18:46+00:00
Jordan Love,pass_yds,200.0,-303,Chicago Bears @ Green Bay Packers,2026-10-11T17:00:00Z,2026-10-09T18:46+00:00
Jordan Love,pass_yds,210.0,-232,Chicago Bears @ Green Bay Packers,2026-10-11T17:00:00Z,2026-10-09T18:46+00:00
Jordan Love,pass_yds,220.0,-178,Chicago Bears @ Green Bay Packers,2026-10-11T17:00:00Z,2026-10-09T18:46+00:00
Jordan Love,pass_yds,230.0,-138,Chicago Bears @ Green Bay Packers,2026-10-11T17:00:00Z,2026-10-09T18:46+00:00
Jordan Love,pass_yds,238.0,-113,Chicago Bears @ Green Bay Packers,2026-10-11T17:00:00Z,2026-10-09T18:46+00:00
Jordan Love,pass_yds,240.0,-107,Chicago Bears @ Green Bay Packers,2026-10-11T17:00:00Z,2026-10-09T18:46+00:00
Jordan Love,pass_yds,250.0,120,Chicago Bears @ Green Bay Packers,2026-10-11T17:00:00Z,2026-10-09T18:46+00:00
Jordan Love,pass_yds,260.0,153,Chicago Bears @ Green Bay Packers,2026-10-11T17:00:00Z,2026-10-09T18:46+00:00
Jordan Love,pass_yds,270.0,195,Chicago Bears @ Green Bay Packers,2026-10-11T17:00:00Z,2026-10-09T18:46+00:00
Jordan Love,pass_yds,280.0,248,Chicago Bears @ Green Bay Packers,2026-10-11T17:00:00Z,2026-10-09T18:46+00:00
Jordan Love,pass_yds,290.0,315,Chicago Bears @ Green Bay Packers,2026-10-11T17:00:00Z,2026-10-09T18:46+00:00
Jordan Love,pass_yds,300.0,399,Chicago Bears @ Green Bay Packers,2026-10-11T17:00:00Z,2026-10-09T18:46+00:00
Jordan Love,pass_yds,310.0,501,Chicago Bears @ Green Bay Packers,2026-10-11T17:00:00Z,2026-10-09T18:46+00:00
Jordan Love,pass_yds,320.0,630,Chicago Bears @ Green Bay Packers,2026-10-11T17:00:00Z,2026-10-09T18:46+00:00
Jordan Love,pass_yds,330.0,800,Chicago Bears @ Green Bay Packers,2026-10-11T17:00:00Z,2026-10-09T18:46+00:00
Jordan Love,pass_yds,340.0,1020,Chicago Bears @ Green Bay Packers,2026-10-11T17:00:00Z,2026-10-09T18:46+00:00
Jordan Love,pass_yds,350.0,1280,Chicago Bears @ Green Bay Packers,2026-10-11T17:00:00Z,2026-10-09T18:46+00:00
Jordan Love,pass_yds,360.0,1640,Chicago Bears @ Green Bay Packers,2026-10-11T17:00:00Z,2026-10-09T18:46+00:00
Jordan Love,pass_yds,370.0,2000,Chicago Bears @ Green Bay Packers,2026-10-11T17:00:00Z,2026-10-09T18:46+00:00
Jordan Love,pass_yds,380.0,2400,Chicago Bears @ Green Bay Packers,2026-10-11T17:00:00Z,2026-10-09T18:46+00:00
Jordan Love,pass_yds,390.0,3100,Chicago Bears @ Green Bay Packers,2026-10-11T17:00:00Z,2026-10-09T18:46+00:00
Jordan Love,pass_yds,400.0,3800,Chicago Bears @ Green Bay Packers,2026-10-11T17:00:00Z,2026-10-09T18:46+00:00
Tyson Bagent,pass_yds,150.0,-910,Chicago Bears @ Green Bay Packers,2026-10-11T17:00:00Z,2026-10-09T18:46+00:00
Tyson Bagent,pass_yds,160.0,-630,Chicago Bears @ Green Bay Packers,2026-10-11T17:00:00Z,2026-10-09T18:46+00:00
Tyson Bagent,pass_yds,170.0,-449,Chicago Bears @ Green Bay Packers,2026-10-11T17:00:00Z,2026-10-09T18:46+00:00
Tyson Bagent,pass_yds,180.0,-327,Chicago Bears @ Green Bay Packers,2026-10-11T17:00:00Z,2026-10-09T18:46+00:00
Tyson Bagent,pass_yds,190.0,-241,Chicago Bears @ Green Bay Packers,2026-10-11T17:00:00Z,2026-10-09T18:46+00:00
Tyson Bagent,pass_yds,200.0,-180,Chicago Bears @ Green Bay Packers,2026-10-11T17:00:00Z,2026-10-09T18:46+00:00
Tyson Bagent,pass_yds,210.0,-140,Chicago Bears @ Green Bay Packers,2026-10-11T17:00:00Z,2026-10-09T18:46+00:00
Tyson Bagent,pass_yds,219.0,-112,Chicago Bears @ Green Bay Packers,2026-10-11T17:00:00Z,2026-10-09T18:46+00:00
Tyson Bagent,pass_yds,220.0,-109,Chicago Bears @ Green Bay Packers,2026-10-11T17:00:00Z,2026-10-09T18:46+00:00
Tyson Bagent,pass_yds,230.0,118,Chicago Bears @ Green Bay Packers,2026-10-11T17:00:00Z,2026-10-09T18:46+00:00
Tyson Bagent,pass_yds,240.0,151,Chicago Bears @ Green Bay Packers,2026-10-11T17:00:00Z,2026-10-09T18:46+00:00
Tyson Bagent,pass_yds,250.0,190,Chicago Bears @ Green Bay Packers,2026-10-11T17:00:00Z,2026-10-09T18:46+00:00
Tyson Bagent,pass_yds,260.0,243,Chicago Bears @ Green Bay Packers,2026-10-11T17:00:00Z,2026-10-09T18:46+00:00
Tyson Bagent,pass_yds,270.0,307,Chicago Bears @ Green Bay Packers,2026-10-11T17:00:00Z,2026-10-09T18:46+00:00
Tyson Bagent,pass_yds,280.0,390,Chicago Bears @ Green Bay Packers,2026-10-11T17:00:00Z,2026-10-09T18:46+00:00
Tyson Bagent,pass_yds,290.0,499,Chicago Bears @ Green Bay Packers,2026-10-11T17:00:00Z,2026-10-09T18:46+00:00
Tyson Bagent,pass_yds,300.0,630,Chicago Bears @ Green Bay Packers,2026-10-11T17:00:00Z,2026-10-09T18:46+00:00
Tyson Bagent,pass_yds,310.0,800,Chicago Bears @ Green Bay Packers,2026-10-11T17:00:00Z,2026-10-09T18:46+00:00
Tyson Bagent,pass_yds,320.0,1000,Chicago Bears @ Green Bay Packers,2026-10-11T17:00:00Z,2026-10-09T18:46+00:00
Tyson Bagent,pass_yds,330.0,1280,Chicago Bears @ Green Bay Packers,2026-10-11T17:00:00Z,2026-10-09T18:46+00:00
Tyson Bagent,pass_yds,340.0,1680,Chicago Bears @ Green Bay Packers,2026-10-11T17:00:00Z,2026-10-09T18:46+00:00
Tyson Bagent,pass_yds,350.0,2100,Chicago Bears @ Green Bay Packers,2026-10-11T17:00:00Z,2026-10-09T18:46+00:00
Tyson Bagent,pass_yds,360.0,2600,Chicago Bears @ Green Bay Packers,2026-10-11T17:00:00Z,2026-10-09T18:46+00:00
Tyson Bagent,pass_yds,370.0,3200,Chicago Bears @ Green Bay Packers,2026-10-11T17:00:00Z,2026-10-09T18:46+00:00
Tyson Bagent,pass_yds,380.0,3900,Chicago Bears @ Green Bay Packers,2026-10-11T17:00:00Z,2026-10-09T18:46+00:00
Christian Watson,rec_yds,15.0,-2200,Chicago Bears @ Green Bay Packers,2026-10-11T17:00:00Z,2026-10-09T18:46+00:00
Christian Watson,rec_yds,25.0,-810,Chicago Bears @ Green Bay Packers,2026-10-11T17:00:00Z,2026-10-09T18:46+00:00
Christian Watson,rec_yds,40.0,-313,Chicago Bears @ Green Bay Packers,2026-10-11T17:00:00Z,2026-10-09T18:46+00:00
Christian Watson,rec_yds,50.0,-188,Chicago Bears @ Green Bay Packers,2026-10-11T17:00:00Z,2026-10-09T18:46+00:00
Christian Watson,rec_yds,60.0,-121,Chicago Bears @ Green Bay Packers,2026-10-11T17:00:00Z,2026-10-09T18:46+00:00
Christian Watson,rec_yds,62.0,-112,Chicago Bears @ Green Bay Packers,2026-10-11T17:00:00Z,2026-10-09T18:46+00:00
Christian Watson,rec_yds,70.0,124,Chicago Bears @ Green Bay Packers,2026-10-11T17:00:00Z,2026-10-09T18:46+00:00
Christian Watson,rec_yds,80.0,178,Chicago Bears @ Green Bay Packers,2026-10-11T17:00:00Z,2026-10-09T18:46+00:00
Christian Watson,rec_yds,90.0,257,Chicago Bears @ Green Bay Packers,2026-10-11T17:00:00Z,2026-10-09T18:46+00:00
Christian Watson,rec_yds,100.0,363,Chicago Bears @ Green Bay Packers,2026-10-11T17:00:00Z,2026-10-09T18:46+00:00
Christian Watson,rec_yds,110.0,512,Chicago Bears @ Green Bay Packers,2026-10-11T17:00:00Z,2026-10-09T18:46+00:00
Christian Watson,rec_yds,120.0,740,Chicago Bears @ Green Bay Packers,2026-10-11T17:00:00Z,2026-10-09T18:46+00:00
Christian Watson,rec_yds,130.0,1000,Chicago Bears @ Green Bay Packers,2026-10-11T17:00:00Z,2026-10-09T18:46+00:00
Christian Watson,rec_yds,140.0,1440,Chicago Bears @ Green Bay Packers,2026-10-11T17:00:00Z,2026-10-09T18:46+00:00
Christian Watson,rec_yds,150.0,1920,Chicago Bears @ Green Bay Packers,2026-10-11T17:00:00Z,2026-10-09T18:46+00:00
Christian Watson,rec_yds,160.0,2500,Chicago Bears @ Green Bay Packers,2026-10-11T17:00:00Z,2026-10-09T18:46+00:00
Christian Watson,rec_yds,170.0,3400,Chicago Bears @ Green Bay Packers,2026-10-11T17:00:00Z,2026-10-09T18:46+00:00
Matthew Golden,rec_yds,15.0,-1840,Chicago Bears @ Green Bay Packers,2026-10-11T17:00:00Z,2026-10-09T18:46+00:00
Matthew Golden,rec_yds,25.0,-700,Chicago Bears @ Green Bay Packers,2026-10-11T17:00:00Z,2026-10-09T18:46+00:00
Matthew Golden,rec_yds,40.0,-258,Chicago Bears @ Green Bay Packers,2026-10-11T17:00:00Z,2026-10-09T18:46+00:00
Matthew Golden,rec_yds,50.0,-155,Chicago Bears @ Green Bay Packers,2026-10-11T17:00:00Z,2026-10-09T18:46+00:00
Matthew Golden,rec_yds,57.0,-112,Chicago Bears @ Green Bay Packers,2026-10-11T17:00:00Z,2026-10-09T18:46+00:00
Matthew Golden,rec_yds,60.0,103,Chicago Bears @ Green Bay Packers,2026-10-11T17:00:00Z,2026-10-09T18:46+00:00
Matthew Golden,rec_yds,70.0,154,Chicago Bears @ Green Bay Packers,2026-10-11T17:00:00Z,2026-10-09T18:46+00:00
Matthew Golden,rec_yds,80.0,229,Chicago Bears @ Green Bay Packers,2026-10-11T17:00:00Z,2026-10-09T18:46+00:00
Matthew Golden,rec_yds,90.0,337,Chicago Bears @ Green Bay Packers,2026-10-11T17:00:00Z,2026-10-09T18:46+00:00
Matthew Golden,rec_yds,100.0,492,Chicago Bears @ Green Bay Packers,2026-10-11T17:00:00Z,2026-10-09T18:46+00:00
Matthew Golden,rec_yds,110.0,710,Chicago Bears @ Green Bay Packers,2026-10-11T17:00:00Z,2026-10-09T18:46+00:00
Matthew Golden,rec_yds,120.0,1040,Chicago Bears @ Green Bay Packers,2026-10-11T17:00:00Z,2026-10-09T18:46+00:00
Matthew Golden,rec_yds,130.0,1460,Chicago Bears @ Green Bay Packers,2026-10-11T17:00:00Z,2026-10-09T18:46+00:00
Matthew Golden,rec_yds,140.0,2000,Chicago Bears @ Green Bay Packers,2026-10-11T17:00:00Z,2026-10-09T18:46+00:00
Matthew Golden,rec_yds,150.0,2800,Chicago Bears @ Green Bay Packers,2026-10-11T17:00:00Z,2026-10-09T18:46+00:00
Matthew Golden,rec_yds,160.0,3700,Chicago Bears @ Green Bay Packers,2026-10-11T17:00:00Z,2026-10-09T18:46+00:00
Tucker Kraft,rec_yds,15.0,-1260,Chicago Bears @ Green Bay Packers,2026-10-11T17:00:00Z,2026-10-09T18:46+00:00
Tucker Kraft,rec_yds,25.0,-494,Chicago Bears @ Green Bay Packers,2026-10-11T17:00:00Z,2026-10-09T18:46+00:00
Tucker Kraft,rec_yds,40.0,-187,Chicago Bears @ Green Bay Packers,2026-10-11T17:00:00Z,2026-10-09T18:46+00:00
Tucker Kraft,rec_yds,50.0,-110,Chicago Bears @ Green Bay Packers,2026-10-11T17:00:00Z,2026-10-09T18:46+00:00
Tucker Kraft,rec_yds,60.0,144,Chicago Bears @ Green Bay Packers,2026-10-11T17:00:00Z,2026-10-09T18:46+00:00
Tucker Kraft,rec_yds,70.0,220,Chicago Bears @ Green Bay Packers,2026-10-11T17:00:00Z,2026-10-09T18:46+00:00
Tucker Kraft,rec_yds,80.0,335,Chicago Bears @ Green Bay Packers,2026-10-11T17:00:00Z,2026-10-09T18:46+00:00
Tucker Kraft,rec_yds,90.0,505,Chicago Bears @ Green Bay Packers,2026-10-11T17:00:00Z,2026-10-09T18:46+00:00
Tucker Kraft,rec_yds,100.0,750,Chicago Bears @ Green Bay Packers,2026-10-11T17:00:00Z,2026-10-09T18:46+00:00
Tucker Kraft,rec_yds,110.0,1120,Chicago Bears @ Green Bay Packers,2026-10-11T17:00:00Z,2026-10-09T18:46+00:00
Tucker Kraft,rec_yds,120.0,1540,Chicago Bears @ Green Bay Packers,2026-10-11T17:00:00Z,2026-10-09T18:46+00:00
Tucker Kraft,rec_yds,130.0,2200,Chicago Bears @ Green Bay Packers,2026-10-11T17:00:00Z,2026-10-09T18:46+00:00
Tucker Kraft,rec_yds,140.0,3100,Chicago Bears @ Green Bay Packers,2026-10-11T17:00:00Z,2026-10-09T18:46+00:00
Luther Burden III,rec_yds,15.0,-1140,Chicago Bears @ Green Bay Packers,2026-10-11T17:00:00Z,2026-10-09T18:46+00:00
Luther Burden III,rec_yds,25.0,-436,Chicago Bears @ Green Bay Packers,2026-10-11T17:00:00Z,2026-10-09T18:46+00:00
Luther Burden III,rec_yds,40.0,-158,Chicago Bears @ Green Bay Packers,2026-10-11T17:00:00Z,2026-10-09T18:46+00:00
Luther Burden III,rec_yds,46.0,-112,Chicago Bears @ Green Bay Packers,2026-10-11T17:00:00Z,2026-10-09T18:46+00:00
Luther Burden III,rec_yds,50.0,110,Chicago Bears @ Green Bay Packers,2026-10-11T17:00:00Z,2026-10-09T18:46+00:00
Luther Burden III,rec_yds,60.0,179,Chicago Bears @ Green Bay Packers,2026-10-11T17:00:00Z,2026-10-09T18:46+00:00
Luther Burden III,rec_yds,70.0,285,Chicago Bears @ Green Bay Packers,2026-10-11T17:00:00Z,2026-10-09T18:46+00:00
Luther Burden III,rec_yds,80.0,441,Chicago Bears @ Green Bay Packers,2026-10-11T17:00:00Z,2026-10-09T18:46+00:00
Luther Burden III,rec_yds,90.0,670,Chicago Bears @ Green Bay Packers,2026-10-11T17:00:00Z,2026-10-09T18:46+00:00
Luther Burden III,rec_yds,100.0,1040,Chicago Bears @ Green Bay Packers,2026-10-11T17:00:00Z,2026-10-09T18:46+00:00
Luther Burden III,rec_yds,110.0,1540,Chicago Bears @ Green Bay Packers,2026-10-11T17:00:00Z,2026-10-09T18:46+00:00
Luther Burden III,rec_yds,120.0,2200,Chicago Bears @ Green Bay Packers,2026-10-11T17:00:00Z,2026-10-09T18:46+00:00
Luther Burden III,rec_yds,130.0,3000,Chicago Bears @ Green Bay Packers,2026-10-11T17:00:00Z,2026-10-09T18:46+00:00
Rome Odunze,rec_yds,15.0,-690,Chicago Bears @ Green Bay Packers,2026-10-11T17:00:00Z,2026-10-09T18:46+00:00
Rome Odunze,rec_yds,25.0,-299,Chicago Bears @ Green Bay Packers,2026-10-11T17:00:00Z,2026-10-09T18:46+00:00
Rome Odunze,rec_yds,40.0,-127,Chicago Bears @ Green Bay Packers,2026-10-11T17:00:00Z,2026-10-09T18:46+00:00
Rome Odunze,rec_yds,43.0,-109,Chicago Bears @ Green Bay Packers,2026-10-11T17:00:00Z,2026-10-09T18:46+00:00
Rome Odunze,rec_yds,50.0,127,Chicago Bears @ Green Bay Packers,2026-10-11T17:00:00Z,2026-10-09T18:46+00:00
Rome Odunze,rec_yds,60.0,201,Chicago Bears @ Green Bay Packers,2026-10-11T17:00:00Z,2026-10-09T18:46+00:00
Rome Odunze,rec_yds,70.0,307,Chicago Bears @ Green Bay Packers,2026-10-11T17:00:00Z,2026-10-09T18:46+00:00
Rome Odunze,rec_yds,80.0,469,Chicago Bears @ Green Bay Packers,2026-10-11T17:00:00Z,2026-10-09T18:46+00:00
Rome Odunze,rec_yds,90.0,720,Chicago Bears @ Green Bay Packers,2026-10-11T17:00:00Z,2026-10-09T18:46+00:00
Rome Odunze,rec_yds,100.0,1060,Chicago Bears @ Green Bay Packers,2026-10-11T17:00:00Z,2026-10-09T18:46+00:00
Rome Odunze,rec_yds,110.0,1540,Chicago Bears @ Green Bay Packers,2026-10-11T17:00:00Z,2026-10-09T18:46+00:00
Rome Odunze,rec_yds,120.0,2100,Chicago Bears @ Green Bay Packers,2026-10-11T17:00:00Z,2026-10-09T18:46+00:00
Rome Odunze,rec_yds,130.0,3000,Chicago Bears @ Green Bay Packers,2026-10-11T17:00:00Z,2026-10-09T18:46+00:00
Colston Loveland,rec_yds,15.0,-750,Chicago Bears @ Green Bay Packers,2026-10-11T17:00:00Z,2026-10-09T18:46+00:00
Colston Loveland,rec_yds,25.0,-296,Chicago Bears @ Green Bay Packers,2026-10-11T17:00:00Z,2026-10-09T18:46+00:00
Colston Loveland,rec_yds,40.0,-110,Chicago Bears @ Green Bay Packers,2026-10-11T17:00:00Z,2026-10-09T18:46+00:00
Colston Loveland,rec_yds,50.0,155,Chicago Bears @ Green Bay Packers,2026-10-11T17:00:00Z,2026-10-09T18:46+00:00
Colston Loveland,rec_yds,60.0,255,Chicago Bears @ Green Bay Packers,2026-10-11T17:00:00Z,2026-10-09T18:46+00:00
Colston Loveland,rec_yds,70.0,407,Chicago Bears @ Green Bay Packers,2026-10-11T17:00:00Z,2026-10-09T18:46+00:00
Colston Loveland,rec_yds,80.0,640,Chicago Bears @ Green Bay Packers,2026-10-11T17:00:00Z,2026-10-09T18:46+00:00
Colston Loveland,rec_yds,90.0,990,Chicago Bears @ Green Bay Packers,2026-10-11T17:00:00Z,2026-10-09T18:46+00:00
Colston Loveland,rec_yds,100.0,1520,Chicago Bears @ Green Bay Packers,2026-10-11T17:00:00Z,2026-10-09T18:46+00:00
Colston Loveland,rec_yds,110.0,2200,Chicago Bears @ Green Bay Packers,2026-10-11T17:00:00Z,2026-10-09T18:46+00:00
Colston Loveland,rec_yds,120.0,3100,Chicago Bears @ Green Bay Packers,2026-10-11T17:00:00Z,2026-10-09T18:46+00:00
Kalif Raymond,rec_yds,15.0,-341,Chicago Bears @ Green Bay Packers,2026-10-11T17:00:00Z,2026-10-09T18:46+00:00
Kalif Raymond,rec_yds,25.0,-141,Chicago Bears @ Green Bay Packers,2026-10-11T17:00:00Z,2026-10-09T18:46+00:00
Kalif Raymond,rec_yds,28.0,-113,Chicago Bears @ Green Bay Packers,2026-10-11T17:00:00Z,2026-10-09T18:46+00:00
Kalif Raymond,rec_yds,40.0,191,Chicago Bears @ Green Bay Packers,2026-10-11T17:00:00Z,2026-10-09T18:46+00:00
Kalif Raymond,rec_yds,50.0,329,Chicago Bears @ Green Bay Packers,2026-10-11T17:00:00Z,2026-10-09T18:46+00:00
Kalif Raymond,rec_yds,60.0,562,Chicago Bears @ Green Bay Packers,2026-10-11T17:00:00Z,2026-10-09T18:46+00:00
Kalif Raymond,rec_yds,70.0,950,Chicago Bears @ Green Bay Packers,2026-10-11T17:00:00Z,2026-10-09T18:46+00:00
Kalif Raymond,rec_yds,80.0,1540,Chicago Bears @ Green Bay Packers,2026-10-11T17:00:00Z,2026-10-09T18:46+00:00
Kalif Raymond,rec_yds,90.0,2300,Chicago Bears @ Green Bay Packers,2026-10-11T17:00:00Z,2026-10-09T18:46+00:00
Kalif Raymond,rec_yds,100.0,3400,Chicago Bears @ Green Bay Packers,2026-10-11T17:00:00Z,2026-10-09T18:46+00:00
Skyy Moore,rec_yds,14.0,-111,Chicago Bears @ Green Bay Packers,2026-10-11T17:00:00Z,2026-10-09T18:46+00:00
Skyy Moore,rec_yds,15.0,-102,Chicago Bears @ Green Bay Packers,2026-10-11T17:00:00Z,2026-10-09T18:46+00:00
Skyy Moore,rec_yds,25.0,208,Chicago Bears @ Green Bay Packers,2026-10-11T17:00:00Z,2026-10-09T18:46+00:00
Skyy Moore,rec_yds,40.0,515,Chicago Bears @ Green Bay Packers,2026-10-11T17:00:00Z,2026-10-09T18:46+00:00
Skyy Moore,rec_yds,50.0,910,Chicago Bears @ Green Bay Packers,2026-10-11T17:00:00Z,2026-10-09T18:46+00:00
Skyy Moore,rec_yds,60.0,1500,Chicago Bears @ Green Bay Packers,2026-10-11T17:00:00Z,2026-10-09T18:46+00:00
Skyy Moore,rec_yds,70.0,2300,Chicago Bears @ Green Bay Packers,2026-10-11T17:00:00Z,2026-10-09T18:46+00:00
Skyy Moore,rec_yds,80.0,3500,Chicago Bears @ Green Bay Packers,2026-10-11T17:00:00Z,2026-10-09T18:46+00:00
D'Andre Swift,rec_yds,15.0,-148,Chicago Bears @ Green Bay Packers,2026-10-11T17:00:00Z,2026-10-09T18:46+00:00
D'Andre Swift,rec_yds,18.0,-113,Chicago Bears @ Green Bay Packers,2026-10-11T17:00:00Z,2026-10-09T18:46+00:00
D'Andre Swift,rec_yds,25.0,156,Chicago Bears @ Green Bay Packers,2026-10-11T17:00:00Z,2026-10-09T18:46+00:00
D'Andre Swift,rec_yds,40.0,447,Chicago Bears @ Green Bay Packers,2026-10-11T17:00:00Z,2026-10-09T18:46+00:00
D'Andre Swift,rec_yds,50.0,830,Chicago Bears @ Green Bay Packers,2026-10-11T17:00:00Z,2026-10-09T18:46+00:00
D'Andre Swift,rec_yds,60.0,1460,Chicago Bears @ Green Bay Packers,2026-10-11T17:00:00Z,2026-10-09T18:46+00:00
D'Andre Swift,rec_yds,70.0,2500,Chicago Bears @ Green Bay Packers,2026-10-11T17:00:00Z,2026-10-09T18:46+00:00
D'Andre Swift,rec_yds,80.0,3800,Chicago Bears @ Green Bay Packers,2026-10-11T17:00:00Z,2026-10-09T18:46+00:00
MarShawn Lloyd,rec_yds,14.0,-109,Chicago Bears @ Green Bay Packers,2026-10-11T17:00:00Z,2026-10-09T18:46+00:00
MarShawn Lloyd,rec_yds,15.0,103,Chicago Bears @ Green Bay Packers,2026-10-11T17:00:00Z,2026-10-09T18:46+00:00
MarShawn Lloyd,rec_yds,25.0,254,Chicago Bears @ Green Bay Packers,2026-10-11T17:00:00Z,2026-10-09T18:46+00:00
MarShawn Lloyd,rec_yds,40.0,730,Chicago Bears @ Green Bay Packers,2026-10-11T17:00:00Z,2026-10-09T18:46+00:00
MarShawn Lloyd,rec_yds,50.0,1360,Chicago Bears @ Green Bay Packers,2026-10-11T17:00:00Z,2026-10-09T18:46+00:00
MarShawn Lloyd,rec_yds,60.0,2100,Chicago Bears @ Green Bay Packers,2026-10-11T17:00:00Z,2026-10-09T18:46+00:00
MarShawn Lloyd,rec_yds,70.0,3100,Chicago Bears @ Green Bay Packers,2026-10-11T17:00:00Z,2026-10-09T18:46+00:00
Cole Kmet,rec_yds,10.0,-108,Chicago Bears @ Green Bay Packers,2026-10-11T17:00:00Z,2026-10-09T18:46+00:00
Cole Kmet,rec_yds,15.0,156,Chicago Bears @ Green Bay Packers,2026-10-11T17:00:00Z,2026-10-09T18:46+00:00
Cole Kmet,rec_yds,25.0,352,Chicago Bears @ Green Bay Packers,2026-10-11T17:00:00Z,2026-10-09T18:46+00:00
Cole Kmet,rec_yds,40.0,950,Chicago Bears @ Green Bay Packers,2026-10-11T17:00:00Z,2026-10-09T18:46+00:00
Cole Kmet,rec_yds,50.0,1720,Chicago Bears @ Green Bay Packers,2026-10-11T17:00:00Z,2026-10-09T18:46+00:00
Cole Kmet,rec_yds,60.0,2700,Chicago Bears @ Green Bay Packers,2026-10-11T17:00:00Z,2026-10-09T18:46+00:00
Jonnu Smith,rec_yds,8.0,-109,Chicago Bears @ Green Bay Packers,2026-10-11T17:00:00Z,2026-10-09T18:46+00:00
Jonnu Smith,rec_yds,15.0,212,Chicago Bears @ Green Bay Packers,2026-10-11T17:00:00Z,2026-10-09T18:46+00:00
Jonnu Smith,rec_yds,25.0,467,Chicago Bears @ Green Bay Packers,2026-10-11T17:00:00Z,2026-10-09T18:46+00:00
Jonnu Smith,rec_yds,40.0,1280,Chicago Bears @ Green Bay Packers,2026-10-11T17:00:00Z,2026-10-09T18:46+00:00
Jonnu Smith,rec_yds,50.0,2100,Chicago Bears @ Green Bay Packers,2026-10-11T17:00:00Z,2026-10-09T18:46+00:00
Jonnu Smith,rec_yds,60.0,3200,Chicago Bears @ Green Bay Packers,2026-10-11T17:00:00Z,2026-10-09T18:46+00:00
Matthew Golden,receptions,2.0,-3300,Chicago Bears @ Green Bay Packers,2026-10-11T17:00:00Z,2026-10-09T18:46+00:00
Matthew Golden,receptions,3.0,-680,Chicago Bears @ Green Bay Packers,2026-10-11T17:00:00Z,2026-10-09T18:46+00:00
Matthew Golden,receptions,4.0,-257,Chicago Bears @ Green Bay Packers,2026-10-11T17:00:00Z,2026-10-09T18:46+00:00
Matthew Golden,receptions,5.0,-116,Chicago Bears @ Green Bay Packers,2026-10-11T17:00:00Z,2026-10-09T18:46+00:00
Matthew Golden,receptions,6.0,171,Chicago Bears @ Green Bay Packers,2026-10-11T17:00:00Z,2026-10-09T18:46+00:00
Matthew Golden,receptions,7.0,332,Chicago Bears @ Green Bay Packers,2026-10-11T17:00:00Z,2026-10-09T18:46+00:00
Matthew Golden,receptions,8.0,630,Chicago Bears @ Green Bay Packers,2026-10-11T17:00:00Z,2026-10-09T18:46+00:00
Matthew Golden,receptions,9.0,1140,Chicago Bears @ Green Bay Packers,2026-10-11T17:00:00Z,2026-10-09T18:46+00:00
Matthew Golden,receptions,10.0,2000,Chicago Bears @ Green Bay Packers,2026-10-11T17:00:00Z,2026-10-09T18:46+00:00
Luther Burden III,receptions,2.0,-2800,Chicago Bears @ Green Bay Packers,2026-10-11T17:00:00Z,2026-10-09T18:46+00:00
Luther Burden III,receptions,3.0,-588,Chicago Bears @ Green Bay Packers,2026-10-11T17:00:00Z,2026-10-09T18:46+00:00
Luther Burden III,receptions,4.0,-218,Chicago Bears @ Green Bay Packers,2026-10-11T17:00:00Z,2026-10-09T18:46+00:00
Luther Burden III,receptions,5.0,102,Chicago Bears @ Green Bay Packers,2026-10-11T17:00:00Z,2026-10-09T18:46+00:00
Luther Burden III,receptions,6.0,210,Chicago Bears @ Green Bay Packers,2026-10-11T17:00:00Z,2026-10-09T18:46+00:00
Luther Burden III,receptions,7.0,413,Chicago Bears @ Green Bay Packers,2026-10-11T17:00:00Z,2026-10-09T18:46+00:00
Luther Burden III,receptions,8.0,810,Chicago Bears @ Green Bay Packers,2026-10-11T17:00:00Z,2026-10-09T18:46+00:00
Luther Burden III,receptions,9.0,1440,Chicago Bears @ Green Bay Packers,2026-10-11T17:00:00Z,2026-10-09T18:46+00:00
Luther Burden III,receptions,10.0,2300,Chicago Bears @ Green Bay Packers,2026-10-11T17:00:00Z,2026-10-09T18:46+00:00
Tucker Kraft,receptions,2.0,-2600,Chicago Bears @ Green Bay Packers,2026-10-11T17:00:00Z,2026-10-09T18:46+00:00
Tucker Kraft,receptions,3.0,-585,Chicago Bears @ Green Bay Packers,2026-10-11T17:00:00Z,2026-10-09T18:46+00:00
Tucker Kraft,receptions,4.0,-218,Chicago Bears @ Green Bay Packers,2026-10-11T17:00:00Z,2026-10-09T18:46+00:00
Tucker Kraft,receptions,5.0,100,Chicago Bears @ Green Bay Packers,2026-10-11T17:00:00Z,2026-10-09T18:46+00:00
Tucker Kraft,receptions,6.0,203,Chicago Bears @ Green Bay Packers,2026-10-11T17:00:00Z,2026-10-09T18:46+00:00
Tucker Kraft,receptions,7.0,402,Chicago Bears @ Green Bay Packers,2026-10-11T17:00:00Z,2026-10-09T18:46+00:00
Tucker Kraft,receptions,8.0,770,Chicago Bears @ Green Bay Packers,2026-10-11T17:00:00Z,2026-10-09T18:46+00:00
Tucker Kraft,receptions,9.0,1400,Chicago Bears @ Green Bay Packers,2026-10-11T17:00:00Z,2026-10-09T18:46+00:00
Tucker Kraft,receptions,10.0,2300,Chicago Bears @ Green Bay Packers,2026-10-11T17:00:00Z,2026-10-09T18:46+00:00
Christian Watson,receptions,2.0,-2400,Chicago Bears @ Green Bay Packers,2026-10-11T17:00:00Z,2026-10-09T18:46+00:00
Christian Watson,receptions,3.0,-550,Chicago Bears @ Green Bay Packers,2026-10-11T17:00:00Z,2026-10-09T18:46+00:00
Christian Watson,receptions,4.0,-206,Chicago Bears @ Green Bay Packers,2026-10-11T17:00:00Z,2026-10-09T18:46+00:00
Christian Watson,receptions,5.0,106,Chicago Bears @ Green Bay Packers,2026-10-11T17:00:00Z,2026-10-09T18:46+00:00
Christian Watson,receptions,6.0,221,Chicago Bears @ Green Bay Packers,2026-10-11T17:00:00Z,2026-10-09T18:46+00:00
Christian Watson,receptions,7.0,436,Chicago Bears @ Green Bay Packers,2026-10-11T17:00:00Z,2026-10-09T18:46+00:00
Christian Watson,receptions,8.0,840,Chicago Bears @ Green Bay Packers,2026-10-11T17:00:00Z,2026-10-09T18:46+00:00
Christian Watson,receptions,9.0,1500,Chicago Bears @ Green Bay Packers,2026-10-11T17:00:00Z,2026-10-09T18:46+00:00
Christian Watson,receptions,10.0,2500,Chicago Bears @ Green Bay Packers,2026-10-11T17:00:00Z,2026-10-09T18:46+00:00
Colston Loveland,receptions,2.0,-1780,Chicago Bears @ Green Bay Packers,2026-10-11T17:00:00Z,2026-10-09T18:46+00:00
Colston Loveland,receptions,3.0,-452,Chicago Bears @ Green Bay Packers,2026-10-11T17:00:00Z,2026-10-09T18:46+00:00
Colston Loveland,receptions,4.0,-175,Chicago Bears @ Green Bay Packers,2026-10-11T17:00:00Z,2026-10-09T18:46+00:00
Colston Loveland,receptions,5.0,124,Chicago Bears @ Green Bay Packers,2026-10-11T17:00:00Z,2026-10-09T18:46+00:00
Colston Loveland,receptions,6.0,258,Chicago Bears @ Green Bay Packers,2026-10-11T17:00:00Z,2026-10-09T18:46+00:00
Colston Loveland,receptions,7.0,504,Chicago Bears @ Green Bay Packers,2026-10-11T17:00:00Z,2026-10-09T18:46+00:00
Colston Loveland,receptions,8.0,970,Chicago Bears @ Green Bay Packers,2026-10-11T17:00:00Z,2026-10-09T18:46+00:00
Colston Loveland,receptions,9.0,1720,Chicago Bears @ Green Bay Packers,2026-10-11T17:00:00Z,2026-10-09T18:46+00:00
Colston Loveland,receptions,10.0,2700,Chicago Bears @ Green Bay Packers,2026-10-11T17:00:00Z,2026-10-09T18:46+00:00
Kalif Raymond,receptions,2.0,-640,Chicago Bears @ Green Bay Packers,2026-10-11T17:00:00Z,2026-10-09T18:46+00:00
Kalif Raymond,receptions,3.0,-196,Chicago Bears @ Green Bay Packers,2026-10-11T17:00:00Z,2026-10-09T18:46+00:00
Kalif Raymond,receptions,4.0,126,Chicago Bears @ Green Bay Packers,2026-10-11T17:00:00Z,2026-10-09T18:46+00:00
Kalif Raymond,receptions,5.0,279,Chicago Bears @ Green Bay Packers,2026-10-11T17:00:00Z,2026-10-09T18:46+00:00
Kalif Raymond,receptions,6.0,600,Chicago Bears @ Green Bay Packers,2026-10-11T17:00:00Z,2026-10-09T18:46+00:00
Kalif Raymond,receptions,7.0,1220,Chicago Bears @ Green Bay Packers,2026-10-11T17:00:00Z,2026-10-09T18:46+00:00
Kalif Raymond,receptions,8.0,2200,Chicago Bears @ Green Bay Packers,2026-10-11T17:00:00Z,2026-10-09T18:46+00:00
Rome Odunze,receptions,2.0,-640,Chicago Bears @ Green Bay Packers,2026-10-11T17:00:00Z,2026-10-09T18:46+00:00
Rome Odunze,receptions,3.0,-200,Chicago Bears @ Green Bay Packers,2026-10-11T17:00:00Z,2026-10-09T18:46+00:00
Rome Odunze,receptions,4.0,126,Chicago Bears @ Green Bay Packers,2026-10-11T17:00:00Z,2026-10-09T18:46+00:00
Rome Odunze,receptions,5.0,282,Chicago Bears @ Green Bay Packers,2026-10-11T17:00:00Z,2026-10-09T18:46+00:00
Rome Odunze,receptions,6.0,620,Chicago Bears @ Green Bay Packers,2026-10-11T17:00:00Z,2026-10-09T18:46+00:00
Rome Odunze,receptions,7.0,1260,Chicago Bears @ Green Bay Packers,2026-10-11T17:00:00Z,2026-10-09T18:46+00:00
Rome Odunze,receptions,8.0,2300,Chicago Bears @ Green Bay Packers,2026-10-11T17:00:00Z,2026-10-09T18:46+00:00
D'Andre Swift,receptions,2.0,-263,Chicago Bears @ Green Bay Packers,2026-10-11T17:00:00Z,2026-10-09T18:46+00:00
D'Andre Swift,receptions,3.0,113,Chicago Bears @ Green Bay Packers,2026-10-11T17:00:00Z,2026-10-09T18:46+00:00
D'Andre Swift,receptions,4.0,284,Chicago Bears @ Green Bay Packers,2026-10-11T17:00:00Z,2026-10-09T18:46+00:00
D'Andre Swift,receptions,5.0,650,Chicago Bears @ Green Bay Packers,2026-10-11T17:00:00Z,2026-10-09T18:46+00:00
D'Andre Swift,receptions,6.0,1420,Chicago Bears @ Green Bay Packers,2026-10-11T17:00:00Z,2026-10-09T18:46+00:00
D'Andre Swift,receptions,7.0,2700,Chicago Bears @ Green Bay Packers,2026-10-11T17:00:00Z,2026-10-09T18:46+00:00
MarShawn Lloyd,receptions,2.0,-217,Chicago Bears @ Green Bay Packers,2026-10-11T17:00:00Z,2026-10-09T18:46+00:00
MarShawn Lloyd,receptions,3.0,137,Chicago Bears @ Green Bay Packers,2026-10-11T17:00:00Z,2026-10-09T18:46+00:00
MarShawn Lloyd,receptions,4.0,342,Chicago Bears @ Green Bay Packers,2026-10-11T17:00:00Z,2026-10-09T18:46+00:00
MarShawn Lloyd,receptions,5.0,780,Chicago Bears @ Green Bay Packers,2026-10-11T17:00:00Z,2026-10-09T18:46+00:00
MarShawn Lloyd,receptions,6.0,1600,Chicago Bears @ Green Bay Packers,2026-10-11T17:00:00Z,2026-10-09T18:46+00:00
MarShawn Lloyd,receptions,7.0,2800,Chicago Bears @ Green Bay Packers,2026-10-11T17:00:00Z,2026-10-09T18:46+00:00
Skyy Moore,receptions,2.0,-104,Chicago Bears @ Green Bay Packers,2026-10-11T17:00:00Z,2026-10-09T18:46+00:00
Skyy Moore,receptions,3.0,295,Chicago Bears @ Green Bay Packers,2026-10-11T17:00:00Z,2026-10-09T18:46+00:00
Skyy Moore,receptions,4.0,840,Chicago Bears @ Green Bay Packers,2026-10-11T17:00:00Z,2026-10-09T18:46+00:00
Skyy Moore,receptions,5.0,2000,Chicago Bears @ Green Bay Packers,2026-10-11T17:00:00Z,2026-10-09T18:46+00:00
Cole Kmet,receptions,2.0,122,Chicago Bears @ Green Bay Packers,2026-10-11T17:00:00Z,2026-10-09T18:46+00:00
Cole Kmet,receptions,3.0,387,Chicago Bears @ Green Bay Packers,2026-10-11T17:00:00Z,2026-10-09T18:46+00:00
Cole Kmet,receptions,4.0,1040,Chicago Bears @ Green Bay Packers,2026-10-11T17:00:00Z,2026-10-09T18:46+00:00
Cole Kmet,receptions,5.0,2400,Chicago Bears @ Green Bay Packers,2026-10-11T17:00:00Z,2026-10-09T18:46+00:00
Jonnu Smith,receptions,2.0,186,Chicago Bears @ Green Bay Packers,2026-10-11T17:00:00Z,2026-10-09T18:46+00:00
Jonnu Smith,receptions,3.0,600,Chicago Bears @ Green Bay Packers,2026-10-11T17:00:00Z,2026-10-09T18:46+00:00
Jonnu Smith,receptions,4.0,1700,Chicago Bears @ Green Bay Packers,2026-10-11T17:00:00Z,2026-10-09T18:46+00:00
D'Andre Swift,rush_att,12.0,-3200,Chicago Bears @ Green Bay Packers,2026-10-11T17:00:00Z,2026-10-09T18:46+00:00
D'Andre Swift,rush_att,14.0,-940,Chicago Bears @ Green Bay Packers,2026-10-11T17:00:00Z,2026-10-09T18:46+00:00
D'Andre Swift,rush_att,16.0,-418,Chicago Bears @ Green Bay Packers,2026-10-11T17:00:00Z,2026-10-09T18:46+00:00
D'Andre Swift,rush_att,18.0,-213,Chicago Bears @ Green Bay Packers,2026-10-11T17:00:00Z,2026-10-09T18:46+00:00
D'Andre Swift,rush_att,20.0,-117,Chicago Bears @ Green Bay Packers,2026-10-11T17:00:00Z,2026-10-09T18:46+00:00
D'Andre Swift,rush_att,22.0,153,Chicago Bears @ Green Bay Packers,2026-10-11T17:00:00Z,2026-10-09T18:46+00:00
D'Andre Swift,rush_att,24.0,278,Chicago Bears @ Green Bay Packers,2026-10-11T17:00:00Z,2026-10-09T18:46+00:00
D'Andre Swift,rush_att,26.0,503,Chicago Bears @ Green Bay Packers,2026-10-11T17:00:00Z,2026-10-09T18:46+00:00
D'Andre Swift,rush_att,28.0,910,Chicago Bears @ Green Bay Packers,2026-10-11T17:00:00Z,2026-10-09T18:46+00:00
D'Andre Swift,rush_att,30.0,1580,Chicago Bears @ Green Bay Packers,2026-10-11T17:00:00Z,2026-10-09T18:46+00:00
Kaleb Johnson,rush_att,6.0,-1020,Chicago Bears @ Green Bay Packers,2026-10-11T17:00:00Z,2026-10-09T18:46+00:00
Kaleb Johnson,rush_att,8.0,-295,Chicago Bears @ Green Bay Packers,2026-10-11T17:00:00Z,2026-10-09T18:46+00:00
Kaleb Johnson,rush_att,10.0,-114,Chicago Bears @ Green Bay Packers,2026-10-11T17:00:00Z,2026-10-09T18:46+00:00
Kaleb Johnson,rush_att,12.0,201,Chicago Bears @ Green Bay Packers,2026-10-11T17:00:00Z,2026-10-09T18:46+00:00
Kaleb Johnson,rush_att,14.0,420,Chicago Bears @ Green Bay Packers,2026-10-11T17:00:00Z,2026-10-09T18:46+00:00
Kaleb Johnson,rush_att,16.0,870,Chicago Bears @ Green Bay Packers,2026-10-11T17:00:00Z,2026-10-09T18:46+00:00
Kaleb Johnson,rush_att,18.0,1660,Chicago Bears @ Green Bay Packers,2026-10-11T17:00:00Z,2026-10-09T18:46+00:00
MarShawn Lloyd,rush_att,4.0,-3300,Chicago Bears @ Green Bay Packers,2026-10-11T17:00:00Z,2026-10-09T18:46+00:00
MarShawn Lloyd,rush_att,6.0,-518,Chicago Bears @ Green Bay Packers,2026-10-11T17:00:00Z,2026-10-09T18:46+00:00
MarShawn Lloyd,rush_att,8.0,-170,Chicago Bears @ Green Bay Packers,2026-10-11T17:00:00Z,2026-10-09T18:46+00:00
MarShawn Lloyd,rush_att,9.0,-107,Chicago Bears @ Green Bay Packers,2026-10-11T17:00:00Z,2026-10-09T18:46+00:00
MarShawn Lloyd,rush_att,10.0,143,Chicago Bears @ Green Bay Packers,2026-10-11T17:00:00Z,2026-10-09T18:46+00:00
MarShawn Lloyd,rush_att,12.0,321,Chicago Bears @ Green Bay Packers,2026-10-11T17:00:00Z,2026-10-09T18:46+00:00
MarShawn Lloyd,rush_att,14.0,700,Chicago Bears @ Green Bay Packers,2026-10-11T17:00:00Z,2026-10-09T18:46+00:00
MarShawn Lloyd,rush_att,16.0,1500,Chicago Bears @ Green Bay Packers,2026-10-11T17:00:00Z,2026-10-09T18:46+00:00
D'Andre Swift,rush_yds,40.0,-1700,Chicago Bears @ Green Bay Packers,2026-10-11T17:00:00Z,2026-10-09T18:46+00:00
D'Andre Swift,rush_yds,50.0,-750,Chicago Bears @ Green Bay Packers,2026-10-11T17:00:00Z,2026-10-09T18:46+00:00
D'Andre Swift,rush_yds,60.0,-389,Chicago Bears @ Green Bay Packers,2026-10-11T17:00:00Z,2026-10-09T18:46+00:00
D'Andre Swift,rush_yds,70.0,-229,Chicago Bears @ Green Bay Packers,2026-10-11T17:00:00Z,2026-10-09T18:46+00:00
D'Andre Swift,rush_yds,80.0,-141,Chicago Bears @ Green Bay Packers,2026-10-11T17:00:00Z,2026-10-09T18:46+00:00
D'Andre Swift,rush_yds,85.0,-113,Chicago Bears @ Green Bay Packers,2026-10-11T17:00:00Z,2026-10-09T18:46+00:00
D'Andre Swift,rush_yds,90.0,109,Chicago Bears @ Green Bay Packers,2026-10-11T17:00:00Z,2026-10-09T18:46+00:00
D'Andre Swift,rush_yds,100.0,161,Chicago Bears @ Green Bay Packers,2026-10-11T17:00:00Z,2026-10-09T18:46+00:00
D'Andre Swift,rush_yds,110.0,238,Chicago Bears @ Green Bay Packers,2026-10-11T17:00:00Z,2026-10-09T18:46+00:00
D'Andre Swift,rush_yds,120.0,345,Chicago Bears @ Green Bay Packers,2026-10-11T17:00:00Z,2026-10-09T18:46+00:00
D'Andre Swift,rush_yds,130.0,498,Chicago Bears @ Green Bay Packers,2026-10-11T17:00:00Z,2026-10-09T18:46+00:00
D'Andre Swift,rush_yds,140.0,710,Chicago Bears @ Green Bay Packers,2026-10-11T17:00:00Z,2026-10-09T18:46+00:00
D'Andre Swift,rush_yds,150.0,1020,Chicago Bears @ Green Bay Packers,2026-10-11T17:00:00Z,2026-10-09T18:46+00:00
D'Andre Swift,rush_yds,160.0,1400,Chicago Bears @ Green Bay Packers,2026-10-11T17:00:00Z,2026-10-09T18:46+00:00
D'Andre Swift,rush_yds,170.0,1940,Chicago Bears @ Green Bay Packers,2026-10-11T17:00:00Z,2026-10-09T18:46+00:00
D'Andre Swift,rush_yds,180.0,2600,Chicago Bears @ Green Bay Packers,2026-10-11T17:00:00Z,2026-10-09T18:46+00:00
D'Andre Swift,rush_yds,190.0,3600,Chicago Bears @ Green Bay Packers,2026-10-11T17:00:00Z,2026-10-09T18:46+00:00
Kaleb Johnson,rush_yds,10.0,-1500,Chicago Bears @ Green Bay Packers,2026-10-11T17:00:00Z,2026-10-09T18:46+00:00
Kaleb Johnson,rush_yds,15.0,-700,Chicago Bears @ Green Bay Packers,2026-10-11T17:00:00Z,2026-10-09T18:46+00:00
Kaleb Johnson,rush_yds,20.0,-410,Chicago Bears @ Green Bay Packers,2026-10-11T17:00:00Z,2026-10-09T18:46+00:00
Kaleb Johnson,rush_yds,25.0,-255,Chicago Bears @ Green Bay Packers,2026-10-11T17:00:00Z,2026-10-09T18:46+00:00
Kaleb Johnson,rush_yds,30.0,-171,Chicago Bears @ Green Bay Packers,2026-10-11T17:00:00Z,2026-10-09T18:46+00:00
Kaleb Johnson,rush_yds,36.0,-112,Chicago Bears @ Green Bay Packers,2026-10-11T17:00:00Z,2026-10-09T18:46+00:00
Kaleb Johnson,rush_yds,40.0,115,Chicago Bears @ Green Bay Packers,2026-10-11T17:00:00Z,2026-10-09T18:46+00:00
Kaleb Johnson,rush_yds,50.0,204,Chicago Bears @ Green Bay Packers,2026-10-11T17:00:00Z,2026-10-09T18:46+00:00
Kaleb Johnson,rush_yds,60.0,344,Chicago Bears @ Green Bay Packers,2026-10-11T17:00:00Z,2026-10-09T18:46+00:00
Kaleb Johnson,rush_yds,70.0,559,Chicago Bears @ Green Bay Packers,2026-10-11T17:00:00Z,2026-10-09T18:46+00:00
Kaleb Johnson,rush_yds,80.0,850,Chicago Bears @ Green Bay Packers,2026-10-11T17:00:00Z,2026-10-09T18:46+00:00
Kaleb Johnson,rush_yds,90.0,1300,Chicago Bears @ Green Bay Packers,2026-10-11T17:00:00Z,2026-10-09T18:46+00:00
Kaleb Johnson,rush_yds,100.0,1880,Chicago Bears @ Green Bay Packers,2026-10-11T17:00:00Z,2026-10-09T18:46+00:00
Kaleb Johnson,rush_yds,110.0,2600,Chicago Bears @ Green Bay Packers,2026-10-11T17:00:00Z,2026-10-09T18:46+00:00
Kaleb Johnson,rush_yds,120.0,3600,Chicago Bears @ Green Bay Packers,2026-10-11T17:00:00Z,2026-10-09T18:46+00:00
MarShawn Lloyd,rush_yds,10.0,-670,Chicago Bears @ Green Bay Packers,2026-10-11T17:00:00Z,2026-10-09T18:46+00:00
MarShawn Lloyd,rush_yds,15.0,-351,Chicago Bears @ Green Bay Packers,2026-10-11T17:00:00Z,2026-10-09T18:46+00:00
MarShawn Lloyd,rush_yds,20.0,-218,Chicago Bears @ Green Bay Packers,2026-10-11T17:00:00Z,2026-10-09T18:46+00:00
MarShawn Lloyd,rush_yds,25.0,-144,Chicago Bears @ Green Bay Packers,2026-10-11T17:00:00Z,2026-10-09T18:46+00:00
MarShawn Lloyd,rush_yds,28.0,-116,Chicago Bears @ Green Bay Packers,2026-10-11T17:00:00Z,2026-10-09T18:46+00:00
MarShawn Lloyd,rush_yds,30.0,101,Chicago Bears @ Green Bay Packers,2026-10-11T17:00:00Z,2026-10-09T18:46+00:00
MarShawn Lloyd,rush_yds,40.0,192,Chicago Bears @ Green Bay Packers,2026-10-11T17:00:00Z,2026-10-09T18:46+00:00
MarShawn Lloyd,rush_yds,50.0,336,Chicago Bears @ Green Bay Packers,2026-10-11T17:00:00Z,2026-10-09T18:46+00:00
MarShawn Lloyd,rush_yds,60.0,555,Chicago Bears @ Green Bay Packers,2026-10-11T17:00:00Z,2026-10-09T18:46+00:00
MarShawn Lloyd,rush_yds,70.0,850,Chicago Bears @ Green Bay Packers,2026-10-11T17:00:00Z,2026-10-09T18:46+00:00
MarShawn Lloyd,rush_yds,80.0,1260,Chicago Bears @ Green Bay Packers,2026-10-11T17:00:00Z,2026-10-09T18:46+00:00
MarShawn Lloyd,rush_yds,90.0,1860,Chicago Bears @ Green Bay Packers,2026-10-11T17:00:00Z,2026-10-09T18:46+00:00
MarShawn Lloyd,rush_yds,100.0,2600,Chicago Bears @ Green Bay Packers,2026-10-11T17:00:00Z,2026-10-09T18:46+00:00
MarShawn Lloyd,rush_yds,110.0,3500,Chicago Bears @ Green Bay Packers,2026-10-11T17:00:00Z,2026-10-09T18:46+00:00
Tyson Bagent,rush_yds,10.0,-122,Chicago Bears @ Green Bay Packers,2026-10-11T17:00:00Z,2026-10-09T18:46+00:00
Tyson Bagent,rush_yds,11.0,-106,Chicago Bears @ Green Bay Packers,2026-10-11T17:00:00Z,2026-10-09T18:46+00:00
Tyson Bagent,rush_yds,15.0,162,Chicago Bears @ Green Bay Packers,2026-10-11T17:00:00Z,2026-10-09T18:46+00:00
Tyson Bagent,rush_yds,20.0,288,Chicago Bears @ Green Bay Packers,2026-10-11T17:00:00Z,2026-10-09T18:46+00:00
Tyson Bagent,rush_yds,25.0,490,Chicago Bears @ Green Bay Packers,2026-10-11T17:00:00Z,2026-10-09T18:46+00:00
Tyson Bagent,rush_yds,30.0,770,Chicago Bears @ Green Bay Packers,2026-10-11T17:00:00Z,2026-10-09T18:46+00:00
Tyson Bagent,rush_yds,40.0,1760,Chicago Bears @ Green Bay Packers,2026-10-11T17:00:00Z,2026-10-09T18:46+00:00
Tyson Bagent,rush_yds,50.0,3100,Chicago Bears @ Green Bay Packers,2026-10-11T17:00:00Z,2026-10-09T18:46+00:00
Jordan Love,rush_yds,7.0,-112,Chicago Bears @ Green Bay Packers,2026-10-11T17:00:00Z,2026-10-09T18:46+00:00
Jordan Love,rush_yds,10.0,146,Chicago Bears @ Green Bay Packers,2026-10-11T17:00:00Z,2026-10-09T18:46+00:00
Jordan Love,rush_yds,15.0,297,Chicago Bears @ Green Bay Packers,2026-10-11T17:00:00Z,2026-10-09T18:46+00:00
Jordan Love,rush_yds,20.0,544,Chicago Bears @ Green Bay Packers,2026-10-11T17:00:00Z,2026-10-09T18:46+00:00
Jordan Love,rush_yds,25.0,950,Chicago Bears @ Green Bay Packers,2026-10-11T17:00:00Z,2026-10-09T18:46+00:00
Jordan Love,rush_yds,30.0,1520,Chicago Bears @ Green Bay Packers,2026-10-11T17:00:00Z,2026-10-09T18:46+00:00
Jordan Love,rush_yds,40.0,3300,Chicago Bears @ Green Bay Packers,2026-10-11T17:00:00Z,2026-10-09T18:46+00:00
Joe Burrow,pass_att,26.0,-1500,Cincinnati Bengals @ Miami Dolphins,2026-10-11T17:00:00Z,2026-10-09T18:46+00:00
Joe Burrow,pass_att,28.0,-630,Cincinnati Bengals @ Miami Dolphins,2026-10-11T17:00:00Z,2026-10-09T18:46+00:00
Joe Burrow,pass_att,30.0,-313,Cincinnati Bengals @ Miami Dolphins,2026-10-11T17:00:00Z,2026-10-09T18:46+00:00
Joe Burrow,pass_att,32.0,-170,Cincinnati Bengals @ Miami Dolphins,2026-10-11T17:00:00Z,2026-10-09T18:46+00:00
Joe Burrow,pass_att,33.0,-129,Cincinnati Bengals @ Miami Dolphins,2026-10-11T17:00:00Z,2026-10-09T18:46+00:00
Joe Burrow,pass_att,34.0,102,Cincinnati Bengals @ Miami Dolphins,2026-10-11T17:00:00Z,2026-10-09T18:46+00:00
Joe Burrow,pass_att,36.0,169,Cincinnati Bengals @ Miami Dolphins,2026-10-11T17:00:00Z,2026-10-09T18:46+00:00
Joe Burrow,pass_att,38.0,278,Cincinnati Bengals @ Miami Dolphins,2026-10-11T17:00:00Z,2026-10-09T18:46+00:00
Joe Burrow,pass_att,40.0,444,Cincinnati Bengals @ Miami Dolphins,2026-10-11T17:00:00Z,2026-10-09T18:46+00:00
Joe Burrow,pass_att,42.0,710,Cincinnati Bengals @ Miami Dolphins,2026-10-11T17:00:00Z,2026-10-09T18:46+00:00
Joe Burrow,pass_att,44.0,1100,Cincinnati Bengals @ Miami Dolphins,2026-10-11T17:00:00Z,2026-10-09T18:46+00:00
Joe Burrow,pass_att,46.0,1680,Cincinnati Bengals @ Miami Dolphins,2026-10-11T17:00:00Z,2026-10-09T18:46+00:00
Malik Willis,pass_att,20.0,-2600,Cincinnati Bengals @ Miami Dolphins,2026-10-11T17:00:00Z,2026-10-09T18:46+00:00
Malik Willis,pass_att,22.0,-940,Cincinnati Bengals @ Miami Dolphins,2026-10-11T17:00:00Z,2026-10-09T18:46+00:00
Malik Willis,pass_att,24.0,-438,Cincinnati Bengals @ Miami Dolphins,2026-10-11T17:00:00Z,2026-10-09T18:46+00:00
Malik Willis,pass_att,26.0,-233,Cincinnati Bengals @ Miami Dolphins,2026-10-11T17:00:00Z,2026-10-09T18:46+00:00
Malik Willis,pass_att,28.0,-135,Cincinnati Bengals @ Miami Dolphins,2026-10-11T17:00:00Z,2026-10-09T18:46+00:00
Malik Willis,pass_att,29.0,-105,Cincinnati Bengals @ Miami Dolphins,2026-10-11T17:00:00Z,2026-10-09T18:46+00:00
Malik Willis,pass_att,30.0,122,Cincinnati Bengals @ Miami Dolphins,2026-10-11T17:00:00Z,2026-10-09T18:46+00:00
Malik Willis,pass_att,32.0,201,Cincinnati Bengals @ Miami Dolphins,2026-10-11T17:00:00Z,2026-10-09T18:46+00:00
Malik Willis,pass_att,34.0,325,Cincinnati Bengals @ Miami Dolphins,2026-10-11T17:00:00Z,2026-10-09T18:46+00:00
Malik Willis,pass_att,36.0,526,Cincinnati Bengals @ Miami Dolphins,2026-10-11T17:00:00Z,2026-10-09T18:46+00:00
Malik Willis,pass_att,38.0,860,Cincinnati Bengals @ Miami Dolphins,2026-10-11T17:00:00Z,2026-10-09T18:46+00:00
Malik Willis,pass_att,40.0,1340,Cincinnati Bengals @ Miami Dolphins,2026-10-11T17:00:00Z,2026-10-09T18:46+00:00
Joe Burrow,pass_cmps,18.0,-1600,Cincinnati Bengals @ Miami Dolphins,2026-10-11T17:00:00Z,2026-10-09T18:46+00:00
Joe Burrow,pass_cmps,20.0,-551,Cincinnati Bengals @ Miami Dolphins,2026-10-11T17:00:00Z,2026-10-09T18:46+00:00
Joe Burrow,pass_cmps,22.0,-239,Cincinnati Bengals @ Miami Dolphins,2026-10-11T17:00:00Z,2026-10-09T18:46+00:00
Joe Burrow,pass_cmps,24.0,-115,Cincinnati Bengals @ Miami Dolphins,2026-10-11T17:00:00Z,2026-10-09T18:46+00:00
Joe Burrow,pass_cmps,26.0,171,Cincinnati Bengals @ Miami Dolphins,2026-10-11T17:00:00Z,2026-10-09T18:46+00:00
Joe Burrow,pass_cmps,28.0,335,Cincinnati Bengals @ Miami Dolphins,2026-10-11T17:00:00Z,2026-10-09T18:46+00:00
Joe Burrow,pass_cmps,30.0,640,Cincinnati Bengals @ Miami Dolphins,2026-10-11T17:00:00Z,2026-10-09T18:46+00:00
Joe Burrow,pass_cmps,32.0,1200,Cincinnati Bengals @ Miami Dolphins,2026-10-11T17:00:00Z,2026-10-09T18:46+00:00
Malik Willis,pass_cmps,12.0,-1500,Cincinnati Bengals @ Miami Dolphins,2026-10-11T17:00:00Z,2026-10-09T18:46+00:00
Malik Willis,pass_cmps,14.0,-460,Cincinnati Bengals @ Miami Dolphins,2026-10-11T17:00:00Z,2026-10-09T18:46+00:00
Malik Willis,pass_cmps,16.0,-190,Cincinnati Bengals @ Miami Dolphins,2026-10-11T17:00:00Z,2026-10-09T18:46+00:00
Malik Willis,pass_cmps,17.0,-129,Cincinnati Bengals @ Miami Dolphins,2026-10-11T17:00:00Z,2026-10-09T18:46+00:00
Malik Willis,pass_cmps,18.0,114,Cincinnati Bengals @ Miami Dolphins,2026-10-11T17:00:00Z,2026-10-09T18:46+00:00
Malik Willis,pass_cmps,20.0,235,Cincinnati Bengals @ Miami Dolphins,2026-10-11T17:00:00Z,2026-10-09T18:46+00:00
Malik Willis,pass_cmps,22.0,479,Cincinnati Bengals @ Miami Dolphins,2026-10-11T17:00:00Z,2026-10-09T18:46+00:00
Malik Willis,pass_cmps,24.0,940,Cincinnati Bengals @ Miami Dolphins,2026-10-11T17:00:00Z,2026-10-09T18:46+00:00
Joe Burrow,pass_yds,170.0,-1180,Cincinnati Bengals @ Miami Dolphins,2026-10-11T17:00:00Z,2026-10-09T18:46+00:00
Joe Burrow,pass_yds,180.0,-830,Cincinnati Bengals @ Miami Dolphins,2026-10-11T17:00:00Z,2026-10-09T18:46+00:00
Joe Burrow,pass_yds,190.0,-592,Cincinnati Bengals @ Miami Dolphins,2026-10-11T17:00:00Z,2026-10-09T18:46+00:00
Joe Burrow,pass_yds,200.0,-430,Cincinnati Bengals @ Miami Dolphins,2026-10-11T17:00:00Z,2026-10-09T18:46+00:00
Joe Burrow,pass_yds,210.0,-323,Cincinnati Bengals @ Miami Dolphins,2026-10-11T17:00:00Z,2026-10-09T18:46+00:00
Joe Burrow,pass_yds,220.0,-249,Cincinnati Bengals @ Miami Dolphins,2026-10-11T17:00:00Z,2026-10-09T18:46+00:00
Joe Burrow,pass_yds,230.0,-191,Cincinnati Bengals @ Miami Dolphins,2026-10-11T17:00:00Z,2026-10-09T18:46+00:00
Joe Burrow,pass_yds,240.0,-149,Cincinnati Bengals @ Miami Dolphins,2026-10-11T17:00:00Z,2026-10-09T18:46+00:00
Joe Burrow,pass_yds,250.0,-119,Cincinnati Bengals @ Miami Dolphins,2026-10-11T17:00:00Z,2026-10-09T18:46+00:00
Joe Burrow,pass_yds,253.0,-111,Cincinnati Bengals @ Miami Dolphins,2026-10-11T17:00:00Z,2026-10-09T18:46+00:00
Joe Burrow,pass_yds,260.0,105,Cincinnati Bengals @ Miami Dolphins,2026-10-11T17:00:00Z,2026-10-09T18:46+00:00
Joe Burrow,pass_yds,270.0,133,Cincinnati Bengals @ Miami Dolphins,2026-10-11T17:00:00Z,2026-10-09T18:46+00:00
Joe Burrow,pass_yds,280.0,167,Cincinnati Bengals @ Miami Dolphins,2026-10-11T17:00:00Z,2026-10-09T18:46+00:00
Joe Burrow,pass_yds,290.0,206,Cincinnati Bengals @ Miami Dolphins,2026-10-11T17:00:00Z,2026-10-09T18:46+00:00
Joe Burrow,pass_yds,300.0,257,Cincinnati Bengals @ Miami Dolphins,2026-10-11T17:00:00Z,2026-10-09T18:46+00:00
Joe Burrow,pass_yds,310.0,319,Cincinnati Bengals @ Miami Dolphins,2026-10-11T17:00:00Z,2026-10-09T18:46+00:00
Joe Burrow,pass_yds,320.0,396,Cincinnati Bengals @ Miami Dolphins,2026-10-11T17:00:00Z,2026-10-09T18:46+00:00
Joe Burrow,pass_yds,330.0,496,Cincinnati Bengals @ Miami Dolphins,2026-10-11T17:00:00Z,2026-10-09T18:46+00:00
Joe Burrow,pass_yds,340.0,610,Cincinnati Bengals @ Miami Dolphins,2026-10-11T17:00:00Z,2026-10-09T18:46+00:00
Joe Burrow,pass_yds,350.0,740,Cincinnati Bengals @ Miami Dolphins,2026-10-11T17:00:00Z,2026-10-09T18:46+00:00
Joe Burrow,pass_yds,360.0,930,Cincinnati Bengals @ Miami Dolphins,2026-10-11T17:00:00Z,2026-10-09T18:46+00:00
Joe Burrow,pass_yds,370.0,1160,Cincinnati Bengals @ Miami Dolphins,2026-10-11T17:00:00Z,2026-10-09T18:46+00:00
Joe Burrow,pass_yds,380.0,1440,Cincinnati Bengals @ Miami Dolphins,2026-10-11T17:00:00Z,2026-10-09T18:46+00:00
Joe Burrow,pass_yds,390.0,1740,Cincinnati Bengals @ Miami Dolphins,2026-10-11T17:00:00Z,2026-10-09T18:46+00:00
Joe Burrow,pass_yds,400.0,2100,Cincinnati Bengals @ Miami Dolphins,2026-10-11T17:00:00Z,2026-10-09T18:46+00:00
Joe Burrow,pass_yds,410.0,2500,Cincinnati Bengals @ Miami Dolphins,2026-10-11T17:00:00Z,2026-10-09T18:46+00:00
Joe Burrow,pass_yds,420.0,3000,Cincinnati Bengals @ Miami Dolphins,2026-10-11T17:00:00Z,2026-10-09T18:46+00:00
Joe Burrow,pass_yds,430.0,3600,Cincinnati Bengals @ Miami Dolphins,2026-10-11T17:00:00Z,2026-10-09T18:46+00:00
Malik Willis,pass_yds,150.0,-394,Cincinnati Bengals @ Miami Dolphins,2026-10-11T17:00:00Z,2026-10-09T18:46+00:00
Malik Willis,pass_yds,160.0,-281,Cincinnati Bengals @ Miami Dolphins,2026-10-11T17:00:00Z,2026-10-09T18:46+00:00
Malik Willis,pass_yds,170.0,-211,Cincinnati Bengals @ Miami Dolphins,2026-10-11T17:00:00Z,2026-10-09T18:46+00:00
Malik Willis,pass_yds,180.0,-159,Cincinnati Bengals @ Miami Dolphins,2026-10-11T17:00:00Z,2026-10-09T18:46+00:00
Malik Willis,pass_yds,190.0,-122,Cincinnati Bengals @ Miami Dolphins,2026-10-11T17:00:00Z,2026-10-09T18:46+00:00
Malik Willis,pass_yds,193.0,-112,Cincinnati Bengals @ Miami Dolphins,2026-10-11T17:00:00Z,2026-10-09T18:46+00:00
Malik Willis,pass_yds,200.0,107,Cincinnati Bengals @ Miami Dolphins,2026-10-11T17:00:00Z,2026-10-09T18:46+00:00
Malik Willis,pass_yds,210.0,139,Cincinnati Bengals @ Miami Dolphins,2026-10-11T17:00:00Z,2026-10-09T18:46+00:00
Malik Willis,pass_yds,220.0,181,Cincinnati Bengals @ Miami Dolphins,2026-10-11T17:00:00Z,2026-10-09T18:46+00:00
Malik Willis,pass_yds,230.0,233,Cincinnati Bengals @ Miami Dolphins,2026-10-11T17:00:00Z,2026-10-09T18:46+00:00
Malik Willis,pass_yds,240.0,294,Cincinnati Bengals @ Miami Dolphins,2026-10-11T17:00:00Z,2026-10-09T18:46+00:00
Malik Willis,pass_yds,250.0,377,Cincinnati Bengals @ Miami Dolphins,2026-10-11T17:00:00Z,2026-10-09T18:46+00:00
Malik Willis,pass_yds,260.0,485,Cincinnati Bengals @ Miami Dolphins,2026-10-11T17:00:00Z,2026-10-09T18:46+00:00
Malik Willis,pass_yds,270.0,630,Cincinnati Bengals @ Miami Dolphins,2026-10-11T17:00:00Z,2026-10-09T18:46+00:00
Malik Willis,pass_yds,280.0,820,Cincinnati Bengals @ Miami Dolphins,2026-10-11T17:00:00Z,2026-10-09T18:46+00:00
Malik Willis,pass_yds,290.0,1040,Cincinnati Bengals @ Miami Dolphins,2026-10-11T17:00:00Z,2026-10-09T18:46+00:00
Malik Willis,pass_yds,300.0,1320,Cincinnati Bengals @ Miami Dolphins,2026-10-11T17:00:00Z,2026-10-09T18:46+00:00
Malik Willis,pass_yds,310.0,1680,Cincinnati Bengals @ Miami Dolphins,2026-10-11T17:00:00Z,2026-10-09T18:46+00:00
Malik Willis,pass_yds,320.0,2100,Cincinnati Bengals @ Miami Dolphins,2026-10-11T17:00:00Z,2026-10-09T18:46+00:00
Malik Willis,pass_yds,330.0,2600,Cincinnati Bengals @ Miami Dolphins,2026-10-11T17:00:00Z,2026-10-09T18:46+00:00
Malik Willis,pass_yds,340.0,3200,Cincinnati Bengals @ Miami Dolphins,2026-10-11T17:00:00Z,2026-10-09T18:46+00:00
Malik Willis,pass_yds,350.0,3800,Cincinnati Bengals @ Miami Dolphins,2026-10-11T17:00:00Z,2026-10-09T18:46+00:00
Malik Washington,rec_yds,15.0,-1260,Cincinnati Bengals @ Miami Dolphins,2026-10-11T17:00:00Z,2026-10-09T18:46+00:00
Malik Washington,rec_yds,25.0,-457,Cincinnati Bengals @ Miami Dolphins,2026-10-11T17:00:00Z,2026-10-09T18:46+00:00
Malik Washington,rec_yds,40.0,-165,Cincinnati Bengals @ Miami Dolphins,2026-10-11T17:00:00Z,2026-10-09T18:46+00:00
Malik Washington,rec_yds,47.0,-113,Cincinnati Bengals @ Miami Dolphins,2026-10-11T17:00:00Z,2026-10-09T18:46+00:00
Malik Washington,rec_yds,50.0,103,Cincinnati Bengals @ Miami Dolphins,2026-10-11T17:00:00Z,2026-10-09T18:46+00:00
Malik Washington,rec_yds,60.0,164,Cincinnati Bengals @ Miami Dolphins,2026-10-11T17:00:00Z,2026-10-09T18:46+00:00
Malik Washington,rec_yds,70.0,258,Cincinnati Bengals @ Miami Dolphins,2026-10-11T17:00:00Z,2026-10-09T18:46+00:00
Malik Washington,rec_yds,80.0,393,Cincinnati Bengals @ Miami Dolphins,2026-10-11T17:00:00Z,2026-10-09T18:46+00:00
Malik Washington,rec_yds,90.0,599,Cincinnati Bengals @ Miami Dolphins,2026-10-11T17:00:00Z,2026-10-09T18:46+00:00
Malik Washington,rec_yds,100.0,880,Cincinnati Bengals @ Miami Dolphins,2026-10-11T17:00:00Z,2026-10-09T18:46+00:00
Malik Washington,rec_yds,110.0,1260,Cincinnati Bengals @ Miami Dolphins,2026-10-11T17:00:00Z,2026-10-09T18:46+00:00
Malik Washington,rec_yds,120.0,1880,Cincinnati Bengals @ Miami Dolphins,2026-10-11T17:00:00Z,2026-10-09T18:46+00:00
Malik Washington,rec_yds,130.0,2600,Cincinnati Bengals @ Miami Dolphins,2026-10-11T17:00:00Z,2026-10-09T18:46+00:00
Malik Washington,rec_yds,140.0,3600,Cincinnati Bengals @ Miami Dolphins,2026-10-11T17:00:00Z,2026-10-09T18:46+00:00
Chris Bell,rec_yds,15.0,-367,Cincinnati Bengals @ Miami Dolphins,2026-10-11T17:00:00Z,2026-10-09T18:46+00:00
Chris Bell,rec_yds,25.0,-183,Cincinnati Bengals @ Miami Dolphins,2026-10-11T17:00:00Z,2026-10-09T18:46+00:00
Chris Bell,rec_yds,34.0,-111,Cincinnati Bengals @ Miami Dolphins,2026-10-11T17:00:00Z,2026-10-09T18:46+00:00
Chris Bell,rec_yds,40.0,120,Cincinnati Bengals @ Miami Dolphins,2026-10-11T17:00:00Z,2026-10-09T18:46+00:00
Chris Bell,rec_yds,50.0,187,Cincinnati Bengals @ Miami Dolphins,2026-10-11T17:00:00Z,2026-10-09T18:46+00:00
Chris Bell,rec_yds,60.0,287,Cincinnati Bengals @ Miami Dolphins,2026-10-11T17:00:00Z,2026-10-09T18:46+00:00
Chris Bell,rec_yds,70.0,429,Cincinnati Bengals @ Miami Dolphins,2026-10-11T17:00:00Z,2026-10-09T18:46+00:00
Chris Bell,rec_yds,80.0,630,Cincinnati Bengals @ Miami Dolphins,2026-10-11T17:00:00Z,2026-10-09T18:46+00:00
Chris Bell,rec_yds,90.0,950,Cincinnati Bengals @ Miami Dolphins,2026-10-11T17:00:00Z,2026-10-09T18:46+00:00
Chris Bell,rec_yds,100.0,1360,Cincinnati Bengals @ Miami Dolphins,2026-10-11T17:00:00Z,2026-10-09T18:46+00:00
Chris Bell,rec_yds,110.0,2000,Cincinnati Bengals @ Miami Dolphins,2026-10-11T17:00:00Z,2026-10-09T18:46+00:00
Chris Bell,rec_yds,120.0,2600,Cincinnati Bengals @ Miami Dolphins,2026-10-11T17:00:00Z,2026-10-09T18:46+00:00
Greg Dulcich,rec_yds,15.0,-302,Cincinnati Bengals @ Miami Dolphins,2026-10-11T17:00:00Z,2026-10-09T18:46+00:00
Greg Dulcich,rec_yds,25.0,-131,Cincinnati Bengals @ Miami Dolphins,2026-10-11T17:00:00Z,2026-10-09T18:46+00:00
Greg Dulcich,rec_yds,27.0,-115,Cincinnati Bengals @ Miami Dolphins,2026-10-11T17:00:00Z,2026-10-09T18:46+00:00
Greg Dulcich,rec_yds,40.0,196,Cincinnati Bengals @ Miami Dolphins,2026-10-11T17:00:00Z,2026-10-09T18:46+00:00
Greg Dulcich,rec_yds,50.0,339,Cincinnati Bengals @ Miami Dolphins,2026-10-11T17:00:00Z,2026-10-09T18:46+00:00
Greg Dulcich,rec_yds,60.0,565,Cincinnati Bengals @ Miami Dolphins,2026-10-11T17:00:00Z,2026-10-09T18:46+00:00
Greg Dulcich,rec_yds,70.0,890,Cincinnati Bengals @ Miami Dolphins,2026-10-11T17:00:00Z,2026-10-09T18:46+00:00
Greg Dulcich,rec_yds,80.0,1420,Cincinnati Bengals @ Miami Dolphins,2026-10-11T17:00:00Z,2026-10-09T18:46+00:00
Greg Dulcich,rec_yds,90.0,2200,Cincinnati Bengals @ Miami Dolphins,2026-10-11T17:00:00Z,2026-10-09T18:46+00:00
Kevin Coleman Jr.,rec_yds,15.0,-159,Cincinnati Bengals @ Miami Dolphins,2026-10-11T17:00:00Z,2026-10-09T18:46+00:00
Kevin Coleman Jr.,rec_yds,19.0,-113,Cincinnati Bengals @ Miami Dolphins,2026-10-11T17:00:00Z,2026-10-09T18:46+00:00
Kevin Coleman Jr.,rec_yds,25.0,139,Cincinnati Bengals @ Miami Dolphins,2026-10-11T17:00:00Z,2026-10-09T18:46+00:00
Kevin Coleman Jr.,rec_yds,40.0,352,Cincinnati Bengals @ Miami Dolphins,2026-10-11T17:00:00Z,2026-10-09T18:46+00:00
Kevin Coleman Jr.,rec_yds,50.0,610,Cincinnati Bengals @ Miami Dolphins,2026-10-11T17:00:00Z,2026-10-09T18:46+00:00
Kevin Coleman Jr.,rec_yds,60.0,1000,Cincinnati Bengals @ Miami Dolphins,2026-10-11T17:00:00Z,2026-10-09T18:46+00:00
Kevin Coleman Jr.,rec_yds,70.0,1640,Cincinnati Bengals @ Miami Dolphins,2026-10-11T17:00:00Z,2026-10-09T18:46+00:00
Kevin Coleman Jr.,rec_yds,80.0,2500,Cincinnati Bengals @ Miami Dolphins,2026-10-11T17:00:00Z,2026-10-09T18:46+00:00
Kevin Coleman Jr.,rec_yds,90.0,3600,Cincinnati Bengals @ Miami Dolphins,2026-10-11T17:00:00Z,2026-10-09T18:46+00:00
Ollie Gordon II,rec_yds,11.0,-105,Cincinnati Bengals @ Miami Dolphins,2026-10-11T17:00:00Z,2026-10-09T18:46+00:00
Ollie Gordon II,rec_yds,15.0,147,Cincinnati Bengals @ Miami Dolphins,2026-10-11T17:00:00Z,2026-10-09T18:46+00:00
Ollie Gordon II,rec_yds,25.0,339,Cincinnati Bengals @ Miami Dolphins,2026-10-11T17:00:00Z,2026-10-09T18:46+00:00
Ollie Gordon II,rec_yds,40.0,940,Cincinnati Bengals @ Miami Dolphins,2026-10-11T17:00:00Z,2026-10-09T18:46+00:00
Ollie Gordon II,rec_yds,50.0,1660,Cincinnati Bengals @ Miami Dolphins,2026-10-11T17:00:00Z,2026-10-09T18:46+00:00
Ollie Gordon II,rec_yds,60.0,2700,Cincinnati Bengals @ Miami Dolphins,2026-10-11T17:00:00Z,2026-10-09T18:46+00:00
Ollie Gordon II,rec_yds,70.0,3800,Cincinnati Bengals @ Miami Dolphins,2026-10-11T17:00:00Z,2026-10-09T18:46+00:00
Malik Washington,receptions,2.0,-3700,Cincinnati Bengals @ Miami Dolphins,2026-10-11T17:00:00Z,2026-10-09T18:46+00:00
Malik Washington,receptions,3.0,-760,Cincinnati Bengals @ Miami Dolphins,2026-10-11T17:00:00Z,2026-10-09T18:46+00:00
Malik Washington,receptions,4.0,-286,Cincinnati Bengals @ Miami Dolphins,2026-10-11T17:00:00Z,2026-10-09T18:46+00:00
Malik Washington,receptions,5.0,-135,Cincinnati Bengals @ Miami Dolphins,2026-10-11T17:00:00Z,2026-10-09T18:46+00:00
Malik Washington,receptions,6.0,144,Cincinnati Bengals @ Miami Dolphins,2026-10-11T17:00:00Z,2026-10-09T18:46+00:00
Malik Washington,receptions,7.0,260,Cincinnati Bengals @ Miami Dolphins,2026-10-11T17:00:00Z,2026-10-09T18:46+00:00
Malik Washington,receptions,8.0,462,Cincinnati Bengals @ Miami Dolphins,2026-10-11T17:00:00Z,2026-10-09T18:46+00:00
Malik Washington,receptions,9.0,790,Cincinnati Bengals @ Miami Dolphins,2026-10-11T17:00:00Z,2026-10-09T18:46+00:00
Malik Washington,receptions,10.0,1320,Cincinnati Bengals @ Miami Dolphins,2026-10-11T17:00:00Z,2026-10-09T18:46+00:00
Malik Washington,receptions,11.0,2000,Cincinnati Bengals @ Miami Dolphins,2026-10-11T17:00:00Z,2026-10-09T18:46+00:00
Malik Washington,receptions,12.0,2800,Cincinnati Bengals @ Miami Dolphins,2026-10-11T17:00:00Z,2026-10-09T18:46+00:00
Greg Dulcich,receptions,2.0,-431,Cincinnati Bengals @ Miami Dolphins,2026-10-11T17:00:00Z,2026-10-09T18:46+00:00
Greg Dulcich,receptions,3.0,-141,Cincinnati Bengals @ Miami Dolphins,2026-10-11T17:00:00Z,2026-10-09T18:46+00:00
Greg Dulcich,receptions,4.0,173,Cincinnati Bengals @ Miami Dolphins,2026-10-11T17:00:00Z,2026-10-09T18:46+00:00
Greg Dulcich,receptions,5.0,394,Cincinnati Bengals @ Miami Dolphins,2026-10-11T17:00:00Z,2026-10-09T18:46+00:00
Greg Dulcich,receptions,6.0,840,Cincinnati Bengals @ Miami Dolphins,2026-10-11T17:00:00Z,2026-10-09T18:46+00:00
Greg Dulcich,receptions,7.0,1660,Cincinnati Bengals @ Miami Dolphins,2026-10-11T17:00:00Z,2026-10-09T18:46+00:00
Chris Bell,receptions,2.0,-322,Cincinnati Bengals @ Miami Dolphins,2026-10-11T17:00:00Z,2026-10-09T18:46+00:00
Chris Bell,receptions,3.0,-107,Cincinnati Bengals @ Miami Dolphins,2026-10-11T17:00:00Z,2026-10-09T18:46+00:00
Chris Bell,receptions,4.0,231,Cincinnati Bengals @ Miami Dolphins,2026-10-11T17:00:00Z,2026-10-09T18:46+00:00
Chris Bell,receptions,5.0,543,Cincinnati Bengals @ Miami Dolphins,2026-10-11T17:00:00Z,2026-10-09T18:46+00:00
Chris Bell,receptions,6.0,1180,Cincinnati Bengals @ Miami Dolphins,2026-10-11T17:00:00Z,2026-10-09T18:46+00:00
Chris Bell,receptions,7.0,2200,Cincinnati Bengals @ Miami Dolphins,2026-10-11T17:00:00Z,2026-10-09T18:46+00:00
Kevin Coleman Jr.,receptions,2.0,-163,Cincinnati Bengals @ Miami Dolphins,2026-10-11T17:00:00Z,2026-10-09T18:46+00:00
Kevin Coleman Jr.,receptions,3.0,183,Cincinnati Bengals @ Miami Dolphins,2026-10-11T17:00:00Z,2026-10-09T18:46+00:00
Kevin Coleman Jr.,receptions,4.0,464,Cincinnati Bengals @ Miami Dolphins,2026-10-11T17:00:00Z,2026-10-09T18:46+00:00
Kevin Coleman Jr.,receptions,5.0,1080,Cincinnati Bengals @ Miami Dolphins,2026-10-11T17:00:00Z,2026-10-09T18:46+00:00
Kevin Coleman Jr.,receptions,6.0,2100,Cincinnati Bengals @ Miami Dolphins,2026-10-11T17:00:00Z,2026-10-09T18:46+00:00
Ollie Gordon II,receptions,2.0,-131,Cincinnati Bengals @ Miami Dolphins,2026-10-11T17:00:00Z,2026-10-09T18:46+00:00
Ollie Gordon II,receptions,3.0,208,Cincinnati Bengals @ Miami Dolphins,2026-10-11T17:00:00Z,2026-10-09T18:46+00:00
Ollie Gordon II,receptions,4.0,514,Cincinnati Bengals @ Miami Dolphins,2026-10-11T17:00:00Z,2026-10-09T18:46+00:00
Ollie Gordon II,receptions,5.0,1140,Cincinnati Bengals @ Miami Dolphins,2026-10-11T17:00:00Z,2026-10-09T18:46+00:00
Ollie Gordon II,receptions,6.0,2300,Cincinnati Bengals @ Miami Dolphins,2026-10-11T17:00:00Z,2026-10-09T18:46+00:00
Chase Brown,rush_att,10.0,-3500,Cincinnati Bengals @ Miami Dolphins,2026-10-11T17:00:00Z,2026-10-09T18:46+00:00
Chase Brown,rush_att,12.0,-940,Cincinnati Bengals @ Miami Dolphins,2026-10-11T17:00:00Z,2026-10-09T18:46+00:00
Chase Brown,rush_att,14.0,-378,Cincinnati Bengals @ Miami Dolphins,2026-10-11T17:00:00Z,2026-10-09T18:46+00:00
Chase Brown,rush_att,16.0,-172,Cincinnati Bengals @ Miami Dolphins,2026-10-11T17:00:00Z,2026-10-09T18:46+00:00
Chase Brown,rush_att,17.0,-122,Cincinnati Bengals @ Miami Dolphins,2026-10-11T17:00:00Z,2026-10-09T18:46+00:00
Chase Brown,rush_att,18.0,116,Cincinnati Bengals @ Miami Dolphins,2026-10-11T17:00:00Z,2026-10-09T18:46+00:00
Chase Brown,rush_att,20.0,227,Cincinnati Bengals @ Miami Dolphins,2026-10-11T17:00:00Z,2026-10-09T18:46+00:00
Chase Brown,rush_att,22.0,441,Cincinnati Bengals @ Miami Dolphins,2026-10-11T17:00:00Z,2026-10-09T18:46+00:00
Chase Brown,rush_att,24.0,890,Cincinnati Bengals @ Miami Dolphins,2026-10-11T17:00:00Z,2026-10-09T18:46+00:00
Chase Brown,rush_att,26.0,1740,Cincinnati Bengals @ Miami Dolphins,2026-10-11T17:00:00Z,2026-10-09T18:46+00:00
Ollie Gordon II,rush_att,6.0,-3300,Cincinnati Bengals @ Miami Dolphins,2026-10-11T17:00:00Z,2026-10-09T18:46+00:00
Ollie Gordon II,rush_att,8.0,-640,Cincinnati Bengals @ Miami Dolphins,2026-10-11T17:00:00Z,2026-10-09T18:46+00:00
Ollie Gordon II,rush_att,10.0,-221,Cincinnati Bengals @ Miami Dolphins,2026-10-11T17:00:00Z,2026-10-09T18:46+00:00
Ollie Gordon II,rush_att,12.0,105,Cincinnati Bengals @ Miami Dolphins,2026-10-11T17:00:00Z,2026-10-09T18:46+00:00
Ollie Gordon II,rush_att,14.0,218,Cincinnati Bengals @ Miami Dolphins,2026-10-11T17:00:00Z,2026-10-09T18:46+00:00
Ollie Gordon II,rush_att,16.0,456,Cincinnati Bengals @ Miami Dolphins,2026-10-11T17:00:00Z,2026-10-09T18:46+00:00
Ollie Gordon II,rush_att,18.0,920,Cincinnati Bengals @ Miami Dolphins,2026-10-11T17:00:00Z,2026-10-09T18:46+00:00
Chase Brown,rush_yds,30.0,-1780,Cincinnati Bengals @ Miami Dolphins,2026-10-11T17:00:00Z,2026-10-09T18:46+00:00
Chase Brown,rush_yds,40.0,-630,Cincinnati Bengals @ Miami Dolphins,2026-10-11T17:00:00Z,2026-10-09T18:46+00:00
Chase Brown,rush_yds,50.0,-304,Cincinnati Bengals @ Miami Dolphins,2026-10-11T17:00:00Z,2026-10-09T18:46+00:00
Chase Brown,rush_yds,60.0,-168,Cincinnati Bengals @ Miami Dolphins,2026-10-11T17:00:00Z,2026-10-09T18:46+00:00
Chase Brown,rush_yds,68.0,-111,Cincinnati Bengals @ Miami Dolphins,2026-10-11T17:00:00Z,2026-10-09T18:46+00:00
Chase Brown,rush_yds,70.0,100,Cincinnati Bengals @ Miami Dolphins,2026-10-11T17:00:00Z,2026-10-09T18:46+00:00
Chase Brown,rush_yds,80.0,163,Cincinnati Bengals @ Miami Dolphins,2026-10-11T17:00:00Z,2026-10-09T18:46+00:00
Chase Brown,rush_yds,90.0,258,Cincinnati Bengals @ Miami Dolphins,2026-10-11T17:00:00Z,2026-10-09T18:46+00:00
Chase Brown,rush_yds,100.0,397,Cincinnati Bengals @ Miami Dolphins,2026-10-11T17:00:00Z,2026-10-09T18:46+00:00
Chase Brown,rush_yds,110.0,600,Cincinnati Bengals @ Miami Dolphins,2026-10-11T17:00:00Z,2026-10-09T18:46+00:00
Chase Brown,rush_yds,120.0,910,Cincinnati Bengals @ Miami Dolphins,2026-10-11T17:00:00Z,2026-10-09T18:46+00:00
Chase Brown,rush_yds,130.0,1300,Cincinnati Bengals @ Miami Dolphins,2026-10-11T17:00:00Z,2026-10-09T18:46+00:00
Chase Brown,rush_yds,140.0,1960,Cincinnati Bengals @ Miami Dolphins,2026-10-11T17:00:00Z,2026-10-09T18:46+00:00
Chase Brown,rush_yds,150.0,2700,Cincinnati Bengals @ Miami Dolphins,2026-10-11T17:00:00Z,2026-10-09T18:46+00:00
Chase Brown,rush_yds,160.0,3700,Cincinnati Bengals @ Miami Dolphins,2026-10-11T17:00:00Z,2026-10-09T18:46+00:00
Ollie Gordon II,rush_yds,15.0,-1600,Cincinnati Bengals @ Miami Dolphins,2026-10-11T17:00:00Z,2026-10-09T18:46+00:00
Ollie Gordon II,rush_yds,20.0,-760,Cincinnati Bengals @ Miami Dolphins,2026-10-11T17:00:00Z,2026-10-09T18:46+00:00
Ollie Gordon II,rush_yds,25.0,-439,Cincinnati Bengals @ Miami Dolphins,2026-10-11T17:00:00Z,2026-10-09T18:46+00:00
Ollie Gordon II,rush_yds,30.0,-280,Cincinnati Bengals @ Miami Dolphins,2026-10-11T17:00:00Z,2026-10-09T18:46+00:00
Ollie Gordon II,rush_yds,40.0,-136,Cincinnati Bengals @ Miami Dolphins,2026-10-11T17:00:00Z,2026-10-09T18:46+00:00
Ollie Gordon II,rush_yds,43.0,-113,Cincinnati Bengals @ Miami Dolphins,2026-10-11T17:00:00Z,2026-10-09T18:46+00:00
Ollie Gordon II,rush_yds,50.0,132,Cincinnati Bengals @ Miami Dolphins,2026-10-11T17:00:00Z,2026-10-09T18:46+00:00
Ollie Gordon II,rush_yds,60.0,221,Cincinnati Bengals @ Miami Dolphins,2026-10-11T17:00:00Z,2026-10-09T18:46+00:00
Ollie Gordon II,rush_yds,70.0,352,Cincinnati Bengals @ Miami Dolphins,2026-10-11T17:00:00Z,2026-10-09T18:46+00:00
Ollie Gordon II,rush_yds,80.0,559,Cincinnati Bengals @ Miami Dolphins,2026-10-11T17:00:00Z,2026-10-09T18:46+00:00
Ollie Gordon II,rush_yds,90.0,870,Cincinnati Bengals @ Miami Dolphins,2026-10-11T17:00:00Z,2026-10-09T18:46+00:00
Ollie Gordon II,rush_yds,100.0,1340,Cincinnati Bengals @ Miami Dolphins,2026-10-11T17:00:00Z,2026-10-09T18:46+00:00
Ollie Gordon II,rush_yds,110.0,1980,Cincinnati Bengals @ Miami Dolphins,2026-10-11T17:00:00Z,2026-10-09T18:46+00:00
Ollie Gordon II,rush_yds,120.0,2800,Cincinnati Bengals @ Miami Dolphins,2026-10-11T17:00:00Z,2026-10-09T18:46+00:00
Ollie Gordon II,rush_yds,130.0,3900,Cincinnati Bengals @ Miami Dolphins,2026-10-11T17:00:00Z,2026-10-09T18:46+00:00
Jaylen Wright,rush_yds,10.0,-542,Cincinnati Bengals @ Miami Dolphins,2026-10-11T17:00:00Z,2026-10-09T18:46+00:00
Jaylen Wright,rush_yds,15.0,-291,Cincinnati Bengals @ Miami Dolphins,2026-10-11T17:00:00Z,2026-10-09T18:46+00:00
Jaylen Wright,rush_yds,20.0,-179,Cincinnati Bengals @ Miami Dolphins,2026-10-11T17:00:00Z,2026-10-09T18:46+00:00
Jaylen Wright,rush_yds,25.0,-117,Cincinnati Bengals @ Miami Dolphins,2026-10-11T17:00:00Z,2026-10-09T18:46+00:00
Jaylen Wright,rush_yds,26.0,-108,Cincinnati Bengals @ Miami Dolphins,2026-10-11T17:00:00Z,2026-10-09T18:46+00:00
Jaylen Wright,rush_yds,30.0,124,Cincinnati Bengals @ Miami Dolphins,2026-10-11T17:00:00Z,2026-10-09T18:46+00:00
Jaylen Wright,rush_yds,40.0,234,Cincinnati Bengals @ Miami Dolphins,2026-10-11T17:00:00Z,2026-10-09T18:46+00:00
Jaylen Wright,rush_yds,50.0,400,Cincinnati Bengals @ Miami Dolphins,2026-10-11T17:00:00Z,2026-10-09T18:46+00:00
Jaylen Wright,rush_yds,60.0,660,Cincinnati Bengals @ Miami Dolphins,2026-10-11T17:00:00Z,2026-10-09T18:46+00:00
Jaylen Wright,rush_yds,70.0,1040,Cincinnati Bengals @ Miami Dolphins,2026-10-11T17:00:00Z,2026-10-09T18:46+00:00
Jaylen Wright,rush_yds,80.0,1540,Cincinnati Bengals @ Miami Dolphins,2026-10-11T17:00:00Z,2026-10-09T18:46+00:00
Jaylen Wright,rush_yds,90.0,2200,Cincinnati Bengals @ Miami Dolphins,2026-10-11T17:00:00Z,2026-10-09T18:46+00:00
Jaylen Wright,rush_yds,100.0,3000,Cincinnati Bengals @ Miami Dolphins,2026-10-11T17:00:00Z,2026-10-09T18:46+00:00
Malik Willis,rush_yds,10.0,-2200,Cincinnati Bengals @ Miami Dolphins,2026-10-11T17:00:00Z,2026-10-09T18:46+00:00
Malik Willis,rush_yds,15.0,-860,Cincinnati Bengals @ Miami Dolphins,2026-10-11T17:00:00Z,2026-10-09T18:46+00:00
Malik Willis,rush_yds,20.0,-428,Cincinnati Bengals @ Miami Dolphins,2026-10-11T17:00:00Z,2026-10-09T18:46+00:00
Malik Willis,rush_yds,25.0,-249,Cincinnati Bengals @ Miami Dolphins,2026-10-11T17:00:00Z,2026-10-09T18:46+00:00
Malik Willis,rush_yds,30.0,-158,Cincinnati Bengals @ Miami Dolphins,2026-10-11T17:00:00Z,2026-10-09T18:46+00:00
Malik Willis,rush_yds,34.0,-112,Cincinnati Bengals @ Miami Dolphins,2026-10-11T17:00:00Z,2026-10-09T18:46+00:00
Malik Willis,rush_yds,40.0,145,Cincinnati Bengals @ Miami Dolphins,2026-10-11T17:00:00Z,2026-10-09T18:46+00:00
Malik Willis,rush_yds,50.0,289,Cincinnati Bengals @ Miami Dolphins,2026-10-11T17:00:00Z,2026-10-09T18:46+00:00
Malik Willis,rush_yds,60.0,549,Cincinnati Bengals @ Miami Dolphins,2026-10-11T17:00:00Z,2026-10-09T18:46+00:00
Malik Willis,rush_yds,70.0,960,Cincinnati Bengals @ Miami Dolphins,2026-10-11T17:00:00Z,2026-10-09T18:46+00:00
Malik Willis,rush_yds,80.0,1620,Cincinnati Bengals @ Miami Dolphins,2026-10-11T17:00:00Z,2026-10-09T18:46+00:00
Malik Willis,rush_yds,90.0,2500,Cincinnati Bengals @ Miami Dolphins,2026-10-11T17:00:00Z,2026-10-09T18:46+00:00
Malik Willis,rush_yds,100.0,3700,Cincinnati Bengals @ Miami Dolphins,2026-10-11T17:00:00Z,2026-10-09T18:46+00:00
Samaje Perine,rush_yds,10.0,-217,Cincinnati Bengals @ Miami Dolphins,2026-10-11T17:00:00Z,2026-10-09T18:46+00:00
Samaje Perine,rush_yds,15.0,-112,Cincinnati Bengals @ Miami Dolphins,2026-10-11T17:00:00Z,2026-10-09T18:46+00:00
Samaje Perine,rush_yds,20.0,154,Cincinnati Bengals @ Miami Dolphins,2026-10-11T17:00:00Z,2026-10-09T18:46+00:00
Samaje Perine,rush_yds,25.0,244,Cincinnati Bengals @ Miami Dolphins,2026-10-11T17:00:00Z,2026-10-09T18:46+00:00
Samaje Perine,rush_yds,30.0,371,Cincinnati Bengals @ Miami Dolphins,2026-10-11T17:00:00Z,2026-10-09T18:46+00:00
Samaje Perine,rush_yds,40.0,740,Cincinnati Bengals @ Miami Dolphins,2026-10-11T17:00:00Z,2026-10-09T18:46+00:00
Samaje Perine,rush_yds,50.0,1320,Cincinnati Bengals @ Miami Dolphins,2026-10-11T17:00:00Z,2026-10-09T18:46+00:00
Samaje Perine,rush_yds,60.0,2000,Cincinnati Bengals @ Miami Dolphins,2026-10-11T17:00:00Z,2026-10-09T18:46+00:00
Samaje Perine,rush_yds,70.0,3000,Cincinnati Bengals @ Miami Dolphins,2026-10-11T17:00:00Z,2026-10-09T18:46+00:00
Joe Burrow,rush_yds,9.0,-112,Cincinnati Bengals @ Miami Dolphins,2026-10-11T17:00:00Z,2026-10-09T18:46+00:00
Joe Burrow,rush_yds,10.0,104,Cincinnati Bengals @ Miami Dolphins,2026-10-11T17:00:00Z,2026-10-09T18:46+00:00
Joe Burrow,rush_yds,15.0,206,Cincinnati Bengals @ Miami Dolphins,2026-10-11T17:00:00Z,2026-10-09T18:46+00:00
Joe Burrow,rush_yds,20.0,358,Cincinnati Bengals @ Miami Dolphins,2026-10-11T17:00:00Z,2026-10-09T18:46+00:00
Joe Burrow,rush_yds,25.0,586,Cincinnati Bengals @ Miami Dolphins,2026-10-11T17:00:00Z,2026-10-09T18:46+00:00
Joe Burrow,rush_yds,30.0,930,Cincinnati Bengals @ Miami Dolphins,2026-10-11T17:00:00Z,2026-10-09T18:46+00:00
Joe Burrow,rush_yds,40.0,2000,Cincinnati Bengals @ Miami Dolphins,2026-10-11T17:00:00Z,2026-10-09T18:46+00:00
Joe Burrow,rush_yds,50.0,3500,Cincinnati Bengals @ Miami Dolphins,2026-10-11T17:00:00Z,2026-10-09T18:46+00:00
Geno Smith,pass_att,24.0,-1380,Cleveland Browns @ New York Jets,2026-10-11T17:00:00Z,2026-10-09T18:46+00:00
Geno Smith,pass_att,26.0,-591,Cleveland Browns @ New York Jets,2026-10-11T17:00:00Z,2026-10-09T18:46+00:00
Geno Smith,pass_att,28.0,-309,Cleveland Browns @ New York Jets,2026-10-11T17:00:00Z,2026-10-09T18:46+00:00
Geno Smith,pass_att,30.0,-174,Cleveland Browns @ New York Jets,2026-10-11T17:00:00Z,2026-10-09T18:46+00:00
Geno Smith,pass_att,32.0,-103,Cleveland Browns @ New York Jets,2026-10-11T17:00:00Z,2026-10-09T18:46+00:00
Geno Smith,pass_att,34.0,158,Cleveland Browns @ New York Jets,2026-10-11T17:00:00Z,2026-10-09T18:46+00:00
Geno Smith,pass_att,36.0,253,Cleveland Browns @ New York Jets,2026-10-11T17:00:00Z,2026-10-09T18:46+00:00
Geno Smith,pass_att,38.0,397,Cleveland Browns @ New York Jets,2026-10-11T17:00:00Z,2026-10-09T18:46+00:00
Geno Smith,pass_att,40.0,610,Cleveland Browns @ New York Jets,2026-10-11T17:00:00Z,2026-10-09T18:46+00:00
Geno Smith,pass_att,42.0,950,Cleveland Browns @ New York Jets,2026-10-11T17:00:00Z,2026-10-09T18:46+00:00
Geno Smith,pass_att,44.0,1420,Cleveland Browns @ New York Jets,2026-10-11T17:00:00Z,2026-10-09T18:46+00:00
Deshaun Watson,pass_att,24.0,-1420,Cleveland Browns @ New York Jets,2026-10-11T17:00:00Z,2026-10-09T18:46+00:00
Deshaun Watson,pass_att,26.0,-610,Cleveland Browns @ New York Jets,2026-10-11T17:00:00Z,2026-10-09T18:46+00:00
Deshaun Watson,pass_att,28.0,-318,Cleveland Browns @ New York Jets,2026-10-11T17:00:00Z,2026-10-09T18:46+00:00
Deshaun Watson,pass_att,30.0,-178,Cleveland Browns @ New York Jets,2026-10-11T17:00:00Z,2026-10-09T18:46+00:00
Deshaun Watson,pass_att,32.0,-108,Cleveland Browns @ New York Jets,2026-10-11T17:00:00Z,2026-10-09T18:46+00:00
Deshaun Watson,pass_att,34.0,153,Cleveland Browns @ New York Jets,2026-10-11T17:00:00Z,2026-10-09T18:46+00:00
Deshaun Watson,pass_att,36.0,250,Cleveland Browns @ New York Jets,2026-10-11T17:00:00Z,2026-10-09T18:46+00:00
Deshaun Watson,pass_att,38.0,395,Cleveland Browns @ New York Jets,2026-10-11T17:00:00Z,2026-10-09T18:46+00:00
Deshaun Watson,pass_att,40.0,610,Cleveland Browns @ New York Jets,2026-10-11T17:00:00Z,2026-10-09T18:46+00:00
Deshaun Watson,pass_att,42.0,980,Cleveland Browns @ New York Jets,2026-10-11T17:00:00Z,2026-10-09T18:46+00:00
Deshaun Watson,pass_att,44.0,1500,Cleveland Browns @ New York Jets,2026-10-11T17:00:00Z,2026-10-09T18:46+00:00
Geno Smith,pass_cmps,14.0,-3000,Cleveland Browns @ New York Jets,2026-10-11T17:00:00Z,2026-10-09T18:46+00:00
Geno Smith,pass_cmps,16.0,-780,Cleveland Browns @ New York Jets,2026-10-11T17:00:00Z,2026-10-09T18:46+00:00
Geno Smith,pass_cmps,18.0,-303,Cleveland Browns @ New York Jets,2026-10-11T17:00:00Z,2026-10-09T18:46+00:00
Geno Smith,pass_cmps,20.0,-138,Cleveland Browns @ New York Jets,2026-10-11T17:00:00Z,2026-10-09T18:46+00:00
Geno Smith,pass_cmps,21.0,103,Cleveland Browns @ New York Jets,2026-10-11T17:00:00Z,2026-10-09T18:46+00:00
Geno Smith,pass_cmps,22.0,148,Cleveland Browns @ New York Jets,2026-10-11T17:00:00Z,2026-10-09T18:46+00:00
Geno Smith,pass_cmps,24.0,293,Cleveland Browns @ New York Jets,2026-10-11T17:00:00Z,2026-10-09T18:46+00:00
Geno Smith,pass_cmps,26.0,568,Cleveland Browns @ New York Jets,2026-10-11T17:00:00Z,2026-10-09T18:46+00:00
Geno Smith,pass_cmps,28.0,1080,Cleveland Browns @ New York Jets,2026-10-11T17:00:00Z,2026-10-09T18:46+00:00
Deshaun Watson,pass_cmps,14.0,-1840,Cleveland Browns @ New York Jets,2026-10-11T17:00:00Z,2026-10-09T18:46+00:00
Deshaun Watson,pass_cmps,16.0,-565,Cleveland Browns @ New York Jets,2026-10-11T17:00:00Z,2026-10-09T18:46+00:00
Deshaun Watson,pass_cmps,18.0,-236,Cleveland Browns @ New York Jets,2026-10-11T17:00:00Z,2026-10-09T18:46+00:00
Deshaun Watson,pass_cmps,20.0,-113,Cleveland Browns @ New York Jets,2026-10-11T17:00:00Z,2026-10-09T18:46+00:00
Deshaun Watson,pass_cmps,22.0,175,Cleveland Browns @ New York Jets,2026-10-11T17:00:00Z,2026-10-09T18:46+00:00
Deshaun Watson,pass_cmps,24.0,341,Cleveland Browns @ New York Jets,2026-10-11T17:00:00Z,2026-10-09T18:46+00:00
Deshaun Watson,pass_cmps,26.0,650,Cleveland Browns @ New York Jets,2026-10-11T17:00:00Z,2026-10-09T18:46+00:00
Deshaun Watson,pass_cmps,28.0,1200,Cleveland Browns @ New York Jets,2026-10-11T17:00:00Z,2026-10-09T18:46+00:00
Deshaun Watson,pass_yds,150.0,-524,Cleveland Browns @ New York Jets,2026-10-11T17:00:00Z,2026-10-09T18:46+00:00
Deshaun Watson,pass_yds,160.0,-377,Cleveland Browns @ New York Jets,2026-10-11T17:00:00Z,2026-10-09T18:46+00:00
Deshaun Watson,pass_yds,170.0,-278,Cleveland Browns @ New York Jets,2026-10-11T17:00:00Z,2026-10-09T18:46+00:00
Deshaun Watson,pass_yds,180.0,-208,Cleveland Browns @ New York Jets,2026-10-11T17:00:00Z,2026-10-09T18:46+00:00
Deshaun Watson,pass_yds,190.0,-159,Cleveland Browns @ New York Jets,2026-10-11T17:00:00Z,2026-10-09T18:46+00:00
Deshaun Watson,pass_yds,200.0,-123,Cleveland Browns @ New York Jets,2026-10-11T17:00:00Z,2026-10-09T18:46+00:00
Deshaun Watson,pass_yds,204.0,-111,Cleveland Browns @ New York Jets,2026-10-11T17:00:00Z,2026-10-09T18:46+00:00
Deshaun Watson,pass_yds,210.0,105,Cleveland Browns @ New York Jets,2026-10-11T17:00:00Z,2026-10-09T18:46+00:00
Deshaun Watson,pass_yds,220.0,133,Cleveland Browns @ New York Jets,2026-10-11T17:00:00Z,2026-10-09T18:46+00:00
Deshaun Watson,pass_yds,230.0,170,Cleveland Browns @ New York Jets,2026-10-11T17:00:00Z,2026-10-09T18:46+00:00
Deshaun Watson,pass_yds,240.0,217,Cleveland Browns @ New York Jets,2026-10-11T17:00:00Z,2026-10-09T18:46+00:00
Deshaun Watson,pass_yds,250.0,276,Cleveland Browns @ New York Jets,2026-10-11T17:00:00Z,2026-10-09T18:46+00:00
Deshaun Watson,pass_yds,260.0,348,Cleveland Browns @ New York Jets,2026-10-11T17:00:00Z,2026-10-09T18:46+00:00
Deshaun Watson,pass_yds,270.0,438,Cleveland Browns @ New York Jets,2026-10-11T17:00:00Z,2026-10-09T18:46+00:00
Deshaun Watson,pass_yds,280.0,564,Cleveland Browns @ New York Jets,2026-10-11T17:00:00Z,2026-10-09T18:46+00:00
Deshaun Watson,pass_yds,290.0,720,Cleveland Browns @ New York Jets,2026-10-11T17:00:00Z,2026-10-09T18:46+00:00
Deshaun Watson,pass_yds,300.0,920,Cleveland Browns @ New York Jets,2026-10-11T17:00:00Z,2026-10-09T18:46+00:00
Deshaun Watson,pass_yds,310.0,1140,Cleveland Browns @ New York Jets,2026-10-11T17:00:00Z,2026-10-09T18:46+00:00
Deshaun Watson,pass_yds,320.0,1460,Cleveland Browns @ New York Jets,2026-10-11T17:00:00Z,2026-10-09T18:46+00:00
Deshaun Watson,pass_yds,330.0,1880,Cleveland Browns @ New York Jets,2026-10-11T17:00:00Z,2026-10-09T18:46+00:00
Deshaun Watson,pass_yds,340.0,2300,Cleveland Browns @ New York Jets,2026-10-11T17:00:00Z,2026-10-09T18:46+00:00
Deshaun Watson,pass_yds,350.0,3000,Cleveland Browns @ New York Jets,2026-10-11T17:00:00Z,2026-10-09T18:46+00:00
Deshaun Watson,pass_yds,360.0,3600,Cleveland Browns @ New York Jets,2026-10-11T17:00:00Z,2026-10-09T18:46+00:00
Geno Smith,pass_yds,150.0,-610,Cleveland Browns @ New York Jets,2026-10-11T17:00:00Z,2026-10-09T18:46+00:00
Geno Smith,pass_yds,160.0,-427,Cleveland Browns @ New York Jets,2026-10-11T17:00:00Z,2026-10-09T18:46+00:00
Geno Smith,pass_yds,170.0,-308,Cleveland Browns @ New York Jets,2026-10-11T17:00:00Z,2026-10-09T18:46+00:00
Geno Smith,pass_yds,180.0,-226,Cleveland Browns @ New York Jets,2026-10-11T17:00:00Z,2026-10-09T18:46+00:00
Geno Smith,pass_yds,190.0,-171,Cleveland Browns @ New York Jets,2026-10-11T17:00:00Z,2026-10-09T18:46+00:00
Geno Smith,pass_yds,200.0,-132,Cleveland Browns @ New York Jets,2026-10-11T17:00:00Z,2026-10-09T18:46+00:00
Geno Smith,pass_yds,206.0,-112,Cleveland Browns @ New York Jets,2026-10-11T17:00:00Z,2026-10-09T18:46+00:00
Geno Smith,pass_yds,210.0,-101,Cleveland Browns @ New York Jets,2026-10-11T17:00:00Z,2026-10-09T18:46+00:00
Geno Smith,pass_yds,220.0,127,Cleveland Browns @ New York Jets,2026-10-11T17:00:00Z,2026-10-09T18:46+00:00
Geno Smith,pass_yds,230.0,164,Cleveland Browns @ New York Jets,2026-10-11T17:00:00Z,2026-10-09T18:46+00:00
Geno Smith,pass_yds,240.0,209,Cleveland Browns @ New York Jets,2026-10-11T17:00:00Z,2026-10-09T18:46+00:00
Geno Smith,pass_yds,250.0,267,Cleveland Browns @ New York Jets,2026-10-11T17:00:00Z,2026-10-09T18:46+00:00
Geno Smith,pass_yds,260.0,339,Cleveland Browns @ New York Jets,2026-10-11T17:00:00Z,2026-10-09T18:46+00:00
Geno Smith,pass_yds,270.0,438,Cleveland Browns @ New York Jets,2026-10-11T17:00:00Z,2026-10-09T18:46+00:00
Geno Smith,pass_yds,280.0,565,Cleveland Browns @ New York Jets,2026-10-11T17:00:00Z,2026-10-09T18:46+00:00
Geno Smith,pass_yds,290.0,730,Cleveland Browns @ New York Jets,2026-10-11T17:00:00Z,2026-10-09T18:46+00:00
Geno Smith,pass_yds,300.0,940,Cleveland Browns @ New York Jets,2026-10-11T17:00:00Z,2026-10-09T18:46+00:00
Geno Smith,pass_yds,310.0,1200,Cleveland Browns @ New York Jets,2026-10-11T17:00:00Z,2026-10-09T18:46+00:00
Geno Smith,pass_yds,320.0,1500,Cleveland Browns @ New York Jets,2026-10-11T17:00:00Z,2026-10-09T18:46+00:00
Geno Smith,pass_yds,330.0,1900,Cleveland Browns @ New York Jets,2026-10-11T17:00:00Z,2026-10-09T18:46+00:00
Geno Smith,pass_yds,340.0,2400,Cleveland Browns @ New York Jets,2026-10-11T17:00:00Z,2026-10-09T18:46+00:00
Geno Smith,pass_yds,350.0,2900,Cleveland Browns @ New York Jets,2026-10-11T17:00:00Z,2026-10-09T18:46+00:00
Geno Smith,pass_yds,360.0,3800,Cleveland Browns @ New York Jets,2026-10-11T17:00:00Z,2026-10-09T18:46+00:00
Garrett Wilson,rec_yds,25.0,-1680,Cleveland Browns @ New York Jets,2026-10-11T17:00:00Z,2026-10-09T18:46+00:00
Garrett Wilson,rec_yds,40.0,-504,Cleveland Browns @ New York Jets,2026-10-11T17:00:00Z,2026-10-09T18:46+00:00
Garrett Wilson,rec_yds,50.0,-289,Cleveland Browns @ New York Jets,2026-10-11T17:00:00Z,2026-10-09T18:46+00:00
Garrett Wilson,rec_yds,60.0,-172,Cleveland Browns @ New York Jets,2026-10-11T17:00:00Z,2026-10-09T18:46+00:00
Garrett Wilson,rec_yds,70.0,-111,Cleveland Browns @ New York Jets,2026-10-11T17:00:00Z,2026-10-09T18:46+00:00
Garrett Wilson,rec_yds,80.0,137,Cleveland Browns @ New York Jets,2026-10-11T17:00:00Z,2026-10-09T18:46+00:00
Garrett Wilson,rec_yds,90.0,204,Cleveland Browns @ New York Jets,2026-10-11T17:00:00Z,2026-10-09T18:46+00:00
Garrett Wilson,rec_yds,100.0,295,Cleveland Browns @ New York Jets,2026-10-11T17:00:00Z,2026-10-09T18:46+00:00
Garrett Wilson,rec_yds,110.0,438,Cleveland Browns @ New York Jets,2026-10-11T17:00:00Z,2026-10-09T18:46+00:00
Garrett Wilson,rec_yds,120.0,620,Cleveland Browns @ New York Jets,2026-10-11T17:00:00Z,2026-10-09T18:46+00:00
Garrett Wilson,rec_yds,130.0,900,Cleveland Browns @ New York Jets,2026-10-11T17:00:00Z,2026-10-09T18:46+00:00
Garrett Wilson,rec_yds,140.0,1320,Cleveland Browns @ New York Jets,2026-10-11T17:00:00Z,2026-10-09T18:46+00:00
Garrett Wilson,rec_yds,150.0,1900,Cleveland Browns @ New York Jets,2026-10-11T17:00:00Z,2026-10-09T18:46+00:00
Garrett Wilson,rec_yds,160.0,2500,Cleveland Browns @ New York Jets,2026-10-11T17:00:00Z,2026-10-09T18:46+00:00
Garrett Wilson,rec_yds,170.0,3300,Cleveland Browns @ New York Jets,2026-10-11T17:00:00Z,2026-10-09T18:46+00:00
Denzel Boston,rec_yds,15.0,-880,Cleveland Browns @ New York Jets,2026-10-11T17:00:00Z,2026-10-09T18:46+00:00
Denzel Boston,rec_yds,25.0,-386,Cleveland Browns @ New York Jets,2026-10-11T17:00:00Z,2026-10-09T18:46+00:00
Denzel Boston,rec_yds,40.0,-163,Cleveland Browns @ New York Jets,2026-10-11T17:00:00Z,2026-10-09T18:46+00:00
Denzel Boston,rec_yds,48.0,-112,Cleveland Browns @ New York Jets,2026-10-11T17:00:00Z,2026-10-09T18:46+00:00
Denzel Boston,rec_yds,50.0,-103,Cleveland Browns @ New York Jets,2026-10-11T17:00:00Z,2026-10-09T18:46+00:00
Denzel Boston,rec_yds,60.0,149,Cleveland Browns @ New York Jets,2026-10-11T17:00:00Z,2026-10-09T18:46+00:00
Denzel Boston,rec_yds,70.0,222,Cleveland Browns @ New York Jets,2026-10-11T17:00:00Z,2026-10-09T18:46+00:00
Denzel Boston,rec_yds,80.0,324,Cleveland Browns @ New York Jets,2026-10-11T17:00:00Z,2026-10-09T18:46+00:00
Denzel Boston,rec_yds,90.0,482,Cleveland Browns @ New York Jets,2026-10-11T17:00:00Z,2026-10-09T18:46+00:00
Denzel Boston,rec_yds,100.0,690,Cleveland Browns @ New York Jets,2026-10-11T17:00:00Z,2026-10-09T18:46+00:00
Denzel Boston,rec_yds,110.0,980,Cleveland Browns @ New York Jets,2026-10-11T17:00:00Z,2026-10-09T18:46+00:00
Denzel Boston,rec_yds,120.0,1380,Cleveland Browns @ New York Jets,2026-10-11T17:00:00Z,2026-10-09T18:46+00:00
Denzel Boston,rec_yds,130.0,1960,Cleveland Browns @ New York Jets,2026-10-11T17:00:00Z,2026-10-09T18:46+00:00
Denzel Boston,rec_yds,140.0,2700,Cleveland Browns @ New York Jets,2026-10-11T17:00:00Z,2026-10-09T18:46+00:00
Denzel Boston,rec_yds,150.0,3500,Cleveland Browns @ New York Jets,2026-10-11T17:00:00Z,2026-10-09T18:46+00:00
KC Concepcion,rec_yds,15.0,-750,Cleveland Browns @ New York Jets,2026-10-11T17:00:00Z,2026-10-09T18:46+00:00
KC Concepcion,rec_yds,25.0,-293,Cleveland Browns @ New York Jets,2026-10-11T17:00:00Z,2026-10-09T18:46+00:00
KC Concepcion,rec_yds,40.0,-110,Cleveland Browns @ New York Jets,2026-10-11T17:00:00Z,2026-10-09T18:46+00:00
KC Concepcion,rec_yds,50.0,154,Cleveland Browns @ New York Jets,2026-10-11T17:00:00Z,2026-10-09T18:46+00:00
KC Concepcion,rec_yds,60.0,252,Cleveland Browns @ New York Jets,2026-10-11T17:00:00Z,2026-10-09T18:46+00:00
KC Concepcion,rec_yds,70.0,395,Cleveland Browns @ New York Jets,2026-10-11T17:00:00Z,2026-10-09T18:46+00:00
KC Concepcion,rec_yds,80.0,600,Cleveland Browns @ New York Jets,2026-10-11T17:00:00Z,2026-10-09T18:46+00:00
KC Concepcion,rec_yds,90.0,930,Cleveland Browns @ New York Jets,2026-10-11T17:00:00Z,2026-10-09T18:46+00:00
KC Concepcion,rec_yds,100.0,1440,Cleveland Browns @ New York Jets,2026-10-11T17:00:00Z,2026-10-09T18:46+00:00
KC Concepcion,rec_yds,110.0,2100,Cleveland Browns @ New York Jets,2026-10-11T17:00:00Z,2026-10-09T18:46+00:00
KC Concepcion,rec_yds,120.0,2900,Cleveland Browns @ New York Jets,2026-10-11T17:00:00Z,2026-10-09T18:46+00:00
KC Concepcion,rec_yds,130.0,4000,Cleveland Browns @ New York Jets,2026-10-11T17:00:00Z,2026-10-09T18:46+00:00
Harold Fannin Jr.,rec_yds,15.0,-568,Cleveland Browns @ New York Jets,2026-10-11T17:00:00Z,2026-10-09T18:46+00:00
Harold Fannin Jr.,rec_yds,25.0,-231,Cleveland Browns @ New York Jets,2026-10-11T17:00:00Z,2026-10-09T18:46+00:00
Harold Fannin Jr.,rec_yds,36.0,-112,Cleveland Browns @ New York Jets,2026-10-11T17:00:00Z,2026-10-09T18:46+00:00
Harold Fannin Jr.,rec_yds,40.0,113,Cleveland Browns @ New York Jets,2026-10-11T17:00:00Z,2026-10-09T18:46+00:00
Harold Fannin Jr.,rec_yds,50.0,195,Cleveland Browns @ New York Jets,2026-10-11T17:00:00Z,2026-10-09T18:46+00:00
Harold Fannin Jr.,rec_yds,60.0,317,Cleveland Browns @ New York Jets,2026-10-11T17:00:00Z,2026-10-09T18:46+00:00
Harold Fannin Jr.,rec_yds,70.0,500,Cleveland Browns @ New York Jets,2026-10-11T17:00:00Z,2026-10-09T18:46+00:00
Harold Fannin Jr.,rec_yds,80.0,770,Cleveland Browns @ New York Jets,2026-10-11T17:00:00Z,2026-10-09T18:46+00:00
Harold Fannin Jr.,rec_yds,90.0,1160,Cleveland Browns @ New York Jets,2026-10-11T17:00:00Z,2026-10-09T18:46+00:00
Harold Fannin Jr.,rec_yds,100.0,1720,Cleveland Browns @ New York Jets,2026-10-11T17:00:00Z,2026-10-09T18:46+00:00
Harold Fannin Jr.,rec_yds,110.0,2500,Cleveland Browns @ New York Jets,2026-10-11T17:00:00Z,2026-10-09T18:46+00:00
Harold Fannin Jr.,rec_yds,120.0,3600,Cleveland Browns @ New York Jets,2026-10-11T17:00:00Z,2026-10-09T18:46+00:00
Kenyon Sadiq,rec_yds,15.0,-439,Cleveland Browns @ New York Jets,2026-10-11T17:00:00Z,2026-10-09T18:46+00:00
Kenyon Sadiq,rec_yds,25.0,-185,Cleveland Browns @ New York Jets,2026-10-11T17:00:00Z,2026-10-09T18:46+00:00
Kenyon Sadiq,rec_yds,32.0,-112,Cleveland Browns @ New York Jets,2026-10-11T17:00:00Z,2026-10-09T18:46+00:00
Kenyon Sadiq,rec_yds,40.0,145,Cleveland Browns @ New York Jets,2026-10-11T17:00:00Z,2026-10-09T18:46+00:00
Kenyon Sadiq,rec_yds,50.0,254,Cleveland Browns @ New York Jets,2026-10-11T17:00:00Z,2026-10-09T18:46+00:00
Kenyon Sadiq,rec_yds,60.0,415,Cleveland Browns @ New York Jets,2026-10-11T17:00:00Z,2026-10-09T18:46+00:00
Kenyon Sadiq,rec_yds,70.0,670,Cleveland Browns @ New York Jets,2026-10-11T17:00:00Z,2026-10-09T18:46+00:00
Kenyon Sadiq,rec_yds,80.0,1040,Cleveland Browns @ New York Jets,2026-10-11T17:00:00Z,2026-10-09T18:46+00:00
Kenyon Sadiq,rec_yds,90.0,1640,Cleveland Browns @ New York Jets,2026-10-11T17:00:00Z,2026-10-09T18:46+00:00
Kenyon Sadiq,rec_yds,100.0,2500,Cleveland Browns @ New York Jets,2026-10-11T17:00:00Z,2026-10-09T18:46+00:00
Kenyon Sadiq,rec_yds,110.0,3600,Cleveland Browns @ New York Jets,2026-10-11T17:00:00Z,2026-10-09T18:46+00:00
Isaiah Williams,rec_yds,15.0,-196,Cleveland Browns @ New York Jets,2026-10-11T17:00:00Z,2026-10-09T18:46+00:00
Isaiah Williams,rec_yds,22.0,-112,Cleveland Browns @ New York Jets,2026-10-11T17:00:00Z,2026-10-09T18:46+00:00
Isaiah Williams,rec_yds,25.0,111,Cleveland Browns @ New York Jets,2026-10-11T17:00:00Z,2026-10-09T18:46+00:00
Isaiah Williams,rec_yds,40.0,289,Cleveland Browns @ New York Jets,2026-10-11T17:00:00Z,2026-10-09T18:46+00:00
Isaiah Williams,rec_yds,50.0,502,Cleveland Browns @ New York Jets,2026-10-11T17:00:00Z,2026-10-09T18:46+00:00
Isaiah Williams,rec_yds,60.0,840,Cleveland Browns @ New York Jets,2026-10-11T17:00:00Z,2026-10-09T18:46+00:00
Isaiah Williams,rec_yds,70.0,1400,Cleveland Browns @ New York Jets,2026-10-11T17:00:00Z,2026-10-09T18:46+00:00
Isaiah Williams,rec_yds,80.0,2200,Cleveland Browns @ New York Jets,2026-10-11T17:00:00Z,2026-10-09T18:46+00:00
Isaiah Williams,rec_yds,90.0,3200,Cleveland Browns @ New York Jets,2026-10-11T17:00:00Z,2026-10-09T18:46+00:00
Jerry Jeudy,rec_yds,15.0,-109,Cleveland Browns @ New York Jets,2026-10-11T17:00:00Z,2026-10-09T18:46+00:00
Jerry Jeudy,rec_yds,25.0,196,Cleveland Browns @ New York Jets,2026-10-11T17:00:00Z,2026-10-09T18:46+00:00
Jerry Jeudy,rec_yds,40.0,463,Cleveland Browns @ New York Jets,2026-10-11T17:00:00Z,2026-10-09T18:46+00:00
Jerry Jeudy,rec_yds,50.0,790,Cleveland Browns @ New York Jets,2026-10-11T17:00:00Z,2026-10-09T18:46+00:00
Jerry Jeudy,rec_yds,60.0,1300,Cleveland Browns @ New York Jets,2026-10-11T17:00:00Z,2026-10-09T18:46+00:00
Jerry Jeudy,rec_yds,70.0,2100,Cleveland Browns @ New York Jets,2026-10-11T17:00:00Z,2026-10-09T18:46+00:00
Jerry Jeudy,rec_yds,80.0,3300,Cleveland Browns @ New York Jets,2026-10-11T17:00:00Z,2026-10-09T18:46+00:00
Braelon Allen,rec_yds,15.0,-110,Cleveland Browns @ New York Jets,2026-10-11T17:00:00Z,2026-10-09T18:46+00:00
Braelon Allen,rec_yds,25.0,200,Cleveland Browns @ New York Jets,2026-10-11T17:00:00Z,2026-10-09T18:46+00:00
Braelon Allen,rec_yds,40.0,557,Cleveland Browns @ New York Jets,2026-10-11T17:00:00Z,2026-10-09T18:46+00:00
Braelon Allen,rec_yds,50.0,950,Cleveland Browns @ New York Jets,2026-10-11T17:00:00Z,2026-10-09T18:46+00:00
Braelon Allen,rec_yds,60.0,1540,Cleveland Browns @ New York Jets,2026-10-11T17:00:00Z,2026-10-09T18:46+00:00
Braelon Allen,rec_yds,70.0,2400,Cleveland Browns @ New York Jets,2026-10-11T17:00:00Z,2026-10-09T18:46+00:00
Braelon Allen,rec_yds,80.0,3700,Cleveland Browns @ New York Jets,2026-10-11T17:00:00Z,2026-10-09T18:46+00:00
Mason Taylor,rec_yds,14.0,-115,Cleveland Browns @ New York Jets,2026-10-11T17:00:00Z,2026-10-09T18:46+00:00
Mason Taylor,rec_yds,15.0,-105,Cleveland Browns @ New York Jets,2026-10-11T17:00:00Z,2026-10-09T18:46+00:00
Mason Taylor,rec_yds,25.0,211,Cleveland Browns @ New York Jets,2026-10-11T17:00:00Z,2026-10-09T18:46+00:00
Mason Taylor,rec_yds,40.0,575,Cleveland Browns @ New York Jets,2026-10-11T17:00:00Z,2026-10-09T18:46+00:00
Mason Taylor,rec_yds,50.0,980,Cleveland Browns @ New York Jets,2026-10-11T17:00:00Z,2026-10-09T18:46+00:00
Mason Taylor,rec_yds,60.0,1560,Cleveland Browns @ New York Jets,2026-10-11T17:00:00Z,2026-10-09T18:46+00:00
Mason Taylor,rec_yds,70.0,2500,Cleveland Browns @ New York Jets,2026-10-11T17:00:00Z,2026-10-09T18:46+00:00
Mason Taylor,rec_yds,80.0,3800,Cleveland Browns @ New York Jets,2026-10-11T17:00:00Z,2026-10-09T18:46+00:00
Quinshon Judkins,rec_yds,15.0,-129,Cleveland Browns @ New York Jets,2026-10-11T17:00:00Z,2026-10-09T18:46+00:00
Quinshon Judkins,rec_yds,16.0,-116,Cleveland Browns @ New York Jets,2026-10-11T17:00:00Z,2026-10-09T18:46+00:00
Quinshon Judkins,rec_yds,25.0,194,Cleveland Browns @ New York Jets,2026-10-11T17:00:00Z,2026-10-09T18:46+00:00
Quinshon Judkins,rec_yds,40.0,556,Cleveland Browns @ New York Jets,2026-10-11T17:00:00Z,2026-10-09T18:46+00:00
Quinshon Judkins,rec_yds,50.0,1000,Cleveland Browns @ New York Jets,2026-10-11T17:00:00Z,2026-10-09T18:46+00:00
Quinshon Judkins,rec_yds,60.0,1660,Cleveland Browns @ New York Jets,2026-10-11T17:00:00Z,2026-10-09T18:46+00:00
Quinshon Judkins,rec_yds,70.0,2600,Cleveland Browns @ New York Jets,2026-10-11T17:00:00Z,2026-10-09T18:46+00:00
Quinshon Judkins,rec_yds,80.0,3900,Cleveland Browns @ New York Jets,2026-10-11T17:00:00Z,2026-10-09T18:46+00:00
Raheim Sanders,rec_yds,13.0,-112,Cleveland Browns @ New York Jets,2026-10-11T17:00:00Z,2026-10-09T18:46+00:00
Raheim Sanders,rec_yds,15.0,108,Cleveland Browns @ New York Jets,2026-10-11T17:00:00Z,2026-10-09T18:46+00:00
Raheim Sanders,rec_yds,25.0,239,Cleveland Browns @ New York Jets,2026-10-11T17:00:00Z,2026-10-09T18:46+00:00
Raheim Sanders,rec_yds,40.0,640,Cleveland Browns @ New York Jets,2026-10-11T17:00:00Z,2026-10-09T18:46+00:00
Raheim Sanders,rec_yds,50.0,1080,Cleveland Browns @ New York Jets,2026-10-11T17:00:00Z,2026-10-09T18:46+00:00
Raheim Sanders,rec_yds,60.0,1800,Cleveland Browns @ New York Jets,2026-10-11T17:00:00Z,2026-10-09T18:46+00:00
Raheim Sanders,rec_yds,70.0,2800,Cleveland Browns @ New York Jets,2026-10-11T17:00:00Z,2026-10-09T18:46+00:00
Raheim Sanders,rec_yds,80.0,3900,Cleveland Browns @ New York Jets,2026-10-11T17:00:00Z,2026-10-09T18:46+00:00
Garrett Wilson,receptions,3.0,-3000,Cleveland Browns @ New York Jets,2026-10-11T17:00:00Z,2026-10-09T18:46+00:00
Garrett Wilson,receptions,4.0,-760,Cleveland Browns @ New York Jets,2026-10-11T17:00:00Z,2026-10-09T18:46+00:00
Garrett Wilson,receptions,5.0,-305,Cleveland Browns @ New York Jets,2026-10-11T17:00:00Z,2026-10-09T18:46+00:00
Garrett Wilson,receptions,6.0,-149,Cleveland Browns @ New York Jets,2026-10-11T17:00:00Z,2026-10-09T18:46+00:00
Garrett Wilson,receptions,7.0,130,Cleveland Browns @ New York Jets,2026-10-11T17:00:00Z,2026-10-09T18:46+00:00
Garrett Wilson,receptions,8.0,241,Cleveland Browns @ New York Jets,2026-10-11T17:00:00Z,2026-10-09T18:46+00:00
Garrett Wilson,receptions,9.0,431,Cleveland Browns @ New York Jets,2026-10-11T17:00:00Z,2026-10-09T18:46+00:00
Garrett Wilson,receptions,10.0,780,Cleveland Browns @ New York Jets,2026-10-11T17:00:00Z,2026-10-09T18:46+00:00
Garrett Wilson,receptions,11.0,1340,Cleveland Browns @ New York Jets,2026-10-11T17:00:00Z,2026-10-09T18:46+00:00
Garrett Wilson,receptions,12.0,2200,Cleveland Browns @ New York Jets,2026-10-11T17:00:00Z,2026-10-09T18:46+00:00
Harold Fannin Jr.,receptions,2.0,-2100,Cleveland Browns @ New York Jets,2026-10-11T17:00:00Z,2026-10-09T18:46+00:00
Harold Fannin Jr.,receptions,3.0,-495,Cleveland Browns @ New York Jets,2026-10-11T17:00:00Z,2026-10-09T18:46+00:00
Harold Fannin Jr.,receptions,4.0,-192,Cleveland Browns @ New York Jets,2026-10-11T17:00:00Z,2026-10-09T18:46+00:00
Harold Fannin Jr.,receptions,5.0,113,Cleveland Browns @ New York Jets,2026-10-11T17:00:00Z,2026-10-09T18:46+00:00
Harold Fannin Jr.,receptions,6.0,228,Cleveland Browns @ New York Jets,2026-10-11T17:00:00Z,2026-10-09T18:46+00:00
Harold Fannin Jr.,receptions,7.0,437,Cleveland Browns @ New York Jets,2026-10-11T17:00:00Z,2026-10-09T18:46+00:00
Harold Fannin Jr.,receptions,8.0,810,Cleveland Browns @ New York Jets,2026-10-11T17:00:00Z,2026-10-09T18:46+00:00
Harold Fannin Jr.,receptions,9.0,1440,Cleveland Browns @ New York Jets,2026-10-11T17:00:00Z,2026-10-09T18:46+00:00
Harold Fannin Jr.,receptions,10.0,2300,Cleveland Browns @ New York Jets,2026-10-11T17:00:00Z,2026-10-09T18:46+00:00
KC Concepcion,receptions,2.0,-2200,Cleveland Browns @ New York Jets,2026-10-11T17:00:00Z,2026-10-09T18:46+00:00
KC Concepcion,receptions,3.0,-511,Cleveland Browns @ New York Jets,2026-10-11T17:00:00Z,2026-10-09T18:46+00:00
KC Concepcion,receptions,4.0,-198,Cleveland Browns @ New York Jets,2026-10-11T17:00:00Z,2026-10-09T18:46+00:00
KC Concepcion,receptions,5.0,109,Cleveland Browns @ New York Jets,2026-10-11T17:00:00Z,2026-10-09T18:46+00:00
KC Concepcion,receptions,6.0,220,Cleveland Browns @ New York Jets,2026-10-11T17:00:00Z,2026-10-09T18:46+00:00
KC Concepcion,receptions,7.0,425,Cleveland Browns @ New York Jets,2026-10-11T17:00:00Z,2026-10-09T18:46+00:00
KC Concepcion,receptions,8.0,800,Cleveland Browns @ New York Jets,2026-10-11T17:00:00Z,2026-10-09T18:46+00:00
KC Concepcion,receptions,9.0,1440,Cleveland Browns @ New York Jets,2026-10-11T17:00:00Z,2026-10-09T18:46+00:00
KC Concepcion,receptions,10.0,2300,Cleveland Browns @ New York Jets,2026-10-11T17:00:00Z,2026-10-09T18:46+00:00
Kenyon Sadiq,receptions,2.0,-810,Cleveland Browns @ New York Jets,2026-10-11T17:00:00Z,2026-10-09T18:46+00:00
Kenyon Sadiq,receptions,3.0,-243,Cleveland Browns @ New York Jets,2026-10-11T17:00:00Z,2026-10-09T18:46+00:00
Kenyon Sadiq,receptions,4.0,102,Cleveland Browns @ New York Jets,2026-10-11T17:00:00Z,2026-10-09T18:46+00:00
Kenyon Sadiq,receptions,5.0,229,Cleveland Browns @ New York Jets,2026-10-11T17:00:00Z,2026-10-09T18:46+00:00
Kenyon Sadiq,receptions,6.0,493,Cleveland Browns @ New York Jets,2026-10-11T17:00:00Z,2026-10-09T18:46+00:00
Kenyon Sadiq,receptions,7.0,970,Cleveland Browns @ New York Jets,2026-10-11T17:00:00Z,2026-10-09T18:46+00:00
Kenyon Sadiq,receptions,8.0,1880,Cleveland Browns @ New York Jets,2026-10-11T17:00:00Z,2026-10-09T18:46+00:00
Denzel Boston,receptions,2.0,-750,Cleveland Browns @ New York Jets,2026-10-11T17:00:00Z,2026-10-09T18:46+00:00
Denzel Boston,receptions,3.0,-227,Cleveland Browns @ New York Jets,2026-10-11T17:00:00Z,2026-10-09T18:46+00:00
Denzel Boston,receptions,4.0,107,Cleveland Browns @ New York Jets,2026-10-11T17:00:00Z,2026-10-09T18:46+00:00
Denzel Boston,receptions,5.0,240,Cleveland Browns @ New York Jets,2026-10-11T17:00:00Z,2026-10-09T18:46+00:00
Denzel Boston,receptions,6.0,500,Cleveland Browns @ New York Jets,2026-10-11T17:00:00Z,2026-10-09T18:46+00:00
Denzel Boston,receptions,7.0,1020,Cleveland Browns @ New York Jets,2026-10-11T17:00:00Z,2026-10-09T18:46+00:00
Denzel Boston,receptions,8.0,1920,Cleveland Browns @ New York Jets,2026-10-11T17:00:00Z,2026-10-09T18:46+00:00
Quinshon Judkins,receptions,2.0,-414,Cleveland Browns @ New York Jets,2026-10-11T17:00:00Z,2026-10-09T18:46+00:00
Quinshon Judkins,receptions,3.0,-140,Cleveland Browns @ New York Jets,2026-10-11T17:00:00Z,2026-10-09T18:46+00:00
Quinshon Judkins,receptions,4.0,173,Cleveland Browns @ New York Jets,2026-10-11T17:00:00Z,2026-10-09T18:46+00:00
Quinshon Judkins,receptions,5.0,399,Cleveland Browns @ New York Jets,2026-10-11T17:00:00Z,2026-10-09T18:46+00:00
Quinshon Judkins,receptions,6.0,870,Cleveland Browns @ New York Jets,2026-10-11T17:00:00Z,2026-10-09T18:46+00:00
Quinshon Judkins,receptions,7.0,1740,Cleveland Browns @ New York Jets,2026-10-11T17:00:00Z,2026-10-09T18:46+00:00
Quinshon Judkins,receptions,8.0,2800,Cleveland Browns @ New York Jets,2026-10-11T17:00:00Z,2026-10-09T18:46+00:00
Braelon Allen,receptions,2.0,-308,Cleveland Browns @ New York Jets,2026-10-11T17:00:00Z,2026-10-09T18:46+00:00
Braelon Allen,receptions,3.0,-102,Cleveland Browns @ New York Jets,2026-10-11T17:00:00Z,2026-10-09T18:46+00:00
Braelon Allen,receptions,4.0,249,Cleveland Browns @ New York Jets,2026-10-11T17:00:00Z,2026-10-09T18:46+00:00
Braelon Allen,receptions,5.0,575,Cleveland Browns @ New York Jets,2026-10-11T17:00:00Z,2026-10-09T18:46+00:00
Braelon Allen,receptions,6.0,1260,Cleveland Browns @ New York Jets,2026-10-11T17:00:00Z,2026-10-09T18:46+00:00
Braelon Allen,receptions,7.0,2300,Cleveland Browns @ New York Jets,2026-10-11T17:00:00Z,2026-10-09T18:46+00:00
Isaiah Williams,receptions,2.0,-252,Cleveland Browns @ New York Jets,2026-10-11T17:00:00Z,2026-10-09T18:46+00:00
Isaiah Williams,receptions,3.0,122,Cleveland Browns @ New York Jets,2026-10-11T17:00:00Z,2026-10-09T18:46+00:00
Isaiah Williams,receptions,4.0,309,Cleveland Browns @ New York Jets,2026-10-11T17:00:00Z,2026-10-09T18:46+00:00
Isaiah Williams,receptions,5.0,730,Cleveland Browns @ New York Jets,2026-10-11T17:00:00Z,2026-10-09T18:46+00:00
Isaiah Williams,receptions,6.0,1600,Cleveland Browns @ New York Jets,2026-10-11T17:00:00Z,2026-10-09T18:46+00:00
Isaiah Williams,receptions,7.0,2800,Cleveland Browns @ New York Jets,2026-10-11T17:00:00Z,2026-10-09T18:46+00:00
Raheim Sanders,receptions,2.0,-185,Cleveland Browns @ New York Jets,2026-10-11T17:00:00Z,2026-10-09T18:46+00:00
Raheim Sanders,receptions,3.0,153,Cleveland Browns @ New York Jets,2026-10-11T17:00:00Z,2026-10-09T18:46+00:00
Raheim Sanders,receptions,4.0,380,Cleveland Browns @ New York Jets,2026-10-11T17:00:00Z,2026-10-09T18:46+00:00
Raheim Sanders,receptions,5.0,850,Cleveland Browns @ New York Jets,2026-10-11T17:00:00Z,2026-10-09T18:46+00:00
Raheim Sanders,receptions,6.0,1780,Cleveland Browns @ New York Jets,2026-10-11T17:00:00Z,2026-10-09T18:46+00:00
Raheim Sanders,receptions,7.0,2900,Cleveland Browns @ New York Jets,2026-10-11T17:00:00Z,2026-10-09T18:46+00:00
Mason Taylor,receptions,2.0,-156,Cleveland Browns @ New York Jets,2026-10-11T17:00:00Z,2026-10-09T18:46+00:00
Mason Taylor,receptions,3.0,193,Cleveland Browns @ New York Jets,2026-10-11T17:00:00Z,2026-10-09T18:46+00:00
Mason Taylor,receptions,4.0,524,Cleveland Browns @ New York Jets,2026-10-11T17:00:00Z,2026-10-09T18:46+00:00
Mason Taylor,receptions,5.0,1300,Cleveland Browns @ New York Jets,2026-10-11T17:00:00Z,2026-10-09T18:46+00:00
Mason Taylor,receptions,6.0,2500,Cleveland Browns @ New York Jets,2026-10-11T17:00:00Z,2026-10-09T18:46+00:00
Jerry Jeudy,receptions,2.0,-106,Cleveland Browns @ New York Jets,2026-10-11T17:00:00Z,2026-10-09T18:46+00:00
Jerry Jeudy,receptions,3.0,287,Cleveland Browns @ New York Jets,2026-10-11T17:00:00Z,2026-10-09T18:46+00:00
Jerry Jeudy,receptions,4.0,800,Cleveland Browns @ New York Jets,2026-10-11T17:00:00Z,2026-10-09T18:46+00:00
Jerry Jeudy,receptions,5.0,1880,Cleveland Browns @ New York Jets,2026-10-11T17:00:00Z,2026-10-09T18:46+00:00
Braelon Allen,rush_att,12.0,-960,Cleveland Browns @ New York Jets,2026-10-11T17:00:00Z,2026-10-09T18:46+00:00
Braelon Allen,rush_att,14.0,-399,Cleveland Browns @ New York Jets,2026-10-11T17:00:00Z,2026-10-09T18:46+00:00
Braelon Allen,rush_att,16.0,-191,Cleveland Browns @ New York Jets,2026-10-11T17:00:00Z,2026-10-09T18:46+00:00
Braelon Allen,rush_att,18.0,-101,Cleveland Browns @ New York Jets,2026-10-11T17:00:00Z,2026-10-09T18:46+00:00
Braelon Allen,rush_att,20.0,187,Cleveland Browns @ New York Jets,2026-10-11T17:00:00Z,2026-10-09T18:46+00:00
Braelon Allen,rush_att,22.0,341,Cleveland Browns @ New York Jets,2026-10-11T17:00:00Z,2026-10-09T18:46+00:00
Braelon Allen,rush_att,24.0,650,Cleveland Browns @ New York Jets,2026-10-11T17:00:00Z,2026-10-09T18:46+00:00
Braelon Allen,rush_att,26.0,1220,Cleveland Browns @ New York Jets,2026-10-11T17:00:00Z,2026-10-09T18:46+00:00
Quinshon Judkins,rush_att,10.0,-1640,Cleveland Browns @ New York Jets,2026-10-11T17:00:00Z,2026-10-09T18:46+00:00
Quinshon Judkins,rush_att,12.0,-562,Cleveland Browns @ New York Jets,2026-10-11T17:00:00Z,2026-10-09T18:46+00:00
Quinshon Judkins,rush_att,14.0,-256,Cleveland Browns @ New York Jets,2026-10-11T17:00:00Z,2026-10-09T18:46+00:00
Quinshon Judkins,rush_att,16.0,-133,Cleveland Browns @ New York Jets,2026-10-11T17:00:00Z,2026-10-09T18:46+00:00
Quinshon Judkins,rush_att,17.0,103,Cleveland Browns @ New York Jets,2026-10-11T17:00:00Z,2026-10-09T18:46+00:00
Quinshon Judkins,rush_att,18.0,138,Cleveland Browns @ New York Jets,2026-10-11T17:00:00Z,2026-10-09T18:46+00:00
Quinshon Judkins,rush_att,20.0,249,Cleveland Browns @ New York Jets,2026-10-11T17:00:00Z,2026-10-09T18:46+00:00
Quinshon Judkins,rush_att,22.0,445,Cleveland Browns @ New York Jets,2026-10-11T17:00:00Z,2026-10-09T18:46+00:00
Quinshon Judkins,rush_att,24.0,810,Cleveland Browns @ New York Jets,2026-10-11T17:00:00Z,2026-10-09T18:46+00:00
Quinshon Judkins,rush_att,26.0,1420,Cleveland Browns @ New York Jets,2026-10-11T17:00:00Z,2026-10-09T18:46+00:00
Deshaun Watson,rush_att,4.0,-597,Cleveland Browns @ New York Jets,2026-10-11T17:00:00Z,2026-10-09T18:46+00:00
Deshaun Watson,rush_att,6.0,-138,Cleveland Browns @ New York Jets,2026-10-11T17:00:00Z,2026-10-09T18:46+00:00
Deshaun Watson,rush_att,8.0,226,Cleveland Browns @ New York Jets,2026-10-11T17:00:00Z,2026-10-09T18:46+00:00
Deshaun Watson,rush_att,10.0,660,Cleveland Browns @ New York Jets,2026-10-11T17:00:00Z,2026-10-09T18:46+00:00
Deshaun Watson,rush_att,12.0,1700,Cleveland Browns @ New York Jets,2026-10-11T17:00:00Z,2026-10-09T18:46+00:00
Braelon Allen,rush_yds,25.0,-2700,Cleveland Browns @ New York Jets,2026-10-11T17:00:00Z,2026-10-09T18:46+00:00
Braelon Allen,rush_yds,30.0,-1560,Cleveland Browns @ New York Jets,2026-10-11T17:00:00Z,2026-10-09T18:46+00:00
Braelon Allen,rush_yds,40.0,-670,Cleveland Browns @ New York Jets,2026-10-11T17:00:00Z,2026-10-09T18:46+00:00
Braelon Allen,rush_yds,50.0,-355,Cleveland Browns @ New York Jets,2026-10-11T17:00:00Z,2026-10-09T18:46+00:00
Braelon Allen,rush_yds,60.0,-203,Cleveland Browns @ New York Jets,2026-10-11T17:00:00Z,2026-10-09T18:46+00:00
Braelon Allen,rush_yds,70.0,-127,Cleveland Browns @ New York Jets,2026-10-11T17:00:00Z,2026-10-09T18:46+00:00
Braelon Allen,rush_yds,73.0,-111,Cleveland Browns @ New York Jets,2026-10-11T17:00:00Z,2026-10-09T18:46+00:00
Braelon Allen,rush_yds,80.0,120,Cleveland Browns @ New York Jets,2026-10-11T17:00:00Z,2026-10-09T18:46+00:00
Braelon Allen,rush_yds,90.0,177,Cleveland Browns @ New York Jets,2026-10-11T17:00:00Z,2026-10-09T18:46+00:00
Braelon Allen,rush_yds,100.0,256,Cleveland Browns @ New York Jets,2026-10-11T17:00:00Z,2026-10-09T18:46+00:00
Braelon Allen,rush_yds,110.0,363,Cleveland Browns @ New York Jets,2026-10-11T17:00:00Z,2026-10-09T18:46+00:00
Braelon Allen,rush_yds,120.0,517,Cleveland Browns @ New York Jets,2026-10-11T17:00:00Z,2026-10-09T18:46+00:00
Braelon Allen,rush_yds,130.0,730,Cleveland Browns @ New York Jets,2026-10-11T17:00:00Z,2026-10-09T18:46+00:00
Braelon Allen,rush_yds,140.0,1040,Cleveland Browns @ New York Jets,2026-10-11T17:00:00Z,2026-10-09T18:46+00:00
Braelon Allen,rush_yds,150.0,1440,Cleveland Browns @ New York Jets,2026-10-11T17:00:00Z,2026-10-09T18:46+00:00
Braelon Allen,rush_yds,160.0,1980,Cleveland Browns @ New York Jets,2026-10-11T17:00:00Z,2026-10-09T18:46+00:00
Braelon Allen,rush_yds,170.0,2600,Cleveland Browns @ New York Jets,2026-10-11T17:00:00Z,2026-10-09T18:46+00:00
Braelon Allen,rush_yds,180.0,3400,Cleveland Browns @ New York Jets,2026-10-11T17:00:00Z,2026-10-09T18:46+00:00
Quinshon Judkins,rush_yds,20.0,-1760,Cleveland Browns @ New York Jets,2026-10-11T17:00:00Z,2026-10-09T18:46+00:00
Quinshon Judkins,rush_yds,25.0,-1020,Cleveland Browns @ New York Jets,2026-10-11T17:00:00Z,2026-10-09T18:46+00:00
Quinshon Judkins,rush_yds,30.0,-650,Cleveland Browns @ New York Jets,2026-10-11T17:00:00Z,2026-10-09T18:46+00:00
Quinshon Judkins,rush_yds,40.0,-326,Cleveland Browns @ New York Jets,2026-10-11T17:00:00Z,2026-10-09T18:46+00:00
Quinshon Judkins,rush_yds,50.0,-185,Cleveland Browns @ New York Jets,2026-10-11T17:00:00Z,2026-10-09T18:46+00:00
Quinshon Judkins,rush_yds,60.0,-112,Cleveland Browns @ New York Jets,2026-10-11T17:00:00Z,2026-10-09T18:46+00:00
Quinshon Judkins,rush_yds,70.0,141,Cleveland Browns @ New York Jets,2026-10-11T17:00:00Z,2026-10-09T18:46+00:00
Quinshon Judkins,rush_yds,80.0,209,Cleveland Browns @ New York Jets,2026-10-11T17:00:00Z,2026-10-09T18:46+00:00
Quinshon Judkins,rush_yds,90.0,308,Cleveland Browns @ New York Jets,2026-10-11T17:00:00Z,2026-10-09T18:46+00:00
Quinshon Judkins,rush_yds,100.0,446,Cleveland Browns @ New York Jets,2026-10-11T17:00:00Z,2026-10-09T18:46+00:00
Quinshon Judkins,rush_yds,110.0,630,Cleveland Browns @ New York Jets,2026-10-11T17:00:00Z,2026-10-09T18:46+00:00
Quinshon Judkins,rush_yds,120.0,900,Cleveland Browns @ New York Jets,2026-10-11T17:00:00Z,2026-10-09T18:46+00:00
Quinshon Judkins,rush_yds,130.0,1280,Cleveland Browns @ New York Jets,2026-10-11T17:00:00Z,2026-10-09T18:46+00:00
Quinshon Judkins,rush_yds,140.0,1720,Cleveland Browns @ New York Jets,2026-10-11T17:00:00Z,2026-10-09T18:46+00:00
Quinshon Judkins,rush_yds,150.0,2400,Cleveland Browns @ New York Jets,2026-10-11T17:00:00Z,2026-10-09T18:46+00:00
Quinshon Judkins,rush_yds,160.0,3100,Cleveland Browns @ New York Jets,2026-10-11T17:00:00Z,2026-10-09T18:46+00:00
Quinshon Judkins,rush_yds,170.0,4000,Cleveland Browns @ New York Jets,2026-10-11T17:00:00Z,2026-10-09T18:46+00:00
Deshaun Watson,rush_yds,10.0,-660,Cleveland Browns @ New York Jets,2026-10-11T17:00:00Z,2026-10-09T18:46+00:00
Deshaun Watson,rush_yds,15.0,-341,Cleveland Browns @ New York Jets,2026-10-11T17:00:00Z,2026-10-09T18:46+00:00
Deshaun Watson,rush_yds,20.0,-202,Cleveland Browns @ New York Jets,2026-10-11T17:00:00Z,2026-10-09T18:46+00:00
Deshaun Watson,rush_yds,25.0,-127,Cleveland Browns @ New York Jets,2026-10-11T17:00:00Z,2026-10-09T18:46+00:00
Deshaun Watson,rush_yds,26.0,-116,Cleveland Browns @ New York Jets,2026-10-11T17:00:00Z,2026-10-09T18:46+00:00
Deshaun Watson,rush_yds,30.0,120,Cleveland Browns @ New York Jets,2026-10-11T17:00:00Z,2026-10-09T18:46+00:00
Deshaun Watson,rush_yds,40.0,245,Cleveland Browns @ New York Jets,2026-10-11T17:00:00Z,2026-10-09T18:46+00:00
Deshaun Watson,rush_yds,50.0,479,Cleveland Browns @ New York Jets,2026-10-11T17:00:00Z,2026-10-09T18:46+00:00
Deshaun Watson,rush_yds,60.0,850,Cleveland Browns @ New York Jets,2026-10-11T17:00:00Z,2026-10-09T18:46+00:00
Deshaun Watson,rush_yds,70.0,1440,Cleveland Browns @ New York Jets,2026-10-11T17:00:00Z,2026-10-09T18:46+00:00
Deshaun Watson,rush_yds,80.0,2300,Cleveland Browns @ New York Jets,2026-10-11T17:00:00Z,2026-10-09T18:46+00:00
Deshaun Watson,rush_yds,90.0,3400,Cleveland Browns @ New York Jets,2026-10-11T17:00:00Z,2026-10-09T18:46+00:00
Isaiah Davis,rush_yds,10.0,-120,Cleveland Browns @ New York Jets,2026-10-11T17:00:00Z,2026-10-09T18:46+00:00
Isaiah Davis,rush_yds,11.0,-106,Cleveland Browns @ New York Jets,2026-10-11T17:00:00Z,2026-10-09T18:46+00:00
Isaiah Davis,rush_yds,15.0,145,Cleveland Browns @ New York Jets,2026-10-11T17:00:00Z,2026-10-09T18:46+00:00
Isaiah Davis,rush_yds,20.0,239,Cleveland Browns @ New York Jets,2026-10-11T17:00:00Z,2026-10-09T18:46+00:00
Isaiah Davis,rush_yds,25.0,352,Cleveland Browns @ New York Jets,2026-10-11T17:00:00Z,2026-10-09T18:46+00:00
Isaiah Davis,rush_yds,30.0,524,Cleveland Browns @ New York Jets,2026-10-11T17:00:00Z,2026-10-09T18:46+00:00
Isaiah Davis,rush_yds,40.0,960,Cleveland Browns @ New York Jets,2026-10-11T17:00:00Z,2026-10-09T18:46+00:00
Isaiah Davis,rush_yds,50.0,1640,Cleveland Browns @ New York Jets,2026-10-11T17:00:00Z,2026-10-09T18:46+00:00
Isaiah Davis,rush_yds,60.0,2400,Cleveland Browns @ New York Jets,2026-10-11T17:00:00Z,2026-10-09T18:46+00:00
Isaiah Davis,rush_yds,70.0,3400,Cleveland Browns @ New York Jets,2026-10-11T17:00:00Z,2026-10-09T18:46+00:00
Geno Smith,rush_yds,10.0,-130,Cleveland Browns @ New York Jets,2026-10-11T17:00:00Z,2026-10-09T18:46+00:00
Geno Smith,rush_yds,11.0,-114,Cleveland Browns @ New York Jets,2026-10-11T17:00:00Z,2026-10-09T18:46+00:00
Geno Smith,rush_yds,15.0,138,Cleveland Browns @ New York Jets,2026-10-11T17:00:00Z,2026-10-09T18:46+00:00
Geno Smith,rush_yds,20.0,219,Cleveland Browns @ New York Jets,2026-10-11T17:00:00Z,2026-10-09T18:46+00:00
Geno Smith,rush_yds,25.0,350,Cleveland Browns @ New York Jets,2026-10-11T17:00:00Z,2026-10-09T18:46+00:00
Geno Smith,rush_yds,30.0,540,Cleveland Browns @ New York Jets,2026-10-11T17:00:00Z,2026-10-09T18:46+00:00
Geno Smith,rush_yds,40.0,1220,Cleveland Browns @ New York Jets,2026-10-11T17:00:00Z,2026-10-09T18:46+00:00
Geno Smith,rush_yds,50.0,2300,Cleveland Browns @ New York Jets,2026-10-11T17:00:00Z,2026-10-09T18:46+00:00
Cam Ward,pass_att,24.0,-1540,Houston Texans @ Tennessee Titans,2026-10-11T17:00:00Z,2026-10-09T18:46+00:00
Cam Ward,pass_att,26.0,-680,Houston Texans @ Tennessee Titans,2026-10-11T17:00:00Z,2026-10-09T18:46+00:00
Cam Ward,pass_att,28.0,-356,Houston Texans @ Tennessee Titans,2026-10-11T17:00:00Z,2026-10-09T18:46+00:00
Cam Ward,pass_att,30.0,-202,Houston Texans @ Tennessee Titans,2026-10-11T17:00:00Z,2026-10-09T18:46+00:00
Cam Ward,pass_att,32.0,-119,Houston Texans @ Tennessee Titans,2026-10-11T17:00:00Z,2026-10-09T18:46+00:00
Cam Ward,pass_att,34.0,137,Houston Texans @ Tennessee Titans,2026-10-11T17:00:00Z,2026-10-09T18:46+00:00
Cam Ward,pass_att,36.0,221,Houston Texans @ Tennessee Titans,2026-10-11T17:00:00Z,2026-10-09T18:46+00:00
Cam Ward,pass_att,38.0,350,Houston Texans @ Tennessee Titans,2026-10-11T17:00:00Z,2026-10-09T18:46+00:00
Cam Ward,pass_att,40.0,574,Houston Texans @ Tennessee Titans,2026-10-11T17:00:00Z,2026-10-09T18:46+00:00
Cam Ward,pass_att,42.0,880,Houston Texans @ Tennessee Titans,2026-10-11T17:00:00Z,2026-10-09T18:46+00:00
Cam Ward,pass_att,44.0,1360,Houston Texans @ Tennessee Titans,2026-10-11T17:00:00Z,2026-10-09T18:46+00:00
C.J. Stroud,pass_att,24.0,-2300,Houston Texans @ Tennessee Titans,2026-10-11T17:00:00Z,2026-10-09T18:46+00:00
C.J. Stroud,pass_att,26.0,-820,Houston Texans @ Tennessee Titans,2026-10-11T17:00:00Z,2026-10-09T18:46+00:00
C.J. Stroud,pass_att,28.0,-378,Houston Texans @ Tennessee Titans,2026-10-11T17:00:00Z,2026-10-09T18:46+00:00
C.J. Stroud,pass_att,30.0,-200,Houston Texans @ Tennessee Titans,2026-10-11T17:00:00Z,2026-10-09T18:46+00:00
C.J. Stroud,pass_att,32.0,-111,Houston Texans @ Tennessee Titans,2026-10-11T17:00:00Z,2026-10-09T18:46+00:00
C.J. Stroud,pass_att,34.0,153,Houston Texans @ Tennessee Titans,2026-10-11T17:00:00Z,2026-10-09T18:46+00:00
C.J. Stroud,pass_att,36.0,250,Houston Texans @ Tennessee Titans,2026-10-11T17:00:00Z,2026-10-09T18:46+00:00
C.J. Stroud,pass_att,38.0,414,Houston Texans @ Tennessee Titans,2026-10-11T17:00:00Z,2026-10-09T18:46+00:00
C.J. Stroud,pass_att,40.0,670,Houston Texans @ Tennessee Titans,2026-10-11T17:00:00Z,2026-10-09T18:46+00:00
C.J. Stroud,pass_att,42.0,1060,Houston Texans @ Tennessee Titans,2026-10-11T17:00:00Z,2026-10-09T18:46+00:00
C.J. Stroud,pass_att,44.0,1580,Houston Texans @ Tennessee Titans,2026-10-11T17:00:00Z,2026-10-09T18:46+00:00
C.J. Stroud,pass_cmps,16.0,-1640,Houston Texans @ Tennessee Titans,2026-10-11T17:00:00Z,2026-10-09T18:46+00:00
C.J. Stroud,pass_cmps,18.0,-536,Houston Texans @ Tennessee Titans,2026-10-11T17:00:00Z,2026-10-09T18:46+00:00
C.J. Stroud,pass_cmps,20.0,-222,Houston Texans @ Tennessee Titans,2026-10-11T17:00:00Z,2026-10-09T18:46+00:00
C.J. Stroud,pass_cmps,22.0,-105,Houston Texans @ Tennessee Titans,2026-10-11T17:00:00Z,2026-10-09T18:46+00:00
C.J. Stroud,pass_cmps,24.0,194,Houston Texans @ Tennessee Titans,2026-10-11T17:00:00Z,2026-10-09T18:46+00:00
C.J. Stroud,pass_cmps,26.0,392,Houston Texans @ Tennessee Titans,2026-10-11T17:00:00Z,2026-10-09T18:46+00:00
C.J. Stroud,pass_cmps,28.0,760,Houston Texans @ Tennessee Titans,2026-10-11T17:00:00Z,2026-10-09T18:46+00:00
C.J. Stroud,pass_cmps,30.0,1440,Houston Texans @ Tennessee Titans,2026-10-11T17:00:00Z,2026-10-09T18:46+00:00
Cam Ward,pass_cmps,14.0,-1380,Houston Texans @ Tennessee Titans,2026-10-11T17:00:00Z,2026-10-09T18:46+00:00
Cam Ward,pass_cmps,16.0,-485,Houston Texans @ Tennessee Titans,2026-10-11T17:00:00Z,2026-10-09T18:46+00:00
Cam Ward,pass_cmps,18.0,-213,Houston Texans @ Tennessee Titans,2026-10-11T17:00:00Z,2026-10-09T18:46+00:00
Cam Ward,pass_cmps,20.0,-104,Houston Texans @ Tennessee Titans,2026-10-11T17:00:00Z,2026-10-09T18:46+00:00
Cam Ward,pass_cmps,22.0,192,Houston Texans @ Tennessee Titans,2026-10-11T17:00:00Z,2026-10-09T18:46+00:00
Cam Ward,pass_cmps,24.0,372,Houston Texans @ Tennessee Titans,2026-10-11T17:00:00Z,2026-10-09T18:46+00:00
Cam Ward,pass_cmps,26.0,700,Houston Texans @ Tennessee Titans,2026-10-11T17:00:00Z,2026-10-09T18:46+00:00
Cam Ward,pass_cmps,28.0,1340,Houston Texans @ Tennessee Titans,2026-10-11T17:00:00Z,2026-10-09T18:46+00:00
C.J. Stroud,pass_yds,170.0,-1080,Houston Texans @ Tennessee Titans,2026-10-11T17:00:00Z,2026-10-09T18:46+00:00
C.J. Stroud,pass_yds,180.0,-750,Houston Texans @ Tennessee Titans,2026-10-11T17:00:00Z,2026-10-09T18:46+00:00
C.J. Stroud,pass_yds,190.0,-534,Houston Texans @ Tennessee Titans,2026-10-11T17:00:00Z,2026-10-09T18:46+00:00
C.J. Stroud,pass_yds,200.0,-390,Houston Texans @ Tennessee Titans,2026-10-11T17:00:00Z,2026-10-09T18:46+00:00
C.J. Stroud,pass_yds,210.0,-290,Houston Texans @ Tennessee Titans,2026-10-11T17:00:00Z,2026-10-09T18:46+00:00
C.J. Stroud,pass_yds,220.0,-222,Houston Texans @ Tennessee Titans,2026-10-11T17:00:00Z,2026-10-09T18:46+00:00
C.J. Stroud,pass_yds,230.0,-170,Houston Texans @ Tennessee Titans,2026-10-11T17:00:00Z,2026-10-09T18:46+00:00
C.J. Stroud,pass_yds,240.0,-130,Houston Texans @ Tennessee Titans,2026-10-11T17:00:00Z,2026-10-09T18:46+00:00
C.J. Stroud,pass_yds,246.0,-111,Houston Texans @ Tennessee Titans,2026-10-11T17:00:00Z,2026-10-09T18:46+00:00
C.J. Stroud,pass_yds,250.0,-101,Houston Texans @ Tennessee Titans,2026-10-11T17:00:00Z,2026-10-09T18:46+00:00
C.J. Stroud,pass_yds,260.0,126,Houston Texans @ Tennessee Titans,2026-10-11T17:00:00Z,2026-10-09T18:46+00:00
C.J. Stroud,pass_yds,270.0,161,Houston Texans @ Tennessee Titans,2026-10-11T17:00:00Z,2026-10-09T18:46+00:00
C.J. Stroud,pass_yds,280.0,204,Houston Texans @ Tennessee Titans,2026-10-11T17:00:00Z,2026-10-09T18:46+00:00
C.J. Stroud,pass_yds,290.0,260,Houston Texans @ Tennessee Titans,2026-10-11T17:00:00Z,2026-10-09T18:46+00:00
C.J. Stroud,pass_yds,300.0,329,Houston Texans @ Tennessee Titans,2026-10-11T17:00:00Z,2026-10-09T18:46+00:00
C.J. Stroud,pass_yds,310.0,420,Houston Texans @ Tennessee Titans,2026-10-11T17:00:00Z,2026-10-09T18:46+00:00
C.J. Stroud,pass_yds,320.0,537,Houston Texans @ Tennessee Titans,2026-10-11T17:00:00Z,2026-10-09T18:46+00:00
C.J. Stroud,pass_yds,330.0,670,Houston Texans @ Tennessee Titans,2026-10-11T17:00:00Z,2026-10-09T18:46+00:00
C.J. Stroud,pass_yds,340.0,870,Houston Texans @ Tennessee Titans,2026-10-11T17:00:00Z,2026-10-09T18:46+00:00
C.J. Stroud,pass_yds,350.0,1100,Houston Texans @ Tennessee Titans,2026-10-11T17:00:00Z,2026-10-09T18:46+00:00
C.J. Stroud,pass_yds,360.0,1400,Houston Texans @ Tennessee Titans,2026-10-11T17:00:00Z,2026-10-09T18:46+00:00
C.J. Stroud,pass_yds,370.0,1740,Houston Texans @ Tennessee Titans,2026-10-11T17:00:00Z,2026-10-09T18:46+00:00
C.J. Stroud,pass_yds,380.0,2200,Houston Texans @ Tennessee Titans,2026-10-11T17:00:00Z,2026-10-09T18:46+00:00
C.J. Stroud,pass_yds,390.0,2700,Houston Texans @ Tennessee Titans,2026-10-11T17:00:00Z,2026-10-09T18:46+00:00
C.J. Stroud,pass_yds,400.0,3200,Houston Texans @ Tennessee Titans,2026-10-11T17:00:00Z,2026-10-09T18:46+00:00
C.J. Stroud,pass_yds,410.0,4000,Houston Texans @ Tennessee Titans,2026-10-11T17:00:00Z,2026-10-09T18:46+00:00
Cam Ward,pass_yds,150.0,-395,Houston Texans @ Tennessee Titans,2026-10-11T17:00:00Z,2026-10-09T18:46+00:00
Cam Ward,pass_yds,160.0,-286,Houston Texans @ Tennessee Titans,2026-10-11T17:00:00Z,2026-10-09T18:46+00:00
Cam Ward,pass_yds,170.0,-214,Houston Texans @ Tennessee Titans,2026-10-11T17:00:00Z,2026-10-09T18:46+00:00
Cam Ward,pass_yds,180.0,-161,Houston Texans @ Tennessee Titans,2026-10-11T17:00:00Z,2026-10-09T18:46+00:00
Cam Ward,pass_yds,190.0,-122,Houston Texans @ Tennessee Titans,2026-10-11T17:00:00Z,2026-10-09T18:46+00:00
Cam Ward,pass_yds,193.0,-113,Houston Texans @ Tennessee Titans,2026-10-11T17:00:00Z,2026-10-09T18:46+00:00
Cam Ward,pass_yds,200.0,107,Houston Texans @ Tennessee Titans,2026-10-11T17:00:00Z,2026-10-09T18:46+00:00
Cam Ward,pass_yds,210.0,138,Houston Texans @ Tennessee Titans,2026-10-11T17:00:00Z,2026-10-09T18:46+00:00
Cam Ward,pass_yds,220.0,178,Houston Texans @ Tennessee Titans,2026-10-11T17:00:00Z,2026-10-09T18:46+00:00
Cam Ward,pass_yds,230.0,231,Houston Texans @ Tennessee Titans,2026-10-11T17:00:00Z,2026-10-09T18:46+00:00
Cam Ward,pass_yds,240.0,299,Houston Texans @ Tennessee Titans,2026-10-11T17:00:00Z,2026-10-09T18:46+00:00
Cam Ward,pass_yds,250.0,386,Houston Texans @ Tennessee Titans,2026-10-11T17:00:00Z,2026-10-09T18:46+00:00
Cam Ward,pass_yds,260.0,505,Houston Texans @ Tennessee Titans,2026-10-11T17:00:00Z,2026-10-09T18:46+00:00
Cam Ward,pass_yds,270.0,660,Houston Texans @ Tennessee Titans,2026-10-11T17:00:00Z,2026-10-09T18:46+00:00
Cam Ward,pass_yds,280.0,830,Houston Texans @ Tennessee Titans,2026-10-11T17:00:00Z,2026-10-09T18:46+00:00
Cam Ward,pass_yds,290.0,1080,Houston Texans @ Tennessee Titans,2026-10-11T17:00:00Z,2026-10-09T18:46+00:00
Cam Ward,pass_yds,300.0,1420,Houston Texans @ Tennessee Titans,2026-10-11T17:00:00Z,2026-10-09T18:46+00:00
Cam Ward,pass_yds,310.0,1820,Houston Texans @ Tennessee Titans,2026-10-11T17:00:00Z,2026-10-09T18:46+00:00
Cam Ward,pass_yds,320.0,2300,Houston Texans @ Tennessee Titans,2026-10-11T17:00:00Z,2026-10-09T18:46+00:00
Cam Ward,pass_yds,330.0,2900,Houston Texans @ Tennessee Titans,2026-10-11T17:00:00Z,2026-10-09T18:46+00:00
Cam Ward,pass_yds,340.0,3400,Houston Texans @ Tennessee Titans,2026-10-11T17:00:00Z,2026-10-09T18:46+00:00
Nico Collins,rec_yds,25.0,-2300,Houston Texans @ Tennessee Titans,2026-10-11T17:00:00Z,2026-10-09T18:46+00:00
Nico Collins,rec_yds,40.0,-690,Houston Texans @ Tennessee Titans,2026-10-11T17:00:00Z,2026-10-09T18:46+00:00
Nico Collins,rec_yds,50.0,-389,Houston Texans @ Tennessee Titans,2026-10-11T17:00:00Z,2026-10-09T18:46+00:00
Nico Collins,rec_yds,60.0,-243,Houston Texans @ Tennessee Titans,2026-10-11T17:00:00Z,2026-10-09T18:46+00:00
Nico Collins,rec_yds,70.0,-159,Houston Texans @ Tennessee Titans,2026-10-11T17:00:00Z,2026-10-09T18:46+00:00
Nico Collins,rec_yds,79.0,-112,Houston Texans @ Tennessee Titans,2026-10-11T17:00:00Z,2026-10-09T18:46+00:00
Nico Collins,rec_yds,80.0,-107,Houston Texans @ Tennessee Titans,2026-10-11T17:00:00Z,2026-10-09T18:46+00:00
Nico Collins,rec_yds,90.0,136,Houston Texans @ Tennessee Titans,2026-10-11T17:00:00Z,2026-10-09T18:46+00:00
Nico Collins,rec_yds,100.0,193,Houston Texans @ Tennessee Titans,2026-10-11T17:00:00Z,2026-10-09T18:46+00:00
Nico Collins,rec_yds,110.0,270,Houston Texans @ Tennessee Titans,2026-10-11T17:00:00Z,2026-10-09T18:46+00:00
Nico Collins,rec_yds,120.0,375,Houston Texans @ Tennessee Titans,2026-10-11T17:00:00Z,2026-10-09T18:46+00:00
Nico Collins,rec_yds,130.0,526,Houston Texans @ Tennessee Titans,2026-10-11T17:00:00Z,2026-10-09T18:46+00:00
Nico Collins,rec_yds,140.0,730,Houston Texans @ Tennessee Titans,2026-10-11T17:00:00Z,2026-10-09T18:46+00:00
Nico Collins,rec_yds,150.0,1000,Houston Texans @ Tennessee Titans,2026-10-11T17:00:00Z,2026-10-09T18:46+00:00
Nico Collins,rec_yds,160.0,1380,Houston Texans @ Tennessee Titans,2026-10-11T17:00:00Z,2026-10-09T18:46+00:00
Nico Collins,rec_yds,170.0,1900,Houston Texans @ Tennessee Titans,2026-10-11T17:00:00Z,2026-10-09T18:46+00:00
Nico Collins,rec_yds,180.0,2500,Houston Texans @ Tennessee Titans,2026-10-11T17:00:00Z,2026-10-09T18:46+00:00
Nico Collins,rec_yds,190.0,3200,Houston Texans @ Tennessee Titans,2026-10-11T17:00:00Z,2026-10-09T18:46+00:00
Carnell Tate,rec_yds,15.0,-860,Houston Texans @ Tennessee Titans,2026-10-11T17:00:00Z,2026-10-09T18:46+00:00
Carnell Tate,rec_yds,25.0,-380,Houston Texans @ Tennessee Titans,2026-10-11T17:00:00Z,2026-10-09T18:46+00:00
Carnell Tate,rec_yds,40.0,-154,Houston Texans @ Tennessee Titans,2026-10-11T17:00:00Z,2026-10-09T18:46+00:00
Carnell Tate,rec_yds,47.0,-109,Houston Texans @ Tennessee Titans,2026-10-11T17:00:00Z,2026-10-09T18:46+00:00
Carnell Tate,rec_yds,50.0,106,Houston Texans @ Tennessee Titans,2026-10-11T17:00:00Z,2026-10-09T18:46+00:00
Carnell Tate,rec_yds,60.0,171,Houston Texans @ Tennessee Titans,2026-10-11T17:00:00Z,2026-10-09T18:46+00:00
Carnell Tate,rec_yds,70.0,259,Houston Texans @ Tennessee Titans,2026-10-11T17:00:00Z,2026-10-09T18:46+00:00
Carnell Tate,rec_yds,80.0,390,Houston Texans @ Tennessee Titans,2026-10-11T17:00:00Z,2026-10-09T18:46+00:00
Carnell Tate,rec_yds,90.0,586,Houston Texans @ Tennessee Titans,2026-10-11T17:00:00Z,2026-10-09T18:46+00:00
Carnell Tate,rec_yds,100.0,860,Houston Texans @ Tennessee Titans,2026-10-11T17:00:00Z,2026-10-09T18:46+00:00
Carnell Tate,rec_yds,110.0,1280,Houston Texans @ Tennessee Titans,2026-10-11T17:00:00Z,2026-10-09T18:46+00:00
Carnell Tate,rec_yds,120.0,1860,Houston Texans @ Tennessee Titans,2026-10-11T17:00:00Z,2026-10-09T18:46+00:00
Carnell Tate,rec_yds,130.0,2600,Houston Texans @ Tennessee Titans,2026-10-11T17:00:00Z,2026-10-09T18:46+00:00
Carnell Tate,rec_yds,140.0,3400,Houston Texans @ Tennessee Titans,2026-10-11T17:00:00Z,2026-10-09T18:46+00:00
Dalton Schultz,rec_yds,15.0,-790,Houston Texans @ Tennessee Titans,2026-10-11T17:00:00Z,2026-10-09T18:46+00:00
Dalton Schultz,rec_yds,25.0,-302,Houston Texans @ Tennessee Titans,2026-10-11T17:00:00Z,2026-10-09T18:46+00:00
Dalton Schultz,rec_yds,39.0,-115,Houston Texans @ Tennessee Titans,2026-10-11T17:00:00Z,2026-10-09T18:46+00:00
Dalton Schultz,rec_yds,40.0,-109,Houston Texans @ Tennessee Titans,2026-10-11T17:00:00Z,2026-10-09T18:46+00:00
Dalton Schultz,rec_yds,50.0,159,Houston Texans @ Tennessee Titans,2026-10-11T17:00:00Z,2026-10-09T18:46+00:00
Dalton Schultz,rec_yds,60.0,257,Houston Texans @ Tennessee Titans,2026-10-11T17:00:00Z,2026-10-09T18:46+00:00
Dalton Schultz,rec_yds,70.0,405,Houston Texans @ Tennessee Titans,2026-10-11T17:00:00Z,2026-10-09T18:46+00:00
Dalton Schultz,rec_yds,80.0,630,Houston Texans @ Tennessee Titans,2026-10-11T17:00:00Z,2026-10-09T18:46+00:00
Dalton Schultz,rec_yds,90.0,980,Houston Texans @ Tennessee Titans,2026-10-11T17:00:00Z,2026-10-09T18:46+00:00
Dalton Schultz,rec_yds,100.0,1420,Houston Texans @ Tennessee Titans,2026-10-11T17:00:00Z,2026-10-09T18:46+00:00
Dalton Schultz,rec_yds,110.0,2100,Houston Texans @ Tennessee Titans,2026-10-11T17:00:00Z,2026-10-09T18:46+00:00
Dalton Schultz,rec_yds,120.0,3000,Houston Texans @ Tennessee Titans,2026-10-11T17:00:00Z,2026-10-09T18:46+00:00
Wan'Dale Robinson,rec_yds,15.0,-573,Houston Texans @ Tennessee Titans,2026-10-11T17:00:00Z,2026-10-09T18:46+00:00
Wan'Dale Robinson,rec_yds,25.0,-221,Houston Texans @ Tennessee Titans,2026-10-11T17:00:00Z,2026-10-09T18:46+00:00
Wan'Dale Robinson,rec_yds,35.0,-109,Houston Texans @ Tennessee Titans,2026-10-11T17:00:00Z,2026-10-09T18:46+00:00
Wan'Dale Robinson,rec_yds,40.0,124,Houston Texans @ Tennessee Titans,2026-10-11T17:00:00Z,2026-10-09T18:46+00:00
Wan'Dale Robinson,rec_yds,50.0,219,Houston Texans @ Tennessee Titans,2026-10-11T17:00:00Z,2026-10-09T18:46+00:00
Wan'Dale Robinson,rec_yds,60.0,378,Houston Texans @ Tennessee Titans,2026-10-11T17:00:00Z,2026-10-09T18:46+00:00
Wan'Dale Robinson,rec_yds,70.0,630,Houston Texans @ Tennessee Titans,2026-10-11T17:00:00Z,2026-10-09T18:46+00:00
Wan'Dale Robinson,rec_yds,80.0,1020,Houston Texans @ Tennessee Titans,2026-10-11T17:00:00Z,2026-10-09T18:46+00:00
Wan'Dale Robinson,rec_yds,90.0,1620,Houston Texans @ Tennessee Titans,2026-10-11T17:00:00Z,2026-10-09T18:46+00:00
Wan'Dale Robinson,rec_yds,100.0,2500,Houston Texans @ Tennessee Titans,2026-10-11T17:00:00Z,2026-10-09T18:46+00:00
Wan'Dale Robinson,rec_yds,110.0,3700,Houston Texans @ Tennessee Titans,2026-10-11T17:00:00Z,2026-10-09T18:46+00:00
Kayshon Boutte,rec_yds,15.0,-239,Houston Texans @ Tennessee Titans,2026-10-11T17:00:00Z,2026-10-09T18:46+00:00
Kayshon Boutte,rec_yds,25.0,-113,Houston Texans @ Tennessee Titans,2026-10-11T17:00:00Z,2026-10-09T18:46+00:00
Kayshon Boutte,rec_yds,40.0,202,Houston Texans @ Tennessee Titans,2026-10-11T17:00:00Z,2026-10-09T18:46+00:00
Kayshon Boutte,rec_yds,50.0,339,Houston Texans @ Tennessee Titans,2026-10-11T17:00:00Z,2026-10-09T18:46+00:00
Kayshon Boutte,rec_yds,60.0,547,Houston Texans @ Tennessee Titans,2026-10-11T17:00:00Z,2026-10-09T18:46+00:00
Kayshon Boutte,rec_yds,70.0,850,Houston Texans @ Tennessee Titans,2026-10-11T17:00:00Z,2026-10-09T18:46+00:00
Kayshon Boutte,rec_yds,80.0,1340,Houston Texans @ Tennessee Titans,2026-10-11T17:00:00Z,2026-10-09T18:46+00:00
Kayshon Boutte,rec_yds,90.0,2000,Houston Texans @ Tennessee Titans,2026-10-11T17:00:00Z,2026-10-09T18:46+00:00
Kayshon Boutte,rec_yds,100.0,3000,Houston Texans @ Tennessee Titans,2026-10-11T17:00:00Z,2026-10-09T18:46+00:00
Jaylin Noel,rec_yds,15.0,-174,Houston Texans @ Tennessee Titans,2026-10-11T17:00:00Z,2026-10-09T18:46+00:00
Jaylin Noel,rec_yds,20.0,-115,Houston Texans @ Tennessee Titans,2026-10-11T17:00:00Z,2026-10-09T18:46+00:00
Jaylin Noel,rec_yds,25.0,122,Houston Texans @ Tennessee Titans,2026-10-11T17:00:00Z,2026-10-09T18:46+00:00
Jaylin Noel,rec_yds,40.0,284,Houston Texans @ Tennessee Titans,2026-10-11T17:00:00Z,2026-10-09T18:46+00:00
Jaylin Noel,rec_yds,50.0,484,Houston Texans @ Tennessee Titans,2026-10-11T17:00:00Z,2026-10-09T18:46+00:00
Jaylin Noel,rec_yds,60.0,800,Houston Texans @ Tennessee Titans,2026-10-11T17:00:00Z,2026-10-09T18:46+00:00
Jaylin Noel,rec_yds,70.0,1260,Houston Texans @ Tennessee Titans,2026-10-11T17:00:00Z,2026-10-09T18:46+00:00
Jaylin Noel,rec_yds,80.0,1960,Houston Texans @ Tennessee Titans,2026-10-11T17:00:00Z,2026-10-09T18:46+00:00
Jaylin Noel,rec_yds,90.0,2900,Houston Texans @ Tennessee Titans,2026-10-11T17:00:00Z,2026-10-09T18:46+00:00
Elic Ayomanor,rec_yds,15.0,-137,Houston Texans @ Tennessee Titans,2026-10-11T17:00:00Z,2026-10-09T18:46+00:00
Elic Ayomanor,rec_yds,18.0,-107,Houston Texans @ Tennessee Titans,2026-10-11T17:00:00Z,2026-10-09T18:46+00:00
Elic Ayomanor,rec_yds,25.0,153,Houston Texans @ Tennessee Titans,2026-10-11T17:00:00Z,2026-10-09T18:46+00:00
Elic Ayomanor,rec_yds,40.0,364,Houston Texans @ Tennessee Titans,2026-10-11T17:00:00Z,2026-10-09T18:46+00:00
Elic Ayomanor,rec_yds,50.0,595,Houston Texans @ Tennessee Titans,2026-10-11T17:00:00Z,2026-10-09T18:46+00:00
Elic Ayomanor,rec_yds,60.0,950,Houston Texans @ Tennessee Titans,2026-10-11T17:00:00Z,2026-10-09T18:46+00:00
Elic Ayomanor,rec_yds,70.0,1520,Houston Texans @ Tennessee Titans,2026-10-11T17:00:00Z,2026-10-09T18:46+00:00
Elic Ayomanor,rec_yds,80.0,2300,Houston Texans @ Tennessee Titans,2026-10-11T17:00:00Z,2026-10-09T18:46+00:00
Elic Ayomanor,rec_yds,90.0,3400,Houston Texans @ Tennessee Titans,2026-10-11T17:00:00Z,2026-10-09T18:46+00:00
Xavier Hutchinson,rec_yds,15.0,-114,Houston Texans @ Tennessee Titans,2026-10-11T17:00:00Z,2026-10-09T18:46+00:00
Xavier Hutchinson,rec_yds,25.0,184,Houston Texans @ Tennessee Titans,2026-10-11T17:00:00Z,2026-10-09T18:46+00:00
Xavier Hutchinson,rec_yds,40.0,405,Houston Texans @ Tennessee Titans,2026-10-11T17:00:00Z,2026-10-09T18:46+00:00
Xavier Hutchinson,rec_yds,50.0,650,Houston Texans @ Tennessee Titans,2026-10-11T17:00:00Z,2026-10-09T18:46+00:00
Xavier Hutchinson,rec_yds,60.0,1040,Houston Texans @ Tennessee Titans,2026-10-11T17:00:00Z,2026-10-09T18:46+00:00
Xavier Hutchinson,rec_yds,70.0,1660,Houston Texans @ Tennessee Titans,2026-10-11T17:00:00Z,2026-10-09T18:46+00:00
Xavier Hutchinson,rec_yds,80.0,2500,Houston Texans @ Tennessee Titans,2026-10-11T17:00:00Z,2026-10-09T18:46+00:00
Xavier Hutchinson,rec_yds,90.0,3500,Houston Texans @ Tennessee Titans,2026-10-11T17:00:00Z,2026-10-09T18:46+00:00
Gunnar Helm,rec_yds,15.0,-138,Houston Texans @ Tennessee Titans,2026-10-11T17:00:00Z,2026-10-09T18:46+00:00
Gunnar Helm,rec_yds,17.0,-114,Houston Texans @ Tennessee Titans,2026-10-11T17:00:00Z,2026-10-09T18:46+00:00
Gunnar Helm,rec_yds,25.0,175,Houston Texans @ Tennessee Titans,2026-10-11T17:00:00Z,2026-10-09T18:46+00:00
Gunnar Helm,rec_yds,40.0,506,Houston Texans @ Tennessee Titans,2026-10-11T17:00:00Z,2026-10-09T18:46+00:00
Gunnar Helm,rec_yds,50.0,880,Houston Texans @ Tennessee Titans,2026-10-11T17:00:00Z,2026-10-09T18:46+00:00
Gunnar Helm,rec_yds,60.0,1500,Houston Texans @ Tennessee Titans,2026-10-11T17:00:00Z,2026-10-09T18:46+00:00
Gunnar Helm,rec_yds,70.0,2500,Houston Texans @ Tennessee Titans,2026-10-11T17:00:00Z,2026-10-09T18:46+00:00
Gunnar Helm,rec_yds,80.0,3800,Houston Texans @ Tennessee Titans,2026-10-11T17:00:00Z,2026-10-09T18:46+00:00
Calvin Ridley,rec_yds,11.0,-110,Houston Texans @ Tennessee Titans,2026-10-11T17:00:00Z,2026-10-09T18:46+00:00
Calvin Ridley,rec_yds,15.0,131,Houston Texans @ Tennessee Titans,2026-10-11T17:00:00Z,2026-10-09T18:46+00:00
Calvin Ridley,rec_yds,25.0,312,Houston Texans @ Tennessee Titans,2026-10-11T17:00:00Z,2026-10-09T18:46+00:00
Calvin Ridley,rec_yds,40.0,790,Houston Texans @ Tennessee Titans,2026-10-11T17:00:00Z,2026-10-09T18:46+00:00
Calvin Ridley,rec_yds,50.0,1360,Houston Texans @ Tennessee Titans,2026-10-11T17:00:00Z,2026-10-09T18:46+00:00
Calvin Ridley,rec_yds,60.0,2200,Houston Texans @ Tennessee Titans,2026-10-11T17:00:00Z,2026-10-09T18:46+00:00
Calvin Ridley,rec_yds,70.0,3600,Houston Texans @ Tennessee Titans,2026-10-11T17:00:00Z,2026-10-09T18:46+00:00
Tyjae Spears,rec_yds,11.0,-111,Houston Texans @ Tennessee Titans,2026-10-11T17:00:00Z,2026-10-09T18:46+00:00
Tyjae Spears,rec_yds,15.0,142,Houston Texans @ Tennessee Titans,2026-10-11T17:00:00Z,2026-10-09T18:46+00:00
Tyjae Spears,rec_yds,25.0,345,Houston Texans @ Tennessee Titans,2026-10-11T17:00:00Z,2026-10-09T18:46+00:00
Tyjae Spears,rec_yds,40.0,1040,Houston Texans @ Tennessee Titans,2026-10-11T17:00:00Z,2026-10-09T18:46+00:00
Tyjae Spears,rec_yds,50.0,1800,Houston Texans @ Tennessee Titans,2026-10-11T17:00:00Z,2026-10-09T18:46+00:00
Tyjae Spears,rec_yds,60.0,2800,Houston Texans @ Tennessee Titans,2026-10-11T17:00:00Z,2026-10-09T18:46+00:00
Tony Pollard,rec_yds,10.0,-108,Houston Texans @ Tennessee Titans,2026-10-11T17:00:00Z,2026-10-09T18:46+00:00
Tony Pollard,rec_yds,15.0,160,Houston Texans @ Tennessee Titans,2026-10-11T17:00:00Z,2026-10-09T18:46+00:00
Tony Pollard,rec_yds,25.0,395,Houston Texans @ Tennessee Titans,2026-10-11T17:00:00Z,2026-10-09T18:46+00:00
Tony Pollard,rec_yds,40.0,1180,Houston Texans @ Tennessee Titans,2026-10-11T17:00:00Z,2026-10-09T18:46+00:00
Tony Pollard,rec_yds,50.0,2000,Houston Texans @ Tennessee Titans,2026-10-11T17:00:00Z,2026-10-09T18:46+00:00
Tony Pollard,rec_yds,60.0,2900,Houston Texans @ Tennessee Titans,2026-10-11T17:00:00Z,2026-10-09T18:46+00:00
Woody Marks,rec_yds,9.0,-114,Houston Texans @ Tennessee Titans,2026-10-11T17:00:00Z,2026-10-09T18:46+00:00
Woody Marks,rec_yds,15.0,183,Houston Texans @ Tennessee Titans,2026-10-11T17:00:00Z,2026-10-09T18:46+00:00
Woody Marks,rec_yds,25.0,437,Houston Texans @ Tennessee Titans,2026-10-11T17:00:00Z,2026-10-09T18:46+00:00
Woody Marks,rec_yds,40.0,1260,Houston Texans @ Tennessee Titans,2026-10-11T17:00:00Z,2026-10-09T18:46+00:00
Woody Marks,rec_yds,50.0,2000,Houston Texans @ Tennessee Titans,2026-10-11T17:00:00Z,2026-10-09T18:46+00:00
Woody Marks,rec_yds,60.0,3000,Houston Texans @ Tennessee Titans,2026-10-11T17:00:00Z,2026-10-09T18:46+00:00
David Montgomery,rec_yds,9.0,-106,Houston Texans @ Tennessee Titans,2026-10-11T17:00:00Z,2026-10-09T18:46+00:00
David Montgomery,rec_yds,15.0,192,Houston Texans @ Tennessee Titans,2026-10-11T17:00:00Z,2026-10-09T18:46+00:00
David Montgomery,rec_yds,25.0,459,Houston Texans @ Tennessee Titans,2026-10-11T17:00:00Z,2026-10-09T18:46+00:00
David Montgomery,rec_yds,40.0,1300,Houston Texans @ Tennessee Titans,2026-10-11T17:00:00Z,2026-10-09T18:46+00:00
David Montgomery,rec_yds,50.0,2200,Houston Texans @ Tennessee Titans,2026-10-11T17:00:00Z,2026-10-09T18:46+00:00
David Montgomery,rec_yds,60.0,3300,Houston Texans @ Tennessee Titans,2026-10-11T17:00:00Z,2026-10-09T18:46+00:00
Nico Collins,receptions,3.0,-1860,Houston Texans @ Tennessee Titans,2026-10-11T17:00:00Z,2026-10-09T18:46+00:00
Nico Collins,receptions,4.0,-561,Houston Texans @ Tennessee Titans,2026-10-11T17:00:00Z,2026-10-09T18:46+00:00
Nico Collins,receptions,5.0,-236,Houston Texans @ Tennessee Titans,2026-10-11T17:00:00Z,2026-10-09T18:46+00:00
Nico Collins,receptions,6.0,-114,Houston Texans @ Tennessee Titans,2026-10-11T17:00:00Z,2026-10-09T18:46+00:00
Nico Collins,receptions,7.0,171,Houston Texans @ Tennessee Titans,2026-10-11T17:00:00Z,2026-10-09T18:46+00:00
Nico Collins,receptions,8.0,325,Houston Texans @ Tennessee Titans,2026-10-11T17:00:00Z,2026-10-09T18:46+00:00
Nico Collins,receptions,9.0,598,Houston Texans @ Tennessee Titans,2026-10-11T17:00:00Z,2026-10-09T18:46+00:00
Nico Collins,receptions,10.0,1080,Houston Texans @ Tennessee Titans,2026-10-11T17:00:00Z,2026-10-09T18:46+00:00
Nico Collins,receptions,11.0,1920,Houston Texans @ Tennessee Titans,2026-10-11T17:00:00Z,2026-10-09T18:46+00:00
Nico Collins,receptions,12.0,2900,Houston Texans @ Tennessee Titans,2026-10-11T17:00:00Z,2026-10-09T18:46+00:00
Carnell Tate,receptions,2.0,-2200,Houston Texans @ Tennessee Titans,2026-10-11T17:00:00Z,2026-10-09T18:46+00:00
Carnell Tate,receptions,3.0,-504,Houston Texans @ Tennessee Titans,2026-10-11T17:00:00Z,2026-10-09T18:46+00:00
Carnell Tate,receptions,4.0,-194,Houston Texans @ Tennessee Titans,2026-10-11T17:00:00Z,2026-10-09T18:46+00:00
Carnell Tate,receptions,5.0,112,Houston Texans @ Tennessee Titans,2026-10-11T17:00:00Z,2026-10-09T18:46+00:00
Carnell Tate,receptions,6.0,226,Houston Texans @ Tennessee Titans,2026-10-11T17:00:00Z,2026-10-09T18:46+00:00
Carnell Tate,receptions,7.0,454,Houston Texans @ Tennessee Titans,2026-10-11T17:00:00Z,2026-10-09T18:46+00:00
Carnell Tate,receptions,8.0,870,Houston Texans @ Tennessee Titans,2026-10-11T17:00:00Z,2026-10-09T18:46+00:00
Carnell Tate,receptions,9.0,1540,Houston Texans @ Tennessee Titans,2026-10-11T17:00:00Z,2026-10-09T18:46+00:00
Carnell Tate,receptions,10.0,2600,Houston Texans @ Tennessee Titans,2026-10-11T17:00:00Z,2026-10-09T18:46+00:00
Dalton Schultz,receptions,2.0,-2100,Houston Texans @ Tennessee Titans,2026-10-11T17:00:00Z,2026-10-09T18:46+00:00
Dalton Schultz,receptions,3.0,-489,Houston Texans @ Tennessee Titans,2026-10-11T17:00:00Z,2026-10-09T18:46+00:00
Dalton Schultz,receptions,4.0,-185,Houston Texans @ Tennessee Titans,2026-10-11T17:00:00Z,2026-10-09T18:46+00:00
Dalton Schultz,receptions,5.0,120,Houston Texans @ Tennessee Titans,2026-10-11T17:00:00Z,2026-10-09T18:46+00:00
Dalton Schultz,receptions,6.0,247,Houston Texans @ Tennessee Titans,2026-10-11T17:00:00Z,2026-10-09T18:46+00:00
Dalton Schultz,receptions,7.0,487,Houston Texans @ Tennessee Titans,2026-10-11T17:00:00Z,2026-10-09T18:46+00:00
Dalton Schultz,receptions,8.0,940,Houston Texans @ Tennessee Titans,2026-10-11T17:00:00Z,2026-10-09T18:46+00:00
Dalton Schultz,receptions,9.0,1680,Houston Texans @ Tennessee Titans,2026-10-11T17:00:00Z,2026-10-09T18:46+00:00
Dalton Schultz,receptions,10.0,2600,Houston Texans @ Tennessee Titans,2026-10-11T17:00:00Z,2026-10-09T18:46+00:00
Wan'Dale Robinson,receptions,2.0,-1400,Houston Texans @ Tennessee Titans,2026-10-11T17:00:00Z,2026-10-09T18:46+00:00
Wan'Dale Robinson,receptions,3.0,-366,Houston Texans @ Tennessee Titans,2026-10-11T17:00:00Z,2026-10-09T18:46+00:00
Wan'Dale Robinson,receptions,4.0,-145,Houston Texans @ Tennessee Titans,2026-10-11T17:00:00Z,2026-10-09T18:46+00:00
Wan'Dale Robinson,receptions,5.0,151,Houston Texans @ Tennessee Titans,2026-10-11T17:00:00Z,2026-10-09T18:46+00:00
Wan'Dale Robinson,receptions,6.0,308,Houston Texans @ Tennessee Titans,2026-10-11T17:00:00Z,2026-10-09T18:46+00:00
Wan'Dale Robinson,receptions,7.0,610,Houston Texans @ Tennessee Titans,2026-10-11T17:00:00Z,2026-10-09T18:46+00:00
Wan'Dale Robinson,receptions,8.0,1180,Houston Texans @ Tennessee Titans,2026-10-11T17:00:00Z,2026-10-09T18:46+00:00
Wan'Dale Robinson,receptions,9.0,2100,Houston Texans @ Tennessee Titans,2026-10-11T17:00:00Z,2026-10-09T18:46+00:00
Tyjae Spears,receptions,2.0,-182,Houston Texans @ Tennessee Titans,2026-10-11T17:00:00Z,2026-10-09T18:46+00:00
Tyjae Spears,receptions,3.0,152,Houston Texans @ Tennessee Titans,2026-10-11T17:00:00Z,2026-10-09T18:46+00:00
Tyjae Spears,receptions,4.0,353,Houston Texans @ Tennessee Titans,2026-10-11T17:00:00Z,2026-10-09T18:46+00:00
Tyjae Spears,receptions,5.0,740,Houston Texans @ Tennessee Titans,2026-10-11T17:00:00Z,2026-10-09T18:46+00:00
Tyjae Spears,receptions,6.0,1420,Houston Texans @ Tennessee Titans,2026-10-11T17:00:00Z,2026-10-09T18:46+00:00
Tyjae Spears,receptions,7.0,2300,Houston Texans @ Tennessee Titans,2026-10-11T17:00:00Z,2026-10-09T18:46+00:00
Gunnar Helm,receptions,2.0,-261,Houston Texans @ Tennessee Titans,2026-10-11T17:00:00Z,2026-10-09T18:46+00:00
Gunnar Helm,receptions,3.0,112,Houston Texans @ Tennessee Titans,2026-10-11T17:00:00Z,2026-10-09T18:46+00:00
Gunnar Helm,receptions,4.0,285,Houston Texans @ Tennessee Titans,2026-10-11T17:00:00Z,2026-10-09T18:46+00:00
Gunnar Helm,receptions,5.0,640,Houston Texans @ Tennessee Titans,2026-10-11T17:00:00Z,2026-10-09T18:46+00:00
Gunnar Helm,receptions,6.0,1380,Houston Texans @ Tennessee Titans,2026-10-11T17:00:00Z,2026-10-09T18:46+00:00
Gunnar Helm,receptions,7.0,2600,Houston Texans @ Tennessee Titans,2026-10-11T17:00:00Z,2026-10-09T18:46+00:00
Kayshon Boutte,receptions,2.0,-193,Houston Texans @ Tennessee Titans,2026-10-11T17:00:00Z,2026-10-09T18:46+00:00
Kayshon Boutte,receptions,3.0,155,Houston Texans @ Tennessee Titans,2026-10-11T17:00:00Z,2026-10-09T18:46+00:00
Kayshon Boutte,receptions,4.0,404,Houston Texans @ Tennessee Titans,2026-10-11T17:00:00Z,2026-10-09T18:46+00:00
Kayshon Boutte,receptions,5.0,990,Houston Texans @ Tennessee Titans,2026-10-11T17:00:00Z,2026-10-09T18:46+00:00
Kayshon Boutte,receptions,6.0,2100,Houston Texans @ Tennessee Titans,2026-10-11T17:00:00Z,2026-10-09T18:46+00:00
Jaylin Noel,receptions,2.0,-146,Houston Texans @ Tennessee Titans,2026-10-11T17:00:00Z,2026-10-09T18:46+00:00
Jaylin Noel,receptions,3.0,208,Houston Texans @ Tennessee Titans,2026-10-11T17:00:00Z,2026-10-09T18:46+00:00
Jaylin Noel,receptions,4.0,561,Houston Texans @ Tennessee Titans,2026-10-11T17:00:00Z,2026-10-09T18:46+00:00
Jaylin Noel,receptions,5.0,1340,Houston Texans @ Tennessee Titans,2026-10-11T17:00:00Z,2026-10-09T18:46+00:00
Jaylin Noel,receptions,6.0,2600,Houston Texans @ Tennessee Titans,2026-10-11T17:00:00Z,2026-10-09T18:46+00:00
Tony Pollard,receptions,2.0,-140,Houston Texans @ Tennessee Titans,2026-10-11T17:00:00Z,2026-10-09T18:46+00:00
Tony Pollard,receptions,3.0,215,Houston Texans @ Tennessee Titans,2026-10-11T17:00:00Z,2026-10-09T18:46+00:00
Tony Pollard,receptions,4.0,583,Houston Texans @ Tennessee Titans,2026-10-11T17:00:00Z,2026-10-09T18:46+00:00
Tony Pollard,receptions,5.0,1440,Houston Texans @ Tennessee Titans,2026-10-11T17:00:00Z,2026-10-09T18:46+00:00
Tony Pollard,receptions,6.0,2700,Houston Texans @ Tennessee Titans,2026-10-11T17:00:00Z,2026-10-09T18:46+00:00
Elic Ayomanor,receptions,2.0,-107,Houston Texans @ Tennessee Titans,2026-10-11T17:00:00Z,2026-10-09T18:46+00:00
Elic Ayomanor,receptions,3.0,290,Houston Texans @ Tennessee Titans,2026-10-11T17:00:00Z,2026-10-09T18:46+00:00
Elic Ayomanor,receptions,4.0,780,Houston Texans @ Tennessee Titans,2026-10-11T17:00:00Z,2026-10-09T18:46+00:00
Elic Ayomanor,receptions,5.0,1860,Houston Texans @ Tennessee Titans,2026-10-11T17:00:00Z,2026-10-09T18:46+00:00
Woody Marks,receptions,2.0,-106,Houston Texans @ Tennessee Titans,2026-10-11T17:00:00Z,2026-10-09T18:46+00:00
Woody Marks,receptions,3.0,292,Houston Texans @ Tennessee Titans,2026-10-11T17:00:00Z,2026-10-09T18:46+00:00
Woody Marks,receptions,4.0,810,Houston Texans @ Tennessee Titans,2026-10-11T17:00:00Z,2026-10-09T18:46+00:00
Woody Marks,receptions,5.0,1920,Houston Texans @ Tennessee Titans,2026-10-11T17:00:00Z,2026-10-09T18:46+00:00
David Montgomery,receptions,2.0,114,Houston Texans @ Tennessee Titans,2026-10-11T17:00:00Z,2026-10-09T18:46+00:00
David Montgomery,receptions,3.0,359,Houston Texans @ Tennessee Titans,2026-10-11T17:00:00Z,2026-10-09T18:46+00:00
David Montgomery,receptions,4.0,980,Houston Texans @ Tennessee Titans,2026-10-11T17:00:00Z,2026-10-09T18:46+00:00
David Montgomery,receptions,5.0,2300,Houston Texans @ Tennessee Titans,2026-10-11T17:00:00Z,2026-10-09T18:46+00:00
Xavier Hutchinson,receptions,2.0,146,Houston Texans @ Tennessee Titans,2026-10-11T17:00:00Z,2026-10-09T18:46+00:00
Xavier Hutchinson,receptions,3.0,491,Houston Texans @ Tennessee Titans,2026-10-11T17:00:00Z,2026-10-09T18:46+00:00
Xavier Hutchinson,receptions,4.0,1380,Houston Texans @ Tennessee Titans,2026-10-11T17:00:00Z,2026-10-09T18:46+00:00
Xavier Hutchinson,receptions,5.0,2800,Houston Texans @ Tennessee Titans,2026-10-11T17:00:00Z,2026-10-09T18:46+00:00
Calvin Ridley,receptions,2.0,235,Houston Texans @ Tennessee Titans,2026-10-11T17:00:00Z,2026-10-09T18:46+00:00
Calvin Ridley,receptions,3.0,830,Houston Texans @ Tennessee Titans,2026-10-11T17:00:00Z,2026-10-09T18:46+00:00
Calvin Ridley,receptions,4.0,2200,Houston Texans @ Tennessee Titans,2026-10-11T17:00:00Z,2026-10-09T18:46+00:00
Tony Pollard,rush_att,10.0,-1020,Houston Texans @ Tennessee Titans,2026-10-11T17:00:00Z,2026-10-09T18:46+00:00
Tony Pollard,rush_att,12.0,-350,Houston Texans @ Tennessee Titans,2026-10-11T17:00:00Z,2026-10-09T18:46+00:00
Tony Pollard,rush_att,14.0,-159,Houston Texans @ Tennessee Titans,2026-10-11T17:00:00Z,2026-10-09T18:46+00:00
Tony Pollard,rush_att,15.0,-110,Houston Texans @ Tennessee Titans,2026-10-11T17:00:00Z,2026-10-09T18:46+00:00
Tony Pollard,rush_att,16.0,130,Houston Texans @ Tennessee Titans,2026-10-11T17:00:00Z,2026-10-09T18:46+00:00
Tony Pollard,rush_att,18.0,250,Houston Texans @ Tennessee Titans,2026-10-11T17:00:00Z,2026-10-09T18:46+00:00
Tony Pollard,rush_att,20.0,465,Houston Texans @ Tennessee Titans,2026-10-11T17:00:00Z,2026-10-09T18:46+00:00
Tony Pollard,rush_att,22.0,860,Houston Texans @ Tennessee Titans,2026-10-11T17:00:00Z,2026-10-09T18:46+00:00
David Montgomery,rush_att,10.0,-1040,Houston Texans @ Tennessee Titans,2026-10-11T17:00:00Z,2026-10-09T18:46+00:00
David Montgomery,rush_att,12.0,-362,Houston Texans @ Tennessee Titans,2026-10-11T17:00:00Z,2026-10-09T18:46+00:00
David Montgomery,rush_att,14.0,-154,Houston Texans @ Tennessee Titans,2026-10-11T17:00:00Z,2026-10-09T18:46+00:00
David Montgomery,rush_att,15.0,-104,Houston Texans @ Tennessee Titans,2026-10-11T17:00:00Z,2026-10-09T18:46+00:00
David Montgomery,rush_att,16.0,141,Houston Texans @ Tennessee Titans,2026-10-11T17:00:00Z,2026-10-09T18:46+00:00
David Montgomery,rush_att,18.0,300,Houston Texans @ Tennessee Titans,2026-10-11T17:00:00Z,2026-10-09T18:46+00:00
David Montgomery,rush_att,20.0,610,Houston Texans @ Tennessee Titans,2026-10-11T17:00:00Z,2026-10-09T18:46+00:00
David Montgomery,rush_att,22.0,1200,Houston Texans @ Tennessee Titans,2026-10-11T17:00:00Z,2026-10-09T18:46+00:00
Woody Marks,rush_att,6.0,-593,Houston Texans @ Tennessee Titans,2026-10-11T17:00:00Z,2026-10-09T18:46+00:00
Woody Marks,rush_att,8.0,-176,Houston Texans @ Tennessee Titans,2026-10-11T17:00:00Z,2026-10-09T18:46+00:00
Woody Marks,rush_att,9.0,-108,Houston Texans @ Tennessee Titans,2026-10-11T17:00:00Z,2026-10-09T18:46+00:00
Woody Marks,rush_att,10.0,149,Houston Texans @ Tennessee Titans,2026-10-11T17:00:00Z,2026-10-09T18:46+00:00
Woody Marks,rush_att,12.0,356,Houston Texans @ Tennessee Titans,2026-10-11T17:00:00Z,2026-10-09T18:46+00:00
Woody Marks,rush_att,14.0,860,Houston Texans @ Tennessee Titans,2026-10-11T17:00:00Z,2026-10-09T18:46+00:00
Tony Pollard,rush_yds,20.0,-2100,Houston Texans @ Tennessee Titans,2026-10-11T17:00:00Z,2026-10-09T18:46+00:00
Tony Pollard,rush_yds,25.0,-990,Houston Texans @ Tennessee Titans,2026-10-11T17:00:00Z,2026-10-09T18:46+00:00
Tony Pollard,rush_yds,30.0,-559,Houston Texans @ Tennessee Titans,2026-10-11T17:00:00Z,2026-10-09T18:46+00:00
Tony Pollard,rush_yds,40.0,-244,Houston Texans @ Tennessee Titans,2026-10-11T17:00:00Z,2026-10-09T18:46+00:00
Tony Pollard,rush_yds,50.0,-120,Houston Texans @ Tennessee Titans,2026-10-11T17:00:00Z,2026-10-09T18:46+00:00
Tony Pollard,rush_yds,51.0,-113,Houston Texans @ Tennessee Titans,2026-10-11T17:00:00Z,2026-10-09T18:46+00:00
Tony Pollard,rush_yds,60.0,146,Houston Texans @ Tennessee Titans,2026-10-11T17:00:00Z,2026-10-09T18:46+00:00
Tony Pollard,rush_yds,70.0,244,Houston Texans @ Tennessee Titans,2026-10-11T17:00:00Z,2026-10-09T18:46+00:00
Tony Pollard,rush_yds,80.0,392,Houston Texans @ Tennessee Titans,2026-10-11T17:00:00Z,2026-10-09T18:46+00:00
Tony Pollard,rush_yds,90.0,620,Houston Texans @ Tennessee Titans,2026-10-11T17:00:00Z,2026-10-09T18:46+00:00
Tony Pollard,rush_yds,100.0,940,Houston Texans @ Tennessee Titans,2026-10-11T17:00:00Z,2026-10-09T18:46+00:00
Tony Pollard,rush_yds,110.0,1340,Houston Texans @ Tennessee Titans,2026-10-11T17:00:00Z,2026-10-09T18:46+00:00
Tony Pollard,rush_yds,120.0,2000,Houston Texans @ Tennessee Titans,2026-10-11T17:00:00Z,2026-10-09T18:46+00:00
Tony Pollard,rush_yds,130.0,2800,Houston Texans @ Tennessee Titans,2026-10-11T17:00:00Z,2026-10-09T18:46+00:00
David Montgomery,rush_yds,15.0,-3000,Houston Texans @ Tennessee Titans,2026-10-11T17:00:00Z,2026-10-09T18:46+00:00
David Montgomery,rush_yds,20.0,-1200,Houston Texans @ Tennessee Titans,2026-10-11T17:00:00Z,2026-10-09T18:46+00:00
David Montgomery,rush_yds,25.0,-660,Houston Texans @ Tennessee Titans,2026-10-11T17:00:00Z,2026-10-09T18:46+00:00
David Montgomery,rush_yds,30.0,-388,Houston Texans @ Tennessee Titans,2026-10-11T17:00:00Z,2026-10-09T18:46+00:00
David Montgomery,rush_yds,40.0,-169,Houston Texans @ Tennessee Titans,2026-10-11T17:00:00Z,2026-10-09T18:46+00:00
David Montgomery,rush_yds,46.0,-112,Houston Texans @ Tennessee Titans,2026-10-11T17:00:00Z,2026-10-09T18:46+00:00
David Montgomery,rush_yds,50.0,115,Houston Texans @ Tennessee Titans,2026-10-11T17:00:00Z,2026-10-09T18:46+00:00
David Montgomery,rush_yds,60.0,205,Houston Texans @ Tennessee Titans,2026-10-11T17:00:00Z,2026-10-09T18:46+00:00
David Montgomery,rush_yds,70.0,344,Houston Texans @ Tennessee Titans,2026-10-11T17:00:00Z,2026-10-09T18:46+00:00
David Montgomery,rush_yds,80.0,556,Houston Texans @ Tennessee Titans,2026-10-11T17:00:00Z,2026-10-09T18:46+00:00
David Montgomery,rush_yds,90.0,900,Houston Texans @ Tennessee Titans,2026-10-11T17:00:00Z,2026-10-09T18:46+00:00
David Montgomery,rush_yds,100.0,1400,Houston Texans @ Tennessee Titans,2026-10-11T17:00:00Z,2026-10-09T18:46+00:00
David Montgomery,rush_yds,110.0,2100,Houston Texans @ Tennessee Titans,2026-10-11T17:00:00Z,2026-10-09T18:46+00:00
David Montgomery,rush_yds,120.0,3000,Houston Texans @ Tennessee Titans,2026-10-11T17:00:00Z,2026-10-09T18:46+00:00
Woody Marks,rush_yds,10.0,-1440,Houston Texans @ Tennessee Titans,2026-10-11T17:00:00Z,2026-10-09T18:46+00:00
Woody Marks,rush_yds,15.0,-598,Houston Texans @ Tennessee Titans,2026-10-11T17:00:00Z,2026-10-09T18:46+00:00
Woody Marks,rush_yds,20.0,-330,Houston Texans @ Tennessee Titans,2026-10-11T17:00:00Z,2026-10-09T18:46+00:00
Woody Marks,rush_yds,25.0,-199,Houston Texans @ Tennessee Titans,2026-10-11T17:00:00Z,2026-10-09T18:46+00:00
Woody Marks,rush_yds,30.0,-128,Houston Texans @ Tennessee Titans,2026-10-11T17:00:00Z,2026-10-09T18:46+00:00
Woody Marks,rush_yds,32.0,-109,Houston Texans @ Tennessee Titans,2026-10-11T17:00:00Z,2026-10-09T18:46+00:00
Woody Marks,rush_yds,40.0,161,Houston Texans @ Tennessee Titans,2026-10-11T17:00:00Z,2026-10-09T18:46+00:00
Woody Marks,rush_yds,50.0,307,Houston Texans @ Tennessee Titans,2026-10-11T17:00:00Z,2026-10-09T18:46+00:00
Woody Marks,rush_yds,60.0,537,Houston Texans @ Tennessee Titans,2026-10-11T17:00:00Z,2026-10-09T18:46+00:00
Woody Marks,rush_yds,70.0,900,Houston Texans @ Tennessee Titans,2026-10-11T17:00:00Z,2026-10-09T18:46+00:00
Woody Marks,rush_yds,80.0,1500,Houston Texans @ Tennessee Titans,2026-10-11T17:00:00Z,2026-10-09T18:46+00:00
Woody Marks,rush_yds,90.0,2300,Houston Texans @ Tennessee Titans,2026-10-11T17:00:00Z,2026-10-09T18:46+00:00
Woody Marks,rush_yds,100.0,3400,Houston Texans @ Tennessee Titans,2026-10-11T17:00:00Z,2026-10-09T18:46+00:00
Tyjae Spears,rush_yds,10.0,-194,Houston Texans @ Tennessee Titans,2026-10-11T17:00:00Z,2026-10-09T18:46+00:00
Tyjae Spears,rush_yds,14.0,-117,Houston Texans @ Tennessee Titans,2026-10-11T17:00:00Z,2026-10-09T18:46+00:00
Tyjae Spears,rush_yds,15.0,-106,Houston Texans @ Tennessee Titans,2026-10-11T17:00:00Z,2026-10-09T18:46+00:00
Tyjae Spears,rush_yds,20.0,151,Houston Texans @ Tennessee Titans,2026-10-11T17:00:00Z,2026-10-09T18:46+00:00
Tyjae Spears,rush_yds,25.0,217,Houston Texans @ Tennessee Titans,2026-10-11T17:00:00Z,2026-10-09T18:46+00:00
Tyjae Spears,rush_yds,30.0,287,Houston Texans @ Tennessee Titans,2026-10-11T17:00:00Z,2026-10-09T18:46+00:00
Tyjae Spears,rush_yds,40.0,461,Houston Texans @ Tennessee Titans,2026-10-11T17:00:00Z,2026-10-09T18:46+00:00
Tyjae Spears,rush_yds,50.0,670,Houston Texans @ Tennessee Titans,2026-10-11T17:00:00Z,2026-10-09T18:46+00:00
Tyjae Spears,rush_yds,60.0,990,Houston Texans @ Tennessee Titans,2026-10-11T17:00:00Z,2026-10-09T18:46+00:00
Tyjae Spears,rush_yds,70.0,1480,Houston Texans @ Tennessee Titans,2026-10-11T17:00:00Z,2026-10-09T18:46+00:00
Tyjae Spears,rush_yds,80.0,2100,Houston Texans @ Tennessee Titans,2026-10-11T17:00:00Z,2026-10-09T18:46+00:00
Tyjae Spears,rush_yds,90.0,3000,Houston Texans @ Tennessee Titans,2026-10-11T17:00:00Z,2026-10-09T18:46+00:00
Cam Ward,rush_yds,10.0,-141,Houston Texans @ Tennessee Titans,2026-10-11T17:00:00Z,2026-10-09T18:46+00:00
Cam Ward,rush_yds,11.0,-120,Houston Texans @ Tennessee Titans,2026-10-11T17:00:00Z,2026-10-09T18:46+00:00
Cam Ward,rush_yds,15.0,146,Houston Texans @ Tennessee Titans,2026-10-11T17:00:00Z,2026-10-09T18:46+00:00
Cam Ward,rush_yds,20.0,269,Houston Texans @ Tennessee Titans,2026-10-11T17:00:00Z,2026-10-09T18:46+00:00
Cam Ward,rush_yds,25.0,451,Houston Texans @ Tennessee Titans,2026-10-11T17:00:00Z,2026-10-09T18:46+00:00
Cam Ward,rush_yds,30.0,730,Houston Texans @ Tennessee Titans,2026-10-11T17:00:00Z,2026-10-09T18:46+00:00
Cam Ward,rush_yds,40.0,1640,Houston Texans @ Tennessee Titans,2026-10-11T17:00:00Z,2026-10-09T18:46+00:00
Cam Ward,rush_yds,50.0,2900,Houston Texans @ Tennessee Titans,2026-10-11T17:00:00Z,2026-10-09T18:46+00:00
C.J. Stroud,rush_yds,10.0,-124,Houston Texans @ Tennessee Titans,2026-10-11T17:00:00Z,2026-10-09T18:46+00:00
C.J. Stroud,rush_yds,11.0,-106,Houston Texans @ Tennessee Titans,2026-10-11T17:00:00Z,2026-10-09T18:46+00:00
C.J. Stroud,rush_yds,15.0,157,Houston Texans @ Tennessee Titans,2026-10-11T17:00:00Z,2026-10-09T18:46+00:00
C.J. Stroud,rush_yds,20.0,277,Houston Texans @ Tennessee Titans,2026-10-11T17:00:00Z,2026-10-09T18:46+00:00
C.J. Stroud,rush_yds,25.0,470,Houston Texans @ Tennessee Titans,2026-10-11T17:00:00Z,2026-10-09T18:46+00:00
C.J. Stroud,rush_yds,30.0,760,Houston Texans @ Tennessee Titans,2026-10-11T17:00:00Z,2026-10-09T18:46+00:00
C.J. Stroud,rush_yds,40.0,1760,Houston Texans @ Tennessee Titans,2026-10-11T17:00:00Z,2026-10-09T18:46+00:00
C.J. Stroud,rush_yds,50.0,3500,Houston Texans @ Tennessee Titans,2026-10-11T17:00:00Z,2026-10-09T18:46+00:00
Aaron Rodgers,pass_att,26.0,-2600,Indianapolis Colts @ Pittsburgh Steelers,2026-10-11T17:00:00Z,2026-10-09T18:46+00:00
Aaron Rodgers,pass_att,28.0,-1000,Indianapolis Colts @ Pittsburgh Steelers,2026-10-11T17:00:00Z,2026-10-09T18:46+00:00
Aaron Rodgers,pass_att,30.0,-499,Indianapolis Colts @ Pittsburgh Steelers,2026-10-11T17:00:00Z,2026-10-09T18:46+00:00
Aaron Rodgers,pass_att,32.0,-276,Indianapolis Colts @ Pittsburgh Steelers,2026-10-11T17:00:00Z,2026-10-09T18:46+00:00
Aaron Rodgers,pass_att,34.0,-163,Indianapolis Colts @ Pittsburgh Steelers,2026-10-11T17:00:00Z,2026-10-09T18:46+00:00
Aaron Rodgers,pass_att,36.0,-102,Indianapolis Colts @ Pittsburgh Steelers,2026-10-11T17:00:00Z,2026-10-09T18:46+00:00
Aaron Rodgers,pass_att,38.0,155,Indianapolis Colts @ Pittsburgh Steelers,2026-10-11T17:00:00Z,2026-10-09T18:46+00:00
Aaron Rodgers,pass_att,40.0,245,Indianapolis Colts @ Pittsburgh Steelers,2026-10-11T17:00:00Z,2026-10-09T18:46+00:00
Aaron Rodgers,pass_att,42.0,380,Indianapolis Colts @ Pittsburgh Steelers,2026-10-11T17:00:00Z,2026-10-09T18:46+00:00
Aaron Rodgers,pass_att,44.0,579,Indianapolis Colts @ Pittsburgh Steelers,2026-10-11T17:00:00Z,2026-10-09T18:46+00:00
Aaron Rodgers,pass_att,46.0,870,Indianapolis Colts @ Pittsburgh Steelers,2026-10-11T17:00:00Z,2026-10-09T18:46+00:00
Aaron Rodgers,pass_att,48.0,1260,Indianapolis Colts @ Pittsburgh Steelers,2026-10-11T17:00:00Z,2026-10-09T18:46+00:00
Daniel Jones,pass_att,24.0,-1880,Indianapolis Colts @ Pittsburgh Steelers,2026-10-11T17:00:00Z,2026-10-09T18:46+00:00
Daniel Jones,pass_att,26.0,-780,Indianapolis Colts @ Pittsburgh Steelers,2026-10-11T17:00:00Z,2026-10-09T18:46+00:00
Daniel Jones,pass_att,28.0,-391,Indianapolis Colts @ Pittsburgh Steelers,2026-10-11T17:00:00Z,2026-10-09T18:46+00:00
Daniel Jones,pass_att,30.0,-218,Indianapolis Colts @ Pittsburgh Steelers,2026-10-11T17:00:00Z,2026-10-09T18:46+00:00
Daniel Jones,pass_att,32.0,-130,Indianapolis Colts @ Pittsburgh Steelers,2026-10-11T17:00:00Z,2026-10-09T18:46+00:00
Daniel Jones,pass_att,33.0,-102,Indianapolis Colts @ Pittsburgh Steelers,2026-10-11T17:00:00Z,2026-10-09T18:46+00:00
Daniel Jones,pass_att,34.0,123,Indianapolis Colts @ Pittsburgh Steelers,2026-10-11T17:00:00Z,2026-10-09T18:46+00:00
Daniel Jones,pass_att,36.0,194,Indianapolis Colts @ Pittsburgh Steelers,2026-10-11T17:00:00Z,2026-10-09T18:46+00:00
Daniel Jones,pass_att,38.0,298,Indianapolis Colts @ Pittsburgh Steelers,2026-10-11T17:00:00Z,2026-10-09T18:46+00:00
Daniel Jones,pass_att,40.0,464,Indianapolis Colts @ Pittsburgh Steelers,2026-10-11T17:00:00Z,2026-10-09T18:46+00:00
Daniel Jones,pass_att,42.0,730,Indianapolis Colts @ Pittsburgh Steelers,2026-10-11T17:00:00Z,2026-10-09T18:46+00:00
Daniel Jones,pass_att,44.0,1100,Indianapolis Colts @ Pittsburgh Steelers,2026-10-11T17:00:00Z,2026-10-09T18:46+00:00
Daniel Jones,pass_att,46.0,1680,Indianapolis Colts @ Pittsburgh Steelers,2026-10-11T17:00:00Z,2026-10-09T18:46+00:00
Aaron Rodgers,pass_cmps,16.0,-1620,Indianapolis Colts @ Pittsburgh Steelers,2026-10-11T17:00:00Z,2026-10-09T18:46+00:00
Aaron Rodgers,pass_cmps,18.0,-541,Indianapolis Colts @ Pittsburgh Steelers,2026-10-11T17:00:00Z,2026-10-09T18:46+00:00
Aaron Rodgers,pass_cmps,20.0,-234,Indianapolis Colts @ Pittsburgh Steelers,2026-10-11T17:00:00Z,2026-10-09T18:46+00:00
Aaron Rodgers,pass_cmps,22.0,-111,Indianapolis Colts @ Pittsburgh Steelers,2026-10-11T17:00:00Z,2026-10-09T18:46+00:00
Aaron Rodgers,pass_cmps,24.0,175,Indianapolis Colts @ Pittsburgh Steelers,2026-10-11T17:00:00Z,2026-10-09T18:46+00:00
Aaron Rodgers,pass_cmps,26.0,337,Indianapolis Colts @ Pittsburgh Steelers,2026-10-11T17:00:00Z,2026-10-09T18:46+00:00
Aaron Rodgers,pass_cmps,28.0,640,Indianapolis Colts @ Pittsburgh Steelers,2026-10-11T17:00:00Z,2026-10-09T18:46+00:00
Aaron Rodgers,pass_cmps,30.0,1160,Indianapolis Colts @ Pittsburgh Steelers,2026-10-11T17:00:00Z,2026-10-09T18:46+00:00
Daniel Jones,pass_cmps,14.0,-1600,Indianapolis Colts @ Pittsburgh Steelers,2026-10-11T17:00:00Z,2026-10-09T18:46+00:00
Daniel Jones,pass_cmps,16.0,-539,Indianapolis Colts @ Pittsburgh Steelers,2026-10-11T17:00:00Z,2026-10-09T18:46+00:00
Daniel Jones,pass_cmps,18.0,-235,Indianapolis Colts @ Pittsburgh Steelers,2026-10-11T17:00:00Z,2026-10-09T18:46+00:00
Daniel Jones,pass_cmps,20.0,-113,Indianapolis Colts @ Pittsburgh Steelers,2026-10-11T17:00:00Z,2026-10-09T18:46+00:00
Daniel Jones,pass_cmps,22.0,171,Indianapolis Colts @ Pittsburgh Steelers,2026-10-11T17:00:00Z,2026-10-09T18:46+00:00
Daniel Jones,pass_cmps,24.0,321,Indianapolis Colts @ Pittsburgh Steelers,2026-10-11T17:00:00Z,2026-10-09T18:46+00:00
Daniel Jones,pass_cmps,26.0,600,Indianapolis Colts @ Pittsburgh Steelers,2026-10-11T17:00:00Z,2026-10-09T18:46+00:00
Daniel Jones,pass_cmps,28.0,1080,Indianapolis Colts @ Pittsburgh Steelers,2026-10-11T17:00:00Z,2026-10-09T18:46+00:00
Aaron Rodgers,pass_yds,150.0,-1120,Indianapolis Colts @ Pittsburgh Steelers,2026-10-11T17:00:00Z,2026-10-09T18:46+00:00
Aaron Rodgers,pass_yds,160.0,-760,Indianapolis Colts @ Pittsburgh Steelers,2026-10-11T17:00:00Z,2026-10-09T18:46+00:00
Aaron Rodgers,pass_yds,170.0,-539,Indianapolis Colts @ Pittsburgh Steelers,2026-10-11T17:00:00Z,2026-10-09T18:46+00:00
Aaron Rodgers,pass_yds,180.0,-394,Indianapolis Colts @ Pittsburgh Steelers,2026-10-11T17:00:00Z,2026-10-09T18:46+00:00
Aaron Rodgers,pass_yds,190.0,-296,Indianapolis Colts @ Pittsburgh Steelers,2026-10-11T17:00:00Z,2026-10-09T18:46+00:00
Aaron Rodgers,pass_yds,200.0,-224,Indianapolis Colts @ Pittsburgh Steelers,2026-10-11T17:00:00Z,2026-10-09T18:46+00:00
Aaron Rodgers,pass_yds,210.0,-172,Indianapolis Colts @ Pittsburgh Steelers,2026-10-11T17:00:00Z,2026-10-09T18:46+00:00
Aaron Rodgers,pass_yds,220.0,-133,Indianapolis Colts @ Pittsburgh Steelers,2026-10-11T17:00:00Z,2026-10-09T18:46+00:00
Aaron Rodgers,pass_yds,227.0,-112,Indianapolis Colts @ Pittsburgh Steelers,2026-10-11T17:00:00Z,2026-10-09T18:46+00:00
Aaron Rodgers,pass_yds,230.0,-104,Indianapolis Colts @ Pittsburgh Steelers,2026-10-11T17:00:00Z,2026-10-09T18:46+00:00
Aaron Rodgers,pass_yds,240.0,121,Indianapolis Colts @ Pittsburgh Steelers,2026-10-11T17:00:00Z,2026-10-09T18:46+00:00
Aaron Rodgers,pass_yds,250.0,154,Indianapolis Colts @ Pittsburgh Steelers,2026-10-11T17:00:00Z,2026-10-09T18:46+00:00
Aaron Rodgers,pass_yds,260.0,195,Indianapolis Colts @ Pittsburgh Steelers,2026-10-11T17:00:00Z,2026-10-09T18:46+00:00
Aaron Rodgers,pass_yds,270.0,246,Indianapolis Colts @ Pittsburgh Steelers,2026-10-11T17:00:00Z,2026-10-09T18:46+00:00
Aaron Rodgers,pass_yds,280.0,311,Indianapolis Colts @ Pittsburgh Steelers,2026-10-11T17:00:00Z,2026-10-09T18:46+00:00
Aaron Rodgers,pass_yds,290.0,397,Indianapolis Colts @ Pittsburgh Steelers,2026-10-11T17:00:00Z,2026-10-09T18:46+00:00
Aaron Rodgers,pass_yds,300.0,500,Indianapolis Colts @ Pittsburgh Steelers,2026-10-11T17:00:00Z,2026-10-09T18:46+00:00
Aaron Rodgers,pass_yds,310.0,620,Indianapolis Colts @ Pittsburgh Steelers,2026-10-11T17:00:00Z,2026-10-09T18:46+00:00
Aaron Rodgers,pass_yds,320.0,780,Indianapolis Colts @ Pittsburgh Steelers,2026-10-11T17:00:00Z,2026-10-09T18:46+00:00
Aaron Rodgers,pass_yds,330.0,980,Indianapolis Colts @ Pittsburgh Steelers,2026-10-11T17:00:00Z,2026-10-09T18:46+00:00
Aaron Rodgers,pass_yds,340.0,1220,Indianapolis Colts @ Pittsburgh Steelers,2026-10-11T17:00:00Z,2026-10-09T18:46+00:00
Aaron Rodgers,pass_yds,350.0,1520,Indianapolis Colts @ Pittsburgh Steelers,2026-10-11T17:00:00Z,2026-10-09T18:46+00:00
Aaron Rodgers,pass_yds,360.0,1920,Indianapolis Colts @ Pittsburgh Steelers,2026-10-11T17:00:00Z,2026-10-09T18:46+00:00
Aaron Rodgers,pass_yds,370.0,2400,Indianapolis Colts @ Pittsburgh Steelers,2026-10-11T17:00:00Z,2026-10-09T18:46+00:00
Aaron Rodgers,pass_yds,380.0,2900,Indianapolis Colts @ Pittsburgh Steelers,2026-10-11T17:00:00Z,2026-10-09T18:46+00:00
Aaron Rodgers,pass_yds,390.0,3500,Indianapolis Colts @ Pittsburgh Steelers,2026-10-11T17:00:00Z,2026-10-09T18:46+00:00
Daniel Jones,pass_yds,150.0,-630,Indianapolis Colts @ Pittsburgh Steelers,2026-10-11T17:00:00Z,2026-10-09T18:46+00:00
Daniel Jones,pass_yds,160.0,-449,Indianapolis Colts @ Pittsburgh Steelers,2026-10-11T17:00:00Z,2026-10-09T18:46+00:00
Daniel Jones,pass_yds,170.0,-327,Indianapolis Colts @ Pittsburgh Steelers,2026-10-11T17:00:00Z,2026-10-09T18:46+00:00
Daniel Jones,pass_yds,180.0,-242,Indianapolis Colts @ Pittsburgh Steelers,2026-10-11T17:00:00Z,2026-10-09T18:46+00:00
Daniel Jones,pass_yds,190.0,-184,Indianapolis Colts @ Pittsburgh Steelers,2026-10-11T17:00:00Z,2026-10-09T18:46+00:00
Daniel Jones,pass_yds,200.0,-141,Indianapolis Colts @ Pittsburgh Steelers,2026-10-11T17:00:00Z,2026-10-09T18:46+00:00
Daniel Jones,pass_yds,208.0,-113,Indianapolis Colts @ Pittsburgh Steelers,2026-10-11T17:00:00Z,2026-10-09T18:46+00:00
Daniel Jones,pass_yds,210.0,-108,Indianapolis Colts @ Pittsburgh Steelers,2026-10-11T17:00:00Z,2026-10-09T18:46+00:00
Daniel Jones,pass_yds,220.0,118,Indianapolis Colts @ Pittsburgh Steelers,2026-10-11T17:00:00Z,2026-10-09T18:46+00:00
Daniel Jones,pass_yds,230.0,152,Indianapolis Colts @ Pittsburgh Steelers,2026-10-11T17:00:00Z,2026-10-09T18:46+00:00
Daniel Jones,pass_yds,240.0,193,Indianapolis Colts @ Pittsburgh Steelers,2026-10-11T17:00:00Z,2026-10-09T18:46+00:00
Daniel Jones,pass_yds,250.0,244,Indianapolis Colts @ Pittsburgh Steelers,2026-10-11T17:00:00Z,2026-10-09T18:46+00:00
Daniel Jones,pass_yds,260.0,314,Indianapolis Colts @ Pittsburgh Steelers,2026-10-11T17:00:00Z,2026-10-09T18:46+00:00
Daniel Jones,pass_yds,270.0,403,Indianapolis Colts @ Pittsburgh Steelers,2026-10-11T17:00:00Z,2026-10-09T18:46+00:00
Daniel Jones,pass_yds,280.0,514,Indianapolis Colts @ Pittsburgh Steelers,2026-10-11T17:00:00Z,2026-10-09T18:46+00:00
Daniel Jones,pass_yds,290.0,660,Indianapolis Colts @ Pittsburgh Steelers,2026-10-11T17:00:00Z,2026-10-09T18:46+00:00
Daniel Jones,pass_yds,300.0,840,Indianapolis Colts @ Pittsburgh Steelers,2026-10-11T17:00:00Z,2026-10-09T18:46+00:00
Daniel Jones,pass_yds,310.0,1080,Indianapolis Colts @ Pittsburgh Steelers,2026-10-11T17:00:00Z,2026-10-09T18:46+00:00
Daniel Jones,pass_yds,320.0,1380,Indianapolis Colts @ Pittsburgh Steelers,2026-10-11T17:00:00Z,2026-10-09T18:46+00:00
Daniel Jones,pass_yds,330.0,1760,Indianapolis Colts @ Pittsburgh Steelers,2026-10-11T17:00:00Z,2026-10-09T18:46+00:00
Daniel Jones,pass_yds,340.0,2200,Indianapolis Colts @ Pittsburgh Steelers,2026-10-11T17:00:00Z,2026-10-09T18:46+00:00
Daniel Jones,pass_yds,350.0,2700,Indianapolis Colts @ Pittsburgh Steelers,2026-10-11T17:00:00Z,2026-10-09T18:46+00:00
Daniel Jones,pass_yds,360.0,3400,Indianapolis Colts @ Pittsburgh Steelers,2026-10-11T17:00:00Z,2026-10-09T18:46+00:00
Daniel Jones,pass_yds,370.0,4000,Indianapolis Colts @ Pittsburgh Steelers,2026-10-11T17:00:00Z,2026-10-09T18:46+00:00
Josh Downs,rec_yds,15.0,-2000,Indianapolis Colts @ Pittsburgh Steelers,2026-10-11T17:00:00Z,2026-10-09T18:46+00:00
Josh Downs,rec_yds,25.0,-730,Indianapolis Colts @ Pittsburgh Steelers,2026-10-11T17:00:00Z,2026-10-09T18:46+00:00
Josh Downs,rec_yds,40.0,-265,Indianapolis Colts @ Pittsburgh Steelers,2026-10-11T17:00:00Z,2026-10-09T18:46+00:00
Josh Downs,rec_yds,50.0,-159,Indianapolis Colts @ Pittsburgh Steelers,2026-10-11T17:00:00Z,2026-10-09T18:46+00:00
Josh Downs,rec_yds,58.0,-111,Indianapolis Colts @ Pittsburgh Steelers,2026-10-11T17:00:00Z,2026-10-09T18:46+00:00
Josh Downs,rec_yds,60.0,-103,Indianapolis Colts @ Pittsburgh Steelers,2026-10-11T17:00:00Z,2026-10-09T18:46+00:00
Josh Downs,rec_yds,70.0,147,Indianapolis Colts @ Pittsburgh Steelers,2026-10-11T17:00:00Z,2026-10-09T18:46+00:00
Josh Downs,rec_yds,80.0,219,Indianapolis Colts @ Pittsburgh Steelers,2026-10-11T17:00:00Z,2026-10-09T18:46+00:00
Josh Downs,rec_yds,90.0,315,Indianapolis Colts @ Pittsburgh Steelers,2026-10-11T17:00:00Z,2026-10-09T18:46+00:00
Josh Downs,rec_yds,100.0,460,Indianapolis Colts @ Pittsburgh Steelers,2026-10-11T17:00:00Z,2026-10-09T18:46+00:00
Josh Downs,rec_yds,110.0,660,Indianapolis Colts @ Pittsburgh Steelers,2026-10-11T17:00:00Z,2026-10-09T18:46+00:00
Josh Downs,rec_yds,120.0,950,Indianapolis Colts @ Pittsburgh Steelers,2026-10-11T17:00:00Z,2026-10-09T18:46+00:00
Josh Downs,rec_yds,130.0,1340,Indianapolis Colts @ Pittsburgh Steelers,2026-10-11T17:00:00Z,2026-10-09T18:46+00:00
Josh Downs,rec_yds,140.0,1840,Indianapolis Colts @ Pittsburgh Steelers,2026-10-11T17:00:00Z,2026-10-09T18:46+00:00
Josh Downs,rec_yds,150.0,2500,Indianapolis Colts @ Pittsburgh Steelers,2026-10-11T17:00:00Z,2026-10-09T18:46+00:00
Josh Downs,rec_yds,160.0,3300,Indianapolis Colts @ Pittsburgh Steelers,2026-10-11T17:00:00Z,2026-10-09T18:46+00:00
DK Metcalf,rec_yds,15.0,-1580,Indianapolis Colts @ Pittsburgh Steelers,2026-10-11T17:00:00Z,2026-10-09T18:46+00:00
DK Metcalf,rec_yds,25.0,-599,Indianapolis Colts @ Pittsburgh Steelers,2026-10-11T17:00:00Z,2026-10-09T18:46+00:00
DK Metcalf,rec_yds,40.0,-225,Indianapolis Colts @ Pittsburgh Steelers,2026-10-11T17:00:00Z,2026-10-09T18:46+00:00
DK Metcalf,rec_yds,50.0,-134,Indianapolis Colts @ Pittsburgh Steelers,2026-10-11T17:00:00Z,2026-10-09T18:46+00:00
DK Metcalf,rec_yds,54.0,-111,Indianapolis Colts @ Pittsburgh Steelers,2026-10-11T17:00:00Z,2026-10-09T18:46+00:00
DK Metcalf,rec_yds,60.0,119,Indianapolis Colts @ Pittsburgh Steelers,2026-10-11T17:00:00Z,2026-10-09T18:46+00:00
DK Metcalf,rec_yds,70.0,182,Indianapolis Colts @ Pittsburgh Steelers,2026-10-11T17:00:00Z,2026-10-09T18:46+00:00
DK Metcalf,rec_yds,80.0,274,Indianapolis Colts @ Pittsburgh Steelers,2026-10-11T17:00:00Z,2026-10-09T18:46+00:00
DK Metcalf,rec_yds,90.0,410,Indianapolis Colts @ Pittsburgh Steelers,2026-10-11T17:00:00Z,2026-10-09T18:46+00:00
DK Metcalf,rec_yds,100.0,600,Indianapolis Colts @ Pittsburgh Steelers,2026-10-11T17:00:00Z,2026-10-09T18:46+00:00
DK Metcalf,rec_yds,110.0,900,Indianapolis Colts @ Pittsburgh Steelers,2026-10-11T17:00:00Z,2026-10-09T18:46+00:00
DK Metcalf,rec_yds,120.0,1280,Indianapolis Colts @ Pittsburgh Steelers,2026-10-11T17:00:00Z,2026-10-09T18:46+00:00
DK Metcalf,rec_yds,130.0,1860,Indianapolis Colts @ Pittsburgh Steelers,2026-10-11T17:00:00Z,2026-10-09T18:46+00:00
DK Metcalf,rec_yds,140.0,2600,Indianapolis Colts @ Pittsburgh Steelers,2026-10-11T17:00:00Z,2026-10-09T18:46+00:00
DK Metcalf,rec_yds,150.0,3500,Indianapolis Colts @ Pittsburgh Steelers,2026-10-11T17:00:00Z,2026-10-09T18:46+00:00
Tyler Warren,rec_yds,15.0,-1220,Indianapolis Colts @ Pittsburgh Steelers,2026-10-11T17:00:00Z,2026-10-09T18:46+00:00
Tyler Warren,rec_yds,25.0,-444,Indianapolis Colts @ Pittsburgh Steelers,2026-10-11T17:00:00Z,2026-10-09T18:46+00:00
Tyler Warren,rec_yds,40.0,-165,Indianapolis Colts @ Pittsburgh Steelers,2026-10-11T17:00:00Z,2026-10-09T18:46+00:00
Tyler Warren,rec_yds,47.0,-113,Indianapolis Colts @ Pittsburgh Steelers,2026-10-11T17:00:00Z,2026-10-09T18:46+00:00
Tyler Warren,rec_yds,50.0,103,Indianapolis Colts @ Pittsburgh Steelers,2026-10-11T17:00:00Z,2026-10-09T18:46+00:00
Tyler Warren,rec_yds,60.0,164,Indianapolis Colts @ Pittsburgh Steelers,2026-10-11T17:00:00Z,2026-10-09T18:46+00:00
Tyler Warren,rec_yds,70.0,255,Indianapolis Colts @ Pittsburgh Steelers,2026-10-11T17:00:00Z,2026-10-09T18:46+00:00
Tyler Warren,rec_yds,80.0,389,Indianapolis Colts @ Pittsburgh Steelers,2026-10-11T17:00:00Z,2026-10-09T18:46+00:00
Tyler Warren,rec_yds,90.0,584,Indianapolis Colts @ Pittsburgh Steelers,2026-10-11T17:00:00Z,2026-10-09T18:46+00:00
Tyler Warren,rec_yds,100.0,850,Indianapolis Colts @ Pittsburgh Steelers,2026-10-11T17:00:00Z,2026-10-09T18:46+00:00
Tyler Warren,rec_yds,110.0,1280,Indianapolis Colts @ Pittsburgh Steelers,2026-10-11T17:00:00Z,2026-10-09T18:46+00:00
Tyler Warren,rec_yds,120.0,1780,Indianapolis Colts @ Pittsburgh Steelers,2026-10-11T17:00:00Z,2026-10-09T18:46+00:00
Tyler Warren,rec_yds,130.0,2500,Indianapolis Colts @ Pittsburgh Steelers,2026-10-11T17:00:00Z,2026-10-09T18:46+00:00
Tyler Warren,rec_yds,140.0,3400,Indianapolis Colts @ Pittsburgh Steelers,2026-10-11T17:00:00Z,2026-10-09T18:46+00:00
Roman Wilson,rec_yds,15.0,-730,Indianapolis Colts @ Pittsburgh Steelers,2026-10-11T17:00:00Z,2026-10-09T18:46+00:00
Roman Wilson,rec_yds,25.0,-305,Indianapolis Colts @ Pittsburgh Steelers,2026-10-11T17:00:00Z,2026-10-09T18:46+00:00
Roman Wilson,rec_yds,40.0,-125,Indianapolis Colts @ Pittsburgh Steelers,2026-10-11T17:00:00Z,2026-10-09T18:46+00:00
Roman Wilson,rec_yds,42.0,-113,Indianapolis Colts @ Pittsburgh Steelers,2026-10-11T17:00:00Z,2026-10-09T18:46+00:00
Roman Wilson,rec_yds,50.0,133,Indianapolis Colts @ Pittsburgh Steelers,2026-10-11T17:00:00Z,2026-10-09T18:46+00:00
Roman Wilson,rec_yds,60.0,213,Indianapolis Colts @ Pittsburgh Steelers,2026-10-11T17:00:00Z,2026-10-09T18:46+00:00
Roman Wilson,rec_yds,70.0,329,Indianapolis Colts @ Pittsburgh Steelers,2026-10-11T17:00:00Z,2026-10-09T18:46+00:00
Roman Wilson,rec_yds,80.0,503,Indianapolis Colts @ Pittsburgh Steelers,2026-10-11T17:00:00Z,2026-10-09T18:46+00:00
Roman Wilson,rec_yds,90.0,760,Indianapolis Colts @ Pittsburgh Steelers,2026-10-11T17:00:00Z,2026-10-09T18:46+00:00
Roman Wilson,rec_yds,100.0,1100,Indianapolis Colts @ Pittsburgh Steelers,2026-10-11T17:00:00Z,2026-10-09T18:46+00:00
Roman Wilson,rec_yds,110.0,1640,Indianapolis Colts @ Pittsburgh Steelers,2026-10-11T17:00:00Z,2026-10-09T18:46+00:00
Roman Wilson,rec_yds,120.0,2300,Indianapolis Colts @ Pittsburgh Steelers,2026-10-11T17:00:00Z,2026-10-09T18:46+00:00
Roman Wilson,rec_yds,130.0,3200,Indianapolis Colts @ Pittsburgh Steelers,2026-10-11T17:00:00Z,2026-10-09T18:46+00:00
Keenan Allen,rec_yds,15.0,-378,Indianapolis Colts @ Pittsburgh Steelers,2026-10-11T17:00:00Z,2026-10-09T18:46+00:00
Keenan Allen,rec_yds,25.0,-163,Indianapolis Colts @ Pittsburgh Steelers,2026-10-11T17:00:00Z,2026-10-09T18:46+00:00
Keenan Allen,rec_yds,30.0,-116,Indianapolis Colts @ Pittsburgh Steelers,2026-10-11T17:00:00Z,2026-10-09T18:46+00:00
Keenan Allen,rec_yds,40.0,156,Indianapolis Colts @ Pittsburgh Steelers,2026-10-11T17:00:00Z,2026-10-09T18:46+00:00
Keenan Allen,rec_yds,50.0,267,Indianapolis Colts @ Pittsburgh Steelers,2026-10-11T17:00:00Z,2026-10-09T18:46+00:00
Keenan Allen,rec_yds,60.0,437,Indianapolis Colts @ Pittsburgh Steelers,2026-10-11T17:00:00Z,2026-10-09T18:46+00:00
Keenan Allen,rec_yds,70.0,700,Indianapolis Colts @ Pittsburgh Steelers,2026-10-11T17:00:00Z,2026-10-09T18:46+00:00
Keenan Allen,rec_yds,80.0,1140,Indianapolis Colts @ Pittsburgh Steelers,2026-10-11T17:00:00Z,2026-10-09T18:46+00:00
Keenan Allen,rec_yds,90.0,1740,Indianapolis Colts @ Pittsburgh Steelers,2026-10-11T17:00:00Z,2026-10-09T18:46+00:00
Keenan Allen,rec_yds,100.0,2500,Indianapolis Colts @ Pittsburgh Steelers,2026-10-11T17:00:00Z,2026-10-09T18:46+00:00
Pat Freiermuth,rec_yds,15.0,-323,Indianapolis Colts @ Pittsburgh Steelers,2026-10-11T17:00:00Z,2026-10-09T18:46+00:00
Pat Freiermuth,rec_yds,25.0,-128,Indianapolis Colts @ Pittsburgh Steelers,2026-10-11T17:00:00Z,2026-10-09T18:46+00:00
Pat Freiermuth,rec_yds,27.0,-110,Indianapolis Colts @ Pittsburgh Steelers,2026-10-11T17:00:00Z,2026-10-09T18:46+00:00
Pat Freiermuth,rec_yds,40.0,209,Indianapolis Colts @ Pittsburgh Steelers,2026-10-11T17:00:00Z,2026-10-09T18:46+00:00
Pat Freiermuth,rec_yds,50.0,379,Indianapolis Colts @ Pittsburgh Steelers,2026-10-11T17:00:00Z,2026-10-09T18:46+00:00
Pat Freiermuth,rec_yds,60.0,660,Indianapolis Colts @ Pittsburgh Steelers,2026-10-11T17:00:00Z,2026-10-09T18:46+00:00
Pat Freiermuth,rec_yds,70.0,1080,Indianapolis Colts @ Pittsburgh Steelers,2026-10-11T17:00:00Z,2026-10-09T18:46+00:00
Pat Freiermuth,rec_yds,80.0,1760,Indianapolis Colts @ Pittsburgh Steelers,2026-10-11T17:00:00Z,2026-10-09T18:46+00:00
Pat Freiermuth,rec_yds,90.0,2700,Indianapolis Colts @ Pittsburgh Steelers,2026-10-11T17:00:00Z,2026-10-09T18:46+00:00
Pat Freiermuth,rec_yds,100.0,4000,Indianapolis Colts @ Pittsburgh Steelers,2026-10-11T17:00:00Z,2026-10-09T18:46+00:00
Darnell Washington,rec_yds,15.0,-210,Indianapolis Colts @ Pittsburgh Steelers,2026-10-11T17:00:00Z,2026-10-09T18:46+00:00
Darnell Washington,rec_yds,22.0,-116,Indianapolis Colts @ Pittsburgh Steelers,2026-10-11T17:00:00Z,2026-10-09T18:46+00:00
Darnell Washington,rec_yds,25.0,107,Indianapolis Colts @ Pittsburgh Steelers,2026-10-11T17:00:00Z,2026-10-09T18:46+00:00
Darnell Washington,rec_yds,40.0,275,Indianapolis Colts @ Pittsburgh Steelers,2026-10-11T17:00:00Z,2026-10-09T18:46+00:00
Darnell Washington,rec_yds,50.0,476,Indianapolis Colts @ Pittsburgh Steelers,2026-10-11T17:00:00Z,2026-10-09T18:46+00:00
Darnell Washington,rec_yds,60.0,790,Indianapolis Colts @ Pittsburgh Steelers,2026-10-11T17:00:00Z,2026-10-09T18:46+00:00
Darnell Washington,rec_yds,70.0,1280,Indianapolis Colts @ Pittsburgh Steelers,2026-10-11T17:00:00Z,2026-10-09T18:46+00:00
Darnell Washington,rec_yds,80.0,2000,Indianapolis Colts @ Pittsburgh Steelers,2026-10-11T17:00:00Z,2026-10-09T18:46+00:00
Darnell Washington,rec_yds,90.0,3000,Indianapolis Colts @ Pittsburgh Steelers,2026-10-11T17:00:00Z,2026-10-09T18:46+00:00
Germie Bernard,rec_yds,15.0,-180,Indianapolis Colts @ Pittsburgh Steelers,2026-10-11T17:00:00Z,2026-10-09T18:46+00:00
Germie Bernard,rec_yds,21.0,-108,Indianapolis Colts @ Pittsburgh Steelers,2026-10-11T17:00:00Z,2026-10-09T18:46+00:00
Germie Bernard,rec_yds,25.0,124,Indianapolis Colts @ Pittsburgh Steelers,2026-10-11T17:00:00Z,2026-10-09T18:46+00:00
Germie Bernard,rec_yds,40.0,330,Indianapolis Colts @ Pittsburgh Steelers,2026-10-11T17:00:00Z,2026-10-09T18:46+00:00
Germie Bernard,rec_yds,50.0,600,Indianapolis Colts @ Pittsburgh Steelers,2026-10-11T17:00:00Z,2026-10-09T18:46+00:00
Germie Bernard,rec_yds,60.0,1020,Indianapolis Colts @ Pittsburgh Steelers,2026-10-11T17:00:00Z,2026-10-09T18:46+00:00
Germie Bernard,rec_yds,70.0,1680,Indianapolis Colts @ Pittsburgh Steelers,2026-10-11T17:00:00Z,2026-10-09T18:46+00:00
Germie Bernard,rec_yds,80.0,2600,Indianapolis Colts @ Pittsburgh Steelers,2026-10-11T17:00:00Z,2026-10-09T18:46+00:00
Germie Bernard,rec_yds,90.0,3900,Indianapolis Colts @ Pittsburgh Steelers,2026-10-11T17:00:00Z,2026-10-09T18:46+00:00
Jonathan Taylor,rec_yds,15.0,-127,Indianapolis Colts @ Pittsburgh Steelers,2026-10-11T17:00:00Z,2026-10-09T18:46+00:00
Jonathan Taylor,rec_yds,16.0,-116,Indianapolis Colts @ Pittsburgh Steelers,2026-10-11T17:00:00Z,2026-10-09T18:46+00:00
Jonathan Taylor,rec_yds,25.0,181,Indianapolis Colts @ Pittsburgh Steelers,2026-10-11T17:00:00Z,2026-10-09T18:46+00:00
Jonathan Taylor,rec_yds,40.0,502,Indianapolis Colts @ Pittsburgh Steelers,2026-10-11T17:00:00Z,2026-10-09T18:46+00:00
Jonathan Taylor,rec_yds,50.0,860,Indianapolis Colts @ Pittsburgh Steelers,2026-10-11T17:00:00Z,2026-10-09T18:46+00:00
Jonathan Taylor,rec_yds,60.0,1360,Indianapolis Colts @ Pittsburgh Steelers,2026-10-11T17:00:00Z,2026-10-09T18:46+00:00
Jonathan Taylor,rec_yds,70.0,2100,Indianapolis Colts @ Pittsburgh Steelers,2026-10-11T17:00:00Z,2026-10-09T18:46+00:00
Jonathan Taylor,rec_yds,80.0,3000,Indianapolis Colts @ Pittsburgh Steelers,2026-10-11T17:00:00Z,2026-10-09T18:46+00:00
Laquon Treadwell,rec_yds,14.0,-108,Indianapolis Colts @ Pittsburgh Steelers,2026-10-11T17:00:00Z,2026-10-09T18:46+00:00
Laquon Treadwell,rec_yds,15.0,101,Indianapolis Colts @ Pittsburgh Steelers,2026-10-11T17:00:00Z,2026-10-09T18:46+00:00
Laquon Treadwell,rec_yds,25.0,221,Indianapolis Colts @ Pittsburgh Steelers,2026-10-11T17:00:00Z,2026-10-09T18:46+00:00
Laquon Treadwell,rec_yds,40.0,523,Indianapolis Colts @ Pittsburgh Steelers,2026-10-11T17:00:00Z,2026-10-09T18:46+00:00
Laquon Treadwell,rec_yds,50.0,870,Indianapolis Colts @ Pittsburgh Steelers,2026-10-11T17:00:00Z,2026-10-09T18:46+00:00
Laquon Treadwell,rec_yds,60.0,1420,Indianapolis Colts @ Pittsburgh Steelers,2026-10-11T17:00:00Z,2026-10-09T18:46+00:00
Laquon Treadwell,rec_yds,70.0,2200,Indianapolis Colts @ Pittsburgh Steelers,2026-10-11T17:00:00Z,2026-10-09T18:46+00:00
Laquon Treadwell,rec_yds,80.0,3300,Indianapolis Colts @ Pittsburgh Steelers,2026-10-11T17:00:00Z,2026-10-09T18:46+00:00
Tyler Warren,receptions,3.0,-980,Indianapolis Colts @ Pittsburgh Steelers,2026-10-11T17:00:00Z,2026-10-09T18:46+00:00
Tyler Warren,receptions,4.0,-363,Indianapolis Colts @ Pittsburgh Steelers,2026-10-11T17:00:00Z,2026-10-09T18:46+00:00
Tyler Warren,receptions,5.0,-172,Indianapolis Colts @ Pittsburgh Steelers,2026-10-11T17:00:00Z,2026-10-09T18:46+00:00
Tyler Warren,receptions,6.0,113,Indianapolis Colts @ Pittsburgh Steelers,2026-10-11T17:00:00Z,2026-10-09T18:46+00:00
Tyler Warren,receptions,7.0,208,Indianapolis Colts @ Pittsburgh Steelers,2026-10-11T17:00:00Z,2026-10-09T18:46+00:00
Tyler Warren,receptions,8.0,371,Indianapolis Colts @ Pittsburgh Steelers,2026-10-11T17:00:00Z,2026-10-09T18:46+00:00
Tyler Warren,receptions,9.0,650,Indianapolis Colts @ Pittsburgh Steelers,2026-10-11T17:00:00Z,2026-10-09T18:46+00:00
Tyler Warren,receptions,10.0,1100,Indianapolis Colts @ Pittsburgh Steelers,2026-10-11T17:00:00Z,2026-10-09T18:46+00:00
Tyler Warren,receptions,11.0,1780,Indianapolis Colts @ Pittsburgh Steelers,2026-10-11T17:00:00Z,2026-10-09T18:46+00:00
Tyler Warren,receptions,12.0,2600,Indianapolis Colts @ Pittsburgh Steelers,2026-10-11T17:00:00Z,2026-10-09T18:46+00:00
Josh Downs,receptions,3.0,-950,Indianapolis Colts @ Pittsburgh Steelers,2026-10-11T17:00:00Z,2026-10-09T18:46+00:00
Josh Downs,receptions,4.0,-336,Indianapolis Colts @ Pittsburgh Steelers,2026-10-11T17:00:00Z,2026-10-09T18:46+00:00
Josh Downs,receptions,5.0,-154,Indianapolis Colts @ Pittsburgh Steelers,2026-10-11T17:00:00Z,2026-10-09T18:46+00:00
Josh Downs,receptions,6.0,127,Indianapolis Colts @ Pittsburgh Steelers,2026-10-11T17:00:00Z,2026-10-09T18:46+00:00
Josh Downs,receptions,7.0,228,Indianapolis Colts @ Pittsburgh Steelers,2026-10-11T17:00:00Z,2026-10-09T18:46+00:00
Josh Downs,receptions,8.0,412,Indianapolis Colts @ Pittsburgh Steelers,2026-10-11T17:00:00Z,2026-10-09T18:46+00:00
Josh Downs,receptions,9.0,730,Indianapolis Colts @ Pittsburgh Steelers,2026-10-11T17:00:00Z,2026-10-09T18:46+00:00
Josh Downs,receptions,10.0,1200,Indianapolis Colts @ Pittsburgh Steelers,2026-10-11T17:00:00Z,2026-10-09T18:46+00:00
Josh Downs,receptions,11.0,1920,Indianapolis Colts @ Pittsburgh Steelers,2026-10-11T17:00:00Z,2026-10-09T18:46+00:00
Josh Downs,receptions,12.0,2800,Indianapolis Colts @ Pittsburgh Steelers,2026-10-11T17:00:00Z,2026-10-09T18:46+00:00
DK Metcalf,receptions,2.0,-2300,Indianapolis Colts @ Pittsburgh Steelers,2026-10-11T17:00:00Z,2026-10-09T18:46+00:00
DK Metcalf,receptions,3.0,-520,Indianapolis Colts @ Pittsburgh Steelers,2026-10-11T17:00:00Z,2026-10-09T18:46+00:00
DK Metcalf,receptions,4.0,-198,Indianapolis Colts @ Pittsburgh Steelers,2026-10-11T17:00:00Z,2026-10-09T18:46+00:00
DK Metcalf,receptions,5.0,112,Indianapolis Colts @ Pittsburgh Steelers,2026-10-11T17:00:00Z,2026-10-09T18:46+00:00
DK Metcalf,receptions,6.0,233,Indianapolis Colts @ Pittsburgh Steelers,2026-10-11T17:00:00Z,2026-10-09T18:46+00:00
DK Metcalf,receptions,7.0,464,Indianapolis Colts @ Pittsburgh Steelers,2026-10-11T17:00:00Z,2026-10-09T18:46+00:00
DK Metcalf,receptions,8.0,910,Indianapolis Colts @ Pittsburgh Steelers,2026-10-11T17:00:00Z,2026-10-09T18:46+00:00
DK Metcalf,receptions,9.0,1640,Indianapolis Colts @ Pittsburgh Steelers,2026-10-11T17:00:00Z,2026-10-09T18:46+00:00
DK Metcalf,receptions,10.0,2600,Indianapolis Colts @ Pittsburgh Steelers,2026-10-11T17:00:00Z,2026-10-09T18:46+00:00
Keenan Allen,receptions,2.0,-860,Indianapolis Colts @ Pittsburgh Steelers,2026-10-11T17:00:00Z,2026-10-09T18:46+00:00
Keenan Allen,receptions,3.0,-258,Indianapolis Colts @ Pittsburgh Steelers,2026-10-11T17:00:00Z,2026-10-09T18:46+00:00
Keenan Allen,receptions,4.0,-104,Indianapolis Colts @ Pittsburgh Steelers,2026-10-11T17:00:00Z,2026-10-09T18:46+00:00
Keenan Allen,receptions,5.0,206,Indianapolis Colts @ Pittsburgh Steelers,2026-10-11T17:00:00Z,2026-10-09T18:46+00:00
Keenan Allen,receptions,6.0,420,Indianapolis Colts @ Pittsburgh Steelers,2026-10-11T17:00:00Z,2026-10-09T18:46+00:00
Keenan Allen,receptions,7.0,860,Indianapolis Colts @ Pittsburgh Steelers,2026-10-11T17:00:00Z,2026-10-09T18:46+00:00
Keenan Allen,receptions,8.0,1620,Indianapolis Colts @ Pittsburgh Steelers,2026-10-11T17:00:00Z,2026-10-09T18:46+00:00
Keenan Allen,receptions,9.0,2500,Indianapolis Colts @ Pittsburgh Steelers,2026-10-11T17:00:00Z,2026-10-09T18:46+00:00
Roman Wilson,receptions,2.0,-680,Indianapolis Colts @ Pittsburgh Steelers,2026-10-11T17:00:00Z,2026-10-09T18:46+00:00
Roman Wilson,receptions,3.0,-206,Indianapolis Colts @ Pittsburgh Steelers,2026-10-11T17:00:00Z,2026-10-09T18:46+00:00
Roman Wilson,receptions,4.0,121,Indianapolis Colts @ Pittsburgh Steelers,2026-10-11T17:00:00Z,2026-10-09T18:46+00:00
Roman Wilson,receptions,5.0,273,Indianapolis Colts @ Pittsburgh Steelers,2026-10-11T17:00:00Z,2026-10-09T18:46+00:00
Roman Wilson,receptions,6.0,597,Indianapolis Colts @ Pittsburgh Steelers,2026-10-11T17:00:00Z,2026-10-09T18:46+00:00
Roman Wilson,receptions,7.0,1200,Indianapolis Colts @ Pittsburgh Steelers,2026-10-11T17:00:00Z,2026-10-09T18:46+00:00
Roman Wilson,receptions,8.0,2200,Indianapolis Colts @ Pittsburgh Steelers,2026-10-11T17:00:00Z,2026-10-09T18:46+00:00
Pat Freiermuth,receptions,2.0,-597,Indianapolis Colts @ Pittsburgh Steelers,2026-10-11T17:00:00Z,2026-10-09T18:46+00:00
Pat Freiermuth,receptions,3.0,-193,Indianapolis Colts @ Pittsburgh Steelers,2026-10-11T17:00:00Z,2026-10-09T18:46+00:00
Pat Freiermuth,receptions,4.0,132,Indianapolis Colts @ Pittsburgh Steelers,2026-10-11T17:00:00Z,2026-10-09T18:46+00:00
Pat Freiermuth,receptions,5.0,297,Indianapolis Colts @ Pittsburgh Steelers,2026-10-11T17:00:00Z,2026-10-09T18:46+00:00
Pat Freiermuth,receptions,6.0,630,Indianapolis Colts @ Pittsburgh Steelers,2026-10-11T17:00:00Z,2026-10-09T18:46+00:00
Pat Freiermuth,receptions,7.0,1280,Indianapolis Colts @ Pittsburgh Steelers,2026-10-11T17:00:00Z,2026-10-09T18:46+00:00
Pat Freiermuth,receptions,8.0,2300,Indianapolis Colts @ Pittsburgh Steelers,2026-10-11T17:00:00Z,2026-10-09T18:46+00:00
Jonathan Taylor,receptions,2.0,-330,Indianapolis Colts @ Pittsburgh Steelers,2026-10-11T17:00:00Z,2026-10-09T18:46+00:00
Jonathan Taylor,receptions,3.0,-114,Indianapolis Colts @ Pittsburgh Steelers,2026-10-11T17:00:00Z,2026-10-09T18:46+00:00
Jonathan Taylor,receptions,4.0,212,Indianapolis Colts @ Pittsburgh Steelers,2026-10-11T17:00:00Z,2026-10-09T18:46+00:00
Jonathan Taylor,receptions,5.0,480,Indianapolis Colts @ Pittsburgh Steelers,2026-10-11T17:00:00Z,2026-10-09T18:46+00:00
Jonathan Taylor,receptions,6.0,980,Indianapolis Colts @ Pittsburgh Steelers,2026-10-11T17:00:00Z,2026-10-09T18:46+00:00
Jonathan Taylor,receptions,7.0,1840,Indianapolis Colts @ Pittsburgh Steelers,2026-10-11T17:00:00Z,2026-10-09T18:46+00:00
Darnell Washington,receptions,2.0,-234,Indianapolis Colts @ Pittsburgh Steelers,2026-10-11T17:00:00Z,2026-10-09T18:46+00:00
Darnell Washington,receptions,3.0,131,Indianapolis Colts @ Pittsburgh Steelers,2026-10-11T17:00:00Z,2026-10-09T18:46+00:00
Darnell Washington,receptions,4.0,341,Indianapolis Colts @ Pittsburgh Steelers,2026-10-11T17:00:00Z,2026-10-09T18:46+00:00
Darnell Washington,receptions,5.0,810,Indianapolis Colts @ Pittsburgh Steelers,2026-10-11T17:00:00Z,2026-10-09T18:46+00:00
Darnell Washington,receptions,6.0,1820,Indianapolis Colts @ Pittsburgh Steelers,2026-10-11T17:00:00Z,2026-10-09T18:46+00:00
Germie Bernard,receptions,2.0,-215,Indianapolis Colts @ Pittsburgh Steelers,2026-10-11T17:00:00Z,2026-10-09T18:46+00:00
Germie Bernard,receptions,3.0,139,Indianapolis Colts @ Pittsburgh Steelers,2026-10-11T17:00:00Z,2026-10-09T18:46+00:00
Germie Bernard,receptions,4.0,357,Indianapolis Colts @ Pittsburgh Steelers,2026-10-11T17:00:00Z,2026-10-09T18:46+00:00
Germie Bernard,receptions,5.0,860,Indianapolis Colts @ Pittsburgh Steelers,2026-10-11T17:00:00Z,2026-10-09T18:46+00:00
Germie Bernard,receptions,6.0,1840,Indianapolis Colts @ Pittsburgh Steelers,2026-10-11T17:00:00Z,2026-10-09T18:46+00:00
Laquon Treadwell,receptions,2.0,116,Indianapolis Colts @ Pittsburgh Steelers,2026-10-11T17:00:00Z,2026-10-09T18:46+00:00
Laquon Treadwell,receptions,3.0,372,Indianapolis Colts @ Pittsburgh Steelers,2026-10-11T17:00:00Z,2026-10-09T18:46+00:00
Laquon Treadwell,receptions,4.0,1020,Indianapolis Colts @ Pittsburgh Steelers,2026-10-11T17:00:00Z,2026-10-09T18:46+00:00
Laquon Treadwell,receptions,5.0,2300,Indianapolis Colts @ Pittsburgh Steelers,2026-10-11T17:00:00Z,2026-10-09T18:46+00:00
Jonathan Taylor,rush_att,12.0,-2100,Indianapolis Colts @ Pittsburgh Steelers,2026-10-11T17:00:00Z,2026-10-09T18:46+00:00
Jonathan Taylor,rush_att,14.0,-720,Indianapolis Colts @ Pittsburgh Steelers,2026-10-11T17:00:00Z,2026-10-09T18:46+00:00
Jonathan Taylor,rush_att,16.0,-340,Indianapolis Colts @ Pittsburgh Steelers,2026-10-11T17:00:00Z,2026-10-09T18:46+00:00
Jonathan Taylor,rush_att,18.0,-177,Indianapolis Colts @ Pittsburgh Steelers,2026-10-11T17:00:00Z,2026-10-09T18:46+00:00
Jonathan Taylor,rush_att,20.0,100,Indianapolis Colts @ Pittsburgh Steelers,2026-10-11T17:00:00Z,2026-10-09T18:46+00:00
Jonathan Taylor,rush_att,22.0,170,Indianapolis Colts @ Pittsburgh Steelers,2026-10-11T17:00:00Z,2026-10-09T18:46+00:00
Jonathan Taylor,rush_att,24.0,288,Indianapolis Colts @ Pittsburgh Steelers,2026-10-11T17:00:00Z,2026-10-09T18:46+00:00
Jonathan Taylor,rush_att,26.0,497,Indianapolis Colts @ Pittsburgh Steelers,2026-10-11T17:00:00Z,2026-10-09T18:46+00:00
Jonathan Taylor,rush_att,28.0,850,Indianapolis Colts @ Pittsburgh Steelers,2026-10-11T17:00:00Z,2026-10-09T18:46+00:00
Jonathan Taylor,rush_att,30.0,1460,Indianapolis Colts @ Pittsburgh Steelers,2026-10-11T17:00:00Z,2026-10-09T18:46+00:00
Jonathan Taylor,rush_yds,40.0,-1520,Indianapolis Colts @ Pittsburgh Steelers,2026-10-11T17:00:00Z,2026-10-09T18:46+00:00
Jonathan Taylor,rush_yds,50.0,-660,Indianapolis Colts @ Pittsburgh Steelers,2026-10-11T17:00:00Z,2026-10-09T18:46+00:00
Jonathan Taylor,rush_yds,60.0,-354,Indianapolis Colts @ Pittsburgh Steelers,2026-10-11T17:00:00Z,2026-10-09T18:46+00:00
Jonathan Taylor,rush_yds,70.0,-209,Indianapolis Colts @ Pittsburgh Steelers,2026-10-11T17:00:00Z,2026-10-09T18:46+00:00
Jonathan Taylor,rush_yds,80.0,-134,Indianapolis Colts @ Pittsburgh Steelers,2026-10-11T17:00:00Z,2026-10-09T18:46+00:00
Jonathan Taylor,rush_yds,84.0,-113,Indianapolis Colts @ Pittsburgh Steelers,2026-10-11T17:00:00Z,2026-10-09T18:46+00:00
Jonathan Taylor,rush_yds,90.0,113,Indianapolis Colts @ Pittsburgh Steelers,2026-10-11T17:00:00Z,2026-10-09T18:46+00:00
Jonathan Taylor,rush_yds,100.0,167,Indianapolis Colts @ Pittsburgh Steelers,2026-10-11T17:00:00Z,2026-10-09T18:46+00:00
Jonathan Taylor,rush_yds,110.0,243,Indianapolis Colts @ Pittsburgh Steelers,2026-10-11T17:00:00Z,2026-10-09T18:46+00:00
Jonathan Taylor,rush_yds,120.0,351,Indianapolis Colts @ Pittsburgh Steelers,2026-10-11T17:00:00Z,2026-10-09T18:46+00:00
Jonathan Taylor,rush_yds,130.0,498,Indianapolis Colts @ Pittsburgh Steelers,2026-10-11T17:00:00Z,2026-10-09T18:46+00:00
Jonathan Taylor,rush_yds,140.0,700,Indianapolis Colts @ Pittsburgh Steelers,2026-10-11T17:00:00Z,2026-10-09T18:46+00:00
Jonathan Taylor,rush_yds,150.0,990,Indianapolis Colts @ Pittsburgh Steelers,2026-10-11T17:00:00Z,2026-10-09T18:46+00:00
Jonathan Taylor,rush_yds,160.0,1380,Indianapolis Colts @ Pittsburgh Steelers,2026-10-11T17:00:00Z,2026-10-09T18:46+00:00
Jonathan Taylor,rush_yds,170.0,1940,Indianapolis Colts @ Pittsburgh Steelers,2026-10-11T17:00:00Z,2026-10-09T18:46+00:00
Jonathan Taylor,rush_yds,180.0,2600,Indianapolis Colts @ Pittsburgh Steelers,2026-10-11T17:00:00Z,2026-10-09T18:46+00:00
Jonathan Taylor,rush_yds,190.0,3500,Indianapolis Colts @ Pittsburgh Steelers,2026-10-11T17:00:00Z,2026-10-09T18:46+00:00
Jaylen Warren,rush_yds,20.0,-1580,Indianapolis Colts @ Pittsburgh Steelers,2026-10-11T17:00:00Z,2026-10-09T18:46+00:00
Jaylen Warren,rush_yds,25.0,-970,Indianapolis Colts @ Pittsburgh Steelers,2026-10-11T17:00:00Z,2026-10-09T18:46+00:00
Jaylen Warren,rush_yds,30.0,-640,Indianapolis Colts @ Pittsburgh Steelers,2026-10-11T17:00:00Z,2026-10-09T18:46+00:00
Jaylen Warren,rush_yds,40.0,-329,Indianapolis Colts @ Pittsburgh Steelers,2026-10-11T17:00:00Z,2026-10-09T18:46+00:00
Jaylen Warren,rush_yds,50.0,-197,Indianapolis Colts @ Pittsburgh Steelers,2026-10-11T17:00:00Z,2026-10-09T18:46+00:00
Jaylen Warren,rush_yds,60.0,-128,Indianapolis Colts @ Pittsburgh Steelers,2026-10-11T17:00:00Z,2026-10-09T18:46+00:00
Jaylen Warren,rush_yds,63.0,-113,Indianapolis Colts @ Pittsburgh Steelers,2026-10-11T17:00:00Z,2026-10-09T18:46+00:00
Jaylen Warren,rush_yds,70.0,115,Indianapolis Colts @ Pittsburgh Steelers,2026-10-11T17:00:00Z,2026-10-09T18:46+00:00
Jaylen Warren,rush_yds,80.0,165,Indianapolis Colts @ Pittsburgh Steelers,2026-10-11T17:00:00Z,2026-10-09T18:46+00:00
Jaylen Warren,rush_yds,90.0,231,Indianapolis Colts @ Pittsburgh Steelers,2026-10-11T17:00:00Z,2026-10-09T18:46+00:00
Jaylen Warren,rush_yds,100.0,318,Indianapolis Colts @ Pittsburgh Steelers,2026-10-11T17:00:00Z,2026-10-09T18:46+00:00
Jaylen Warren,rush_yds,110.0,440,Indianapolis Colts @ Pittsburgh Steelers,2026-10-11T17:00:00Z,2026-10-09T18:46+00:00
Jaylen Warren,rush_yds,120.0,596,Indianapolis Colts @ Pittsburgh Steelers,2026-10-11T17:00:00Z,2026-10-09T18:46+00:00
Jaylen Warren,rush_yds,130.0,820,Indianapolis Colts @ Pittsburgh Steelers,2026-10-11T17:00:00Z,2026-10-09T18:46+00:00
Jaylen Warren,rush_yds,140.0,1100,Indianapolis Colts @ Pittsburgh Steelers,2026-10-11T17:00:00Z,2026-10-09T18:46+00:00
Jaylen Warren,rush_yds,150.0,1480,Indianapolis Colts @ Pittsburgh Steelers,2026-10-11T17:00:00Z,2026-10-09T18:46+00:00
Jaylen Warren,rush_yds,160.0,1980,Indianapolis Colts @ Pittsburgh Steelers,2026-10-11T17:00:00Z,2026-10-09T18:46+00:00
Jaylen Warren,rush_yds,170.0,2600,Indianapolis Colts @ Pittsburgh Steelers,2026-10-11T17:00:00Z,2026-10-09T18:46+00:00
Jaylen Warren,rush_yds,180.0,3200,Indianapolis Colts @ Pittsburgh Steelers,2026-10-11T17:00:00Z,2026-10-09T18:46+00:00
Jaylen Warren,rush_yds,190.0,4000,Indianapolis Colts @ Pittsburgh Steelers,2026-10-11T17:00:00Z,2026-10-09T18:46+00:00
Daniel Jones,rush_yds,10.0,-111,Indianapolis Colts @ Pittsburgh Steelers,2026-10-11T17:00:00Z,2026-10-09T18:46+00:00
Daniel Jones,rush_yds,15.0,186,Indianapolis Colts @ Pittsburgh Steelers,2026-10-11T17:00:00Z,2026-10-09T18:46+00:00
Daniel Jones,rush_yds,20.0,333,Indianapolis Colts @ Pittsburgh Steelers,2026-10-11T17:00:00Z,2026-10-09T18:46+00:00
Daniel Jones,rush_yds,25.0,563,Indianapolis Colts @ Pittsburgh Steelers,2026-10-11T17:00:00Z,2026-10-09T18:46+00:00
Daniel Jones,rush_yds,30.0,910,Indianapolis Colts @ Pittsburgh Steelers,2026-10-11T17:00:00Z,2026-10-09T18:46+00:00
Daniel Jones,rush_yds,40.0,1980,Indianapolis Colts @ Pittsburgh Steelers,2026-10-11T17:00:00Z,2026-10-09T18:46+00:00
Daniel Jones,rush_yds,50.0,3500,Indianapolis Colts @ Pittsburgh Steelers,2026-10-11T17:00:00Z,2026-10-09T18:46+00:00
Aaron Rodgers,rush_yds,1.0,-113,Indianapolis Colts @ Pittsburgh Steelers,2026-10-11T17:00:00Z,2026-10-09T18:46+00:00
Aaron Rodgers,rush_yds,10.0,447,Indianapolis Colts @ Pittsburgh Steelers,2026-10-11T17:00:00Z,2026-10-09T18:46+00:00
Aaron Rodgers,rush_yds,15.0,820,Indianapolis Colts @ Pittsburgh Steelers,2026-10-11T17:00:00Z,2026-10-09T18:46+00:00
Aaron Rodgers,rush_yds,20.0,1360,Indianapolis Colts @ Pittsburgh Steelers,2026-10-11T17:00:00Z,2026-10-09T18:46+00:00
Aaron Rodgers,rush_yds,25.0,2100,Indianapolis Colts @ Pittsburgh Steelers,2026-10-11T17:00:00Z,2026-10-09T18:46+00:00
Aaron Rodgers,rush_yds,30.0,3000,Indianapolis Colts @ Pittsburgh Steelers,2026-10-11T17:00:00Z,2026-10-09T18:46+00:00
Kirk Cousins,pass_att,26.0,-1320,Las Vegas Raiders @ New England Patriots,2026-10-11T17:00:00Z,2026-10-09T18:46+00:00
Kirk Cousins,pass_att,28.0,-610,Las Vegas Raiders @ New England Patriots,2026-10-11T17:00:00Z,2026-10-09T18:46+00:00
Kirk Cousins,pass_att,30.0,-323,Las Vegas Raiders @ New England Patriots,2026-10-11T17:00:00Z,2026-10-09T18:46+00:00
Kirk Cousins,pass_att,32.0,-190,Las Vegas Raiders @ New England Patriots,2026-10-11T17:00:00Z,2026-10-09T18:46+00:00
Kirk Cousins,pass_att,34.0,-116,Las Vegas Raiders @ New England Patriots,2026-10-11T17:00:00Z,2026-10-09T18:46+00:00
Kirk Cousins,pass_att,36.0,134,Las Vegas Raiders @ New England Patriots,2026-10-11T17:00:00Z,2026-10-09T18:46+00:00
Kirk Cousins,pass_att,38.0,211,Las Vegas Raiders @ New England Patriots,2026-10-11T17:00:00Z,2026-10-09T18:46+00:00
Kirk Cousins,pass_att,40.0,327,Las Vegas Raiders @ New England Patriots,2026-10-11T17:00:00Z,2026-10-09T18:46+00:00
Kirk Cousins,pass_att,42.0,506,Las Vegas Raiders @ New England Patriots,2026-10-11T17:00:00Z,2026-10-09T18:46+00:00
Kirk Cousins,pass_att,44.0,780,Las Vegas Raiders @ New England Patriots,2026-10-11T17:00:00Z,2026-10-09T18:46+00:00
Kirk Cousins,pass_att,46.0,1180,Las Vegas Raiders @ New England Patriots,2026-10-11T17:00:00Z,2026-10-09T18:46+00:00
Kirk Cousins,pass_att,48.0,1700,Las Vegas Raiders @ New England Patriots,2026-10-11T17:00:00Z,2026-10-09T18:46+00:00
Drake Maye,pass_att,22.0,-2700,Las Vegas Raiders @ New England Patriots,2026-10-11T17:00:00Z,2026-10-09T18:46+00:00
Drake Maye,pass_att,24.0,-920,Las Vegas Raiders @ New England Patriots,2026-10-11T17:00:00Z,2026-10-09T18:46+00:00
Drake Maye,pass_att,26.0,-416,Las Vegas Raiders @ New England Patriots,2026-10-11T17:00:00Z,2026-10-09T18:46+00:00
Drake Maye,pass_att,28.0,-222,Las Vegas Raiders @ New England Patriots,2026-10-11T17:00:00Z,2026-10-09T18:46+00:00
Drake Maye,pass_att,30.0,-125,Las Vegas Raiders @ New England Patriots,2026-10-11T17:00:00Z,2026-10-09T18:46+00:00
Drake Maye,pass_att,32.0,135,Las Vegas Raiders @ New England Patriots,2026-10-11T17:00:00Z,2026-10-09T18:46+00:00
Drake Maye,pass_att,34.0,221,Las Vegas Raiders @ New England Patriots,2026-10-11T17:00:00Z,2026-10-09T18:46+00:00
Drake Maye,pass_att,36.0,360,Las Vegas Raiders @ New England Patriots,2026-10-11T17:00:00Z,2026-10-09T18:46+00:00
Drake Maye,pass_att,38.0,587,Las Vegas Raiders @ New England Patriots,2026-10-11T17:00:00Z,2026-10-09T18:46+00:00
Drake Maye,pass_att,40.0,940,Las Vegas Raiders @ New England Patriots,2026-10-11T17:00:00Z,2026-10-09T18:46+00:00
Drake Maye,pass_att,42.0,1420,Las Vegas Raiders @ New England Patriots,2026-10-11T17:00:00Z,2026-10-09T18:46+00:00
Kirk Cousins,pass_cmps,16.0,-1920,Las Vegas Raiders @ New England Patriots,2026-10-11T17:00:00Z,2026-10-09T18:46+00:00
Kirk Cousins,pass_cmps,18.0,-640,Las Vegas Raiders @ New England Patriots,2026-10-11T17:00:00Z,2026-10-09T18:46+00:00
Kirk Cousins,pass_cmps,20.0,-271,Las Vegas Raiders @ New England Patriots,2026-10-11T17:00:00Z,2026-10-09T18:46+00:00
Kirk Cousins,pass_cmps,22.0,-135,Las Vegas Raiders @ New England Patriots,2026-10-11T17:00:00Z,2026-10-09T18:46+00:00
Kirk Cousins,pass_cmps,23.0,102,Las Vegas Raiders @ New England Patriots,2026-10-11T17:00:00Z,2026-10-09T18:46+00:00
Kirk Cousins,pass_cmps,24.0,143,Las Vegas Raiders @ New England Patriots,2026-10-11T17:00:00Z,2026-10-09T18:46+00:00
Kirk Cousins,pass_cmps,26.0,268,Las Vegas Raiders @ New England Patriots,2026-10-11T17:00:00Z,2026-10-09T18:46+00:00
Kirk Cousins,pass_cmps,28.0,499,Las Vegas Raiders @ New England Patriots,2026-10-11T17:00:00Z,2026-10-09T18:46+00:00
Kirk Cousins,pass_cmps,30.0,890,Las Vegas Raiders @ New England Patriots,2026-10-11T17:00:00Z,2026-10-09T18:46+00:00
Kirk Cousins,pass_cmps,32.0,1540,Las Vegas Raiders @ New England Patriots,2026-10-11T17:00:00Z,2026-10-09T18:46+00:00
Drake Maye,pass_cmps,14.0,-2900,Las Vegas Raiders @ New England Patriots,2026-10-11T17:00:00Z,2026-10-09T18:46+00:00
Drake Maye,pass_cmps,16.0,-720,Las Vegas Raiders @ New England Patriots,2026-10-11T17:00:00Z,2026-10-09T18:46+00:00
Drake Maye,pass_cmps,18.0,-269,Las Vegas Raiders @ New England Patriots,2026-10-11T17:00:00Z,2026-10-09T18:46+00:00
Drake Maye,pass_cmps,20.0,-121,Las Vegas Raiders @ New England Patriots,2026-10-11T17:00:00Z,2026-10-09T18:46+00:00
Drake Maye,pass_cmps,22.0,175,Las Vegas Raiders @ New England Patriots,2026-10-11T17:00:00Z,2026-10-09T18:46+00:00
Drake Maye,pass_cmps,24.0,362,Las Vegas Raiders @ New England Patriots,2026-10-11T17:00:00Z,2026-10-09T18:46+00:00
Drake Maye,pass_cmps,26.0,720,Las Vegas Raiders @ New England Patriots,2026-10-11T17:00:00Z,2026-10-09T18:46+00:00
Drake Maye,pass_cmps,28.0,1400,Las Vegas Raiders @ New England Patriots,2026-10-11T17:00:00Z,2026-10-09T18:46+00:00
Kirk Cousins,pass_yds,150.0,-1340,Las Vegas Raiders @ New England Patriots,2026-10-11T17:00:00Z,2026-10-09T18:46+00:00
Kirk Cousins,pass_yds,160.0,-890,Las Vegas Raiders @ New England Patriots,2026-10-11T17:00:00Z,2026-10-09T18:46+00:00
Kirk Cousins,pass_yds,170.0,-640,Las Vegas Raiders @ New England Patriots,2026-10-11T17:00:00Z,2026-10-09T18:46+00:00
Kirk Cousins,pass_yds,180.0,-454,Las Vegas Raiders @ New England Patriots,2026-10-11T17:00:00Z,2026-10-09T18:46+00:00
Kirk Cousins,pass_yds,190.0,-333,Las Vegas Raiders @ New England Patriots,2026-10-11T17:00:00Z,2026-10-09T18:46+00:00
Kirk Cousins,pass_yds,200.0,-253,Las Vegas Raiders @ New England Patriots,2026-10-11T17:00:00Z,2026-10-09T18:46+00:00
Kirk Cousins,pass_yds,210.0,-193,Las Vegas Raiders @ New England Patriots,2026-10-11T17:00:00Z,2026-10-09T18:46+00:00
Kirk Cousins,pass_yds,220.0,-148,Las Vegas Raiders @ New England Patriots,2026-10-11T17:00:00Z,2026-10-09T18:46+00:00
Kirk Cousins,pass_yds,230.0,-116,Las Vegas Raiders @ New England Patriots,2026-10-11T17:00:00Z,2026-10-09T18:46+00:00
Kirk Cousins,pass_yds,232.0,-111,Las Vegas Raiders @ New England Patriots,2026-10-11T17:00:00Z,2026-10-09T18:46+00:00
Kirk Cousins,pass_yds,240.0,110,Las Vegas Raiders @ New England Patriots,2026-10-11T17:00:00Z,2026-10-09T18:46+00:00
Kirk Cousins,pass_yds,250.0,139,Las Vegas Raiders @ New England Patriots,2026-10-11T17:00:00Z,2026-10-09T18:46+00:00
Kirk Cousins,pass_yds,260.0,173,Las Vegas Raiders @ New England Patriots,2026-10-11T17:00:00Z,2026-10-09T18:46+00:00
Kirk Cousins,pass_yds,270.0,214,Las Vegas Raiders @ New England Patriots,2026-10-11T17:00:00Z,2026-10-09T18:46+00:00
Kirk Cousins,pass_yds,280.0,274,Las Vegas Raiders @ New England Patriots,2026-10-11T17:00:00Z,2026-10-09T18:46+00:00
Kirk Cousins,pass_yds,290.0,345,Las Vegas Raiders @ New England Patriots,2026-10-11T17:00:00Z,2026-10-09T18:46+00:00
Kirk Cousins,pass_yds,300.0,432,Las Vegas Raiders @ New England Patriots,2026-10-11T17:00:00Z,2026-10-09T18:46+00:00
Kirk Cousins,pass_yds,310.0,539,Las Vegas Raiders @ New England Patriots,2026-10-11T17:00:00Z,2026-10-09T18:46+00:00
Kirk Cousins,pass_yds,320.0,680,Las Vegas Raiders @ New England Patriots,2026-10-11T17:00:00Z,2026-10-09T18:46+00:00
Kirk Cousins,pass_yds,330.0,850,Las Vegas Raiders @ New England Patriots,2026-10-11T17:00:00Z,2026-10-09T18:46+00:00
Kirk Cousins,pass_yds,340.0,1060,Las Vegas Raiders @ New England Patriots,2026-10-11T17:00:00Z,2026-10-09T18:46+00:00
Kirk Cousins,pass_yds,350.0,1340,Las Vegas Raiders @ New England Patriots,2026-10-11T17:00:00Z,2026-10-09T18:46+00:00
Kirk Cousins,pass_yds,360.0,1700,Las Vegas Raiders @ New England Patriots,2026-10-11T17:00:00Z,2026-10-09T18:46+00:00
Kirk Cousins,pass_yds,370.0,2000,Las Vegas Raiders @ New England Patriots,2026-10-11T17:00:00Z,2026-10-09T18:46+00:00
Kirk Cousins,pass_yds,380.0,2500,Las Vegas Raiders @ New England Patriots,2026-10-11T17:00:00Z,2026-10-09T18:46+00:00
Kirk Cousins,pass_yds,390.0,3100,Las Vegas Raiders @ New England Patriots,2026-10-11T17:00:00Z,2026-10-09T18:46+00:00
Kirk Cousins,pass_yds,400.0,3700,Las Vegas Raiders @ New England Patriots,2026-10-11T17:00:00Z,2026-10-09T18:46+00:00
Drake Maye,pass_yds,150.0,-1360,Las Vegas Raiders @ New England Patriots,2026-10-11T17:00:00Z,2026-10-09T18:46+00:00
Drake Maye,pass_yds,160.0,-900,Las Vegas Raiders @ New England Patriots,2026-10-11T17:00:00Z,2026-10-09T18:46+00:00
Drake Maye,pass_yds,170.0,-630,Las Vegas Raiders @ New England Patriots,2026-10-11T17:00:00Z,2026-10-09T18:46+00:00
Drake Maye,pass_yds,180.0,-444,Las Vegas Raiders @ New England Patriots,2026-10-11T17:00:00Z,2026-10-09T18:46+00:00
Drake Maye,pass_yds,190.0,-331,Las Vegas Raiders @ New England Patriots,2026-10-11T17:00:00Z,2026-10-09T18:46+00:00
Drake Maye,pass_yds,200.0,-250,Las Vegas Raiders @ New England Patriots,2026-10-11T17:00:00Z,2026-10-09T18:46+00:00
Drake Maye,pass_yds,210.0,-190,Las Vegas Raiders @ New England Patriots,2026-10-11T17:00:00Z,2026-10-09T18:46+00:00
Drake Maye,pass_yds,220.0,-148,Las Vegas Raiders @ New England Patriots,2026-10-11T17:00:00Z,2026-10-09T18:46+00:00
Drake Maye,pass_yds,230.0,-116,Las Vegas Raiders @ New England Patriots,2026-10-11T17:00:00Z,2026-10-09T18:46+00:00
Drake Maye,pass_yds,231.0,-113,Las Vegas Raiders @ New England Patriots,2026-10-11T17:00:00Z,2026-10-09T18:46+00:00
Drake Maye,pass_yds,240.0,108,Las Vegas Raiders @ New England Patriots,2026-10-11T17:00:00Z,2026-10-09T18:46+00:00
Drake Maye,pass_yds,250.0,135,Las Vegas Raiders @ New England Patriots,2026-10-11T17:00:00Z,2026-10-09T18:46+00:00
Drake Maye,pass_yds,260.0,171,Las Vegas Raiders @ New England Patriots,2026-10-11T17:00:00Z,2026-10-09T18:46+00:00
Drake Maye,pass_yds,270.0,217,Las Vegas Raiders @ New England Patriots,2026-10-11T17:00:00Z,2026-10-09T18:46+00:00
Drake Maye,pass_yds,280.0,277,Las Vegas Raiders @ New England Patriots,2026-10-11T17:00:00Z,2026-10-09T18:46+00:00
Drake Maye,pass_yds,290.0,353,Las Vegas Raiders @ New England Patriots,2026-10-11T17:00:00Z,2026-10-09T18:46+00:00
Drake Maye,pass_yds,300.0,439,Las Vegas Raiders @ New England Patriots,2026-10-11T17:00:00Z,2026-10-09T18:46+00:00
Drake Maye,pass_yds,310.0,565,Las Vegas Raiders @ New England Patriots,2026-10-11T17:00:00Z,2026-10-09T18:46+00:00
Drake Maye,pass_yds,320.0,700,Las Vegas Raiders @ New England Patriots,2026-10-11T17:00:00Z,2026-10-09T18:46+00:00
Drake Maye,pass_yds,330.0,890,Las Vegas Raiders @ New England Patriots,2026-10-11T17:00:00Z,2026-10-09T18:46+00:00
Drake Maye,pass_yds,340.0,1120,Las Vegas Raiders @ New England Patriots,2026-10-11T17:00:00Z,2026-10-09T18:46+00:00
Drake Maye,pass_yds,350.0,1440,Las Vegas Raiders @ New England Patriots,2026-10-11T17:00:00Z,2026-10-09T18:46+00:00
Drake Maye,pass_yds,360.0,1780,Las Vegas Raiders @ New England Patriots,2026-10-11T17:00:00Z,2026-10-09T18:46+00:00
Drake Maye,pass_yds,370.0,2200,Las Vegas Raiders @ New England Patriots,2026-10-11T17:00:00Z,2026-10-09T18:46+00:00
Drake Maye,pass_yds,380.0,2800,Las Vegas Raiders @ New England Patriots,2026-10-11T17:00:00Z,2026-10-09T18:46+00:00
Drake Maye,pass_yds,390.0,3400,Las Vegas Raiders @ New England Patriots,2026-10-11T17:00:00Z,2026-10-09T18:46+00:00
Drake Maye,pass_yds,400.0,4000,Las Vegas Raiders @ New England Patriots,2026-10-11T17:00:00Z,2026-10-09T18:46+00:00
Brock Bowers,rec_yds,25.0,-2400,Las Vegas Raiders @ New England Patriots,2026-10-11T17:00:00Z,2026-10-09T18:46+00:00
Brock Bowers,rec_yds,40.0,-650,Las Vegas Raiders @ New England Patriots,2026-10-11T17:00:00Z,2026-10-09T18:46+00:00
Brock Bowers,rec_yds,50.0,-346,Las Vegas Raiders @ New England Patriots,2026-10-11T17:00:00Z,2026-10-09T18:46+00:00
Brock Bowers,rec_yds,60.0,-208,Las Vegas Raiders @ New England Patriots,2026-10-11T17:00:00Z,2026-10-09T18:46+00:00
Brock Bowers,rec_yds,70.0,-129,Las Vegas Raiders @ New England Patriots,2026-10-11T17:00:00Z,2026-10-09T18:46+00:00
Brock Bowers,rec_yds,73.0,-114,Las Vegas Raiders @ New England Patriots,2026-10-11T17:00:00Z,2026-10-09T18:46+00:00
Brock Bowers,rec_yds,80.0,119,Las Vegas Raiders @ New England Patriots,2026-10-11T17:00:00Z,2026-10-09T18:46+00:00
Brock Bowers,rec_yds,90.0,178,Las Vegas Raiders @ New England Patriots,2026-10-11T17:00:00Z,2026-10-09T18:46+00:00
Brock Bowers,rec_yds,100.0,264,Las Vegas Raiders @ New England Patriots,2026-10-11T17:00:00Z,2026-10-09T18:46+00:00
Brock Bowers,rec_yds,110.0,382,Las Vegas Raiders @ New England Patriots,2026-10-11T17:00:00Z,2026-10-09T18:46+00:00
Brock Bowers,rec_yds,120.0,549,Las Vegas Raiders @ New England Patriots,2026-10-11T17:00:00Z,2026-10-09T18:46+00:00
Brock Bowers,rec_yds,130.0,790,Las Vegas Raiders @ New England Patriots,2026-10-11T17:00:00Z,2026-10-09T18:46+00:00
Brock Bowers,rec_yds,140.0,1120,Las Vegas Raiders @ New England Patriots,2026-10-11T17:00:00Z,2026-10-09T18:46+00:00
Brock Bowers,rec_yds,150.0,1620,Las Vegas Raiders @ New England Patriots,2026-10-11T17:00:00Z,2026-10-09T18:46+00:00
Brock Bowers,rec_yds,160.0,2300,Las Vegas Raiders @ New England Patriots,2026-10-11T17:00:00Z,2026-10-09T18:46+00:00
Brock Bowers,rec_yds,170.0,3200,Las Vegas Raiders @ New England Patriots,2026-10-11T17:00:00Z,2026-10-09T18:46+00:00
Romeo Doubs,rec_yds,15.0,-1280,Las Vegas Raiders @ New England Patriots,2026-10-11T17:00:00Z,2026-10-09T18:46+00:00
Romeo Doubs,rec_yds,25.0,-535,Las Vegas Raiders @ New England Patriots,2026-10-11T17:00:00Z,2026-10-09T18:46+00:00
Romeo Doubs,rec_yds,40.0,-209,Las Vegas Raiders @ New England Patriots,2026-10-11T17:00:00Z,2026-10-09T18:46+00:00
Romeo Doubs,rec_yds,50.0,-129,Las Vegas Raiders @ New England Patriots,2026-10-11T17:00:00Z,2026-10-09T18:46+00:00
Romeo Doubs,rec_yds,53.0,-113,Las Vegas Raiders @ New England Patriots,2026-10-11T17:00:00Z,2026-10-09T18:46+00:00
Romeo Doubs,rec_yds,60.0,120,Las Vegas Raiders @ New England Patriots,2026-10-11T17:00:00Z,2026-10-09T18:46+00:00
Romeo Doubs,rec_yds,70.0,178,Las Vegas Raiders @ New England Patriots,2026-10-11T17:00:00Z,2026-10-09T18:46+00:00
Romeo Doubs,rec_yds,80.0,264,Las Vegas Raiders @ New England Patriots,2026-10-11T17:00:00Z,2026-10-09T18:46+00:00
Romeo Doubs,rec_yds,90.0,389,Las Vegas Raiders @ New England Patriots,2026-10-11T17:00:00Z,2026-10-09T18:46+00:00
Romeo Doubs,rec_yds,100.0,564,Las Vegas Raiders @ New England Patriots,2026-10-11T17:00:00Z,2026-10-09T18:46+00:00
Romeo Doubs,rec_yds,110.0,810,Las Vegas Raiders @ New England Patriots,2026-10-11T17:00:00Z,2026-10-09T18:46+00:00
Romeo Doubs,rec_yds,120.0,1120,Las Vegas Raiders @ New England Patriots,2026-10-11T17:00:00Z,2026-10-09T18:46+00:00
Romeo Doubs,rec_yds,130.0,1620,Las Vegas Raiders @ New England Patriots,2026-10-11T17:00:00Z,2026-10-09T18:46+00:00
Romeo Doubs,rec_yds,140.0,2200,Las Vegas Raiders @ New England Patriots,2026-10-11T17:00:00Z,2026-10-09T18:46+00:00
Romeo Doubs,rec_yds,150.0,2900,Las Vegas Raiders @ New England Patriots,2026-10-11T17:00:00Z,2026-10-09T18:46+00:00
Romeo Doubs,rec_yds,160.0,3900,Las Vegas Raiders @ New England Patriots,2026-10-11T17:00:00Z,2026-10-09T18:46+00:00
Hunter Henry,rec_yds,15.0,-591,Las Vegas Raiders @ New England Patriots,2026-10-11T17:00:00Z,2026-10-09T18:46+00:00
Hunter Henry,rec_yds,25.0,-251,Las Vegas Raiders @ New England Patriots,2026-10-11T17:00:00Z,2026-10-09T18:46+00:00
Hunter Henry,rec_yds,38.0,-113,Las Vegas Raiders @ New England Patriots,2026-10-11T17:00:00Z,2026-10-09T18:46+00:00
Hunter Henry,rec_yds,40.0,-102,Las Vegas Raiders @ New England Patriots,2026-10-11T17:00:00Z,2026-10-09T18:46+00:00
Hunter Henry,rec_yds,50.0,164,Las Vegas Raiders @ New England Patriots,2026-10-11T17:00:00Z,2026-10-09T18:46+00:00
Hunter Henry,rec_yds,60.0,262,Las Vegas Raiders @ New England Patriots,2026-10-11T17:00:00Z,2026-10-09T18:46+00:00
Hunter Henry,rec_yds,70.0,411,Las Vegas Raiders @ New England Patriots,2026-10-11T17:00:00Z,2026-10-09T18:46+00:00
Hunter Henry,rec_yds,80.0,630,Las Vegas Raiders @ New England Patriots,2026-10-11T17:00:00Z,2026-10-09T18:46+00:00
Hunter Henry,rec_yds,90.0,930,Las Vegas Raiders @ New England Patriots,2026-10-11T17:00:00Z,2026-10-09T18:46+00:00
Hunter Henry,rec_yds,100.0,1380,Las Vegas Raiders @ New England Patriots,2026-10-11T17:00:00Z,2026-10-09T18:46+00:00
Hunter Henry,rec_yds,110.0,2000,Las Vegas Raiders @ New England Patriots,2026-10-11T17:00:00Z,2026-10-09T18:46+00:00
Hunter Henry,rec_yds,120.0,2900,Las Vegas Raiders @ New England Patriots,2026-10-11T17:00:00Z,2026-10-09T18:46+00:00
Hunter Henry,rec_yds,130.0,3800,Las Vegas Raiders @ New England Patriots,2026-10-11T17:00:00Z,2026-10-09T18:46+00:00
Tre Tucker,rec_yds,15.0,-680,Las Vegas Raiders @ New England Patriots,2026-10-11T17:00:00Z,2026-10-09T18:46+00:00
Tre Tucker,rec_yds,25.0,-281,Las Vegas Raiders @ New England Patriots,2026-10-11T17:00:00Z,2026-10-09T18:46+00:00
Tre Tucker,rec_yds,40.0,-112,Las Vegas Raiders @ New England Patriots,2026-10-11T17:00:00Z,2026-10-09T18:46+00:00
Tre Tucker,rec_yds,50.0,149,Las Vegas Raiders @ New England Patriots,2026-10-11T17:00:00Z,2026-10-09T18:46+00:00
Tre Tucker,rec_yds,60.0,244,Las Vegas Raiders @ New England Patriots,2026-10-11T17:00:00Z,2026-10-09T18:46+00:00
Tre Tucker,rec_yds,70.0,387,Las Vegas Raiders @ New England Patriots,2026-10-11T17:00:00Z,2026-10-09T18:46+00:00
Tre Tucker,rec_yds,80.0,620,Las Vegas Raiders @ New England Patriots,2026-10-11T17:00:00Z,2026-10-09T18:46+00:00
Tre Tucker,rec_yds,90.0,940,Las Vegas Raiders @ New England Patriots,2026-10-11T17:00:00Z,2026-10-09T18:46+00:00
Tre Tucker,rec_yds,100.0,1420,Las Vegas Raiders @ New England Patriots,2026-10-11T17:00:00Z,2026-10-09T18:46+00:00
Tre Tucker,rec_yds,110.0,2100,Las Vegas Raiders @ New England Patriots,2026-10-11T17:00:00Z,2026-10-09T18:46+00:00
Tre Tucker,rec_yds,120.0,3100,Las Vegas Raiders @ New England Patriots,2026-10-11T17:00:00Z,2026-10-09T18:46+00:00
Efton Chism III,rec_yds,15.0,-237,Las Vegas Raiders @ New England Patriots,2026-10-11T17:00:00Z,2026-10-09T18:46+00:00
Efton Chism III,rec_yds,25.0,-114,Las Vegas Raiders @ New England Patriots,2026-10-11T17:00:00Z,2026-10-09T18:46+00:00
Efton Chism III,rec_yds,40.0,199,Las Vegas Raiders @ New England Patriots,2026-10-11T17:00:00Z,2026-10-09T18:46+00:00
Efton Chism III,rec_yds,50.0,321,Las Vegas Raiders @ New England Patriots,2026-10-11T17:00:00Z,2026-10-09T18:46+00:00
Efton Chism III,rec_yds,60.0,500,Las Vegas Raiders @ New England Patriots,2026-10-11T17:00:00Z,2026-10-09T18:46+00:00
Efton Chism III,rec_yds,70.0,760,Las Vegas Raiders @ New England Patriots,2026-10-11T17:00:00Z,2026-10-09T18:46+00:00
Efton Chism III,rec_yds,80.0,1200,Las Vegas Raiders @ New England Patriots,2026-10-11T17:00:00Z,2026-10-09T18:46+00:00
Efton Chism III,rec_yds,90.0,1780,Las Vegas Raiders @ New England Patriots,2026-10-11T17:00:00Z,2026-10-09T18:46+00:00
Efton Chism III,rec_yds,100.0,2600,Las Vegas Raiders @ New England Patriots,2026-10-11T17:00:00Z,2026-10-09T18:46+00:00
Efton Chism III,rec_yds,110.0,3500,Las Vegas Raiders @ New England Patriots,2026-10-11T17:00:00Z,2026-10-09T18:46+00:00
DeMario Douglas,rec_yds,15.0,-245,Las Vegas Raiders @ New England Patriots,2026-10-11T17:00:00Z,2026-10-09T18:46+00:00
DeMario Douglas,rec_yds,25.0,-114,Las Vegas Raiders @ New England Patriots,2026-10-11T17:00:00Z,2026-10-09T18:46+00:00
DeMario Douglas,rec_yds,40.0,212,Las Vegas Raiders @ New England Patriots,2026-10-11T17:00:00Z,2026-10-09T18:46+00:00
DeMario Douglas,rec_yds,50.0,351,Las Vegas Raiders @ New England Patriots,2026-10-11T17:00:00Z,2026-10-09T18:46+00:00
DeMario Douglas,rec_yds,60.0,561,Las Vegas Raiders @ New England Patriots,2026-10-11T17:00:00Z,2026-10-09T18:46+00:00
DeMario Douglas,rec_yds,70.0,870,Las Vegas Raiders @ New England Patriots,2026-10-11T17:00:00Z,2026-10-09T18:46+00:00
DeMario Douglas,rec_yds,80.0,1320,Las Vegas Raiders @ New England Patriots,2026-10-11T17:00:00Z,2026-10-09T18:46+00:00
DeMario Douglas,rec_yds,90.0,1980,Las Vegas Raiders @ New England Patriots,2026-10-11T17:00:00Z,2026-10-09T18:46+00:00
DeMario Douglas,rec_yds,100.0,2900,Las Vegas Raiders @ New England Patriots,2026-10-11T17:00:00Z,2026-10-09T18:46+00:00
DeMario Douglas,rec_yds,110.0,4000,Las Vegas Raiders @ New England Patriots,2026-10-11T17:00:00Z,2026-10-09T18:46+00:00
Michael Mayer,rec_yds,15.0,-428,Las Vegas Raiders @ New England Patriots,2026-10-11T17:00:00Z,2026-10-09T18:46+00:00
Michael Mayer,rec_yds,25.0,-168,Las Vegas Raiders @ New England Patriots,2026-10-11T17:00:00Z,2026-10-09T18:46+00:00
Michael Mayer,rec_yds,30.0,-115,Las Vegas Raiders @ New England Patriots,2026-10-11T17:00:00Z,2026-10-09T18:46+00:00
Michael Mayer,rec_yds,40.0,166,Las Vegas Raiders @ New England Patriots,2026-10-11T17:00:00Z,2026-10-09T18:46+00:00
Michael Mayer,rec_yds,50.0,297,Las Vegas Raiders @ New England Patriots,2026-10-11T17:00:00Z,2026-10-09T18:46+00:00
Michael Mayer,rec_yds,60.0,517,Las Vegas Raiders @ New England Patriots,2026-10-11T17:00:00Z,2026-10-09T18:46+00:00
Michael Mayer,rec_yds,70.0,870,Las Vegas Raiders @ New England Patriots,2026-10-11T17:00:00Z,2026-10-09T18:46+00:00
Michael Mayer,rec_yds,80.0,1400,Las Vegas Raiders @ New England Patriots,2026-10-11T17:00:00Z,2026-10-09T18:46+00:00
Michael Mayer,rec_yds,90.0,2200,Las Vegas Raiders @ New England Patriots,2026-10-11T17:00:00Z,2026-10-09T18:46+00:00
Michael Mayer,rec_yds,100.0,3300,Las Vegas Raiders @ New England Patriots,2026-10-11T17:00:00Z,2026-10-09T18:46+00:00
Rhamondre Stevenson,rec_yds,15.0,-161,Las Vegas Raiders @ New England Patriots,2026-10-11T17:00:00Z,2026-10-09T18:46+00:00
Rhamondre Stevenson,rec_yds,19.0,-113,Las Vegas Raiders @ New England Patriots,2026-10-11T17:00:00Z,2026-10-09T18:46+00:00
Rhamondre Stevenson,rec_yds,25.0,144,Las Vegas Raiders @ New England Patriots,2026-10-11T17:00:00Z,2026-10-09T18:46+00:00
Rhamondre Stevenson,rec_yds,40.0,387,Las Vegas Raiders @ New England Patriots,2026-10-11T17:00:00Z,2026-10-09T18:46+00:00
Rhamondre Stevenson,rec_yds,50.0,640,Las Vegas Raiders @ New England Patriots,2026-10-11T17:00:00Z,2026-10-09T18:46+00:00
Rhamondre Stevenson,rec_yds,60.0,1020,Las Vegas Raiders @ New England Patriots,2026-10-11T17:00:00Z,2026-10-09T18:46+00:00
Rhamondre Stevenson,rec_yds,70.0,1600,Las Vegas Raiders @ New England Patriots,2026-10-11T17:00:00Z,2026-10-09T18:46+00:00
Rhamondre Stevenson,rec_yds,80.0,2400,Las Vegas Raiders @ New England Patriots,2026-10-11T17:00:00Z,2026-10-09T18:46+00:00
Cody White,rec_yds,15.0,-154,Las Vegas Raiders @ New England Patriots,2026-10-11T17:00:00Z,2026-10-09T18:46+00:00
Cody White,rec_yds,19.0,-109,Las Vegas Raiders @ New England Patriots,2026-10-11T17:00:00Z,2026-10-09T18:46+00:00
Cody White,rec_yds,25.0,143,Las Vegas Raiders @ New England Patriots,2026-10-11T17:00:00Z,2026-10-09T18:46+00:00
Cody White,rec_yds,40.0,371,Las Vegas Raiders @ New England Patriots,2026-10-11T17:00:00Z,2026-10-09T18:46+00:00
Cody White,rec_yds,50.0,640,Las Vegas Raiders @ New England Patriots,2026-10-11T17:00:00Z,2026-10-09T18:46+00:00
Cody White,rec_yds,60.0,1100,Las Vegas Raiders @ New England Patriots,2026-10-11T17:00:00Z,2026-10-09T18:46+00:00
Cody White,rec_yds,70.0,1820,Las Vegas Raiders @ New England Patriots,2026-10-11T17:00:00Z,2026-10-09T18:46+00:00
Cody White,rec_yds,80.0,2800,Las Vegas Raiders @ New England Patriots,2026-10-11T17:00:00Z,2026-10-09T18:46+00:00
Eli Raridon,rec_yds,11.0,-108,Las Vegas Raiders @ New England Patriots,2026-10-11T17:00:00Z,2026-10-09T18:46+00:00
Eli Raridon,rec_yds,15.0,133,Las Vegas Raiders @ New England Patriots,2026-10-11T17:00:00Z,2026-10-09T18:46+00:00
Eli Raridon,rec_yds,25.0,275,Las Vegas Raiders @ New England Patriots,2026-10-11T17:00:00Z,2026-10-09T18:46+00:00
Eli Raridon,rec_yds,40.0,670,Las Vegas Raiders @ New England Patriots,2026-10-11T17:00:00Z,2026-10-09T18:46+00:00
Eli Raridon,rec_yds,50.0,1140,Las Vegas Raiders @ New England Patriots,2026-10-11T17:00:00Z,2026-10-09T18:46+00:00
Eli Raridon,rec_yds,60.0,1780,Las Vegas Raiders @ New England Patriots,2026-10-11T17:00:00Z,2026-10-09T18:46+00:00
Eli Raridon,rec_yds,70.0,2700,Las Vegas Raiders @ New England Patriots,2026-10-11T17:00:00Z,2026-10-09T18:46+00:00
Brock Bowers,receptions,4.0,-1120,Las Vegas Raiders @ New England Patriots,2026-10-11T17:00:00Z,2026-10-09T18:46+00:00
Brock Bowers,receptions,5.0,-443,Las Vegas Raiders @ New England Patriots,2026-10-11T17:00:00Z,2026-10-09T18:46+00:00
Brock Bowers,receptions,6.0,-207,Las Vegas Raiders @ New England Patriots,2026-10-11T17:00:00Z,2026-10-09T18:46+00:00
Brock Bowers,receptions,7.0,-111,Las Vegas Raiders @ New England Patriots,2026-10-11T17:00:00Z,2026-10-09T18:46+00:00
Brock Bowers,receptions,8.0,163,Las Vegas Raiders @ New England Patriots,2026-10-11T17:00:00Z,2026-10-09T18:46+00:00
Brock Bowers,receptions,9.0,290,Las Vegas Raiders @ New England Patriots,2026-10-11T17:00:00Z,2026-10-09T18:46+00:00
Brock Bowers,receptions,10.0,504,Las Vegas Raiders @ New England Patriots,2026-10-11T17:00:00Z,2026-10-09T18:46+00:00
Brock Bowers,receptions,11.0,860,Las Vegas Raiders @ New England Patriots,2026-10-11T17:00:00Z,2026-10-09T18:46+00:00
Brock Bowers,receptions,12.0,1380,Las Vegas Raiders @ New England Patriots,2026-10-11T17:00:00Z,2026-10-09T18:46+00:00
Brock Bowers,receptions,13.0,2100,Las Vegas Raiders @ New England Patriots,2026-10-11T17:00:00Z,2026-10-09T18:46+00:00
Romeo Doubs,receptions,2.0,-2000,Las Vegas Raiders @ New England Patriots,2026-10-11T17:00:00Z,2026-10-09T18:46+00:00
Romeo Doubs,receptions,3.0,-458,Las Vegas Raiders @ New England Patriots,2026-10-11T17:00:00Z,2026-10-09T18:46+00:00
Romeo Doubs,receptions,4.0,-174,Las Vegas Raiders @ New England Patriots,2026-10-11T17:00:00Z,2026-10-09T18:46+00:00
Romeo Doubs,receptions,5.0,126,Las Vegas Raiders @ New England Patriots,2026-10-11T17:00:00Z,2026-10-09T18:46+00:00
Romeo Doubs,receptions,6.0,255,Las Vegas Raiders @ New England Patriots,2026-10-11T17:00:00Z,2026-10-09T18:46+00:00
Romeo Doubs,receptions,7.0,504,Las Vegas Raiders @ New England Patriots,2026-10-11T17:00:00Z,2026-10-09T18:46+00:00
Romeo Doubs,receptions,8.0,960,Las Vegas Raiders @ New England Patriots,2026-10-11T17:00:00Z,2026-10-09T18:46+00:00
Romeo Doubs,receptions,9.0,1740,Las Vegas Raiders @ New England Patriots,2026-10-11T17:00:00Z,2026-10-09T18:46+00:00
Romeo Doubs,receptions,10.0,2800,Las Vegas Raiders @ New England Patriots,2026-10-11T17:00:00Z,2026-10-09T18:46+00:00
Hunter Henry,receptions,2.0,-1080,Las Vegas Raiders @ New England Patriots,2026-10-11T17:00:00Z,2026-10-09T18:46+00:00
Hunter Henry,receptions,3.0,-312,Las Vegas Raiders @ New England Patriots,2026-10-11T17:00:00Z,2026-10-09T18:46+00:00
Hunter Henry,receptions,4.0,-121,Las Vegas Raiders @ New England Patriots,2026-10-11T17:00:00Z,2026-10-09T18:46+00:00
Hunter Henry,receptions,5.0,181,Las Vegas Raiders @ New England Patriots,2026-10-11T17:00:00Z,2026-10-09T18:46+00:00
Hunter Henry,receptions,6.0,379,Las Vegas Raiders @ New England Patriots,2026-10-11T17:00:00Z,2026-10-09T18:46+00:00
Hunter Henry,receptions,7.0,770,Las Vegas Raiders @ New England Patriots,2026-10-11T17:00:00Z,2026-10-09T18:46+00:00
Hunter Henry,receptions,8.0,1500,Las Vegas Raiders @ New England Patriots,2026-10-11T17:00:00Z,2026-10-09T18:46+00:00
Hunter Henry,receptions,9.0,2500,Las Vegas Raiders @ New England Patriots,2026-10-11T17:00:00Z,2026-10-09T18:46+00:00
Michael Mayer,receptions,2.0,-1040,Las Vegas Raiders @ New England Patriots,2026-10-11T17:00:00Z,2026-10-09T18:46+00:00
Michael Mayer,receptions,3.0,-303,Las Vegas Raiders @ New England Patriots,2026-10-11T17:00:00Z,2026-10-09T18:46+00:00
Michael Mayer,receptions,4.0,-118,Las Vegas Raiders @ New England Patriots,2026-10-11T17:00:00Z,2026-10-09T18:46+00:00
Michael Mayer,receptions,5.0,186,Las Vegas Raiders @ New England Patriots,2026-10-11T17:00:00Z,2026-10-09T18:46+00:00
Michael Mayer,receptions,6.0,387,Las Vegas Raiders @ New England Patriots,2026-10-11T17:00:00Z,2026-10-09T18:46+00:00
Michael Mayer,receptions,7.0,760,Las Vegas Raiders @ New England Patriots,2026-10-11T17:00:00Z,2026-10-09T18:46+00:00
Michael Mayer,receptions,8.0,1460,Las Vegas Raiders @ New England Patriots,2026-10-11T17:00:00Z,2026-10-09T18:46+00:00
Michael Mayer,receptions,9.0,2500,Las Vegas Raiders @ New England Patriots,2026-10-11T17:00:00Z,2026-10-09T18:46+00:00
Tre Tucker,receptions,2.0,-680,Las Vegas Raiders @ New England Patriots,2026-10-11T17:00:00Z,2026-10-09T18:46+00:00
Tre Tucker,receptions,3.0,-209,Las Vegas Raiders @ New England Patriots,2026-10-11T17:00:00Z,2026-10-09T18:46+00:00
Tre Tucker,receptions,4.0,118,Las Vegas Raiders @ New England Patriots,2026-10-11T17:00:00Z,2026-10-09T18:46+00:00
Tre Tucker,receptions,5.0,259,Las Vegas Raiders @ New England Patriots,2026-10-11T17:00:00Z,2026-10-09T18:46+00:00
Tre Tucker,receptions,6.0,556,Las Vegas Raiders @ New England Patriots,2026-10-11T17:00:00Z,2026-10-09T18:46+00:00
Tre Tucker,receptions,7.0,1140,Las Vegas Raiders @ New England Patriots,2026-10-11T17:00:00Z,2026-10-09T18:46+00:00
Tre Tucker,receptions,8.0,2100,Las Vegas Raiders @ New England Patriots,2026-10-11T17:00:00Z,2026-10-09T18:46+00:00
Rhamondre Stevenson,receptions,2.0,-500,Las Vegas Raiders @ New England Patriots,2026-10-11T17:00:00Z,2026-10-09T18:46+00:00
Rhamondre Stevenson,receptions,3.0,-166,Las Vegas Raiders @ New England Patriots,2026-10-11T17:00:00Z,2026-10-09T18:46+00:00
Rhamondre Stevenson,receptions,4.0,152,Las Vegas Raiders @ New England Patriots,2026-10-11T17:00:00Z,2026-10-09T18:46+00:00
Rhamondre Stevenson,receptions,5.0,336,Las Vegas Raiders @ New England Patriots,2026-10-11T17:00:00Z,2026-10-09T18:46+00:00
Rhamondre Stevenson,receptions,6.0,730,Las Vegas Raiders @ New England Patriots,2026-10-11T17:00:00Z,2026-10-09T18:46+00:00
Rhamondre Stevenson,receptions,7.0,1500,Las Vegas Raiders @ New England Patriots,2026-10-11T17:00:00Z,2026-10-09T18:46+00:00
Rhamondre Stevenson,receptions,8.0,2500,Las Vegas Raiders @ New England Patriots,2026-10-11T17:00:00Z,2026-10-09T18:46+00:00
DeMario Douglas,receptions,2.0,-359,Las Vegas Raiders @ New England Patriots,2026-10-11T17:00:00Z,2026-10-09T18:46+00:00
DeMario Douglas,receptions,3.0,-120,Las Vegas Raiders @ New England Patriots,2026-10-11T17:00:00Z,2026-10-09T18:46+00:00
DeMario Douglas,receptions,4.0,210,Las Vegas Raiders @ New England Patriots,2026-10-11T17:00:00Z,2026-10-09T18:46+00:00
DeMario Douglas,receptions,5.0,483,Las Vegas Raiders @ New England Patriots,2026-10-11T17:00:00Z,2026-10-09T18:46+00:00
DeMario Douglas,receptions,6.0,1080,Las Vegas Raiders @ New England Patriots,2026-10-11T17:00:00Z,2026-10-09T18:46+00:00
DeMario Douglas,receptions,7.0,2100,Las Vegas Raiders @ New England Patriots,2026-10-11T17:00:00Z,2026-10-09T18:46+00:00
Efton Chism III,receptions,2.0,-186,Las Vegas Raiders @ New England Patriots,2026-10-11T17:00:00Z,2026-10-09T18:46+00:00
Efton Chism III,receptions,3.0,162,Las Vegas Raiders @ New England Patriots,2026-10-11T17:00:00Z,2026-10-09T18:46+00:00
Efton Chism III,receptions,4.0,418,Las Vegas Raiders @ New England Patriots,2026-10-11T17:00:00Z,2026-10-09T18:46+00:00
Efton Chism III,receptions,5.0,1000,Las Vegas Raiders @ New England Patriots,2026-10-11T17:00:00Z,2026-10-09T18:46+00:00
Efton Chism III,receptions,6.0,2100,Las Vegas Raiders @ New England Patriots,2026-10-11T17:00:00Z,2026-10-09T18:46+00:00
Cody White,receptions,2.0,-140,Las Vegas Raiders @ New England Patriots,2026-10-11T17:00:00Z,2026-10-09T18:46+00:00
Cody White,receptions,3.0,217,Las Vegas Raiders @ New England Patriots,2026-10-11T17:00:00Z,2026-10-09T18:46+00:00
Cody White,receptions,4.0,579,Las Vegas Raiders @ New England Patriots,2026-10-11T17:00:00Z,2026-10-09T18:46+00:00
Cody White,receptions,5.0,1380,Las Vegas Raiders @ New England Patriots,2026-10-11T17:00:00Z,2026-10-09T18:46+00:00
Cody White,receptions,6.0,2700,Las Vegas Raiders @ New England Patriots,2026-10-11T17:00:00Z,2026-10-09T18:46+00:00
Eli Raridon,receptions,2.0,129,Las Vegas Raiders @ New England Patriots,2026-10-11T17:00:00Z,2026-10-09T18:46+00:00
Eli Raridon,receptions,3.0,408,Las Vegas Raiders @ New England Patriots,2026-10-11T17:00:00Z,2026-10-09T18:46+00:00
Eli Raridon,receptions,4.0,1220,Las Vegas Raiders @ New England Patriots,2026-10-11T17:00:00Z,2026-10-09T18:46+00:00
TreVeyon Henderson,rush_yds,10.0,-2900,Las Vegas Raiders @ New England Patriots,2026-10-11T17:00:00Z,2026-10-09T18:46+00:00
TreVeyon Henderson,rush_yds,15.0,-1340,Las Vegas Raiders @ New England Patriots,2026-10-11T17:00:00Z,2026-10-09T18:46+00:00
TreVeyon Henderson,rush_yds,20.0,-720,Las Vegas Raiders @ New England Patriots,2026-10-11T17:00:00Z,2026-10-09T18:46+00:00
TreVeyon Henderson,rush_yds,25.0,-459,Las Vegas Raiders @ New England Patriots,2026-10-11T17:00:00Z,2026-10-09T18:46+00:00
TreVeyon Henderson,rush_yds,30.0,-318,Las Vegas Raiders @ New England Patriots,2026-10-11T17:00:00Z,2026-10-09T18:46+00:00
TreVeyon Henderson,rush_yds,40.0,-171,Las Vegas Raiders @ New England Patriots,2026-10-11T17:00:00Z,2026-10-09T18:46+00:00
TreVeyon Henderson,rush_yds,48.0,-112,Las Vegas Raiders @ New England Patriots,2026-10-11T17:00:00Z,2026-10-09T18:46+00:00
TreVeyon Henderson,rush_yds,50.0,-102,Las Vegas Raiders @ New England Patriots,2026-10-11T17:00:00Z,2026-10-09T18:46+00:00
TreVeyon Henderson,rush_yds,60.0,150,Las Vegas Raiders @ New England Patriots,2026-10-11T17:00:00Z,2026-10-09T18:46+00:00
TreVeyon Henderson,rush_yds,70.0,222,Las Vegas Raiders @ New England Patriots,2026-10-11T17:00:00Z,2026-10-09T18:46+00:00
TreVeyon Henderson,rush_yds,80.0,315,Las Vegas Raiders @ New England Patriots,2026-10-11T17:00:00Z,2026-10-09T18:46+00:00
TreVeyon Henderson,rush_yds,90.0,438,Las Vegas Raiders @ New England Patriots,2026-10-11T17:00:00Z,2026-10-09T18:46+00:00
TreVeyon Henderson,rush_yds,100.0,600,Las Vegas Raiders @ New England Patriots,2026-10-11T17:00:00Z,2026-10-09T18:46+00:00
TreVeyon Henderson,rush_yds,110.0,810,Las Vegas Raiders @ New England Patriots,2026-10-11T17:00:00Z,2026-10-09T18:46+00:00
TreVeyon Henderson,rush_yds,120.0,1120,Las Vegas Raiders @ New England Patriots,2026-10-11T17:00:00Z,2026-10-09T18:46+00:00
TreVeyon Henderson,rush_yds,130.0,1580,Las Vegas Raiders @ New England Patriots,2026-10-11T17:00:00Z,2026-10-09T18:46+00:00
TreVeyon Henderson,rush_yds,140.0,2100,Las Vegas Raiders @ New England Patriots,2026-10-11T17:00:00Z,2026-10-09T18:46+00:00
TreVeyon Henderson,rush_yds,150.0,2900,Las Vegas Raiders @ New England Patriots,2026-10-11T17:00:00Z,2026-10-09T18:46+00:00
TreVeyon Henderson,rush_yds,160.0,3500,Las Vegas Raiders @ New England Patriots,2026-10-11T17:00:00Z,2026-10-09T18:46+00:00
Rhamondre Stevenson,rush_yds,10.0,-1860,Las Vegas Raiders @ New England Patriots,2026-10-11T17:00:00Z,2026-10-09T18:46+00:00
Rhamondre Stevenson,rush_yds,15.0,-870,Las Vegas Raiders @ New England Patriots,2026-10-11T17:00:00Z,2026-10-09T18:46+00:00
Rhamondre Stevenson,rush_yds,20.0,-491,Las Vegas Raiders @ New England Patriots,2026-10-11T17:00:00Z,2026-10-09T18:46+00:00
Rhamondre Stevenson,rush_yds,25.0,-303,Las Vegas Raiders @ New England Patriots,2026-10-11T17:00:00Z,2026-10-09T18:46+00:00
Rhamondre Stevenson,rush_yds,30.0,-200,Las Vegas Raiders @ New England Patriots,2026-10-11T17:00:00Z,2026-10-09T18:46+00:00
Rhamondre Stevenson,rush_yds,38.0,-114,Las Vegas Raiders @ New England Patriots,2026-10-11T17:00:00Z,2026-10-09T18:46+00:00
Rhamondre Stevenson,rush_yds,40.0,-101,Las Vegas Raiders @ New England Patriots,2026-10-11T17:00:00Z,2026-10-09T18:46+00:00
Rhamondre Stevenson,rush_yds,50.0,177,Las Vegas Raiders @ New England Patriots,2026-10-11T17:00:00Z,2026-10-09T18:46+00:00
Rhamondre Stevenson,rush_yds,60.0,299,Las Vegas Raiders @ New England Patriots,2026-10-11T17:00:00Z,2026-10-09T18:46+00:00
Rhamondre Stevenson,rush_yds,70.0,474,Las Vegas Raiders @ New England Patriots,2026-10-11T17:00:00Z,2026-10-09T18:46+00:00
Rhamondre Stevenson,rush_yds,80.0,750,Las Vegas Raiders @ New England Patriots,2026-10-11T17:00:00Z,2026-10-09T18:46+00:00
Rhamondre Stevenson,rush_yds,90.0,1120,Las Vegas Raiders @ New England Patriots,2026-10-11T17:00:00Z,2026-10-09T18:46+00:00
Rhamondre Stevenson,rush_yds,100.0,1660,Las Vegas Raiders @ New England Patriots,2026-10-11T17:00:00Z,2026-10-09T18:46+00:00
Rhamondre Stevenson,rush_yds,110.0,2300,Las Vegas Raiders @ New England Patriots,2026-10-11T17:00:00Z,2026-10-09T18:46+00:00
Rhamondre Stevenson,rush_yds,120.0,3200,Las Vegas Raiders @ New England Patriots,2026-10-11T17:00:00Z,2026-10-09T18:46+00:00
Drake Maye,rush_yds,10.0,-1240,Las Vegas Raiders @ New England Patriots,2026-10-11T17:00:00Z,2026-10-09T18:46+00:00
Drake Maye,rush_yds,15.0,-592,Las Vegas Raiders @ New England Patriots,2026-10-11T17:00:00Z,2026-10-09T18:46+00:00
Drake Maye,rush_yds,20.0,-332,Las Vegas Raiders @ New England Patriots,2026-10-11T17:00:00Z,2026-10-09T18:46+00:00
Drake Maye,rush_yds,25.0,-210,Las Vegas Raiders @ New England Patriots,2026-10-11T17:00:00Z,2026-10-09T18:46+00:00
Drake Maye,rush_yds,30.0,-139,Las Vegas Raiders @ New England Patriots,2026-10-11T17:00:00Z,2026-10-09T18:46+00:00
Drake Maye,rush_yds,33.0,-111,Las Vegas Raiders @ New England Patriots,2026-10-11T17:00:00Z,2026-10-09T18:46+00:00
Drake Maye,rush_yds,40.0,151,Las Vegas Raiders @ New England Patriots,2026-10-11T17:00:00Z,2026-10-09T18:46+00:00
Drake Maye,rush_yds,50.0,291,Las Vegas Raiders @ New England Patriots,2026-10-11T17:00:00Z,2026-10-09T18:46+00:00
Drake Maye,rush_yds,60.0,542,Las Vegas Raiders @ New England Patriots,2026-10-11T17:00:00Z,2026-10-09T18:46+00:00
Drake Maye,rush_yds,70.0,970,Las Vegas Raiders @ New England Patriots,2026-10-11T17:00:00Z,2026-10-09T18:46+00:00
Drake Maye,rush_yds,80.0,1660,Las Vegas Raiders @ New England Patriots,2026-10-11T17:00:00Z,2026-10-09T18:46+00:00
Drake Maye,rush_yds,90.0,2600,Las Vegas Raiders @ New England Patriots,2026-10-11T17:00:00Z,2026-10-09T18:46+00:00
Drake Maye,rush_yds,100.0,4000,Las Vegas Raiders @ New England Patriots,2026-10-11T17:00:00Z,2026-10-09T18:46+00:00
Kirk Cousins,rush_yds,1.0,-109,Las Vegas Raiders @ New England Patriots,2026-10-11T17:00:00Z,2026-10-09T18:46+00:00
Kirk Cousins,rush_yds,10.0,500,Las Vegas Raiders @ New England Patriots,2026-10-11T17:00:00Z,2026-10-09T18:46+00:00
Kirk Cousins,rush_yds,15.0,1000,Las Vegas Raiders @ New England Patriots,2026-10-11T17:00:00Z,2026-10-09T18:46+00:00
Kirk Cousins,rush_yds,20.0,1800,Las Vegas Raiders @ New England Patriots,2026-10-11T17:00:00Z,2026-10-09T18:46+00:00
Kirk Cousins,rush_yds,25.0,2700,Las Vegas Raiders @ New England Patriots,2026-10-11T17:00:00Z,2026-10-09T18:46+00:00
Tyler Shough,pass_att,28.0,-1820,Minnesota Vikings @ New Orleans Saints,2026-10-11T17:00:00Z,2026-10-09T18:46+00:00
Tyler Shough,pass_att,30.0,-800,Minnesota Vikings @ New Orleans Saints,2026-10-11T17:00:00Z,2026-10-09T18:46+00:00
Tyler Shough,pass_att,32.0,-422,Minnesota Vikings @ New Orleans Saints,2026-10-11T17:00:00Z,2026-10-09T18:46+00:00
Tyler Shough,pass_att,34.0,-249,Minnesota Vikings @ New Orleans Saints,2026-10-11T17:00:00Z,2026-10-09T18:46+00:00
Tyler Shough,pass_att,36.0,-151,Minnesota Vikings @ New Orleans Saints,2026-10-11T17:00:00Z,2026-10-09T18:46+00:00
Tyler Shough,pass_att,37.0,-120,Minnesota Vikings @ New Orleans Saints,2026-10-11T17:00:00Z,2026-10-09T18:46+00:00
Tyler Shough,pass_att,38.0,-102,Minnesota Vikings @ New Orleans Saints,2026-10-11T17:00:00Z,2026-10-09T18:46+00:00
Tyler Shough,pass_att,40.0,162,Minnesota Vikings @ New Orleans Saints,2026-10-11T17:00:00Z,2026-10-09T18:46+00:00
Tyler Shough,pass_att,42.0,248,Minnesota Vikings @ New Orleans Saints,2026-10-11T17:00:00Z,2026-10-09T18:46+00:00
Tyler Shough,pass_att,44.0,373,Minnesota Vikings @ New Orleans Saints,2026-10-11T17:00:00Z,2026-10-09T18:46+00:00
Tyler Shough,pass_att,46.0,559,Minnesota Vikings @ New Orleans Saints,2026-10-11T17:00:00Z,2026-10-09T18:46+00:00
Tyler Shough,pass_att,48.0,820,Minnesota Vikings @ New Orleans Saints,2026-10-11T17:00:00Z,2026-10-09T18:46+00:00
Tyler Shough,pass_att,50.0,1200,Minnesota Vikings @ New Orleans Saints,2026-10-11T17:00:00Z,2026-10-09T18:46+00:00
Kyler Murray,pass_att,24.0,-1940,Minnesota Vikings @ New Orleans Saints,2026-10-11T17:00:00Z,2026-10-09T18:46+00:00
Kyler Murray,pass_att,26.0,-790,Minnesota Vikings @ New Orleans Saints,2026-10-11T17:00:00Z,2026-10-09T18:46+00:00
Kyler Murray,pass_att,28.0,-391,Minnesota Vikings @ New Orleans Saints,2026-10-11T17:00:00Z,2026-10-09T18:46+00:00
Kyler Murray,pass_att,30.0,-218,Minnesota Vikings @ New Orleans Saints,2026-10-11T17:00:00Z,2026-10-09T18:46+00:00
Kyler Murray,pass_att,32.0,-129,Minnesota Vikings @ New Orleans Saints,2026-10-11T17:00:00Z,2026-10-09T18:46+00:00
Kyler Murray,pass_att,33.0,-101,Minnesota Vikings @ New Orleans Saints,2026-10-11T17:00:00Z,2026-10-09T18:46+00:00
Kyler Murray,pass_att,34.0,125,Minnesota Vikings @ New Orleans Saints,2026-10-11T17:00:00Z,2026-10-09T18:46+00:00
Kyler Murray,pass_att,36.0,203,Minnesota Vikings @ New Orleans Saints,2026-10-11T17:00:00Z,2026-10-09T18:46+00:00
Kyler Murray,pass_att,38.0,318,Minnesota Vikings @ New Orleans Saints,2026-10-11T17:00:00Z,2026-10-09T18:46+00:00
Kyler Murray,pass_att,40.0,494,Minnesota Vikings @ New Orleans Saints,2026-10-11T17:00:00Z,2026-10-09T18:46+00:00
Kyler Murray,pass_att,42.0,750,Minnesota Vikings @ New Orleans Saints,2026-10-11T17:00:00Z,2026-10-09T18:46+00:00
Kyler Murray,pass_att,44.0,1140,Minnesota Vikings @ New Orleans Saints,2026-10-11T17:00:00Z,2026-10-09T18:46+00:00
Kyler Murray,pass_att,46.0,1660,Minnesota Vikings @ New Orleans Saints,2026-10-11T17:00:00Z,2026-10-09T18:46+00:00
Tyler Shough,pass_cmps,18.0,-970,Minnesota Vikings @ New Orleans Saints,2026-10-11T17:00:00Z,2026-10-09T18:46+00:00
Tyler Shough,pass_cmps,20.0,-374,Minnesota Vikings @ New Orleans Saints,2026-10-11T17:00:00Z,2026-10-09T18:46+00:00
Tyler Shough,pass_cmps,22.0,-176,Minnesota Vikings @ New Orleans Saints,2026-10-11T17:00:00Z,2026-10-09T18:46+00:00
Tyler Shough,pass_cmps,23.0,-124,Minnesota Vikings @ New Orleans Saints,2026-10-11T17:00:00Z,2026-10-09T18:46+00:00
Tyler Shough,pass_cmps,24.0,112,Minnesota Vikings @ New Orleans Saints,2026-10-11T17:00:00Z,2026-10-09T18:46+00:00
Tyler Shough,pass_cmps,26.0,217,Minnesota Vikings @ New Orleans Saints,2026-10-11T17:00:00Z,2026-10-09T18:46+00:00
Tyler Shough,pass_cmps,28.0,423,Minnesota Vikings @ New Orleans Saints,2026-10-11T17:00:00Z,2026-10-09T18:46+00:00
Tyler Shough,pass_cmps,30.0,780,Minnesota Vikings @ New Orleans Saints,2026-10-11T17:00:00Z,2026-10-09T18:46+00:00
Tyler Shough,pass_cmps,32.0,1400,Minnesota Vikings @ New Orleans Saints,2026-10-11T17:00:00Z,2026-10-09T18:46+00:00
Kyler Murray,pass_cmps,16.0,-1180,Minnesota Vikings @ New Orleans Saints,2026-10-11T17:00:00Z,2026-10-09T18:46+00:00
Kyler Murray,pass_cmps,18.0,-427,Minnesota Vikings @ New Orleans Saints,2026-10-11T17:00:00Z,2026-10-09T18:46+00:00
Kyler Murray,pass_cmps,20.0,-191,Minnesota Vikings @ New Orleans Saints,2026-10-11T17:00:00Z,2026-10-09T18:46+00:00
Kyler Murray,pass_cmps,21.0,-133,Minnesota Vikings @ New Orleans Saints,2026-10-11T17:00:00Z,2026-10-09T18:46+00:00
Kyler Murray,pass_cmps,22.0,107,Minnesota Vikings @ New Orleans Saints,2026-10-11T17:00:00Z,2026-10-09T18:46+00:00
Kyler Murray,pass_cmps,24.0,211,Minnesota Vikings @ New Orleans Saints,2026-10-11T17:00:00Z,2026-10-09T18:46+00:00
Kyler Murray,pass_cmps,26.0,412,Minnesota Vikings @ New Orleans Saints,2026-10-11T17:00:00Z,2026-10-09T18:46+00:00
Kyler Murray,pass_cmps,28.0,780,Minnesota Vikings @ New Orleans Saints,2026-10-11T17:00:00Z,2026-10-09T18:46+00:00
Kyler Murray,pass_cmps,30.0,1400,Minnesota Vikings @ New Orleans Saints,2026-10-11T17:00:00Z,2026-10-09T18:46+00:00
Tyler Shough,pass_yds,160.0,-1260,Minnesota Vikings @ New Orleans Saints,2026-10-11T17:00:00Z,2026-10-09T18:46+00:00
Tyler Shough,pass_yds,170.0,-840,Minnesota Vikings @ New Orleans Saints,2026-10-11T17:00:00Z,2026-10-09T18:46+00:00
Tyler Shough,pass_yds,180.0,-586,Minnesota Vikings @ New Orleans Saints,2026-10-11T17:00:00Z,2026-10-09T18:46+00:00
Tyler Shough,pass_yds,190.0,-422,Minnesota Vikings @ New Orleans Saints,2026-10-11T17:00:00Z,2026-10-09T18:46+00:00
Tyler Shough,pass_yds,200.0,-310,Minnesota Vikings @ New Orleans Saints,2026-10-11T17:00:00Z,2026-10-09T18:46+00:00
Tyler Shough,pass_yds,210.0,-231,Minnesota Vikings @ New Orleans Saints,2026-10-11T17:00:00Z,2026-10-09T18:46+00:00
Tyler Shough,pass_yds,220.0,-176,Minnesota Vikings @ New Orleans Saints,2026-10-11T17:00:00Z,2026-10-09T18:46+00:00
Tyler Shough,pass_yds,230.0,-134,Minnesota Vikings @ New Orleans Saints,2026-10-11T17:00:00Z,2026-10-09T18:46+00:00
Tyler Shough,pass_yds,238.0,-111,Minnesota Vikings @ New Orleans Saints,2026-10-11T17:00:00Z,2026-10-09T18:46+00:00
Tyler Shough,pass_yds,240.0,-106,Minnesota Vikings @ New Orleans Saints,2026-10-11T17:00:00Z,2026-10-09T18:46+00:00
Tyler Shough,pass_yds,250.0,121,Minnesota Vikings @ New Orleans Saints,2026-10-11T17:00:00Z,2026-10-09T18:46+00:00
Tyler Shough,pass_yds,260.0,155,Minnesota Vikings @ New Orleans Saints,2026-10-11T17:00:00Z,2026-10-09T18:46+00:00
Tyler Shough,pass_yds,270.0,198,Minnesota Vikings @ New Orleans Saints,2026-10-11T17:00:00Z,2026-10-09T18:46+00:00
Tyler Shough,pass_yds,280.0,256,Minnesota Vikings @ New Orleans Saints,2026-10-11T17:00:00Z,2026-10-09T18:46+00:00
Tyler Shough,pass_yds,290.0,328,Minnesota Vikings @ New Orleans Saints,2026-10-11T17:00:00Z,2026-10-09T18:46+00:00
Tyler Shough,pass_yds,300.0,418,Minnesota Vikings @ New Orleans Saints,2026-10-11T17:00:00Z,2026-10-09T18:46+00:00
Tyler Shough,pass_yds,310.0,544,Minnesota Vikings @ New Orleans Saints,2026-10-11T17:00:00Z,2026-10-09T18:46+00:00
Tyler Shough,pass_yds,320.0,700,Minnesota Vikings @ New Orleans Saints,2026-10-11T17:00:00Z,2026-10-09T18:46+00:00
Tyler Shough,pass_yds,330.0,910,Minnesota Vikings @ New Orleans Saints,2026-10-11T17:00:00Z,2026-10-09T18:46+00:00
Tyler Shough,pass_yds,340.0,1160,Minnesota Vikings @ New Orleans Saints,2026-10-11T17:00:00Z,2026-10-09T18:46+00:00
Tyler Shough,pass_yds,350.0,1480,Minnesota Vikings @ New Orleans Saints,2026-10-11T17:00:00Z,2026-10-09T18:46+00:00
Tyler Shough,pass_yds,360.0,1860,Minnesota Vikings @ New Orleans Saints,2026-10-11T17:00:00Z,2026-10-09T18:46+00:00
Tyler Shough,pass_yds,370.0,2300,Minnesota Vikings @ New Orleans Saints,2026-10-11T17:00:00Z,2026-10-09T18:46+00:00
Tyler Shough,pass_yds,380.0,2900,Minnesota Vikings @ New Orleans Saints,2026-10-11T17:00:00Z,2026-10-09T18:46+00:00
Tyler Shough,pass_yds,390.0,3500,Minnesota Vikings @ New Orleans Saints,2026-10-11T17:00:00Z,2026-10-09T18:46+00:00
Kyler Murray,pass_yds,150.0,-860,Minnesota Vikings @ New Orleans Saints,2026-10-11T17:00:00Z,2026-10-09T18:46+00:00
Kyler Murray,pass_yds,160.0,-585,Minnesota Vikings @ New Orleans Saints,2026-10-11T17:00:00Z,2026-10-09T18:46+00:00
Kyler Murray,pass_yds,170.0,-414,Minnesota Vikings @ New Orleans Saints,2026-10-11T17:00:00Z,2026-10-09T18:46+00:00
Kyler Murray,pass_yds,180.0,-304,Minnesota Vikings @ New Orleans Saints,2026-10-11T17:00:00Z,2026-10-09T18:46+00:00
Kyler Murray,pass_yds,190.0,-225,Minnesota Vikings @ New Orleans Saints,2026-10-11T17:00:00Z,2026-10-09T18:46+00:00
Kyler Murray,pass_yds,200.0,-169,Minnesota Vikings @ New Orleans Saints,2026-10-11T17:00:00Z,2026-10-09T18:46+00:00
Kyler Murray,pass_yds,210.0,-129,Minnesota Vikings @ New Orleans Saints,2026-10-11T17:00:00Z,2026-10-09T18:46+00:00
Kyler Murray,pass_yds,215.0,-112,Minnesota Vikings @ New Orleans Saints,2026-10-11T17:00:00Z,2026-10-09T18:46+00:00
Kyler Murray,pass_yds,220.0,102,Minnesota Vikings @ New Orleans Saints,2026-10-11T17:00:00Z,2026-10-09T18:46+00:00
Kyler Murray,pass_yds,230.0,132,Minnesota Vikings @ New Orleans Saints,2026-10-11T17:00:00Z,2026-10-09T18:46+00:00
Kyler Murray,pass_yds,240.0,170,Minnesota Vikings @ New Orleans Saints,2026-10-11T17:00:00Z,2026-10-09T18:46+00:00
Kyler Murray,pass_yds,250.0,221,Minnesota Vikings @ New Orleans Saints,2026-10-11T17:00:00Z,2026-10-09T18:46+00:00
Kyler Murray,pass_yds,260.0,283,Minnesota Vikings @ New Orleans Saints,2026-10-11T17:00:00Z,2026-10-09T18:46+00:00
Kyler Murray,pass_yds,270.0,364,Minnesota Vikings @ New Orleans Saints,2026-10-11T17:00:00Z,2026-10-09T18:46+00:00
Kyler Murray,pass_yds,280.0,467,Minnesota Vikings @ New Orleans Saints,2026-10-11T17:00:00Z,2026-10-09T18:46+00:00
Kyler Murray,pass_yds,290.0,600,Minnesota Vikings @ New Orleans Saints,2026-10-11T17:00:00Z,2026-10-09T18:46+00:00
Kyler Murray,pass_yds,300.0,790,Minnesota Vikings @ New Orleans Saints,2026-10-11T17:00:00Z,2026-10-09T18:46+00:00
Kyler Murray,pass_yds,310.0,1000,Minnesota Vikings @ New Orleans Saints,2026-10-11T17:00:00Z,2026-10-09T18:46+00:00
Kyler Murray,pass_yds,320.0,1320,Minnesota Vikings @ New Orleans Saints,2026-10-11T17:00:00Z,2026-10-09T18:46+00:00
Kyler Murray,pass_yds,330.0,1700,Minnesota Vikings @ New Orleans Saints,2026-10-11T17:00:00Z,2026-10-09T18:46+00:00
Kyler Murray,pass_yds,340.0,2100,Minnesota Vikings @ New Orleans Saints,2026-10-11T17:00:00Z,2026-10-09T18:46+00:00
Kyler Murray,pass_yds,350.0,2700,Minnesota Vikings @ New Orleans Saints,2026-10-11T17:00:00Z,2026-10-09T18:46+00:00
Kyler Murray,pass_yds,360.0,3300,Minnesota Vikings @ New Orleans Saints,2026-10-11T17:00:00Z,2026-10-09T18:46+00:00
Kyler Murray,pass_yds,370.0,4000,Minnesota Vikings @ New Orleans Saints,2026-10-11T17:00:00Z,2026-10-09T18:46+00:00
Chris Olave,rec_yds,40.0,-870,Minnesota Vikings @ New Orleans Saints,2026-10-11T17:00:00Z,2026-10-09T18:46+00:00
Chris Olave,rec_yds,50.0,-472,Minnesota Vikings @ New Orleans Saints,2026-10-11T17:00:00Z,2026-10-09T18:46+00:00
Chris Olave,rec_yds,60.0,-286,Minnesota Vikings @ New Orleans Saints,2026-10-11T17:00:00Z,2026-10-09T18:46+00:00
Chris Olave,rec_yds,70.0,-177,Minnesota Vikings @ New Orleans Saints,2026-10-11T17:00:00Z,2026-10-09T18:46+00:00
Chris Olave,rec_yds,80.0,-117,Minnesota Vikings @ New Orleans Saints,2026-10-11T17:00:00Z,2026-10-09T18:46+00:00
Chris Olave,rec_yds,81.0,-112,Minnesota Vikings @ New Orleans Saints,2026-10-11T17:00:00Z,2026-10-09T18:46+00:00
Chris Olave,rec_yds,90.0,125,Minnesota Vikings @ New Orleans Saints,2026-10-11T17:00:00Z,2026-10-09T18:46+00:00
Chris Olave,rec_yds,100.0,182,Minnesota Vikings @ New Orleans Saints,2026-10-11T17:00:00Z,2026-10-09T18:46+00:00
Chris Olave,rec_yds,110.0,263,Minnesota Vikings @ New Orleans Saints,2026-10-11T17:00:00Z,2026-10-09T18:46+00:00
Chris Olave,rec_yds,120.0,374,Minnesota Vikings @ New Orleans Saints,2026-10-11T17:00:00Z,2026-10-09T18:46+00:00
Chris Olave,rec_yds,130.0,537,Minnesota Vikings @ New Orleans Saints,2026-10-11T17:00:00Z,2026-10-09T18:46+00:00
Chris Olave,rec_yds,140.0,750,Minnesota Vikings @ New Orleans Saints,2026-10-11T17:00:00Z,2026-10-09T18:46+00:00
Chris Olave,rec_yds,150.0,1060,Minnesota Vikings @ New Orleans Saints,2026-10-11T17:00:00Z,2026-10-09T18:46+00:00
Chris Olave,rec_yds,160.0,1520,Minnesota Vikings @ New Orleans Saints,2026-10-11T17:00:00Z,2026-10-09T18:46+00:00
Chris Olave,rec_yds,170.0,2100,Minnesota Vikings @ New Orleans Saints,2026-10-11T17:00:00Z,2026-10-09T18:46+00:00
Chris Olave,rec_yds,180.0,2900,Minnesota Vikings @ New Orleans Saints,2026-10-11T17:00:00Z,2026-10-09T18:46+00:00
Chris Olave,rec_yds,190.0,3600,Minnesota Vikings @ New Orleans Saints,2026-10-11T17:00:00Z,2026-10-09T18:46+00:00
Justin Jefferson,rec_yds,15.0,-10000,Minnesota Vikings @ New Orleans Saints,2026-10-11T17:00:00Z,2026-10-09T18:46+00:00
Justin Jefferson,rec_yds,25.0,-2900,Minnesota Vikings @ New Orleans Saints,2026-10-11T17:00:00Z,2026-10-09T18:46+00:00
Justin Jefferson,rec_yds,40.0,-780,Minnesota Vikings @ New Orleans Saints,2026-10-11T17:00:00Z,2026-10-09T18:46+00:00
Justin Jefferson,rec_yds,50.0,-416,Minnesota Vikings @ New Orleans Saints,2026-10-11T17:00:00Z,2026-10-09T18:46+00:00
Justin Jefferson,rec_yds,60.0,-250,Minnesota Vikings @ New Orleans Saints,2026-10-11T17:00:00Z,2026-10-09T18:46+00:00
Justin Jefferson,rec_yds,70.0,-159,Minnesota Vikings @ New Orleans Saints,2026-10-11T17:00:00Z,2026-10-09T18:46+00:00
Justin Jefferson,rec_yds,79.0,-111,Minnesota Vikings @ New Orleans Saints,2026-10-11T17:00:00Z,2026-10-09T18:46+00:00
Justin Jefferson,rec_yds,80.0,-107,Minnesota Vikings @ New Orleans Saints,2026-10-11T17:00:00Z,2026-10-09T18:46+00:00
Justin Jefferson,rec_yds,90.0,136,Minnesota Vikings @ New Orleans Saints,2026-10-11T17:00:00Z,2026-10-09T18:46+00:00
Justin Jefferson,rec_yds,100.0,197,Minnesota Vikings @ New Orleans Saints,2026-10-11T17:00:00Z,2026-10-09T18:46+00:00
Justin Jefferson,rec_yds,110.0,282,Minnesota Vikings @ New Orleans Saints,2026-10-11T17:00:00Z,2026-10-09T18:46+00:00
Justin Jefferson,rec_yds,120.0,402,Minnesota Vikings @ New Orleans Saints,2026-10-11T17:00:00Z,2026-10-09T18:46+00:00
Justin Jefferson,rec_yds,130.0,585,Minnesota Vikings @ New Orleans Saints,2026-10-11T17:00:00Z,2026-10-09T18:46+00:00
Justin Jefferson,rec_yds,140.0,820,Minnesota Vikings @ New Orleans Saints,2026-10-11T17:00:00Z,2026-10-09T18:46+00:00
Justin Jefferson,rec_yds,150.0,1140,Minnesota Vikings @ New Orleans Saints,2026-10-11T17:00:00Z,2026-10-09T18:46+00:00
Justin Jefferson,rec_yds,160.0,1640,Minnesota Vikings @ New Orleans Saints,2026-10-11T17:00:00Z,2026-10-09T18:46+00:00
Justin Jefferson,rec_yds,170.0,2100,Minnesota Vikings @ New Orleans Saints,2026-10-11T17:00:00Z,2026-10-09T18:46+00:00
Justin Jefferson,rec_yds,180.0,2900,Minnesota Vikings @ New Orleans Saints,2026-10-11T17:00:00Z,2026-10-09T18:46+00:00
Justin Jefferson,rec_yds,190.0,3700,Minnesota Vikings @ New Orleans Saints,2026-10-11T17:00:00Z,2026-10-09T18:46+00:00
T.J. Hockenson,rec_yds,15.0,-760,Minnesota Vikings @ New Orleans Saints,2026-10-11T17:00:00Z,2026-10-09T18:46+00:00
T.J. Hockenson,rec_yds,25.0,-288,Minnesota Vikings @ New Orleans Saints,2026-10-11T17:00:00Z,2026-10-09T18:46+00:00
T.J. Hockenson,rec_yds,39.0,-110,Minnesota Vikings @ New Orleans Saints,2026-10-11T17:00:00Z,2026-10-09T18:46+00:00
T.J. Hockenson,rec_yds,40.0,-104,Minnesota Vikings @ New Orleans Saints,2026-10-11T17:00:00Z,2026-10-09T18:46+00:00
T.J. Hockenson,rec_yds,50.0,166,Minnesota Vikings @ New Orleans Saints,2026-10-11T17:00:00Z,2026-10-09T18:46+00:00
T.J. Hockenson,rec_yds,60.0,266,Minnesota Vikings @ New Orleans Saints,2026-10-11T17:00:00Z,2026-10-09T18:46+00:00
T.J. Hockenson,rec_yds,70.0,419,Minnesota Vikings @ New Orleans Saints,2026-10-11T17:00:00Z,2026-10-09T18:46+00:00
T.J. Hockenson,rec_yds,80.0,640,Minnesota Vikings @ New Orleans Saints,2026-10-11T17:00:00Z,2026-10-09T18:46+00:00
T.J. Hockenson,rec_yds,90.0,970,Minnesota Vikings @ New Orleans Saints,2026-10-11T17:00:00Z,2026-10-09T18:46+00:00
T.J. Hockenson,rec_yds,100.0,1380,Minnesota Vikings @ New Orleans Saints,2026-10-11T17:00:00Z,2026-10-09T18:46+00:00
T.J. Hockenson,rec_yds,110.0,1920,Minnesota Vikings @ New Orleans Saints,2026-10-11T17:00:00Z,2026-10-09T18:46+00:00
T.J. Hockenson,rec_yds,120.0,2600,Minnesota Vikings @ New Orleans Saints,2026-10-11T17:00:00Z,2026-10-09T18:46+00:00
T.J. Hockenson,rec_yds,130.0,3400,Minnesota Vikings @ New Orleans Saints,2026-10-11T17:00:00Z,2026-10-09T18:46+00:00
Juwan Johnson,rec_yds,15.0,-800,Minnesota Vikings @ New Orleans Saints,2026-10-11T17:00:00Z,2026-10-09T18:46+00:00
Juwan Johnson,rec_yds,25.0,-330,Minnesota Vikings @ New Orleans Saints,2026-10-11T17:00:00Z,2026-10-09T18:46+00:00
Juwan Johnson,rec_yds,40.0,-122,Minnesota Vikings @ New Orleans Saints,2026-10-11T17:00:00Z,2026-10-09T18:46+00:00
Juwan Johnson,rec_yds,41.0,-115,Minnesota Vikings @ New Orleans Saints,2026-10-11T17:00:00Z,2026-10-09T18:46+00:00
Juwan Johnson,rec_yds,50.0,140,Minnesota Vikings @ New Orleans Saints,2026-10-11T17:00:00Z,2026-10-09T18:46+00:00
Juwan Johnson,rec_yds,60.0,230,Minnesota Vikings @ New Orleans Saints,2026-10-11T17:00:00Z,2026-10-09T18:46+00:00
Juwan Johnson,rec_yds,70.0,365,Minnesota Vikings @ New Orleans Saints,2026-10-11T17:00:00Z,2026-10-09T18:46+00:00
Juwan Johnson,rec_yds,80.0,577,Minnesota Vikings @ New Orleans Saints,2026-10-11T17:00:00Z,2026-10-09T18:46+00:00
Juwan Johnson,rec_yds,90.0,880,Minnesota Vikings @ New Orleans Saints,2026-10-11T17:00:00Z,2026-10-09T18:46+00:00
Juwan Johnson,rec_yds,100.0,1340,Minnesota Vikings @ New Orleans Saints,2026-10-11T17:00:00Z,2026-10-09T18:46+00:00
Juwan Johnson,rec_yds,110.0,1960,Minnesota Vikings @ New Orleans Saints,2026-10-11T17:00:00Z,2026-10-09T18:46+00:00
Juwan Johnson,rec_yds,120.0,2800,Minnesota Vikings @ New Orleans Saints,2026-10-11T17:00:00Z,2026-10-09T18:46+00:00
Juwan Johnson,rec_yds,130.0,4000,Minnesota Vikings @ New Orleans Saints,2026-10-11T17:00:00Z,2026-10-09T18:46+00:00
Devaughn Vele,rec_yds,15.0,-710,Minnesota Vikings @ New Orleans Saints,2026-10-11T17:00:00Z,2026-10-09T18:46+00:00
Devaughn Vele,rec_yds,25.0,-279,Minnesota Vikings @ New Orleans Saints,2026-10-11T17:00:00Z,2026-10-09T18:46+00:00
Devaughn Vele,rec_yds,39.0,-113,Minnesota Vikings @ New Orleans Saints,2026-10-11T17:00:00Z,2026-10-09T18:46+00:00
Devaughn Vele,rec_yds,40.0,-107,Minnesota Vikings @ New Orleans Saints,2026-10-11T17:00:00Z,2026-10-09T18:46+00:00
Devaughn Vele,rec_yds,50.0,161,Minnesota Vikings @ New Orleans Saints,2026-10-11T17:00:00Z,2026-10-09T18:46+00:00
Devaughn Vele,rec_yds,60.0,266,Minnesota Vikings @ New Orleans Saints,2026-10-11T17:00:00Z,2026-10-09T18:46+00:00
Devaughn Vele,rec_yds,70.0,419,Minnesota Vikings @ New Orleans Saints,2026-10-11T17:00:00Z,2026-10-09T18:46+00:00
Devaughn Vele,rec_yds,80.0,660,Minnesota Vikings @ New Orleans Saints,2026-10-11T17:00:00Z,2026-10-09T18:46+00:00
Devaughn Vele,rec_yds,90.0,1020,Minnesota Vikings @ New Orleans Saints,2026-10-11T17:00:00Z,2026-10-09T18:46+00:00
Devaughn Vele,rec_yds,100.0,1540,Minnesota Vikings @ New Orleans Saints,2026-10-11T17:00:00Z,2026-10-09T18:46+00:00
Devaughn Vele,rec_yds,110.0,2200,Minnesota Vikings @ New Orleans Saints,2026-10-11T17:00:00Z,2026-10-09T18:46+00:00
Devaughn Vele,rec_yds,120.0,3300,Minnesota Vikings @ New Orleans Saints,2026-10-11T17:00:00Z,2026-10-09T18:46+00:00
Aaron Jones,rec_yds,15.0,-159,Minnesota Vikings @ New Orleans Saints,2026-10-11T17:00:00Z,2026-10-09T18:46+00:00
Aaron Jones,rec_yds,18.0,-116,Minnesota Vikings @ New Orleans Saints,2026-10-11T17:00:00Z,2026-10-09T18:46+00:00
Aaron Jones,rec_yds,25.0,161,Minnesota Vikings @ New Orleans Saints,2026-10-11T17:00:00Z,2026-10-09T18:46+00:00
Aaron Jones,rec_yds,40.0,480,Minnesota Vikings @ New Orleans Saints,2026-10-11T17:00:00Z,2026-10-09T18:46+00:00
Aaron Jones,rec_yds,50.0,890,Minnesota Vikings @ New Orleans Saints,2026-10-11T17:00:00Z,2026-10-09T18:46+00:00
Aaron Jones,rec_yds,60.0,1520,Minnesota Vikings @ New Orleans Saints,2026-10-11T17:00:00Z,2026-10-09T18:46+00:00
Aaron Jones,rec_yds,70.0,2300,Minnesota Vikings @ New Orleans Saints,2026-10-11T17:00:00Z,2026-10-09T18:46+00:00
Aaron Jones,rec_yds,80.0,3400,Minnesota Vikings @ New Orleans Saints,2026-10-11T17:00:00Z,2026-10-09T18:46+00:00
Alvin Kamara,rec_yds,14.0,-113,Minnesota Vikings @ New Orleans Saints,2026-10-11T17:00:00Z,2026-10-09T18:46+00:00
Alvin Kamara,rec_yds,15.0,-101,Minnesota Vikings @ New Orleans Saints,2026-10-11T17:00:00Z,2026-10-09T18:46+00:00
Alvin Kamara,rec_yds,25.0,248,Minnesota Vikings @ New Orleans Saints,2026-10-11T17:00:00Z,2026-10-09T18:46+00:00
Alvin Kamara,rec_yds,40.0,680,Minnesota Vikings @ New Orleans Saints,2026-10-11T17:00:00Z,2026-10-09T18:46+00:00
Alvin Kamara,rec_yds,50.0,1140,Minnesota Vikings @ New Orleans Saints,2026-10-11T17:00:00Z,2026-10-09T18:46+00:00
Alvin Kamara,rec_yds,60.0,1740,Minnesota Vikings @ New Orleans Saints,2026-10-11T17:00:00Z,2026-10-09T18:46+00:00
Alvin Kamara,rec_yds,70.0,2600,Minnesota Vikings @ New Orleans Saints,2026-10-11T17:00:00Z,2026-10-09T18:46+00:00
Chris Olave,receptions,4.0,-1240,Minnesota Vikings @ New Orleans Saints,2026-10-11T17:00:00Z,2026-10-09T18:46+00:00
Chris Olave,receptions,5.0,-475,Minnesota Vikings @ New Orleans Saints,2026-10-11T17:00:00Z,2026-10-09T18:46+00:00
Chris Olave,receptions,6.0,-222,Minnesota Vikings @ New Orleans Saints,2026-10-11T17:00:00Z,2026-10-09T18:46+00:00
Chris Olave,receptions,7.0,-117,Minnesota Vikings @ New Orleans Saints,2026-10-11T17:00:00Z,2026-10-09T18:46+00:00
Chris Olave,receptions,8.0,155,Minnesota Vikings @ New Orleans Saints,2026-10-11T17:00:00Z,2026-10-09T18:46+00:00
Chris Olave,receptions,9.0,275,Minnesota Vikings @ New Orleans Saints,2026-10-11T17:00:00Z,2026-10-09T18:46+00:00
Chris Olave,receptions,10.0,477,Minnesota Vikings @ New Orleans Saints,2026-10-11T17:00:00Z,2026-10-09T18:46+00:00
Chris Olave,receptions,11.0,810,Minnesota Vikings @ New Orleans Saints,2026-10-11T17:00:00Z,2026-10-09T18:46+00:00
Chris Olave,receptions,12.0,1340,Minnesota Vikings @ New Orleans Saints,2026-10-11T17:00:00Z,2026-10-09T18:46+00:00
Chris Olave,receptions,13.0,2100,Minnesota Vikings @ New Orleans Saints,2026-10-11T17:00:00Z,2026-10-09T18:46+00:00
Chris Olave,receptions,14.0,2900,Minnesota Vikings @ New Orleans Saints,2026-10-11T17:00:00Z,2026-10-09T18:46+00:00
Justin Jefferson,receptions,3.0,-3700,Minnesota Vikings @ New Orleans Saints,2026-10-11T17:00:00Z,2026-10-09T18:46+00:00
Justin Jefferson,receptions,4.0,-880,Minnesota Vikings @ New Orleans Saints,2026-10-11T17:00:00Z,2026-10-09T18:46+00:00
Justin Jefferson,receptions,5.0,-343,Minnesota Vikings @ New Orleans Saints,2026-10-11T17:00:00Z,2026-10-09T18:46+00:00
Justin Jefferson,receptions,6.0,-165,Minnesota Vikings @ New Orleans Saints,2026-10-11T17:00:00Z,2026-10-09T18:46+00:00
Justin Jefferson,receptions,7.0,116,Minnesota Vikings @ New Orleans Saints,2026-10-11T17:00:00Z,2026-10-09T18:46+00:00
Justin Jefferson,receptions,8.0,211,Minnesota Vikings @ New Orleans Saints,2026-10-11T17:00:00Z,2026-10-09T18:46+00:00
Justin Jefferson,receptions,9.0,374,Minnesota Vikings @ New Orleans Saints,2026-10-11T17:00:00Z,2026-10-09T18:46+00:00
Justin Jefferson,receptions,10.0,660,Minnesota Vikings @ New Orleans Saints,2026-10-11T17:00:00Z,2026-10-09T18:46+00:00
Justin Jefferson,receptions,11.0,1120,Minnesota Vikings @ New Orleans Saints,2026-10-11T17:00:00Z,2026-10-09T18:46+00:00
Justin Jefferson,receptions,12.0,1800,Minnesota Vikings @ New Orleans Saints,2026-10-11T17:00:00Z,2026-10-09T18:46+00:00
Justin Jefferson,receptions,13.0,2600,Minnesota Vikings @ New Orleans Saints,2026-10-11T17:00:00Z,2026-10-09T18:46+00:00
T.J. Hockenson,receptions,2.0,-2500,Minnesota Vikings @ New Orleans Saints,2026-10-11T17:00:00Z,2026-10-09T18:46+00:00
T.J. Hockenson,receptions,3.0,-580,Minnesota Vikings @ New Orleans Saints,2026-10-11T17:00:00Z,2026-10-09T18:46+00:00
T.J. Hockenson,receptions,4.0,-236,Minnesota Vikings @ New Orleans Saints,2026-10-11T17:00:00Z,2026-10-09T18:46+00:00
T.J. Hockenson,receptions,5.0,-110,Minnesota Vikings @ New Orleans Saints,2026-10-11T17:00:00Z,2026-10-09T18:46+00:00
T.J. Hockenson,receptions,6.0,179,Minnesota Vikings @ New Orleans Saints,2026-10-11T17:00:00Z,2026-10-09T18:46+00:00
T.J. Hockenson,receptions,7.0,330,Minnesota Vikings @ New Orleans Saints,2026-10-11T17:00:00Z,2026-10-09T18:46+00:00
T.J. Hockenson,receptions,8.0,579,Minnesota Vikings @ New Orleans Saints,2026-10-11T17:00:00Z,2026-10-09T18:46+00:00
T.J. Hockenson,receptions,9.0,950,Minnesota Vikings @ New Orleans Saints,2026-10-11T17:00:00Z,2026-10-09T18:46+00:00
T.J. Hockenson,receptions,10.0,1500,Minnesota Vikings @ New Orleans Saints,2026-10-11T17:00:00Z,2026-10-09T18:46+00:00
T.J. Hockenson,receptions,11.0,2200,Minnesota Vikings @ New Orleans Saints,2026-10-11T17:00:00Z,2026-10-09T18:46+00:00
T.J. Hockenson,receptions,12.0,2900,Minnesota Vikings @ New Orleans Saints,2026-10-11T17:00:00Z,2026-10-09T18:46+00:00
Juwan Johnson,receptions,2.0,-1600,Minnesota Vikings @ New Orleans Saints,2026-10-11T17:00:00Z,2026-10-09T18:46+00:00
Juwan Johnson,receptions,3.0,-423,Minnesota Vikings @ New Orleans Saints,2026-10-11T17:00:00Z,2026-10-09T18:46+00:00
Juwan Johnson,receptions,4.0,-170,Minnesota Vikings @ New Orleans Saints,2026-10-11T17:00:00Z,2026-10-09T18:46+00:00
Juwan Johnson,receptions,5.0,128,Minnesota Vikings @ New Orleans Saints,2026-10-11T17:00:00Z,2026-10-09T18:46+00:00
Juwan Johnson,receptions,6.0,262,Minnesota Vikings @ New Orleans Saints,2026-10-11T17:00:00Z,2026-10-09T18:46+00:00
Juwan Johnson,receptions,7.0,524,Minnesota Vikings @ New Orleans Saints,2026-10-11T17:00:00Z,2026-10-09T18:46+00:00
Juwan Johnson,receptions,8.0,980,Minnesota Vikings @ New Orleans Saints,2026-10-11T17:00:00Z,2026-10-09T18:46+00:00
Juwan Johnson,receptions,9.0,1760,Minnesota Vikings @ New Orleans Saints,2026-10-11T17:00:00Z,2026-10-09T18:46+00:00
Juwan Johnson,receptions,10.0,2800,Minnesota Vikings @ New Orleans Saints,2026-10-11T17:00:00Z,2026-10-09T18:46+00:00
Devaughn Vele,receptions,2.0,-1340,Minnesota Vikings @ New Orleans Saints,2026-10-11T17:00:00Z,2026-10-09T18:46+00:00
Devaughn Vele,receptions,3.0,-367,Minnesota Vikings @ New Orleans Saints,2026-10-11T17:00:00Z,2026-10-09T18:46+00:00
Devaughn Vele,receptions,4.0,-144,Minnesota Vikings @ New Orleans Saints,2026-10-11T17:00:00Z,2026-10-09T18:46+00:00
Devaughn Vele,receptions,5.0,152,Minnesota Vikings @ New Orleans Saints,2026-10-11T17:00:00Z,2026-10-09T18:46+00:00
Devaughn Vele,receptions,6.0,309,Minnesota Vikings @ New Orleans Saints,2026-10-11T17:00:00Z,2026-10-09T18:46+00:00
Devaughn Vele,receptions,7.0,600,Minnesota Vikings @ New Orleans Saints,2026-10-11T17:00:00Z,2026-10-09T18:46+00:00
Devaughn Vele,receptions,8.0,1220,Minnesota Vikings @ New Orleans Saints,2026-10-11T17:00:00Z,2026-10-09T18:46+00:00
Devaughn Vele,receptions,9.0,2000,Minnesota Vikings @ New Orleans Saints,2026-10-11T17:00:00Z,2026-10-09T18:46+00:00
Alvin Kamara,receptions,2.0,-650,Minnesota Vikings @ New Orleans Saints,2026-10-11T17:00:00Z,2026-10-09T18:46+00:00
Alvin Kamara,receptions,3.0,-217,Minnesota Vikings @ New Orleans Saints,2026-10-11T17:00:00Z,2026-10-09T18:46+00:00
Alvin Kamara,receptions,4.0,103,Minnesota Vikings @ New Orleans Saints,2026-10-11T17:00:00Z,2026-10-09T18:46+00:00
Alvin Kamara,receptions,5.0,215,Minnesota Vikings @ New Orleans Saints,2026-10-11T17:00:00Z,2026-10-09T18:46+00:00
Alvin Kamara,receptions,6.0,430,Minnesota Vikings @ New Orleans Saints,2026-10-11T17:00:00Z,2026-10-09T18:46+00:00
Alvin Kamara,receptions,7.0,820,Minnesota Vikings @ New Orleans Saints,2026-10-11T17:00:00Z,2026-10-09T18:46+00:00
Alvin Kamara,receptions,8.0,1480,Minnesota Vikings @ New Orleans Saints,2026-10-11T17:00:00Z,2026-10-09T18:46+00:00
Alvin Kamara,receptions,9.0,2300,Minnesota Vikings @ New Orleans Saints,2026-10-11T17:00:00Z,2026-10-09T18:46+00:00
Aaron Jones,receptions,2.0,-487,Minnesota Vikings @ New Orleans Saints,2026-10-11T17:00:00Z,2026-10-09T18:46+00:00
Aaron Jones,receptions,3.0,-151,Minnesota Vikings @ New Orleans Saints,2026-10-11T17:00:00Z,2026-10-09T18:46+00:00
Aaron Jones,receptions,4.0,160,Minnesota Vikings @ New Orleans Saints,2026-10-11T17:00:00Z,2026-10-09T18:46+00:00
Aaron Jones,receptions,5.0,366,Minnesota Vikings @ New Orleans Saints,2026-10-11T17:00:00Z,2026-10-09T18:46+00:00
Aaron Jones,receptions,6.0,790,Minnesota Vikings @ New Orleans Saints,2026-10-11T17:00:00Z,2026-10-09T18:46+00:00
Aaron Jones,receptions,7.0,1580,Minnesota Vikings @ New Orleans Saints,2026-10-11T17:00:00Z,2026-10-09T18:46+00:00
Aaron Jones,receptions,8.0,2600,Minnesota Vikings @ New Orleans Saints,2026-10-11T17:00:00Z,2026-10-09T18:46+00:00
Aaron Jones,rush_att,10.0,-3600,Minnesota Vikings @ New Orleans Saints,2026-10-11T17:00:00Z,2026-10-09T18:46+00:00
Aaron Jones,rush_att,12.0,-930,Minnesota Vikings @ New Orleans Saints,2026-10-11T17:00:00Z,2026-10-09T18:46+00:00
Aaron Jones,rush_att,14.0,-387,Minnesota Vikings @ New Orleans Saints,2026-10-11T17:00:00Z,2026-10-09T18:46+00:00
Aaron Jones,rush_att,16.0,-194,Minnesota Vikings @ New Orleans Saints,2026-10-11T17:00:00Z,2026-10-09T18:46+00:00
Aaron Jones,rush_att,18.0,-106,Minnesota Vikings @ New Orleans Saints,2026-10-11T17:00:00Z,2026-10-09T18:46+00:00
Aaron Jones,rush_att,20.0,174,Minnesota Vikings @ New Orleans Saints,2026-10-11T17:00:00Z,2026-10-09T18:46+00:00
Aaron Jones,rush_att,22.0,324,Minnesota Vikings @ New Orleans Saints,2026-10-11T17:00:00Z,2026-10-09T18:46+00:00
Aaron Jones,rush_att,24.0,595,Minnesota Vikings @ New Orleans Saints,2026-10-11T17:00:00Z,2026-10-09T18:46+00:00
Aaron Jones,rush_att,26.0,1100,Minnesota Vikings @ New Orleans Saints,2026-10-11T17:00:00Z,2026-10-09T18:46+00:00
Kendre Miller,rush_att,4.0,-750,Minnesota Vikings @ New Orleans Saints,2026-10-11T17:00:00Z,2026-10-09T18:46+00:00
Kendre Miller,rush_att,6.0,-204,Minnesota Vikings @ New Orleans Saints,2026-10-11T17:00:00Z,2026-10-09T18:46+00:00
Kendre Miller,rush_att,7.0,-128,Minnesota Vikings @ New Orleans Saints,2026-10-11T17:00:00Z,2026-10-09T18:46+00:00
Kendre Miller,rush_att,8.0,116,Minnesota Vikings @ New Orleans Saints,2026-10-11T17:00:00Z,2026-10-09T18:46+00:00
Kendre Miller,rush_att,10.0,218,Minnesota Vikings @ New Orleans Saints,2026-10-11T17:00:00Z,2026-10-09T18:46+00:00
Kendre Miller,rush_att,12.0,349,Minnesota Vikings @ New Orleans Saints,2026-10-11T17:00:00Z,2026-10-09T18:46+00:00
Kendre Miller,rush_att,14.0,526,Minnesota Vikings @ New Orleans Saints,2026-10-11T17:00:00Z,2026-10-09T18:46+00:00
Kendre Miller,rush_att,16.0,790,Minnesota Vikings @ New Orleans Saints,2026-10-11T17:00:00Z,2026-10-09T18:46+00:00
Kendre Miller,rush_att,18.0,1220,Minnesota Vikings @ New Orleans Saints,2026-10-11T17:00:00Z,2026-10-09T18:46+00:00
Alvin Kamara,rush_att,6.0,-1440,Minnesota Vikings @ New Orleans Saints,2026-10-11T17:00:00Z,2026-10-09T18:46+00:00
Alvin Kamara,rush_att,8.0,-375,Minnesota Vikings @ New Orleans Saints,2026-10-11T17:00:00Z,2026-10-09T18:46+00:00
Alvin Kamara,rush_att,10.0,-144,Minnesota Vikings @ New Orleans Saints,2026-10-11T17:00:00Z,2026-10-09T18:46+00:00
Alvin Kamara,rush_att,11.0,107,Minnesota Vikings @ New Orleans Saints,2026-10-11T17:00:00Z,2026-10-09T18:46+00:00
Alvin Kamara,rush_att,12.0,159,Minnesota Vikings @ New Orleans Saints,2026-10-11T17:00:00Z,2026-10-09T18:46+00:00
Alvin Kamara,rush_att,14.0,351,Minnesota Vikings @ New Orleans Saints,2026-10-11T17:00:00Z,2026-10-09T18:46+00:00
Alvin Kamara,rush_att,16.0,760,Minnesota Vikings @ New Orleans Saints,2026-10-11T17:00:00Z,2026-10-09T18:46+00:00
Aaron Jones,rush_yds,30.0,-2100,Minnesota Vikings @ New Orleans Saints,2026-10-11T17:00:00Z,2026-10-09T18:46+00:00
Aaron Jones,rush_yds,40.0,-760,Minnesota Vikings @ New Orleans Saints,2026-10-11T17:00:00Z,2026-10-09T18:46+00:00
Aaron Jones,rush_yds,50.0,-366,Minnesota Vikings @ New Orleans Saints,2026-10-11T17:00:00Z,2026-10-09T18:46+00:00
Aaron Jones,rush_yds,60.0,-203,Minnesota Vikings @ New Orleans Saints,2026-10-11T17:00:00Z,2026-10-09T18:46+00:00
Aaron Jones,rush_yds,70.0,-122,Minnesota Vikings @ New Orleans Saints,2026-10-11T17:00:00Z,2026-10-09T18:46+00:00
Aaron Jones,rush_yds,72.0,-111,Minnesota Vikings @ New Orleans Saints,2026-10-11T17:00:00Z,2026-10-09T18:46+00:00
Aaron Jones,rush_yds,80.0,128,Minnesota Vikings @ New Orleans Saints,2026-10-11T17:00:00Z,2026-10-09T18:46+00:00
Aaron Jones,rush_yds,90.0,194,Minnesota Vikings @ New Orleans Saints,2026-10-11T17:00:00Z,2026-10-09T18:46+00:00
Aaron Jones,rush_yds,100.0,290,Minnesota Vikings @ New Orleans Saints,2026-10-11T17:00:00Z,2026-10-09T18:46+00:00
Aaron Jones,rush_yds,110.0,427,Minnesota Vikings @ New Orleans Saints,2026-10-11T17:00:00Z,2026-10-09T18:46+00:00
Aaron Jones,rush_yds,120.0,610,Minnesota Vikings @ New Orleans Saints,2026-10-11T17:00:00Z,2026-10-09T18:46+00:00
Aaron Jones,rush_yds,130.0,900,Minnesota Vikings @ New Orleans Saints,2026-10-11T17:00:00Z,2026-10-09T18:46+00:00
Aaron Jones,rush_yds,140.0,1300,Minnesota Vikings @ New Orleans Saints,2026-10-11T17:00:00Z,2026-10-09T18:46+00:00
Aaron Jones,rush_yds,150.0,1880,Minnesota Vikings @ New Orleans Saints,2026-10-11T17:00:00Z,2026-10-09T18:46+00:00
Aaron Jones,rush_yds,160.0,2600,Minnesota Vikings @ New Orleans Saints,2026-10-11T17:00:00Z,2026-10-09T18:46+00:00
Aaron Jones,rush_yds,170.0,3400,Minnesota Vikings @ New Orleans Saints,2026-10-11T17:00:00Z,2026-10-09T18:46+00:00
Alvin Kamara,rush_yds,10.0,-2300,Minnesota Vikings @ New Orleans Saints,2026-10-11T17:00:00Z,2026-10-09T18:46+00:00
Alvin Kamara,rush_yds,15.0,-850,Minnesota Vikings @ New Orleans Saints,2026-10-11T17:00:00Z,2026-10-09T18:46+00:00
Alvin Kamara,rush_yds,20.0,-421,Minnesota Vikings @ New Orleans Saints,2026-10-11T17:00:00Z,2026-10-09T18:46+00:00
Alvin Kamara,rush_yds,25.0,-244,Minnesota Vikings @ New Orleans Saints,2026-10-11T17:00:00Z,2026-10-09T18:46+00:00
Alvin Kamara,rush_yds,30.0,-154,Minnesota Vikings @ New Orleans Saints,2026-10-11T17:00:00Z,2026-10-09T18:46+00:00
Alvin Kamara,rush_yds,34.0,-112,Minnesota Vikings @ New Orleans Saints,2026-10-11T17:00:00Z,2026-10-09T18:46+00:00
Alvin Kamara,rush_yds,40.0,139,Minnesota Vikings @ New Orleans Saints,2026-10-11T17:00:00Z,2026-10-09T18:46+00:00
Alvin Kamara,rush_yds,50.0,273,Minnesota Vikings @ New Orleans Saints,2026-10-11T17:00:00Z,2026-10-09T18:46+00:00
Alvin Kamara,rush_yds,60.0,494,Minnesota Vikings @ New Orleans Saints,2026-10-11T17:00:00Z,2026-10-09T18:46+00:00
Alvin Kamara,rush_yds,70.0,860,Minnesota Vikings @ New Orleans Saints,2026-10-11T17:00:00Z,2026-10-09T18:46+00:00
Alvin Kamara,rush_yds,80.0,1380,Minnesota Vikings @ New Orleans Saints,2026-10-11T17:00:00Z,2026-10-09T18:46+00:00
Alvin Kamara,rush_yds,90.0,2000,Minnesota Vikings @ New Orleans Saints,2026-10-11T17:00:00Z,2026-10-09T18:46+00:00
Alvin Kamara,rush_yds,100.0,3000,Minnesota Vikings @ New Orleans Saints,2026-10-11T17:00:00Z,2026-10-09T18:46+00:00
Kendre Miller,rush_yds,10.0,-487,Minnesota Vikings @ New Orleans Saints,2026-10-11T17:00:00Z,2026-10-09T18:46+00:00
Kendre Miller,rush_yds,15.0,-241,Minnesota Vikings @ New Orleans Saints,2026-10-11T17:00:00Z,2026-10-09T18:46+00:00
Kendre Miller,rush_yds,20.0,-142,Minnesota Vikings @ New Orleans Saints,2026-10-11T17:00:00Z,2026-10-09T18:46+00:00
Kendre Miller,rush_yds,23.0,-110,Minnesota Vikings @ New Orleans Saints,2026-10-11T17:00:00Z,2026-10-09T18:46+00:00
Kendre Miller,rush_yds,25.0,106,Minnesota Vikings @ New Orleans Saints,2026-10-11T17:00:00Z,2026-10-09T18:46+00:00
Kendre Miller,rush_yds,30.0,153,Minnesota Vikings @ New Orleans Saints,2026-10-11T17:00:00Z,2026-10-09T18:46+00:00
Kendre Miller,rush_yds,40.0,277,Minnesota Vikings @ New Orleans Saints,2026-10-11T17:00:00Z,2026-10-09T18:46+00:00
Kendre Miller,rush_yds,50.0,473,Minnesota Vikings @ New Orleans Saints,2026-10-11T17:00:00Z,2026-10-09T18:46+00:00
Kendre Miller,rush_yds,60.0,750,Minnesota Vikings @ New Orleans Saints,2026-10-11T17:00:00Z,2026-10-09T18:46+00:00
Kendre Miller,rush_yds,70.0,1140,Minnesota Vikings @ New Orleans Saints,2026-10-11T17:00:00Z,2026-10-09T18:46+00:00
Kendre Miller,rush_yds,80.0,1720,Minnesota Vikings @ New Orleans Saints,2026-10-11T17:00:00Z,2026-10-09T18:46+00:00
Kendre Miller,rush_yds,90.0,2400,Minnesota Vikings @ New Orleans Saints,2026-10-11T17:00:00Z,2026-10-09T18:46+00:00
Kendre Miller,rush_yds,100.0,3400,Minnesota Vikings @ New Orleans Saints,2026-10-11T17:00:00Z,2026-10-09T18:46+00:00
Kyler Murray,rush_yds,10.0,-268,Minnesota Vikings @ New Orleans Saints,2026-10-11T17:00:00Z,2026-10-09T18:46+00:00
Kyler Murray,rush_yds,15.0,-151,Minnesota Vikings @ New Orleans Saints,2026-10-11T17:00:00Z,2026-10-09T18:46+00:00
Kyler Murray,rush_yds,18.0,-114,Minnesota Vikings @ New Orleans Saints,2026-10-11T17:00:00Z,2026-10-09T18:46+00:00
Kyler Murray,rush_yds,20.0,105,Minnesota Vikings @ New Orleans Saints,2026-10-11T17:00:00Z,2026-10-09T18:46+00:00
Kyler Murray,rush_yds,25.0,161,Minnesota Vikings @ New Orleans Saints,2026-10-11T17:00:00Z,2026-10-09T18:46+00:00
Kyler Murray,rush_yds,30.0,236,Minnesota Vikings @ New Orleans Saints,2026-10-11T17:00:00Z,2026-10-09T18:46+00:00
Kyler Murray,rush_yds,40.0,478,Minnesota Vikings @ New Orleans Saints,2026-10-11T17:00:00Z,2026-10-09T18:46+00:00
Kyler Murray,rush_yds,50.0,950,Minnesota Vikings @ New Orleans Saints,2026-10-11T17:00:00Z,2026-10-09T18:46+00:00
Kyler Murray,rush_yds,60.0,1760,Minnesota Vikings @ New Orleans Saints,2026-10-11T17:00:00Z,2026-10-09T18:46+00:00
Kyler Murray,rush_yds,70.0,3000,Minnesota Vikings @ New Orleans Saints,2026-10-11T17:00:00Z,2026-10-09T18:46+00:00
Tyler Shough,rush_yds,10.0,-106,Minnesota Vikings @ New Orleans Saints,2026-10-11T17:00:00Z,2026-10-09T18:46+00:00
Tyler Shough,rush_yds,15.0,180,Minnesota Vikings @ New Orleans Saints,2026-10-11T17:00:00Z,2026-10-09T18:46+00:00
Tyler Shough,rush_yds,20.0,315,Minnesota Vikings @ New Orleans Saints,2026-10-11T17:00:00Z,2026-10-09T18:46+00:00
Tyler Shough,rush_yds,25.0,517,Minnesota Vikings @ New Orleans Saints,2026-10-11T17:00:00Z,2026-10-09T18:46+00:00
Tyler Shough,rush_yds,30.0,790,Minnesota Vikings @ New Orleans Saints,2026-10-11T17:00:00Z,2026-10-09T18:46+00:00
Tyler Shough,rush_yds,40.0,1580,Minnesota Vikings @ New Orleans Saints,2026-10-11T17:00:00Z,2026-10-09T18:46+00:00
Tyler Shough,rush_yds,50.0,2600,Minnesota Vikings @ New Orleans Saints,2026-10-11T17:00:00Z,2026-10-09T18:46+00:00
Tyler Shough,rush_yds,60.0,3600,Minnesota Vikings @ New Orleans Saints,2026-10-11T17:00:00Z,2026-10-09T18:46+00:00
Jameis Winston,pass_att,22.0,-2500,New York Giants @ Washington Commanders,2026-10-11T17:00:00Z,2026-10-09T18:46+00:00
Jameis Winston,pass_att,24.0,-970,New York Giants @ Washington Commanders,2026-10-11T17:00:00Z,2026-10-09T18:46+00:00
Jameis Winston,pass_att,26.0,-469,New York Giants @ Washington Commanders,2026-10-11T17:00:00Z,2026-10-09T18:46+00:00
Jameis Winston,pass_att,28.0,-255,New York Giants @ Washington Commanders,2026-10-11T17:00:00Z,2026-10-09T18:46+00:00
Jameis Winston,pass_att,30.0,-154,New York Giants @ Washington Commanders,2026-10-11T17:00:00Z,2026-10-09T18:46+00:00
Jameis Winston,pass_att,31.0,-120,New York Giants @ Washington Commanders,2026-10-11T17:00:00Z,2026-10-09T18:46+00:00
Jameis Winston,pass_att,32.0,106,New York Giants @ Washington Commanders,2026-10-11T17:00:00Z,2026-10-09T18:46+00:00
Jameis Winston,pass_att,34.0,168,New York Giants @ Washington Commanders,2026-10-11T17:00:00Z,2026-10-09T18:46+00:00
Jameis Winston,pass_att,36.0,264,New York Giants @ Washington Commanders,2026-10-11T17:00:00Z,2026-10-09T18:46+00:00
Jameis Winston,pass_att,38.0,408,New York Giants @ Washington Commanders,2026-10-11T17:00:00Z,2026-10-09T18:46+00:00
Jameis Winston,pass_att,40.0,630,New York Giants @ Washington Commanders,2026-10-11T17:00:00Z,2026-10-09T18:46+00:00
Jameis Winston,pass_att,42.0,960,New York Giants @ Washington Commanders,2026-10-11T17:00:00Z,2026-10-09T18:46+00:00
Jameis Winston,pass_att,44.0,1420,New York Giants @ Washington Commanders,2026-10-11T17:00:00Z,2026-10-09T18:46+00:00
Jayden Daniels,pass_att,22.0,-1880,New York Giants @ Washington Commanders,2026-10-11T17:00:00Z,2026-10-09T18:46+00:00
Jayden Daniels,pass_att,24.0,-750,New York Giants @ Washington Commanders,2026-10-11T17:00:00Z,2026-10-09T18:46+00:00
Jayden Daniels,pass_att,26.0,-368,New York Giants @ Washington Commanders,2026-10-11T17:00:00Z,2026-10-09T18:46+00:00
Jayden Daniels,pass_att,28.0,-206,New York Giants @ Washington Commanders,2026-10-11T17:00:00Z,2026-10-09T18:46+00:00
Jayden Daniels,pass_att,30.0,-121,New York Giants @ Washington Commanders,2026-10-11T17:00:00Z,2026-10-09T18:46+00:00
Jayden Daniels,pass_att,32.0,136,New York Giants @ Washington Commanders,2026-10-11T17:00:00Z,2026-10-09T18:46+00:00
Jayden Daniels,pass_att,34.0,220,New York Giants @ Washington Commanders,2026-10-11T17:00:00Z,2026-10-09T18:46+00:00
Jayden Daniels,pass_att,36.0,350,New York Giants @ Washington Commanders,2026-10-11T17:00:00Z,2026-10-09T18:46+00:00
Jayden Daniels,pass_att,38.0,559,New York Giants @ Washington Commanders,2026-10-11T17:00:00Z,2026-10-09T18:46+00:00
Jayden Daniels,pass_att,40.0,860,New York Giants @ Washington Commanders,2026-10-11T17:00:00Z,2026-10-09T18:46+00:00
Jayden Daniels,pass_att,42.0,1280,New York Giants @ Washington Commanders,2026-10-11T17:00:00Z,2026-10-09T18:46+00:00
Jameis Winston,pass_cmps,12.0,-3600,New York Giants @ Washington Commanders,2026-10-11T17:00:00Z,2026-10-09T18:46+00:00
Jameis Winston,pass_cmps,14.0,-870,New York Giants @ Washington Commanders,2026-10-11T17:00:00Z,2026-10-09T18:46+00:00
Jameis Winston,pass_cmps,16.0,-349,New York Giants @ Washington Commanders,2026-10-11T17:00:00Z,2026-10-09T18:46+00:00
Jameis Winston,pass_cmps,18.0,-161,New York Giants @ Washington Commanders,2026-10-11T17:00:00Z,2026-10-09T18:46+00:00
Jameis Winston,pass_cmps,19.0,-115,New York Giants @ Washington Commanders,2026-10-11T17:00:00Z,2026-10-09T18:46+00:00
Jameis Winston,pass_cmps,20.0,123,New York Giants @ Washington Commanders,2026-10-11T17:00:00Z,2026-10-09T18:46+00:00
Jameis Winston,pass_cmps,22.0,232,New York Giants @ Washington Commanders,2026-10-11T17:00:00Z,2026-10-09T18:46+00:00
Jameis Winston,pass_cmps,24.0,438,New York Giants @ Washington Commanders,2026-10-11T17:00:00Z,2026-10-09T18:46+00:00
Jameis Winston,pass_cmps,26.0,810,New York Giants @ Washington Commanders,2026-10-11T17:00:00Z,2026-10-09T18:46+00:00
Jameis Winston,pass_cmps,28.0,1460,New York Giants @ Washington Commanders,2026-10-11T17:00:00Z,2026-10-09T18:46+00:00
Jayden Daniels,pass_cmps,14.0,-1000,New York Giants @ Washington Commanders,2026-10-11T17:00:00Z,2026-10-09T18:46+00:00
Jayden Daniels,pass_cmps,16.0,-354,New York Giants @ Washington Commanders,2026-10-11T17:00:00Z,2026-10-09T18:46+00:00
Jayden Daniels,pass_cmps,18.0,-154,New York Giants @ Washington Commanders,2026-10-11T17:00:00Z,2026-10-09T18:46+00:00
Jayden Daniels,pass_cmps,19.0,-104,New York Giants @ Washington Commanders,2026-10-11T17:00:00Z,2026-10-09T18:46+00:00
Jayden Daniels,pass_cmps,20.0,138,New York Giants @ Washington Commanders,2026-10-11T17:00:00Z,2026-10-09T18:46+00:00
Jayden Daniels,pass_cmps,22.0,284,New York Giants @ Washington Commanders,2026-10-11T17:00:00Z,2026-10-09T18:46+00:00
Jayden Daniels,pass_cmps,24.0,572,New York Giants @ Washington Commanders,2026-10-11T17:00:00Z,2026-10-09T18:46+00:00
Jayden Daniels,pass_cmps,26.0,1140,New York Giants @ Washington Commanders,2026-10-11T17:00:00Z,2026-10-09T18:46+00:00
Jameis Winston,pass_yds,150.0,-497,New York Giants @ Washington Commanders,2026-10-11T17:00:00Z,2026-10-09T18:46+00:00
Jameis Winston,pass_yds,160.0,-359,New York Giants @ Washington Commanders,2026-10-11T17:00:00Z,2026-10-09T18:46+00:00
Jameis Winston,pass_yds,170.0,-266,New York Giants @ Washington Commanders,2026-10-11T17:00:00Z,2026-10-09T18:46+00:00
Jameis Winston,pass_yds,180.0,-200,New York Giants @ Washington Commanders,2026-10-11T17:00:00Z,2026-10-09T18:46+00:00
Jameis Winston,pass_yds,190.0,-154,New York Giants @ Washington Commanders,2026-10-11T17:00:00Z,2026-10-09T18:46+00:00
Jameis Winston,pass_yds,200.0,-119,New York Giants @ Washington Commanders,2026-10-11T17:00:00Z,2026-10-09T18:46+00:00
Jameis Winston,pass_yds,202.0,-113,New York Giants @ Washington Commanders,2026-10-11T17:00:00Z,2026-10-09T18:46+00:00
Jameis Winston,pass_yds,210.0,109,New York Giants @ Washington Commanders,2026-10-11T17:00:00Z,2026-10-09T18:46+00:00
Jameis Winston,pass_yds,220.0,138,New York Giants @ Washington Commanders,2026-10-11T17:00:00Z,2026-10-09T18:46+00:00
Jameis Winston,pass_yds,230.0,175,New York Giants @ Washington Commanders,2026-10-11T17:00:00Z,2026-10-09T18:46+00:00
Jameis Winston,pass_yds,240.0,223,New York Giants @ Washington Commanders,2026-10-11T17:00:00Z,2026-10-09T18:46+00:00
Jameis Winston,pass_yds,250.0,284,New York Giants @ Washington Commanders,2026-10-11T17:00:00Z,2026-10-09T18:46+00:00
Jameis Winston,pass_yds,260.0,361,New York Giants @ Washington Commanders,2026-10-11T17:00:00Z,2026-10-09T18:46+00:00
Jameis Winston,pass_yds,270.0,465,New York Giants @ Washington Commanders,2026-10-11T17:00:00Z,2026-10-09T18:46+00:00
Jameis Winston,pass_yds,280.0,599,New York Giants @ Washington Commanders,2026-10-11T17:00:00Z,2026-10-09T18:46+00:00
Jameis Winston,pass_yds,290.0,750,New York Giants @ Washington Commanders,2026-10-11T17:00:00Z,2026-10-09T18:46+00:00
Jameis Winston,pass_yds,300.0,960,New York Giants @ Washington Commanders,2026-10-11T17:00:00Z,2026-10-09T18:46+00:00
Jameis Winston,pass_yds,310.0,1200,New York Giants @ Washington Commanders,2026-10-11T17:00:00Z,2026-10-09T18:46+00:00
Jameis Winston,pass_yds,320.0,1500,New York Giants @ Washington Commanders,2026-10-11T17:00:00Z,2026-10-09T18:46+00:00
Jameis Winston,pass_yds,330.0,1860,New York Giants @ Washington Commanders,2026-10-11T17:00:00Z,2026-10-09T18:46+00:00
Jameis Winston,pass_yds,340.0,2400,New York Giants @ Washington Commanders,2026-10-11T17:00:00Z,2026-10-09T18:46+00:00
Jameis Winston,pass_yds,350.0,3000,New York Giants @ Washington Commanders,2026-10-11T17:00:00Z,2026-10-09T18:46+00:00
Jameis Winston,pass_yds,360.0,3700,New York Giants @ Washington Commanders,2026-10-11T17:00:00Z,2026-10-09T18:46+00:00
Jayden Daniels,pass_yds,150.0,-488,New York Giants @ Washington Commanders,2026-10-11T17:00:00Z,2026-10-09T18:46+00:00
Jayden Daniels,pass_yds,160.0,-350,New York Giants @ Washington Commanders,2026-10-11T17:00:00Z,2026-10-09T18:46+00:00
Jayden Daniels,pass_yds,170.0,-252,New York Giants @ Washington Commanders,2026-10-11T17:00:00Z,2026-10-09T18:46+00:00
Jayden Daniels,pass_yds,180.0,-186,New York Giants @ Washington Commanders,2026-10-11T17:00:00Z,2026-10-09T18:46+00:00
Jayden Daniels,pass_yds,190.0,-141,New York Giants @ Washington Commanders,2026-10-11T17:00:00Z,2026-10-09T18:46+00:00
Jayden Daniels,pass_yds,199.0,-111,New York Giants @ Washington Commanders,2026-10-11T17:00:00Z,2026-10-09T18:46+00:00
Jayden Daniels,pass_yds,200.0,-108,New York Giants @ Washington Commanders,2026-10-11T17:00:00Z,2026-10-09T18:46+00:00
Jayden Daniels,pass_yds,210.0,120,New York Giants @ Washington Commanders,2026-10-11T17:00:00Z,2026-10-09T18:46+00:00
Jayden Daniels,pass_yds,220.0,155,New York Giants @ Washington Commanders,2026-10-11T17:00:00Z,2026-10-09T18:46+00:00
Jayden Daniels,pass_yds,230.0,200,New York Giants @ Washington Commanders,2026-10-11T17:00:00Z,2026-10-09T18:46+00:00
Jayden Daniels,pass_yds,240.0,257,New York Giants @ Washington Commanders,2026-10-11T17:00:00Z,2026-10-09T18:46+00:00
Jayden Daniels,pass_yds,250.0,327,New York Giants @ Washington Commanders,2026-10-11T17:00:00Z,2026-10-09T18:46+00:00
Jayden Daniels,pass_yds,260.0,424,New York Giants @ Washington Commanders,2026-10-11T17:00:00Z,2026-10-09T18:46+00:00
Jayden Daniels,pass_yds,270.0,551,New York Giants @ Washington Commanders,2026-10-11T17:00:00Z,2026-10-09T18:46+00:00
Jayden Daniels,pass_yds,280.0,710,New York Giants @ Washington Commanders,2026-10-11T17:00:00Z,2026-10-09T18:46+00:00
Jayden Daniels,pass_yds,290.0,890,New York Giants @ Washington Commanders,2026-10-11T17:00:00Z,2026-10-09T18:46+00:00
Jayden Daniels,pass_yds,300.0,1140,New York Giants @ Washington Commanders,2026-10-11T17:00:00Z,2026-10-09T18:46+00:00
Jayden Daniels,pass_yds,310.0,1440,New York Giants @ Washington Commanders,2026-10-11T17:00:00Z,2026-10-09T18:46+00:00
Jayden Daniels,pass_yds,320.0,1840,New York Giants @ Washington Commanders,2026-10-11T17:00:00Z,2026-10-09T18:46+00:00
Jayden Daniels,pass_yds,330.0,2300,New York Giants @ Washington Commanders,2026-10-11T17:00:00Z,2026-10-09T18:46+00:00
Jayden Daniels,pass_yds,340.0,2800,New York Giants @ Washington Commanders,2026-10-11T17:00:00Z,2026-10-09T18:46+00:00
Jayden Daniels,pass_yds,350.0,3400,New York Giants @ Washington Commanders,2026-10-11T17:00:00Z,2026-10-09T18:46+00:00
Malik Nabers,rec_yds,15.0,-2100,New York Giants @ Washington Commanders,2026-10-11T17:00:00Z,2026-10-09T18:46+00:00
Malik Nabers,rec_yds,25.0,-770,New York Giants @ Washington Commanders,2026-10-11T17:00:00Z,2026-10-09T18:46+00:00
Malik Nabers,rec_yds,40.0,-281,New York Giants @ Washington Commanders,2026-10-11T17:00:00Z,2026-10-09T18:46+00:00
Malik Nabers,rec_yds,50.0,-167,New York Giants @ Washington Commanders,2026-10-11T17:00:00Z,2026-10-09T18:46+00:00
Malik Nabers,rec_yds,59.0,-111,New York Giants @ Washington Commanders,2026-10-11T17:00:00Z,2026-10-09T18:46+00:00
Malik Nabers,rec_yds,60.0,-106,New York Giants @ Washington Commanders,2026-10-11T17:00:00Z,2026-10-09T18:46+00:00
Malik Nabers,rec_yds,70.0,141,New York Giants @ Washington Commanders,2026-10-11T17:00:00Z,2026-10-09T18:46+00:00
Malik Nabers,rec_yds,80.0,209,New York Giants @ Washington Commanders,2026-10-11T17:00:00Z,2026-10-09T18:46+00:00
Malik Nabers,rec_yds,90.0,305,New York Giants @ Washington Commanders,2026-10-11T17:00:00Z,2026-10-09T18:46+00:00
Malik Nabers,rec_yds,100.0,435,New York Giants @ Washington Commanders,2026-10-11T17:00:00Z,2026-10-09T18:46+00:00
Malik Nabers,rec_yds,110.0,630,New York Giants @ Washington Commanders,2026-10-11T17:00:00Z,2026-10-09T18:46+00:00
Malik Nabers,rec_yds,120.0,910,New York Giants @ Washington Commanders,2026-10-11T17:00:00Z,2026-10-09T18:46+00:00
Malik Nabers,rec_yds,130.0,1280,New York Giants @ Washington Commanders,2026-10-11T17:00:00Z,2026-10-09T18:46+00:00
Malik Nabers,rec_yds,140.0,1760,New York Giants @ Washington Commanders,2026-10-11T17:00:00Z,2026-10-09T18:46+00:00
Malik Nabers,rec_yds,150.0,2400,New York Giants @ Washington Commanders,2026-10-11T17:00:00Z,2026-10-09T18:46+00:00
Malik Nabers,rec_yds,160.0,3200,New York Giants @ Washington Commanders,2026-10-11T17:00:00Z,2026-10-09T18:46+00:00
Malik Nabers,rec_yds,170.0,4000,New York Giants @ Washington Commanders,2026-10-11T17:00:00Z,2026-10-09T18:46+00:00
Isaiah Likely,rec_yds,15.0,-930,New York Giants @ Washington Commanders,2026-10-11T17:00:00Z,2026-10-09T18:46+00:00
Isaiah Likely,rec_yds,25.0,-355,New York Giants @ Washington Commanders,2026-10-11T17:00:00Z,2026-10-09T18:46+00:00
Isaiah Likely,rec_yds,40.0,-134,New York Giants @ Washington Commanders,2026-10-11T17:00:00Z,2026-10-09T18:46+00:00
Isaiah Likely,rec_yds,43.0,-114,New York Giants @ Washington Commanders,2026-10-11T17:00:00Z,2026-10-09T18:46+00:00
Isaiah Likely,rec_yds,50.0,124,New York Giants @ Washington Commanders,2026-10-11T17:00:00Z,2026-10-09T18:46+00:00
Isaiah Likely,rec_yds,60.0,202,New York Giants @ Washington Commanders,2026-10-11T17:00:00Z,2026-10-09T18:46+00:00
Isaiah Likely,rec_yds,70.0,313,New York Giants @ Washington Commanders,2026-10-11T17:00:00Z,2026-10-09T18:46+00:00
Isaiah Likely,rec_yds,80.0,476,New York Giants @ Washington Commanders,2026-10-11T17:00:00Z,2026-10-09T18:46+00:00
Isaiah Likely,rec_yds,90.0,710,New York Giants @ Washington Commanders,2026-10-11T17:00:00Z,2026-10-09T18:46+00:00
Isaiah Likely,rec_yds,100.0,1040,New York Giants @ Washington Commanders,2026-10-11T17:00:00Z,2026-10-09T18:46+00:00
Isaiah Likely,rec_yds,110.0,1540,New York Giants @ Washington Commanders,2026-10-11T17:00:00Z,2026-10-09T18:46+00:00
Isaiah Likely,rec_yds,120.0,2100,New York Giants @ Washington Commanders,2026-10-11T17:00:00Z,2026-10-09T18:46+00:00
Isaiah Likely,rec_yds,130.0,3100,New York Giants @ Washington Commanders,2026-10-11T17:00:00Z,2026-10-09T18:46+00:00
Malachi Fields,rec_yds,15.0,-241,New York Giants @ Washington Commanders,2026-10-11T17:00:00Z,2026-10-09T18:46+00:00
Malachi Fields,rec_yds,25.0,-112,New York Giants @ Washington Commanders,2026-10-11T17:00:00Z,2026-10-09T18:46+00:00
Malachi Fields,rec_yds,40.0,207,New York Giants @ Washington Commanders,2026-10-11T17:00:00Z,2026-10-09T18:46+00:00
Malachi Fields,rec_yds,50.0,342,New York Giants @ Washington Commanders,2026-10-11T17:00:00Z,2026-10-09T18:46+00:00
Malachi Fields,rec_yds,60.0,541,New York Giants @ Washington Commanders,2026-10-11T17:00:00Z,2026-10-09T18:46+00:00
Malachi Fields,rec_yds,70.0,850,New York Giants @ Washington Commanders,2026-10-11T17:00:00Z,2026-10-09T18:46+00:00
Malachi Fields,rec_yds,80.0,1300,New York Giants @ Washington Commanders,2026-10-11T17:00:00Z,2026-10-09T18:46+00:00
Malachi Fields,rec_yds,90.0,1980,New York Giants @ Washington Commanders,2026-10-11T17:00:00Z,2026-10-09T18:46+00:00
Malachi Fields,rec_yds,100.0,2700,New York Giants @ Washington Commanders,2026-10-11T17:00:00Z,2026-10-09T18:46+00:00
Malachi Fields,rec_yds,110.0,3700,New York Giants @ Washington Commanders,2026-10-11T17:00:00Z,2026-10-09T18:46+00:00
Darnell Mooney,rec_yds,15.0,-150,New York Giants @ Washington Commanders,2026-10-11T17:00:00Z,2026-10-09T18:46+00:00
Darnell Mooney,rec_yds,19.0,-108,New York Giants @ Washington Commanders,2026-10-11T17:00:00Z,2026-10-09T18:46+00:00
Darnell Mooney,rec_yds,25.0,144,New York Giants @ Washington Commanders,2026-10-11T17:00:00Z,2026-10-09T18:46+00:00
Darnell Mooney,rec_yds,40.0,330,New York Giants @ Washington Commanders,2026-10-11T17:00:00Z,2026-10-09T18:46+00:00
Darnell Mooney,rec_yds,50.0,538,New York Giants @ Washington Commanders,2026-10-11T17:00:00Z,2026-10-09T18:46+00:00
Darnell Mooney,rec_yds,60.0,860,New York Giants @ Washington Commanders,2026-10-11T17:00:00Z,2026-10-09T18:46+00:00
Darnell Mooney,rec_yds,70.0,1300,New York Giants @ Washington Commanders,2026-10-11T17:00:00Z,2026-10-09T18:46+00:00
Darnell Mooney,rec_yds,80.0,1900,New York Giants @ Washington Commanders,2026-10-11T17:00:00Z,2026-10-09T18:46+00:00
Darnell Mooney,rec_yds,90.0,2900,New York Giants @ Washington Commanders,2026-10-11T17:00:00Z,2026-10-09T18:46+00:00
Cam Skattebo,rec_yds,13.0,-118,New York Giants @ Washington Commanders,2026-10-11T17:00:00Z,2026-10-09T18:46+00:00
Cam Skattebo,rec_yds,15.0,105,New York Giants @ Washington Commanders,2026-10-11T17:00:00Z,2026-10-09T18:46+00:00
Cam Skattebo,rec_yds,25.0,245,New York Giants @ Washington Commanders,2026-10-11T17:00:00Z,2026-10-09T18:46+00:00
Cam Skattebo,rec_yds,40.0,700,New York Giants @ Washington Commanders,2026-10-11T17:00:00Z,2026-10-09T18:46+00:00
Cam Skattebo,rec_yds,50.0,1240,New York Giants @ Washington Commanders,2026-10-11T17:00:00Z,2026-10-09T18:46+00:00
Cam Skattebo,rec_yds,60.0,2000,New York Giants @ Washington Commanders,2026-10-11T17:00:00Z,2026-10-09T18:46+00:00
Cam Skattebo,rec_yds,70.0,3000,New York Giants @ Washington Commanders,2026-10-11T17:00:00Z,2026-10-09T18:46+00:00
Rachaad White,rec_yds,10.0,-110,New York Giants @ Washington Commanders,2026-10-11T17:00:00Z,2026-10-09T18:46+00:00
Rachaad White,rec_yds,15.0,163,New York Giants @ Washington Commanders,2026-10-11T17:00:00Z,2026-10-09T18:46+00:00
Rachaad White,rec_yds,25.0,404,New York Giants @ Washington Commanders,2026-10-11T17:00:00Z,2026-10-09T18:46+00:00
Rachaad White,rec_yds,40.0,1140,New York Giants @ Washington Commanders,2026-10-11T17:00:00Z,2026-10-09T18:46+00:00
Rachaad White,rec_yds,50.0,1900,New York Giants @ Washington Commanders,2026-10-11T17:00:00Z,2026-10-09T18:46+00:00
Rachaad White,rec_yds,60.0,2800,New York Giants @ Washington Commanders,2026-10-11T17:00:00Z,2026-10-09T18:46+00:00
Malik Nabers,receptions,3.0,-1060,New York Giants @ Washington Commanders,2026-10-11T17:00:00Z,2026-10-09T18:46+00:00
Malik Nabers,receptions,4.0,-371,New York Giants @ Washington Commanders,2026-10-11T17:00:00Z,2026-10-09T18:46+00:00
Malik Nabers,receptions,5.0,-166,New York Giants @ Washington Commanders,2026-10-11T17:00:00Z,2026-10-09T18:46+00:00
Malik Nabers,receptions,6.0,120,New York Giants @ Washington Commanders,2026-10-11T17:00:00Z,2026-10-09T18:46+00:00
Malik Nabers,receptions,7.0,224,New York Giants @ Washington Commanders,2026-10-11T17:00:00Z,2026-10-09T18:46+00:00
Malik Nabers,receptions,8.0,411,New York Giants @ Washington Commanders,2026-10-11T17:00:00Z,2026-10-09T18:46+00:00
Malik Nabers,receptions,9.0,740,New York Giants @ Washington Commanders,2026-10-11T17:00:00Z,2026-10-09T18:46+00:00
Malik Nabers,receptions,10.0,1260,New York Giants @ Washington Commanders,2026-10-11T17:00:00Z,2026-10-09T18:46+00:00
Malik Nabers,receptions,11.0,1980,New York Giants @ Washington Commanders,2026-10-11T17:00:00Z,2026-10-09T18:46+00:00
Malik Nabers,receptions,12.0,2800,New York Giants @ Washington Commanders,2026-10-11T17:00:00Z,2026-10-09T18:46+00:00
Isaiah Likely,receptions,2.0,-3400,New York Giants @ Washington Commanders,2026-10-11T17:00:00Z,2026-10-09T18:46+00:00
Isaiah Likely,receptions,3.0,-680,New York Giants @ Washington Commanders,2026-10-11T17:00:00Z,2026-10-09T18:46+00:00
Isaiah Likely,receptions,4.0,-255,New York Giants @ Washington Commanders,2026-10-11T17:00:00Z,2026-10-09T18:46+00:00
Isaiah Likely,receptions,5.0,-120,New York Giants @ Washington Commanders,2026-10-11T17:00:00Z,2026-10-09T18:46+00:00
Isaiah Likely,receptions,6.0,166,New York Giants @ Washington Commanders,2026-10-11T17:00:00Z,2026-10-09T18:46+00:00
Isaiah Likely,receptions,7.0,317,New York Giants @ Washington Commanders,2026-10-11T17:00:00Z,2026-10-09T18:46+00:00
Isaiah Likely,receptions,8.0,585,New York Giants @ Washington Commanders,2026-10-11T17:00:00Z,2026-10-09T18:46+00:00
Isaiah Likely,receptions,9.0,1020,New York Giants @ Washington Commanders,2026-10-11T17:00:00Z,2026-10-09T18:46+00:00
Isaiah Likely,receptions,10.0,1800,New York Giants @ Washington Commanders,2026-10-11T17:00:00Z,2026-10-09T18:46+00:00
Isaiah Likely,receptions,11.0,2600,New York Giants @ Washington Commanders,2026-10-11T17:00:00Z,2026-10-09T18:46+00:00
Cam Skattebo,receptions,2.0,-226,New York Giants @ Washington Commanders,2026-10-11T17:00:00Z,2026-10-09T18:46+00:00
Cam Skattebo,receptions,3.0,130,New York Giants @ Washington Commanders,2026-10-11T17:00:00Z,2026-10-09T18:46+00:00
Cam Skattebo,receptions,4.0,326,New York Giants @ Washington Commanders,2026-10-11T17:00:00Z,2026-10-09T18:46+00:00
Cam Skattebo,receptions,5.0,770,New York Giants @ Washington Commanders,2026-10-11T17:00:00Z,2026-10-09T18:46+00:00
Cam Skattebo,receptions,6.0,1640,New York Giants @ Washington Commanders,2026-10-11T17:00:00Z,2026-10-09T18:46+00:00
Cam Skattebo,receptions,7.0,2800,New York Giants @ Washington Commanders,2026-10-11T17:00:00Z,2026-10-09T18:46+00:00
Malachi Fields,receptions,2.0,-234,New York Giants @ Washington Commanders,2026-10-11T17:00:00Z,2026-10-09T18:46+00:00
Malachi Fields,receptions,3.0,129,New York Giants @ Washington Commanders,2026-10-11T17:00:00Z,2026-10-09T18:46+00:00
Malachi Fields,receptions,4.0,330,New York Giants @ Washington Commanders,2026-10-11T17:00:00Z,2026-10-09T18:46+00:00
Malachi Fields,receptions,5.0,790,New York Giants @ Washington Commanders,2026-10-11T17:00:00Z,2026-10-09T18:46+00:00
Malachi Fields,receptions,6.0,1620,New York Giants @ Washington Commanders,2026-10-11T17:00:00Z,2026-10-09T18:46+00:00
Malachi Fields,receptions,7.0,2800,New York Giants @ Washington Commanders,2026-10-11T17:00:00Z,2026-10-09T18:46+00:00
Rachaad White,receptions,2.0,-187,New York Giants @ Washington Commanders,2026-10-11T17:00:00Z,2026-10-09T18:46+00:00
Rachaad White,receptions,3.0,157,New York Giants @ Washington Commanders,2026-10-11T17:00:00Z,2026-10-09T18:46+00:00
Rachaad White,receptions,4.0,401,New York Giants @ Washington Commanders,2026-10-11T17:00:00Z,2026-10-09T18:46+00:00
Rachaad White,receptions,5.0,910,New York Giants @ Washington Commanders,2026-10-11T17:00:00Z,2026-10-09T18:46+00:00
Rachaad White,receptions,6.0,1880,New York Giants @ Washington Commanders,2026-10-11T17:00:00Z,2026-10-09T18:46+00:00
Darnell Mooney,receptions,2.0,-113,New York Giants @ Washington Commanders,2026-10-11T17:00:00Z,2026-10-09T18:46+00:00
Darnell Mooney,receptions,3.0,277,New York Giants @ Washington Commanders,2026-10-11T17:00:00Z,2026-10-09T18:46+00:00
Darnell Mooney,receptions,4.0,750,New York Giants @ Washington Commanders,2026-10-11T17:00:00Z,2026-10-09T18:46+00:00
Darnell Mooney,receptions,5.0,1740,New York Giants @ Washington Commanders,2026-10-11T17:00:00Z,2026-10-09T18:46+00:00
Cam Skattebo,rush_att,10.0,-1140,New York Giants @ Washington Commanders,2026-10-11T17:00:00Z,2026-10-09T18:46+00:00
Cam Skattebo,rush_att,12.0,-432,New York Giants @ Washington Commanders,2026-10-11T17:00:00Z,2026-10-09T18:46+00:00
Cam Skattebo,rush_att,14.0,-203,New York Giants @ Washington Commanders,2026-10-11T17:00:00Z,2026-10-09T18:46+00:00
Cam Skattebo,rush_att,16.0,-105,New York Giants @ Washington Commanders,2026-10-11T17:00:00Z,2026-10-09T18:46+00:00
Cam Skattebo,rush_att,18.0,176,New York Giants @ Washington Commanders,2026-10-11T17:00:00Z,2026-10-09T18:46+00:00
Cam Skattebo,rush_att,20.0,330,New York Giants @ Washington Commanders,2026-10-11T17:00:00Z,2026-10-09T18:46+00:00
Cam Skattebo,rush_att,22.0,587,New York Giants @ Washington Commanders,2026-10-11T17:00:00Z,2026-10-09T18:46+00:00
Cam Skattebo,rush_att,24.0,1020,New York Giants @ Washington Commanders,2026-10-11T17:00:00Z,2026-10-09T18:46+00:00
Jacory Croskey-Merritt,rush_att,8.0,-1520,New York Giants @ Washington Commanders,2026-10-11T17:00:00Z,2026-10-09T18:46+00:00
Jacory Croskey-Merritt,rush_att,10.0,-492,New York Giants @ Washington Commanders,2026-10-11T17:00:00Z,2026-10-09T18:46+00:00
Jacory Croskey-Merritt,rush_att,12.0,-207,New York Giants @ Washington Commanders,2026-10-11T17:00:00Z,2026-10-09T18:46+00:00
Jacory Croskey-Merritt,rush_att,14.0,104,New York Giants @ Washington Commanders,2026-10-11T17:00:00Z,2026-10-09T18:46+00:00
Jacory Croskey-Merritt,rush_att,16.0,216,New York Giants @ Washington Commanders,2026-10-11T17:00:00Z,2026-10-09T18:46+00:00
Jacory Croskey-Merritt,rush_att,18.0,435,New York Giants @ Washington Commanders,2026-10-11T17:00:00Z,2026-10-09T18:46+00:00
Jacory Croskey-Merritt,rush_att,20.0,870,New York Giants @ Washington Commanders,2026-10-11T17:00:00Z,2026-10-09T18:46+00:00
Jayden Daniels,rush_att,4.0,-850,New York Giants @ Washington Commanders,2026-10-11T17:00:00Z,2026-10-09T18:46+00:00
Jayden Daniels,rush_att,6.0,-178,New York Giants @ Washington Commanders,2026-10-11T17:00:00Z,2026-10-09T18:46+00:00
Jayden Daniels,rush_att,7.0,101,New York Giants @ Washington Commanders,2026-10-11T17:00:00Z,2026-10-09T18:46+00:00
Jayden Daniels,rush_att,8.0,179,New York Giants @ Washington Commanders,2026-10-11T17:00:00Z,2026-10-09T18:46+00:00
Jayden Daniels,rush_att,10.0,540,New York Giants @ Washington Commanders,2026-10-11T17:00:00Z,2026-10-09T18:46+00:00
Jayden Daniels,rush_att,12.0,1480,New York Giants @ Washington Commanders,2026-10-11T17:00:00Z,2026-10-09T18:46+00:00
Cam Skattebo,rush_yds,20.0,-2800,New York Giants @ Washington Commanders,2026-10-11T17:00:00Z,2026-10-09T18:46+00:00
Cam Skattebo,rush_yds,25.0,-1280,New York Giants @ Washington Commanders,2026-10-11T17:00:00Z,2026-10-09T18:46+00:00
Cam Skattebo,rush_yds,30.0,-730,New York Giants @ Washington Commanders,2026-10-11T17:00:00Z,2026-10-09T18:46+00:00
Cam Skattebo,rush_yds,40.0,-299,New York Giants @ Washington Commanders,2026-10-11T17:00:00Z,2026-10-09T18:46+00:00
Cam Skattebo,rush_yds,50.0,-154,New York Giants @ Washington Commanders,2026-10-11T17:00:00Z,2026-10-09T18:46+00:00
Cam Skattebo,rush_yds,55.0,-115,New York Giants @ Washington Commanders,2026-10-11T17:00:00Z,2026-10-09T18:46+00:00
Cam Skattebo,rush_yds,60.0,113,New York Giants @ Washington Commanders,2026-10-11T17:00:00Z,2026-10-09T18:46+00:00
Cam Skattebo,rush_yds,70.0,190,New York Giants @ Washington Commanders,2026-10-11T17:00:00Z,2026-10-09T18:46+00:00
Cam Skattebo,rush_yds,80.0,305,New York Giants @ Washington Commanders,2026-10-11T17:00:00Z,2026-10-09T18:46+00:00
Cam Skattebo,rush_yds,90.0,465,New York Giants @ Washington Commanders,2026-10-11T17:00:00Z,2026-10-09T18:46+00:00
Cam Skattebo,rush_yds,100.0,690,New York Giants @ Washington Commanders,2026-10-11T17:00:00Z,2026-10-09T18:46+00:00
Cam Skattebo,rush_yds,110.0,1020,New York Giants @ Washington Commanders,2026-10-11T17:00:00Z,2026-10-09T18:46+00:00
Cam Skattebo,rush_yds,120.0,1580,New York Giants @ Washington Commanders,2026-10-11T17:00:00Z,2026-10-09T18:46+00:00
Cam Skattebo,rush_yds,130.0,2200,New York Giants @ Washington Commanders,2026-10-11T17:00:00Z,2026-10-09T18:46+00:00
Cam Skattebo,rush_yds,140.0,3100,New York Giants @ Washington Commanders,2026-10-11T17:00:00Z,2026-10-09T18:46+00:00
Jacory Croskey-Merritt,rush_yds,15.0,-3500,New York Giants @ Washington Commanders,2026-10-11T17:00:00Z,2026-10-09T18:46+00:00
Jacory Croskey-Merritt,rush_yds,20.0,-1560,New York Giants @ Washington Commanders,2026-10-11T17:00:00Z,2026-10-09T18:46+00:00
Jacory Croskey-Merritt,rush_yds,25.0,-880,New York Giants @ Washington Commanders,2026-10-11T17:00:00Z,2026-10-09T18:46+00:00
Jacory Croskey-Merritt,rush_yds,30.0,-552,New York Giants @ Washington Commanders,2026-10-11T17:00:00Z,2026-10-09T18:46+00:00
Jacory Croskey-Merritt,rush_yds,40.0,-245,New York Giants @ Washington Commanders,2026-10-11T17:00:00Z,2026-10-09T18:46+00:00
Jacory Croskey-Merritt,rush_yds,50.0,-133,New York Giants @ Washington Commanders,2026-10-11T17:00:00Z,2026-10-09T18:46+00:00
Jacory Croskey-Merritt,rush_yds,53.0,-113,New York Giants @ Washington Commanders,2026-10-11T17:00:00Z,2026-10-09T18:46+00:00
Jacory Croskey-Merritt,rush_yds,60.0,127,New York Giants @ Washington Commanders,2026-10-11T17:00:00Z,2026-10-09T18:46+00:00
Jacory Croskey-Merritt,rush_yds,70.0,206,New York Giants @ Washington Commanders,2026-10-11T17:00:00Z,2026-10-09T18:46+00:00
Jacory Croskey-Merritt,rush_yds,80.0,330,New York Giants @ Washington Commanders,2026-10-11T17:00:00Z,2026-10-09T18:46+00:00
Jacory Croskey-Merritt,rush_yds,90.0,517,New York Giants @ Washington Commanders,2026-10-11T17:00:00Z,2026-10-09T18:46+00:00
Jacory Croskey-Merritt,rush_yds,100.0,780,New York Giants @ Washington Commanders,2026-10-11T17:00:00Z,2026-10-09T18:46+00:00
Jacory Croskey-Merritt,rush_yds,110.0,1180,New York Giants @ Washington Commanders,2026-10-11T17:00:00Z,2026-10-09T18:46+00:00
Jacory Croskey-Merritt,rush_yds,120.0,1780,New York Giants @ Washington Commanders,2026-10-11T17:00:00Z,2026-10-09T18:46+00:00
Jacory Croskey-Merritt,rush_yds,130.0,2500,New York Giants @ Washington Commanders,2026-10-11T17:00:00Z,2026-10-09T18:46+00:00
Rachaad White,rush_yds,10.0,-500,New York Giants @ Washington Commanders,2026-10-11T17:00:00Z,2026-10-09T18:46+00:00
Rachaad White,rush_yds,15.0,-259,New York Giants @ Washington Commanders,2026-10-11T17:00:00Z,2026-10-09T18:46+00:00
Rachaad White,rush_yds,20.0,-161,New York Giants @ Washington Commanders,2026-10-11T17:00:00Z,2026-10-09T18:46+00:00
Rachaad White,rush_yds,25.0,-110,New York Giants @ Washington Commanders,2026-10-11T17:00:00Z,2026-10-09T18:46+00:00
Rachaad White,rush_yds,30.0,128,New York Giants @ Washington Commanders,2026-10-11T17:00:00Z,2026-10-09T18:46+00:00
Rachaad White,rush_yds,40.0,221,New York Giants @ Washington Commanders,2026-10-11T17:00:00Z,2026-10-09T18:46+00:00
Rachaad White,rush_yds,50.0,349,New York Giants @ Washington Commanders,2026-10-11T17:00:00Z,2026-10-09T18:46+00:00
Rachaad White,rush_yds,60.0,521,New York Giants @ Washington Commanders,2026-10-11T17:00:00Z,2026-10-09T18:46+00:00
Rachaad White,rush_yds,70.0,750,New York Giants @ Washington Commanders,2026-10-11T17:00:00Z,2026-10-09T18:46+00:00
Rachaad White,rush_yds,80.0,1080,New York Giants @ Washington Commanders,2026-10-11T17:00:00Z,2026-10-09T18:46+00:00
Rachaad White,rush_yds,90.0,1560,New York Giants @ Washington Commanders,2026-10-11T17:00:00Z,2026-10-09T18:46+00:00
Rachaad White,rush_yds,100.0,2200,New York Giants @ Washington Commanders,2026-10-11T17:00:00Z,2026-10-09T18:46+00:00
Rachaad White,rush_yds,110.0,3000,New York Giants @ Washington Commanders,2026-10-11T17:00:00Z,2026-10-09T18:46+00:00
Rachaad White,rush_yds,120.0,4000,New York Giants @ Washington Commanders,2026-10-11T17:00:00Z,2026-10-09T18:46+00:00
Najee Harris,rush_yds,10.0,-900,New York Giants @ Washington Commanders,2026-10-11T17:00:00Z,2026-10-09T18:46+00:00
Najee Harris,rush_yds,15.0,-410,New York Giants @ Washington Commanders,2026-10-11T17:00:00Z,2026-10-09T18:46+00:00
Najee Harris,rush_yds,20.0,-226,New York Giants @ Washington Commanders,2026-10-11T17:00:00Z,2026-10-09T18:46+00:00
Najee Harris,rush_yds,25.0,-139,New York Giants @ Washington Commanders,2026-10-11T17:00:00Z,2026-10-09T18:46+00:00
Najee Harris,rush_yds,28.0,-108,New York Giants @ Washington Commanders,2026-10-11T17:00:00Z,2026-10-09T18:46+00:00
Najee Harris,rush_yds,30.0,109,New York Giants @ Washington Commanders,2026-10-11T17:00:00Z,2026-10-09T18:46+00:00
Najee Harris,rush_yds,40.0,221,New York Giants @ Washington Commanders,2026-10-11T17:00:00Z,2026-10-09T18:46+00:00
Najee Harris,rush_yds,50.0,412,New York Giants @ Washington Commanders,2026-10-11T17:00:00Z,2026-10-09T18:46+00:00
Najee Harris,rush_yds,60.0,720,New York Giants @ Washington Commanders,2026-10-11T17:00:00Z,2026-10-09T18:46+00:00
Najee Harris,rush_yds,70.0,1180,New York Giants @ Washington Commanders,2026-10-11T17:00:00Z,2026-10-09T18:46+00:00
Najee Harris,rush_yds,80.0,1800,New York Giants @ Washington Commanders,2026-10-11T17:00:00Z,2026-10-09T18:46+00:00
Najee Harris,rush_yds,90.0,2600,New York Giants @ Washington Commanders,2026-10-11T17:00:00Z,2026-10-09T18:46+00:00
Najee Harris,rush_yds,100.0,3800,New York Giants @ Washington Commanders,2026-10-11T17:00:00Z,2026-10-09T18:46+00:00
Jayden Daniels,rush_yds,10.0,-930,New York Giants @ Washington Commanders,2026-10-11T17:00:00Z,2026-10-09T18:46+00:00
Jayden Daniels,rush_yds,15.0,-450,New York Giants @ Washington Commanders,2026-10-11T17:00:00Z,2026-10-09T18:46+00:00
Jayden Daniels,rush_yds,20.0,-255,New York Giants @ Washington Commanders,2026-10-11T17:00:00Z,2026-10-09T18:46+00:00
Jayden Daniels,rush_yds,25.0,-162,New York Giants @ Washington Commanders,2026-10-11T17:00:00Z,2026-10-09T18:46+00:00
Jayden Daniels,rush_yds,29.0,-116,New York Giants @ Washington Commanders,2026-10-11T17:00:00Z,2026-10-09T18:46+00:00
Jayden Daniels,rush_yds,30.0,-107,New York Giants @ Washington Commanders,2026-10-11T17:00:00Z,2026-10-09T18:46+00:00
Jayden Daniels,rush_yds,40.0,190,New York Giants @ Washington Commanders,2026-10-11T17:00:00Z,2026-10-09T18:46+00:00
Jayden Daniels,rush_yds,50.0,363,New York Giants @ Washington Commanders,2026-10-11T17:00:00Z,2026-10-09T18:46+00:00
Jayden Daniels,rush_yds,60.0,660,New York Giants @ Washington Commanders,2026-10-11T17:00:00Z,2026-10-09T18:46+00:00
Jayden Daniels,rush_yds,70.0,1160,New York Giants @ Washington Commanders,2026-10-11T17:00:00Z,2026-10-09T18:46+00:00
Jayden Daniels,rush_yds,80.0,2000,New York Giants @ Washington Commanders,2026-10-11T17:00:00Z,2026-10-09T18:46+00:00
Jayden Daniels,rush_yds,90.0,3100,New York Giants @ Washington Commanders,2026-10-11T17:00:00Z,2026-10-09T18:46+00:00
Jameis Winston,rush_yds,3.0,-118,New York Giants @ Washington Commanders,2026-10-11T17:00:00Z,2026-10-09T18:46+00:00
Jameis Winston,rush_yds,10.0,277,New York Giants @ Washington Commanders,2026-10-11T17:00:00Z,2026-10-09T18:46+00:00
Jameis Winston,rush_yds,15.0,538,New York Giants @ Washington Commanders,2026-10-11T17:00:00Z,2026-10-09T18:46+00:00
Jameis Winston,rush_yds,20.0,960,New York Giants @ Washington Commanders,2026-10-11T17:00:00Z,2026-10-09T18:46+00:00
Jameis Winston,rush_yds,25.0,1540,New York Giants @ Washington Commanders,2026-10-11T17:00:00Z,2026-10-09T18:46+00:00
Jameis Winston,rush_yds,30.0,2400,New York Giants @ Washington Commanders,2026-10-11T17:00:00Z,2026-10-09T18:46+00:00
Bo Nix,pass_att,26.0,-1500,Denver Broncos @ Los Angeles Chargers,2026-10-11T20:05:00Z,2026-10-09T18:46+00:00
Bo Nix,pass_att,28.0,-650,Denver Broncos @ Los Angeles Chargers,2026-10-11T20:05:00Z,2026-10-09T18:46+00:00
Bo Nix,pass_att,30.0,-335,Denver Broncos @ Los Angeles Chargers,2026-10-11T20:05:00Z,2026-10-09T18:46+00:00
Bo Nix,pass_att,32.0,-191,Denver Broncos @ Los Angeles Chargers,2026-10-11T20:05:00Z,2026-10-09T18:46+00:00
Bo Nix,pass_att,34.0,-114,Denver Broncos @ Los Angeles Chargers,2026-10-11T20:05:00Z,2026-10-09T18:46+00:00
Bo Nix,pass_att,36.0,139,Denver Broncos @ Los Angeles Chargers,2026-10-11T20:05:00Z,2026-10-09T18:46+00:00
Bo Nix,pass_att,38.0,218,Denver Broncos @ Los Angeles Chargers,2026-10-11T20:05:00Z,2026-10-09T18:46+00:00
Bo Nix,pass_att,40.0,335,Denver Broncos @ Los Angeles Chargers,2026-10-11T20:05:00Z,2026-10-09T18:46+00:00
Bo Nix,pass_att,42.0,523,Denver Broncos @ Los Angeles Chargers,2026-10-11T20:05:00Z,2026-10-09T18:46+00:00
Bo Nix,pass_att,44.0,760,Denver Broncos @ Los Angeles Chargers,2026-10-11T20:05:00Z,2026-10-09T18:46+00:00
Bo Nix,pass_att,46.0,1100,Denver Broncos @ Los Angeles Chargers,2026-10-11T20:05:00Z,2026-10-09T18:46+00:00
Bo Nix,pass_att,48.0,1580,Denver Broncos @ Los Angeles Chargers,2026-10-11T20:05:00Z,2026-10-09T18:46+00:00
Justin Herbert,pass_att,22.0,-2500,Denver Broncos @ Los Angeles Chargers,2026-10-11T20:05:00Z,2026-10-09T18:46+00:00
Justin Herbert,pass_att,24.0,-920,Denver Broncos @ Los Angeles Chargers,2026-10-11T20:05:00Z,2026-10-09T18:46+00:00
Justin Herbert,pass_att,26.0,-434,Denver Broncos @ Los Angeles Chargers,2026-10-11T20:05:00Z,2026-10-09T18:46+00:00
Justin Herbert,pass_att,28.0,-232,Denver Broncos @ Los Angeles Chargers,2026-10-11T20:05:00Z,2026-10-09T18:46+00:00
Justin Herbert,pass_att,30.0,-135,Denver Broncos @ Los Angeles Chargers,2026-10-11T20:05:00Z,2026-10-09T18:46+00:00
Justin Herbert,pass_att,31.0,-105,Denver Broncos @ Los Angeles Chargers,2026-10-11T20:05:00Z,2026-10-09T18:46+00:00
Justin Herbert,pass_att,32.0,121,Denver Broncos @ Los Angeles Chargers,2026-10-11T20:05:00Z,2026-10-09T18:46+00:00
Justin Herbert,pass_att,34.0,200,Denver Broncos @ Los Angeles Chargers,2026-10-11T20:05:00Z,2026-10-09T18:46+00:00
Justin Herbert,pass_att,36.0,317,Denver Broncos @ Los Angeles Chargers,2026-10-11T20:05:00Z,2026-10-09T18:46+00:00
Justin Herbert,pass_att,38.0,505,Denver Broncos @ Los Angeles Chargers,2026-10-11T20:05:00Z,2026-10-09T18:46+00:00
Justin Herbert,pass_att,40.0,810,Denver Broncos @ Los Angeles Chargers,2026-10-11T20:05:00Z,2026-10-09T18:46+00:00
Justin Herbert,pass_att,42.0,1260,Denver Broncos @ Los Angeles Chargers,2026-10-11T20:05:00Z,2026-10-09T18:46+00:00
Bo Nix,pass_cmps,16.0,-1500,Denver Broncos @ Los Angeles Chargers,2026-10-11T20:05:00Z,2026-10-09T18:46+00:00
Bo Nix,pass_cmps,18.0,-500,Denver Broncos @ Los Angeles Chargers,2026-10-11T20:05:00Z,2026-10-09T18:46+00:00
Bo Nix,pass_cmps,20.0,-212,Denver Broncos @ Los Angeles Chargers,2026-10-11T20:05:00Z,2026-10-09T18:46+00:00
Bo Nix,pass_cmps,22.0,102,Denver Broncos @ Los Angeles Chargers,2026-10-11T20:05:00Z,2026-10-09T18:46+00:00
Bo Nix,pass_cmps,24.0,203,Denver Broncos @ Los Angeles Chargers,2026-10-11T20:05:00Z,2026-10-09T18:46+00:00
Bo Nix,pass_cmps,26.0,392,Denver Broncos @ Los Angeles Chargers,2026-10-11T20:05:00Z,2026-10-09T18:46+00:00
Bo Nix,pass_cmps,28.0,720,Denver Broncos @ Los Angeles Chargers,2026-10-11T20:05:00Z,2026-10-09T18:46+00:00
Bo Nix,pass_cmps,30.0,1340,Denver Broncos @ Los Angeles Chargers,2026-10-11T20:05:00Z,2026-10-09T18:46+00:00
Justin Herbert,pass_cmps,12.0,-3000,Denver Broncos @ Los Angeles Chargers,2026-10-11T20:05:00Z,2026-10-09T18:46+00:00
Justin Herbert,pass_cmps,14.0,-780,Denver Broncos @ Los Angeles Chargers,2026-10-11T20:05:00Z,2026-10-09T18:46+00:00
Justin Herbert,pass_cmps,16.0,-301,Denver Broncos @ Los Angeles Chargers,2026-10-11T20:05:00Z,2026-10-09T18:46+00:00
Justin Herbert,pass_cmps,18.0,-139,Denver Broncos @ Los Angeles Chargers,2026-10-11T20:05:00Z,2026-10-09T18:46+00:00
Justin Herbert,pass_cmps,19.0,104,Denver Broncos @ Los Angeles Chargers,2026-10-11T20:05:00Z,2026-10-09T18:46+00:00
Justin Herbert,pass_cmps,20.0,147,Denver Broncos @ Los Angeles Chargers,2026-10-11T20:05:00Z,2026-10-09T18:46+00:00
Justin Herbert,pass_cmps,22.0,291,Denver Broncos @ Los Angeles Chargers,2026-10-11T20:05:00Z,2026-10-09T18:46+00:00
Justin Herbert,pass_cmps,24.0,570,Denver Broncos @ Los Angeles Chargers,2026-10-11T20:05:00Z,2026-10-09T18:46+00:00
Justin Herbert,pass_cmps,26.0,1080,Denver Broncos @ Los Angeles Chargers,2026-10-11T20:05:00Z,2026-10-09T18:46+00:00
Bo Nix,pass_yds,150.0,-970,Denver Broncos @ Los Angeles Chargers,2026-10-11T20:05:00Z,2026-10-09T18:46+00:00
Bo Nix,pass_yds,160.0,-650,Denver Broncos @ Los Angeles Chargers,2026-10-11T20:05:00Z,2026-10-09T18:46+00:00
Bo Nix,pass_yds,170.0,-453,Denver Broncos @ Los Angeles Chargers,2026-10-11T20:05:00Z,2026-10-09T18:46+00:00
Bo Nix,pass_yds,180.0,-329,Denver Broncos @ Los Angeles Chargers,2026-10-11T20:05:00Z,2026-10-09T18:46+00:00
Bo Nix,pass_yds,190.0,-243,Denver Broncos @ Los Angeles Chargers,2026-10-11T20:05:00Z,2026-10-09T18:46+00:00
Bo Nix,pass_yds,200.0,-183,Denver Broncos @ Los Angeles Chargers,2026-10-11T20:05:00Z,2026-10-09T18:46+00:00
Bo Nix,pass_yds,210.0,-140,Denver Broncos @ Los Angeles Chargers,2026-10-11T20:05:00Z,2026-10-09T18:46+00:00
Bo Nix,pass_yds,219.0,-111,Denver Broncos @ Los Angeles Chargers,2026-10-11T20:05:00Z,2026-10-09T18:46+00:00
Bo Nix,pass_yds,220.0,-108,Denver Broncos @ Los Angeles Chargers,2026-10-11T20:05:00Z,2026-10-09T18:46+00:00
Bo Nix,pass_yds,230.0,119,Denver Broncos @ Los Angeles Chargers,2026-10-11T20:05:00Z,2026-10-09T18:46+00:00
Bo Nix,pass_yds,240.0,154,Denver Broncos @ Los Angeles Chargers,2026-10-11T20:05:00Z,2026-10-09T18:46+00:00
Bo Nix,pass_yds,250.0,195,Denver Broncos @ Los Angeles Chargers,2026-10-11T20:05:00Z,2026-10-09T18:46+00:00
Bo Nix,pass_yds,260.0,250,Denver Broncos @ Los Angeles Chargers,2026-10-11T20:05:00Z,2026-10-09T18:46+00:00
Bo Nix,pass_yds,270.0,319,Denver Broncos @ Los Angeles Chargers,2026-10-11T20:05:00Z,2026-10-09T18:46+00:00
Bo Nix,pass_yds,280.0,402,Denver Broncos @ Los Angeles Chargers,2026-10-11T20:05:00Z,2026-10-09T18:46+00:00
Bo Nix,pass_yds,290.0,517,Denver Broncos @ Los Angeles Chargers,2026-10-11T20:05:00Z,2026-10-09T18:46+00:00
Bo Nix,pass_yds,300.0,650,Denver Broncos @ Los Angeles Chargers,2026-10-11T20:05:00Z,2026-10-09T18:46+00:00
Bo Nix,pass_yds,310.0,840,Denver Broncos @ Los Angeles Chargers,2026-10-11T20:05:00Z,2026-10-09T18:46+00:00
Bo Nix,pass_yds,320.0,1060,Denver Broncos @ Los Angeles Chargers,2026-10-11T20:05:00Z,2026-10-09T18:46+00:00
Bo Nix,pass_yds,330.0,1320,Denver Broncos @ Los Angeles Chargers,2026-10-11T20:05:00Z,2026-10-09T18:46+00:00
Bo Nix,pass_yds,340.0,1680,Denver Broncos @ Los Angeles Chargers,2026-10-11T20:05:00Z,2026-10-09T18:46+00:00
Bo Nix,pass_yds,350.0,2100,Denver Broncos @ Los Angeles Chargers,2026-10-11T20:05:00Z,2026-10-09T18:46+00:00
Bo Nix,pass_yds,360.0,2700,Denver Broncos @ Los Angeles Chargers,2026-10-11T20:05:00Z,2026-10-09T18:46+00:00
Bo Nix,pass_yds,370.0,3300,Denver Broncos @ Los Angeles Chargers,2026-10-11T20:05:00Z,2026-10-09T18:46+00:00
Bo Nix,pass_yds,380.0,4000,Denver Broncos @ Los Angeles Chargers,2026-10-11T20:05:00Z,2026-10-09T18:46+00:00
Justin Herbert,pass_yds,150.0,-461,Denver Broncos @ Los Angeles Chargers,2026-10-11T20:05:00Z,2026-10-09T18:46+00:00
Justin Herbert,pass_yds,160.0,-337,Denver Broncos @ Los Angeles Chargers,2026-10-11T20:05:00Z,2026-10-09T18:46+00:00
Justin Herbert,pass_yds,170.0,-249,Denver Broncos @ Los Angeles Chargers,2026-10-11T20:05:00Z,2026-10-09T18:46+00:00
Justin Herbert,pass_yds,180.0,-189,Denver Broncos @ Los Angeles Chargers,2026-10-11T20:05:00Z,2026-10-09T18:46+00:00
Justin Herbert,pass_yds,190.0,-145,Denver Broncos @ Los Angeles Chargers,2026-10-11T20:05:00Z,2026-10-09T18:46+00:00
Justin Herbert,pass_yds,200.0,-113,Denver Broncos @ Los Angeles Chargers,2026-10-11T20:05:00Z,2026-10-09T18:46+00:00
Justin Herbert,pass_yds,210.0,115,Denver Broncos @ Los Angeles Chargers,2026-10-11T20:05:00Z,2026-10-09T18:46+00:00
Justin Herbert,pass_yds,220.0,148,Denver Broncos @ Los Angeles Chargers,2026-10-11T20:05:00Z,2026-10-09T18:46+00:00
Justin Herbert,pass_yds,230.0,189,Denver Broncos @ Los Angeles Chargers,2026-10-11T20:05:00Z,2026-10-09T18:46+00:00
Justin Herbert,pass_yds,240.0,245,Denver Broncos @ Los Angeles Chargers,2026-10-11T20:05:00Z,2026-10-09T18:46+00:00
Justin Herbert,pass_yds,250.0,311,Denver Broncos @ Los Angeles Chargers,2026-10-11T20:05:00Z,2026-10-09T18:46+00:00
Justin Herbert,pass_yds,260.0,391,Denver Broncos @ Los Angeles Chargers,2026-10-11T20:05:00Z,2026-10-09T18:46+00:00
Justin Herbert,pass_yds,270.0,499,Denver Broncos @ Los Angeles Chargers,2026-10-11T20:05:00Z,2026-10-09T18:46+00:00
Justin Herbert,pass_yds,280.0,630,Denver Broncos @ Los Angeles Chargers,2026-10-11T20:05:00Z,2026-10-09T18:46+00:00
Justin Herbert,pass_yds,290.0,810,Denver Broncos @ Los Angeles Chargers,2026-10-11T20:05:00Z,2026-10-09T18:46+00:00
Justin Herbert,pass_yds,300.0,1020,Denver Broncos @ Los Angeles Chargers,2026-10-11T20:05:00Z,2026-10-09T18:46+00:00
Justin Herbert,pass_yds,310.0,1320,Denver Broncos @ Los Angeles Chargers,2026-10-11T20:05:00Z,2026-10-09T18:46+00:00
Justin Herbert,pass_yds,320.0,1720,Denver Broncos @ Los Angeles Chargers,2026-10-11T20:05:00Z,2026-10-09T18:46+00:00
Justin Herbert,pass_yds,330.0,2100,Denver Broncos @ Los Angeles Chargers,2026-10-11T20:05:00Z,2026-10-09T18:46+00:00
Justin Herbert,pass_yds,340.0,2700,Denver Broncos @ Los Angeles Chargers,2026-10-11T20:05:00Z,2026-10-09T18:46+00:00
Justin Herbert,pass_yds,350.0,3400,Denver Broncos @ Los Angeles Chargers,2026-10-11T20:05:00Z,2026-10-09T18:46+00:00
Jaylen Waddle,rec_yds,15.0,-2400,Denver Broncos @ Los Angeles Chargers,2026-10-11T20:05:00Z,2026-10-09T18:46+00:00
Jaylen Waddle,rec_yds,25.0,-810,Denver Broncos @ Los Angeles Chargers,2026-10-11T20:05:00Z,2026-10-09T18:46+00:00
Jaylen Waddle,rec_yds,40.0,-286,Denver Broncos @ Los Angeles Chargers,2026-10-11T20:05:00Z,2026-10-09T18:46+00:00
Jaylen Waddle,rec_yds,50.0,-169,Denver Broncos @ Los Angeles Chargers,2026-10-11T20:05:00Z,2026-10-09T18:46+00:00
Jaylen Waddle,rec_yds,59.0,-109,Denver Broncos @ Los Angeles Chargers,2026-10-11T20:05:00Z,2026-10-09T18:46+00:00
Jaylen Waddle,rec_yds,60.0,-105,Denver Broncos @ Los Angeles Chargers,2026-10-11T20:05:00Z,2026-10-09T18:46+00:00
Jaylen Waddle,rec_yds,70.0,147,Denver Broncos @ Los Angeles Chargers,2026-10-11T20:05:00Z,2026-10-09T18:46+00:00
Jaylen Waddle,rec_yds,80.0,222,Denver Broncos @ Los Angeles Chargers,2026-10-11T20:05:00Z,2026-10-09T18:46+00:00
Jaylen Waddle,rec_yds,90.0,329,Denver Broncos @ Los Angeles Chargers,2026-10-11T20:05:00Z,2026-10-09T18:46+00:00
Jaylen Waddle,rec_yds,100.0,483,Denver Broncos @ Los Angeles Chargers,2026-10-11T20:05:00Z,2026-10-09T18:46+00:00
Jaylen Waddle,rec_yds,110.0,720,Denver Broncos @ Los Angeles Chargers,2026-10-11T20:05:00Z,2026-10-09T18:46+00:00
Jaylen Waddle,rec_yds,120.0,1020,Denver Broncos @ Los Angeles Chargers,2026-10-11T20:05:00Z,2026-10-09T18:46+00:00
Jaylen Waddle,rec_yds,130.0,1480,Denver Broncos @ Los Angeles Chargers,2026-10-11T20:05:00Z,2026-10-09T18:46+00:00
Jaylen Waddle,rec_yds,140.0,2000,Denver Broncos @ Los Angeles Chargers,2026-10-11T20:05:00Z,2026-10-09T18:46+00:00
Jaylen Waddle,rec_yds,150.0,2800,Denver Broncos @ Los Angeles Chargers,2026-10-11T20:05:00Z,2026-10-09T18:46+00:00
Jaylen Waddle,rec_yds,160.0,3700,Denver Broncos @ Los Angeles Chargers,2026-10-11T20:05:00Z,2026-10-09T18:46+00:00
Courtland Sutton,rec_yds,15.0,-534,Denver Broncos @ Los Angeles Chargers,2026-10-11T20:05:00Z,2026-10-09T18:46+00:00
Courtland Sutton,rec_yds,25.0,-233,Denver Broncos @ Los Angeles Chargers,2026-10-11T20:05:00Z,2026-10-09T18:46+00:00
Courtland Sutton,rec_yds,36.0,-114,Denver Broncos @ Los Angeles Chargers,2026-10-11T20:05:00Z,2026-10-09T18:46+00:00
Courtland Sutton,rec_yds,40.0,110,Denver Broncos @ Los Angeles Chargers,2026-10-11T20:05:00Z,2026-10-09T18:46+00:00
Courtland Sutton,rec_yds,50.0,184,Denver Broncos @ Los Angeles Chargers,2026-10-11T20:05:00Z,2026-10-09T18:46+00:00
Courtland Sutton,rec_yds,60.0,296,Denver Broncos @ Los Angeles Chargers,2026-10-11T20:05:00Z,2026-10-09T18:46+00:00
Courtland Sutton,rec_yds,70.0,468,Denver Broncos @ Los Angeles Chargers,2026-10-11T20:05:00Z,2026-10-09T18:46+00:00
Courtland Sutton,rec_yds,80.0,720,Denver Broncos @ Los Angeles Chargers,2026-10-11T20:05:00Z,2026-10-09T18:46+00:00
Courtland Sutton,rec_yds,90.0,1080,Denver Broncos @ Los Angeles Chargers,2026-10-11T20:05:00Z,2026-10-09T18:46+00:00
Courtland Sutton,rec_yds,100.0,1640,Denver Broncos @ Los Angeles Chargers,2026-10-11T20:05:00Z,2026-10-09T18:46+00:00
Courtland Sutton,rec_yds,110.0,2300,Denver Broncos @ Los Angeles Chargers,2026-10-11T20:05:00Z,2026-10-09T18:46+00:00
Courtland Sutton,rec_yds,120.0,3300,Denver Broncos @ Los Angeles Chargers,2026-10-11T20:05:00Z,2026-10-09T18:46+00:00
Troy Franklin,rec_yds,15.0,-148,Denver Broncos @ Los Angeles Chargers,2026-10-11T20:05:00Z,2026-10-09T18:46+00:00
Troy Franklin,rec_yds,19.0,-116,Denver Broncos @ Los Angeles Chargers,2026-10-11T20:05:00Z,2026-10-09T18:46+00:00
Troy Franklin,rec_yds,25.0,125,Denver Broncos @ Los Angeles Chargers,2026-10-11T20:05:00Z,2026-10-09T18:46+00:00
Troy Franklin,rec_yds,40.0,255,Denver Broncos @ Los Angeles Chargers,2026-10-11T20:05:00Z,2026-10-09T18:46+00:00
Troy Franklin,rec_yds,50.0,395,Denver Broncos @ Los Angeles Chargers,2026-10-11T20:05:00Z,2026-10-09T18:46+00:00
Troy Franklin,rec_yds,60.0,579,Denver Broncos @ Los Angeles Chargers,2026-10-11T20:05:00Z,2026-10-09T18:46+00:00
Troy Franklin,rec_yds,70.0,860,Denver Broncos @ Los Angeles Chargers,2026-10-11T20:05:00Z,2026-10-09T18:46+00:00
Troy Franklin,rec_yds,80.0,1220,Denver Broncos @ Los Angeles Chargers,2026-10-11T20:05:00Z,2026-10-09T18:46+00:00
Troy Franklin,rec_yds,90.0,1740,Denver Broncos @ Los Angeles Chargers,2026-10-11T20:05:00Z,2026-10-09T18:46+00:00
Troy Franklin,rec_yds,100.0,2400,Denver Broncos @ Los Angeles Chargers,2026-10-11T20:05:00Z,2026-10-09T18:46+00:00
Troy Franklin,rec_yds,110.0,3400,Denver Broncos @ Los Angeles Chargers,2026-10-11T20:05:00Z,2026-10-09T18:46+00:00
RJ Harvey,rec_yds,15.0,-346,Denver Broncos @ Los Angeles Chargers,2026-10-11T20:05:00Z,2026-10-09T18:46+00:00
RJ Harvey,rec_yds,25.0,-129,Denver Broncos @ Los Angeles Chargers,2026-10-11T20:05:00Z,2026-10-09T18:46+00:00
RJ Harvey,rec_yds,27.0,-111,Denver Broncos @ Los Angeles Chargers,2026-10-11T20:05:00Z,2026-10-09T18:46+00:00
RJ Harvey,rec_yds,40.0,229,Denver Broncos @ Los Angeles Chargers,2026-10-11T20:05:00Z,2026-10-09T18:46+00:00
RJ Harvey,rec_yds,50.0,429,Denver Broncos @ Los Angeles Chargers,2026-10-11T20:05:00Z,2026-10-09T18:46+00:00
RJ Harvey,rec_yds,60.0,740,Denver Broncos @ Los Angeles Chargers,2026-10-11T20:05:00Z,2026-10-09T18:46+00:00
RJ Harvey,rec_yds,70.0,1240,Denver Broncos @ Los Angeles Chargers,2026-10-11T20:05:00Z,2026-10-09T18:46+00:00
RJ Harvey,rec_yds,80.0,2000,Denver Broncos @ Los Angeles Chargers,2026-10-11T20:05:00Z,2026-10-09T18:46+00:00
RJ Harvey,rec_yds,90.0,3100,Denver Broncos @ Los Angeles Chargers,2026-10-11T20:05:00Z,2026-10-09T18:46+00:00
Marvin Mims Jr.,rec_yds,12.0,-114,Denver Broncos @ Los Angeles Chargers,2026-10-11T20:05:00Z,2026-10-09T18:46+00:00
Marvin Mims Jr.,rec_yds,15.0,112,Denver Broncos @ Los Angeles Chargers,2026-10-11T20:05:00Z,2026-10-09T18:46+00:00
Marvin Mims Jr.,rec_yds,25.0,225,Denver Broncos @ Los Angeles Chargers,2026-10-11T20:05:00Z,2026-10-09T18:46+00:00
Marvin Mims Jr.,rec_yds,40.0,509,Denver Broncos @ Los Angeles Chargers,2026-10-11T20:05:00Z,2026-10-09T18:46+00:00
Marvin Mims Jr.,rec_yds,50.0,840,Denver Broncos @ Los Angeles Chargers,2026-10-11T20:05:00Z,2026-10-09T18:46+00:00
Marvin Mims Jr.,rec_yds,60.0,1340,Denver Broncos @ Los Angeles Chargers,2026-10-11T20:05:00Z,2026-10-09T18:46+00:00
Marvin Mims Jr.,rec_yds,70.0,2100,Denver Broncos @ Los Angeles Chargers,2026-10-11T20:05:00Z,2026-10-09T18:46+00:00
Marvin Mims Jr.,rec_yds,80.0,3100,Denver Broncos @ Los Angeles Chargers,2026-10-11T20:05:00Z,2026-10-09T18:46+00:00
Evan Engram,rec_yds,15.0,-132,Denver Broncos @ Los Angeles Chargers,2026-10-11T20:05:00Z,2026-10-09T18:46+00:00
Evan Engram,rec_yds,17.0,-109,Denver Broncos @ Los Angeles Chargers,2026-10-11T20:05:00Z,2026-10-09T18:46+00:00
Evan Engram,rec_yds,25.0,175,Denver Broncos @ Los Angeles Chargers,2026-10-11T20:05:00Z,2026-10-09T18:46+00:00
Evan Engram,rec_yds,40.0,474,Denver Broncos @ Los Angeles Chargers,2026-10-11T20:05:00Z,2026-10-09T18:46+00:00
Evan Engram,rec_yds,50.0,860,Denver Broncos @ Los Angeles Chargers,2026-10-11T20:05:00Z,2026-10-09T18:46+00:00
Evan Engram,rec_yds,60.0,1380,Denver Broncos @ Los Angeles Chargers,2026-10-11T20:05:00Z,2026-10-09T18:46+00:00
Evan Engram,rec_yds,70.0,2200,Denver Broncos @ Los Angeles Chargers,2026-10-11T20:05:00Z,2026-10-09T18:46+00:00
Evan Engram,rec_yds,80.0,3400,Denver Broncos @ Los Angeles Chargers,2026-10-11T20:05:00Z,2026-10-09T18:46+00:00
Jaylen Waddle,receptions,3.0,-920,Denver Broncos @ Los Angeles Chargers,2026-10-11T20:05:00Z,2026-10-09T18:46+00:00
Jaylen Waddle,receptions,4.0,-323,Denver Broncos @ Los Angeles Chargers,2026-10-11T20:05:00Z,2026-10-09T18:46+00:00
Jaylen Waddle,receptions,5.0,-145,Denver Broncos @ Los Angeles Chargers,2026-10-11T20:05:00Z,2026-10-09T18:46+00:00
Jaylen Waddle,receptions,6.0,141,Denver Broncos @ Los Angeles Chargers,2026-10-11T20:05:00Z,2026-10-09T18:46+00:00
Jaylen Waddle,receptions,7.0,272,Denver Broncos @ Los Angeles Chargers,2026-10-11T20:05:00Z,2026-10-09T18:46+00:00
Jaylen Waddle,receptions,8.0,508,Denver Broncos @ Los Angeles Chargers,2026-10-11T20:05:00Z,2026-10-09T18:46+00:00
Jaylen Waddle,receptions,9.0,900,Denver Broncos @ Los Angeles Chargers,2026-10-11T20:05:00Z,2026-10-09T18:46+00:00
Jaylen Waddle,receptions,10.0,1600,Denver Broncos @ Los Angeles Chargers,2026-10-11T20:05:00Z,2026-10-09T18:46+00:00
Jaylen Waddle,receptions,11.0,2500,Denver Broncos @ Los Angeles Chargers,2026-10-11T20:05:00Z,2026-10-09T18:46+00:00
RJ Harvey,receptions,2.0,-1660,Denver Broncos @ Los Angeles Chargers,2026-10-11T20:05:00Z,2026-10-09T18:46+00:00
RJ Harvey,receptions,3.0,-425,Denver Broncos @ Los Angeles Chargers,2026-10-11T20:05:00Z,2026-10-09T18:46+00:00
RJ Harvey,receptions,4.0,-167,Denver Broncos @ Los Angeles Chargers,2026-10-11T20:05:00Z,2026-10-09T18:46+00:00
RJ Harvey,receptions,5.0,130,Denver Broncos @ Los Angeles Chargers,2026-10-11T20:05:00Z,2026-10-09T18:46+00:00
RJ Harvey,receptions,6.0,266,Denver Broncos @ Los Angeles Chargers,2026-10-11T20:05:00Z,2026-10-09T18:46+00:00
RJ Harvey,receptions,7.0,521,Denver Broncos @ Los Angeles Chargers,2026-10-11T20:05:00Z,2026-10-09T18:46+00:00
RJ Harvey,receptions,8.0,990,Denver Broncos @ Los Angeles Chargers,2026-10-11T20:05:00Z,2026-10-09T18:46+00:00
RJ Harvey,receptions,9.0,1780,Denver Broncos @ Los Angeles Chargers,2026-10-11T20:05:00Z,2026-10-09T18:46+00:00
RJ Harvey,receptions,10.0,2800,Denver Broncos @ Los Angeles Chargers,2026-10-11T20:05:00Z,2026-10-09T18:46+00:00
Courtland Sutton,receptions,2.0,-730,Denver Broncos @ Los Angeles Chargers,2026-10-11T20:05:00Z,2026-10-09T18:46+00:00
Courtland Sutton,receptions,3.0,-224,Denver Broncos @ Los Angeles Chargers,2026-10-11T20:05:00Z,2026-10-09T18:46+00:00
Courtland Sutton,receptions,4.0,112,Denver Broncos @ Los Angeles Chargers,2026-10-11T20:05:00Z,2026-10-09T18:46+00:00
Courtland Sutton,receptions,5.0,245,Denver Broncos @ Los Angeles Chargers,2026-10-11T20:05:00Z,2026-10-09T18:46+00:00
Courtland Sutton,receptions,6.0,525,Denver Broncos @ Los Angeles Chargers,2026-10-11T20:05:00Z,2026-10-09T18:46+00:00
Courtland Sutton,receptions,7.0,1060,Denver Broncos @ Los Angeles Chargers,2026-10-11T20:05:00Z,2026-10-09T18:46+00:00
Courtland Sutton,receptions,8.0,2000,Denver Broncos @ Los Angeles Chargers,2026-10-11T20:05:00Z,2026-10-09T18:46+00:00
Evan Engram,receptions,2.0,-220,Denver Broncos @ Los Angeles Chargers,2026-10-11T20:05:00Z,2026-10-09T18:46+00:00
Evan Engram,receptions,3.0,137,Denver Broncos @ Los Angeles Chargers,2026-10-11T20:05:00Z,2026-10-09T18:46+00:00
Evan Engram,receptions,4.0,357,Denver Broncos @ Los Angeles Chargers,2026-10-11T20:05:00Z,2026-10-09T18:46+00:00
Evan Engram,receptions,5.0,810,Denver Broncos @ Los Angeles Chargers,2026-10-11T20:05:00Z,2026-10-09T18:46+00:00
Evan Engram,receptions,6.0,1700,Denver Broncos @ Los Angeles Chargers,2026-10-11T20:05:00Z,2026-10-09T18:46+00:00
Troy Franklin,receptions,2.0,-118,Denver Broncos @ Los Angeles Chargers,2026-10-11T20:05:00Z,2026-10-09T18:46+00:00
Troy Franklin,receptions,3.0,230,Denver Broncos @ Los Angeles Chargers,2026-10-11T20:05:00Z,2026-10-09T18:46+00:00
Troy Franklin,receptions,4.0,542,Denver Broncos @ Los Angeles Chargers,2026-10-11T20:05:00Z,2026-10-09T18:46+00:00
Troy Franklin,receptions,5.0,1160,Denver Broncos @ Los Angeles Chargers,2026-10-11T20:05:00Z,2026-10-09T18:46+00:00
Troy Franklin,receptions,6.0,2200,Denver Broncos @ Los Angeles Chargers,2026-10-11T20:05:00Z,2026-10-09T18:46+00:00
Marvin Mims Jr.,receptions,2.0,123,Denver Broncos @ Los Angeles Chargers,2026-10-11T20:05:00Z,2026-10-09T18:46+00:00
Marvin Mims Jr.,receptions,3.0,389,Denver Broncos @ Los Angeles Chargers,2026-10-11T20:05:00Z,2026-10-09T18:46+00:00
Marvin Mims Jr.,receptions,4.0,1120,Denver Broncos @ Los Angeles Chargers,2026-10-11T20:05:00Z,2026-10-09T18:46+00:00
Marvin Mims Jr.,receptions,5.0,2600,Denver Broncos @ Los Angeles Chargers,2026-10-11T20:05:00Z,2026-10-09T18:46+00:00
J.K. Dobbins,rush_att,8.0,-3100,Denver Broncos @ Los Angeles Chargers,2026-10-11T20:05:00Z,2026-10-09T18:46+00:00
J.K. Dobbins,rush_att,10.0,-710,Denver Broncos @ Los Angeles Chargers,2026-10-11T20:05:00Z,2026-10-09T18:46+00:00
J.K. Dobbins,rush_att,12.0,-271,Denver Broncos @ Los Angeles Chargers,2026-10-11T20:05:00Z,2026-10-09T18:46+00:00
J.K. Dobbins,rush_att,14.0,-125,Denver Broncos @ Los Angeles Chargers,2026-10-11T20:05:00Z,2026-10-09T18:46+00:00
J.K. Dobbins,rush_att,16.0,166,Denver Broncos @ Los Angeles Chargers,2026-10-11T20:05:00Z,2026-10-09T18:46+00:00
J.K. Dobbins,rush_att,18.0,346,Denver Broncos @ Los Angeles Chargers,2026-10-11T20:05:00Z,2026-10-09T18:46+00:00
J.K. Dobbins,rush_att,20.0,720,Denver Broncos @ Los Angeles Chargers,2026-10-11T20:05:00Z,2026-10-09T18:46+00:00
J.K. Dobbins,rush_att,22.0,1480,Denver Broncos @ Los Angeles Chargers,2026-10-11T20:05:00Z,2026-10-09T18:46+00:00
Omarion Hampton,rush_att,6.0,-1640,Denver Broncos @ Los Angeles Chargers,2026-10-11T20:05:00Z,2026-10-09T18:46+00:00
Omarion Hampton,rush_att,8.0,-434,Denver Broncos @ Los Angeles Chargers,2026-10-11T20:05:00Z,2026-10-09T18:46+00:00
Omarion Hampton,rush_att,10.0,-170,Denver Broncos @ Los Angeles Chargers,2026-10-11T20:05:00Z,2026-10-09T18:46+00:00
Omarion Hampton,rush_att,11.0,-113,Denver Broncos @ Los Angeles Chargers,2026-10-11T20:05:00Z,2026-10-09T18:46+00:00
Omarion Hampton,rush_att,12.0,128,Denver Broncos @ Los Angeles Chargers,2026-10-11T20:05:00Z,2026-10-09T18:46+00:00
Omarion Hampton,rush_att,14.0,266,Denver Broncos @ Los Angeles Chargers,2026-10-11T20:05:00Z,2026-10-09T18:46+00:00
Omarion Hampton,rush_att,16.0,542,Denver Broncos @ Los Angeles Chargers,2026-10-11T20:05:00Z,2026-10-09T18:46+00:00
Omarion Hampton,rush_att,18.0,1060,Denver Broncos @ Los Angeles Chargers,2026-10-11T20:05:00Z,2026-10-09T18:46+00:00
Keaton Mitchell,rush_att,4.0,-1820,Denver Broncos @ Los Angeles Chargers,2026-10-11T20:05:00Z,2026-10-09T18:46+00:00
Keaton Mitchell,rush_att,6.0,-342,Denver Broncos @ Los Angeles Chargers,2026-10-11T20:05:00Z,2026-10-09T18:46+00:00
Keaton Mitchell,rush_att,8.0,-116,Denver Broncos @ Los Angeles Chargers,2026-10-11T20:05:00Z,2026-10-09T18:46+00:00
Keaton Mitchell,rush_att,10.0,210,Denver Broncos @ Los Angeles Chargers,2026-10-11T20:05:00Z,2026-10-09T18:46+00:00
Keaton Mitchell,rush_att,12.0,470,Denver Broncos @ Los Angeles Chargers,2026-10-11T20:05:00Z,2026-10-09T18:46+00:00
Keaton Mitchell,rush_att,14.0,1080,Denver Broncos @ Los Angeles Chargers,2026-10-11T20:05:00Z,2026-10-09T18:46+00:00
Justin Herbert,rush_att,4.0,-336,Denver Broncos @ Los Angeles Chargers,2026-10-11T20:05:00Z,2026-10-09T18:46+00:00
Justin Herbert,rush_att,6.0,114,Denver Broncos @ Los Angeles Chargers,2026-10-11T20:05:00Z,2026-10-09T18:46+00:00
Justin Herbert,rush_att,8.0,358,Denver Broncos @ Los Angeles Chargers,2026-10-11T20:05:00Z,2026-10-09T18:46+00:00
Justin Herbert,rush_att,10.0,1000,Denver Broncos @ Los Angeles Chargers,2026-10-11T20:05:00Z,2026-10-09T18:46+00:00
Bo Nix,rush_att,2.0,-1860,Denver Broncos @ Los Angeles Chargers,2026-10-11T20:05:00Z,2026-10-09T18:46+00:00
Bo Nix,rush_att,4.0,-208,Denver Broncos @ Los Angeles Chargers,2026-10-11T20:05:00Z,2026-10-09T18:46+00:00
Bo Nix,rush_att,5.0,-102,Denver Broncos @ Los Angeles Chargers,2026-10-11T20:05:00Z,2026-10-09T18:46+00:00
Bo Nix,rush_att,6.0,187,Denver Broncos @ Los Angeles Chargers,2026-10-11T20:05:00Z,2026-10-09T18:46+00:00
Bo Nix,rush_att,8.0,650,Denver Broncos @ Los Angeles Chargers,2026-10-11T20:05:00Z,2026-10-09T18:46+00:00
J.K. Dobbins,rush_yds,20.0,-1740,Denver Broncos @ Los Angeles Chargers,2026-10-11T20:05:00Z,2026-10-09T18:46+00:00
J.K. Dobbins,rush_yds,25.0,-910,Denver Broncos @ Los Angeles Chargers,2026-10-11T20:05:00Z,2026-10-09T18:46+00:00
J.K. Dobbins,rush_yds,30.0,-534,Denver Broncos @ Los Angeles Chargers,2026-10-11T20:05:00Z,2026-10-09T18:46+00:00
J.K. Dobbins,rush_yds,40.0,-238,Denver Broncos @ Los Angeles Chargers,2026-10-11T20:05:00Z,2026-10-09T18:46+00:00
J.K. Dobbins,rush_yds,50.0,-124,Denver Broncos @ Los Angeles Chargers,2026-10-11T20:05:00Z,2026-10-09T18:46+00:00
J.K. Dobbins,rush_yds,52.0,-110,Denver Broncos @ Los Angeles Chargers,2026-10-11T20:05:00Z,2026-10-09T18:46+00:00
J.K. Dobbins,rush_yds,60.0,140,Denver Broncos @ Los Angeles Chargers,2026-10-11T20:05:00Z,2026-10-09T18:46+00:00
J.K. Dobbins,rush_yds,70.0,231,Denver Broncos @ Los Angeles Chargers,2026-10-11T20:05:00Z,2026-10-09T18:46+00:00
J.K. Dobbins,rush_yds,80.0,366,Denver Broncos @ Los Angeles Chargers,2026-10-11T20:05:00Z,2026-10-09T18:46+00:00
J.K. Dobbins,rush_yds,90.0,560,Denver Broncos @ Los Angeles Chargers,2026-10-11T20:05:00Z,2026-10-09T18:46+00:00
J.K. Dobbins,rush_yds,100.0,860,Denver Broncos @ Los Angeles Chargers,2026-10-11T20:05:00Z,2026-10-09T18:46+00:00
J.K. Dobbins,rush_yds,110.0,1300,Denver Broncos @ Los Angeles Chargers,2026-10-11T20:05:00Z,2026-10-09T18:46+00:00
J.K. Dobbins,rush_yds,120.0,1840,Denver Broncos @ Los Angeles Chargers,2026-10-11T20:05:00Z,2026-10-09T18:46+00:00
J.K. Dobbins,rush_yds,130.0,2600,Denver Broncos @ Los Angeles Chargers,2026-10-11T20:05:00Z,2026-10-09T18:46+00:00
J.K. Dobbins,rush_yds,140.0,3600,Denver Broncos @ Los Angeles Chargers,2026-10-11T20:05:00Z,2026-10-09T18:46+00:00
Omarion Hampton,rush_yds,15.0,-1260,Denver Broncos @ Los Angeles Chargers,2026-10-11T20:05:00Z,2026-10-09T18:46+00:00
Omarion Hampton,rush_yds,20.0,-620,Denver Broncos @ Los Angeles Chargers,2026-10-11T20:05:00Z,2026-10-09T18:46+00:00
Omarion Hampton,rush_yds,25.0,-348,Denver Broncos @ Los Angeles Chargers,2026-10-11T20:05:00Z,2026-10-09T18:46+00:00
Omarion Hampton,rush_yds,30.0,-216,Denver Broncos @ Los Angeles Chargers,2026-10-11T20:05:00Z,2026-10-09T18:46+00:00
Omarion Hampton,rush_yds,38.0,-115,Denver Broncos @ Los Angeles Chargers,2026-10-11T20:05:00Z,2026-10-09T18:46+00:00
Omarion Hampton,rush_yds,40.0,-101,Denver Broncos @ Los Angeles Chargers,2026-10-11T20:05:00Z,2026-10-09T18:46+00:00
Omarion Hampton,rush_yds,50.0,188,Denver Broncos @ Los Angeles Chargers,2026-10-11T20:05:00Z,2026-10-09T18:46+00:00
Omarion Hampton,rush_yds,60.0,326,Denver Broncos @ Los Angeles Chargers,2026-10-11T20:05:00Z,2026-10-09T18:46+00:00
Omarion Hampton,rush_yds,70.0,542,Denver Broncos @ Los Angeles Chargers,2026-10-11T20:05:00Z,2026-10-09T18:46+00:00
Omarion Hampton,rush_yds,80.0,880,Denver Broncos @ Los Angeles Chargers,2026-10-11T20:05:00Z,2026-10-09T18:46+00:00
Omarion Hampton,rush_yds,90.0,1340,Denver Broncos @ Los Angeles Chargers,2026-10-11T20:05:00Z,2026-10-09T18:46+00:00
Omarion Hampton,rush_yds,100.0,2000,Denver Broncos @ Los Angeles Chargers,2026-10-11T20:05:00Z,2026-10-09T18:46+00:00
Omarion Hampton,rush_yds,110.0,2900,Denver Broncos @ Los Angeles Chargers,2026-10-11T20:05:00Z,2026-10-09T18:46+00:00
Keaton Mitchell,rush_yds,10.0,-1580,Denver Broncos @ Los Angeles Chargers,2026-10-11T20:05:00Z,2026-10-09T18:46+00:00
Keaton Mitchell,rush_yds,15.0,-650,Denver Broncos @ Los Angeles Chargers,2026-10-11T20:05:00Z,2026-10-09T18:46+00:00
Keaton Mitchell,rush_yds,20.0,-350,Denver Broncos @ Los Angeles Chargers,2026-10-11T20:05:00Z,2026-10-09T18:46+00:00
Keaton Mitchell,rush_yds,25.0,-218,Denver Broncos @ Los Angeles Chargers,2026-10-11T20:05:00Z,2026-10-09T18:46+00:00
Keaton Mitchell,rush_yds,30.0,-141,Denver Broncos @ Los Angeles Chargers,2026-10-11T20:05:00Z,2026-10-09T18:46+00:00
Keaton Mitchell,rush_yds,33.0,-110,Denver Broncos @ Los Angeles Chargers,2026-10-11T20:05:00Z,2026-10-09T18:46+00:00
Keaton Mitchell,rush_yds,40.0,148,Denver Broncos @ Los Angeles Chargers,2026-10-11T20:05:00Z,2026-10-09T18:46+00:00
Keaton Mitchell,rush_yds,50.0,270,Denver Broncos @ Los Angeles Chargers,2026-10-11T20:05:00Z,2026-10-09T18:46+00:00
Keaton Mitchell,rush_yds,60.0,472,Denver Broncos @ Los Angeles Chargers,2026-10-11T20:05:00Z,2026-10-09T18:46+00:00
Keaton Mitchell,rush_yds,70.0,800,Denver Broncos @ Los Angeles Chargers,2026-10-11T20:05:00Z,2026-10-09T18:46+00:00
Keaton Mitchell,rush_yds,80.0,1280,Denver Broncos @ Los Angeles Chargers,2026-10-11T20:05:00Z,2026-10-09T18:46+00:00
Keaton Mitchell,rush_yds,90.0,2000,Denver Broncos @ Los Angeles Chargers,2026-10-11T20:05:00Z,2026-10-09T18:46+00:00
Keaton Mitchell,rush_yds,100.0,3000,Denver Broncos @ Los Angeles Chargers,2026-10-11T20:05:00Z,2026-10-09T18:46+00:00
RJ Harvey,rush_yds,10.0,-558,Denver Broncos @ Los Angeles Chargers,2026-10-11T20:05:00Z,2026-10-09T18:46+00:00
RJ Harvey,rush_yds,15.0,-271,Denver Broncos @ Los Angeles Chargers,2026-10-11T20:05:00Z,2026-10-09T18:46+00:00
RJ Harvey,rush_yds,20.0,-154,Denver Broncos @ Los Angeles Chargers,2026-10-11T20:05:00Z,2026-10-09T18:46+00:00
RJ Harvey,rush_yds,23.0,-113,Denver Broncos @ Los Angeles Chargers,2026-10-11T20:05:00Z,2026-10-09T18:46+00:00
RJ Harvey,rush_yds,25.0,105,Denver Broncos @ Los Angeles Chargers,2026-10-11T20:05:00Z,2026-10-09T18:46+00:00
RJ Harvey,rush_yds,30.0,161,Denver Broncos @ Los Angeles Chargers,2026-10-11T20:05:00Z,2026-10-09T18:46+00:00
RJ Harvey,rush_yds,40.0,333,Denver Broncos @ Los Angeles Chargers,2026-10-11T20:05:00Z,2026-10-09T18:46+00:00
RJ Harvey,rush_yds,50.0,610,Denver Broncos @ Los Angeles Chargers,2026-10-11T20:05:00Z,2026-10-09T18:46+00:00
RJ Harvey,rush_yds,60.0,1040,Denver Broncos @ Los Angeles Chargers,2026-10-11T20:05:00Z,2026-10-09T18:46+00:00
RJ Harvey,rush_yds,70.0,1640,Denver Broncos @ Los Angeles Chargers,2026-10-11T20:05:00Z,2026-10-09T18:46+00:00
RJ Harvey,rush_yds,80.0,2400,Denver Broncos @ Los Angeles Chargers,2026-10-11T20:05:00Z,2026-10-09T18:46+00:00
RJ Harvey,rush_yds,90.0,3600,Denver Broncos @ Los Angeles Chargers,2026-10-11T20:05:00Z,2026-10-09T18:46+00:00
Justin Herbert,rush_yds,10.0,-660,Denver Broncos @ Los Angeles Chargers,2026-10-11T20:05:00Z,2026-10-09T18:46+00:00
Justin Herbert,rush_yds,15.0,-349,Denver Broncos @ Los Angeles Chargers,2026-10-11T20:05:00Z,2026-10-09T18:46+00:00
Justin Herbert,rush_yds,20.0,-211,Denver Broncos @ Los Angeles Chargers,2026-10-11T20:05:00Z,2026-10-09T18:46+00:00
Justin Herbert,rush_yds,25.0,-136,Denver Broncos @ Los Angeles Chargers,2026-10-11T20:05:00Z,2026-10-09T18:46+00:00
Justin Herbert,rush_yds,27.0,-116,Denver Broncos @ Los Angeles Chargers,2026-10-11T20:05:00Z,2026-10-09T18:46+00:00
Justin Herbert,rush_yds,30.0,109,Denver Broncos @ Los Angeles Chargers,2026-10-11T20:05:00Z,2026-10-09T18:46+00:00
Justin Herbert,rush_yds,40.0,221,Denver Broncos @ Los Angeles Chargers,2026-10-11T20:05:00Z,2026-10-09T18:46+00:00
Justin Herbert,rush_yds,50.0,424,Denver Broncos @ Los Angeles Chargers,2026-10-11T20:05:00Z,2026-10-09T18:46+00:00
Justin Herbert,rush_yds,60.0,770,Denver Broncos @ Los Angeles Chargers,2026-10-11T20:05:00Z,2026-10-09T18:46+00:00
Justin Herbert,rush_yds,70.0,1300,Denver Broncos @ Los Angeles Chargers,2026-10-11T20:05:00Z,2026-10-09T18:46+00:00
Justin Herbert,rush_yds,80.0,2300,Denver Broncos @ Los Angeles Chargers,2026-10-11T20:05:00Z,2026-10-09T18:46+00:00
Justin Herbert,rush_yds,90.0,3900,Denver Broncos @ Los Angeles Chargers,2026-10-11T20:05:00Z,2026-10-09T18:46+00:00
Bo Nix,rush_yds,10.0,-203,Denver Broncos @ Los Angeles Chargers,2026-10-11T20:05:00Z,2026-10-09T18:46+00:00
Bo Nix,rush_yds,15.0,-106,Denver Broncos @ Los Angeles Chargers,2026-10-11T20:05:00Z,2026-10-09T18:46+00:00
Bo Nix,rush_yds,20.0,158,Denver Broncos @ Los Angeles Chargers,2026-10-11T20:05:00Z,2026-10-09T18:46+00:00
Bo Nix,rush_yds,25.0,249,Denver Broncos @ Los Angeles Chargers,2026-10-11T20:05:00Z,2026-10-09T18:46+00:00
Bo Nix,rush_yds,30.0,385,Denver Broncos @ Los Angeles Chargers,2026-10-11T20:05:00Z,2026-10-09T18:46+00:00
Bo Nix,rush_yds,40.0,860,Denver Broncos @ Los Angeles Chargers,2026-10-11T20:05:00Z,2026-10-09T18:46+00:00
Bo Nix,rush_yds,50.0,1640,Denver Broncos @ Los Angeles Chargers,2026-10-11T20:05:00Z,2026-10-09T18:46+00:00
Bo Nix,rush_yds,60.0,2800,Denver Broncos @ Los Angeles Chargers,2026-10-11T20:05:00Z,2026-10-09T18:46+00:00
Jacoby Brissett,pass_att,28.0,-2800,Detroit Lions @ Arizona Cardinals,2026-10-11T20:25:00Z,2026-10-09T18:46+00:00
Jacoby Brissett,pass_att,30.0,-1160,Detroit Lions @ Arizona Cardinals,2026-10-11T20:25:00Z,2026-10-09T18:46+00:00
Jacoby Brissett,pass_att,32.0,-579,Detroit Lions @ Arizona Cardinals,2026-10-11T20:25:00Z,2026-10-09T18:46+00:00
Jacoby Brissett,pass_att,34.0,-319,Detroit Lions @ Arizona Cardinals,2026-10-11T20:25:00Z,2026-10-09T18:46+00:00
Jacoby Brissett,pass_att,36.0,-194,Detroit Lions @ Arizona Cardinals,2026-10-11T20:25:00Z,2026-10-09T18:46+00:00
Jacoby Brissett,pass_att,38.0,-122,Detroit Lions @ Arizona Cardinals,2026-10-11T20:25:00Z,2026-10-09T18:46+00:00
Jacoby Brissett,pass_att,40.0,128,Detroit Lions @ Arizona Cardinals,2026-10-11T20:25:00Z,2026-10-09T18:46+00:00
Jacoby Brissett,pass_att,42.0,199,Detroit Lions @ Arizona Cardinals,2026-10-11T20:25:00Z,2026-10-09T18:46+00:00
Jacoby Brissett,pass_att,44.0,299,Detroit Lions @ Arizona Cardinals,2026-10-11T20:25:00Z,2026-10-09T18:46+00:00
Jacoby Brissett,pass_att,46.0,454,Detroit Lions @ Arizona Cardinals,2026-10-11T20:25:00Z,2026-10-09T18:46+00:00
Jacoby Brissett,pass_att,48.0,690,Detroit Lions @ Arizona Cardinals,2026-10-11T20:25:00Z,2026-10-09T18:46+00:00
Jacoby Brissett,pass_att,50.0,1040,Detroit Lions @ Arizona Cardinals,2026-10-11T20:25:00Z,2026-10-09T18:46+00:00
Jared Goff,pass_att,26.0,-3400,Detroit Lions @ Arizona Cardinals,2026-10-11T20:25:00Z,2026-10-09T18:46+00:00
Jared Goff,pass_att,28.0,-1220,Detroit Lions @ Arizona Cardinals,2026-10-11T20:25:00Z,2026-10-09T18:46+00:00
Jared Goff,pass_att,30.0,-562,Detroit Lions @ Arizona Cardinals,2026-10-11T20:25:00Z,2026-10-09T18:46+00:00
Jared Goff,pass_att,32.0,-302,Detroit Lions @ Arizona Cardinals,2026-10-11T20:25:00Z,2026-10-09T18:46+00:00
Jared Goff,pass_att,34.0,-171,Detroit Lions @ Arizona Cardinals,2026-10-11T20:25:00Z,2026-10-09T18:46+00:00
Jared Goff,pass_att,36.0,-103,Detroit Lions @ Arizona Cardinals,2026-10-11T20:25:00Z,2026-10-09T18:46+00:00
Jared Goff,pass_att,38.0,157,Detroit Lions @ Arizona Cardinals,2026-10-11T20:25:00Z,2026-10-09T18:46+00:00
Jared Goff,pass_att,40.0,246,Detroit Lions @ Arizona Cardinals,2026-10-11T20:25:00Z,2026-10-09T18:46+00:00
Jared Goff,pass_att,42.0,386,Detroit Lions @ Arizona Cardinals,2026-10-11T20:25:00Z,2026-10-09T18:46+00:00
Jared Goff,pass_att,44.0,591,Detroit Lions @ Arizona Cardinals,2026-10-11T20:25:00Z,2026-10-09T18:46+00:00
Jared Goff,pass_att,46.0,880,Detroit Lions @ Arizona Cardinals,2026-10-11T20:25:00Z,2026-10-09T18:46+00:00
Jared Goff,pass_att,48.0,1280,Detroit Lions @ Arizona Cardinals,2026-10-11T20:25:00Z,2026-10-09T18:46+00:00
Jacoby Brissett,pass_cmps,18.0,-3200,Detroit Lions @ Arizona Cardinals,2026-10-11T20:25:00Z,2026-10-09T18:46+00:00
Jacoby Brissett,pass_cmps,20.0,-940,Detroit Lions @ Arizona Cardinals,2026-10-11T20:25:00Z,2026-10-09T18:46+00:00
Jacoby Brissett,pass_cmps,22.0,-384,Detroit Lions @ Arizona Cardinals,2026-10-11T20:25:00Z,2026-10-09T18:46+00:00
Jacoby Brissett,pass_cmps,24.0,-183,Detroit Lions @ Arizona Cardinals,2026-10-11T20:25:00Z,2026-10-09T18:46+00:00
Jacoby Brissett,pass_cmps,25.0,-133,Detroit Lions @ Arizona Cardinals,2026-10-11T20:25:00Z,2026-10-09T18:46+00:00
Jacoby Brissett,pass_cmps,26.0,105,Detroit Lions @ Arizona Cardinals,2026-10-11T20:25:00Z,2026-10-09T18:46+00:00
Jacoby Brissett,pass_cmps,28.0,199,Detroit Lions @ Arizona Cardinals,2026-10-11T20:25:00Z,2026-10-09T18:46+00:00
Jacoby Brissett,pass_cmps,30.0,367,Detroit Lions @ Arizona Cardinals,2026-10-11T20:25:00Z,2026-10-09T18:46+00:00
Jacoby Brissett,pass_cmps,32.0,700,Detroit Lions @ Arizona Cardinals,2026-10-11T20:25:00Z,2026-10-09T18:46+00:00
Jacoby Brissett,pass_cmps,34.0,1260,Detroit Lions @ Arizona Cardinals,2026-10-11T20:25:00Z,2026-10-09T18:46+00:00
Jared Goff,pass_cmps,20.0,-1140,Detroit Lions @ Arizona Cardinals,2026-10-11T20:25:00Z,2026-10-09T18:46+00:00
Jared Goff,pass_cmps,22.0,-427,Detroit Lions @ Arizona Cardinals,2026-10-11T20:25:00Z,2026-10-09T18:46+00:00
Jared Goff,pass_cmps,24.0,-194,Detroit Lions @ Arizona Cardinals,2026-10-11T20:25:00Z,2026-10-09T18:46+00:00
Jared Goff,pass_cmps,26.0,105,Detroit Lions @ Arizona Cardinals,2026-10-11T20:25:00Z,2026-10-09T18:46+00:00
Jared Goff,pass_cmps,28.0,204,Detroit Lions @ Arizona Cardinals,2026-10-11T20:25:00Z,2026-10-09T18:46+00:00
Jared Goff,pass_cmps,30.0,387,Detroit Lions @ Arizona Cardinals,2026-10-11T20:25:00Z,2026-10-09T18:46+00:00
Jared Goff,pass_cmps,32.0,730,Detroit Lions @ Arizona Cardinals,2026-10-11T20:25:00Z,2026-10-09T18:46+00:00
Jared Goff,pass_cmps,34.0,1300,Detroit Lions @ Arizona Cardinals,2026-10-11T20:25:00Z,2026-10-09T18:46+00:00
Jacoby Brissett,pass_yds,180.0,-1380,Detroit Lions @ Arizona Cardinals,2026-10-11T20:25:00Z,2026-10-09T18:46+00:00
Jacoby Brissett,pass_yds,190.0,-1000,Detroit Lions @ Arizona Cardinals,2026-10-11T20:25:00Z,2026-10-09T18:46+00:00
Jacoby Brissett,pass_yds,200.0,-700,Detroit Lions @ Arizona Cardinals,2026-10-11T20:25:00Z,2026-10-09T18:46+00:00
Jacoby Brissett,pass_yds,210.0,-517,Detroit Lions @ Arizona Cardinals,2026-10-11T20:25:00Z,2026-10-09T18:46+00:00
Jacoby Brissett,pass_yds,220.0,-392,Detroit Lions @ Arizona Cardinals,2026-10-11T20:25:00Z,2026-10-09T18:46+00:00
Jacoby Brissett,pass_yds,230.0,-299,Detroit Lions @ Arizona Cardinals,2026-10-11T20:25:00Z,2026-10-09T18:46+00:00
Jacoby Brissett,pass_yds,240.0,-232,Detroit Lions @ Arizona Cardinals,2026-10-11T20:25:00Z,2026-10-09T18:46+00:00
Jacoby Brissett,pass_yds,250.0,-182,Detroit Lions @ Arizona Cardinals,2026-10-11T20:25:00Z,2026-10-09T18:46+00:00
Jacoby Brissett,pass_yds,260.0,-144,Detroit Lions @ Arizona Cardinals,2026-10-11T20:25:00Z,2026-10-09T18:46+00:00
Jacoby Brissett,pass_yds,270.0,-115,Detroit Lions @ Arizona Cardinals,2026-10-11T20:25:00Z,2026-10-09T18:46+00:00
Jacoby Brissett,pass_yds,271.0,-112,Detroit Lions @ Arizona Cardinals,2026-10-11T20:25:00Z,2026-10-09T18:46+00:00
Jacoby Brissett,pass_yds,280.0,110,Detroit Lions @ Arizona Cardinals,2026-10-11T20:25:00Z,2026-10-09T18:46+00:00
Jacoby Brissett,pass_yds,290.0,138,Detroit Lions @ Arizona Cardinals,2026-10-11T20:25:00Z,2026-10-09T18:46+00:00
Jacoby Brissett,pass_yds,300.0,173,Detroit Lions @ Arizona Cardinals,2026-10-11T20:25:00Z,2026-10-09T18:46+00:00
Jacoby Brissett,pass_yds,310.0,216,Detroit Lions @ Arizona Cardinals,2026-10-11T20:25:00Z,2026-10-09T18:46+00:00
Jacoby Brissett,pass_yds,320.0,271,Detroit Lions @ Arizona Cardinals,2026-10-11T20:25:00Z,2026-10-09T18:46+00:00
Jacoby Brissett,pass_yds,330.0,335,Detroit Lions @ Arizona Cardinals,2026-10-11T20:25:00Z,2026-10-09T18:46+00:00
Jacoby Brissett,pass_yds,340.0,421,Detroit Lions @ Arizona Cardinals,2026-10-11T20:25:00Z,2026-10-09T18:46+00:00
Jacoby Brissett,pass_yds,350.0,524,Detroit Lions @ Arizona Cardinals,2026-10-11T20:25:00Z,2026-10-09T18:46+00:00
Jacoby Brissett,pass_yds,360.0,650,Detroit Lions @ Arizona Cardinals,2026-10-11T20:25:00Z,2026-10-09T18:46+00:00
Jacoby Brissett,pass_yds,370.0,790,Detroit Lions @ Arizona Cardinals,2026-10-11T20:25:00Z,2026-10-09T18:46+00:00
Jacoby Brissett,pass_yds,380.0,990,Detroit Lions @ Arizona Cardinals,2026-10-11T20:25:00Z,2026-10-09T18:46+00:00
Jacoby Brissett,pass_yds,390.0,1220,Detroit Lions @ Arizona Cardinals,2026-10-11T20:25:00Z,2026-10-09T18:46+00:00
Jacoby Brissett,pass_yds,400.0,1540,Detroit Lions @ Arizona Cardinals,2026-10-11T20:25:00Z,2026-10-09T18:46+00:00
Jacoby Brissett,pass_yds,410.0,1900,Detroit Lions @ Arizona Cardinals,2026-10-11T20:25:00Z,2026-10-09T18:46+00:00
Jacoby Brissett,pass_yds,420.0,2300,Detroit Lions @ Arizona Cardinals,2026-10-11T20:25:00Z,2026-10-09T18:46+00:00
Jacoby Brissett,pass_yds,430.0,2800,Detroit Lions @ Arizona Cardinals,2026-10-11T20:25:00Z,2026-10-09T18:46+00:00
Jacoby Brissett,pass_yds,440.0,3400,Detroit Lions @ Arizona Cardinals,2026-10-11T20:25:00Z,2026-10-09T18:46+00:00
Jared Goff,pass_yds,200.0,-1280,Detroit Lions @ Arizona Cardinals,2026-10-11T20:25:00Z,2026-10-09T18:46+00:00
Jared Goff,pass_yds,210.0,-870,Detroit Lions @ Arizona Cardinals,2026-10-11T20:25:00Z,2026-10-09T18:46+00:00
Jared Goff,pass_yds,220.0,-610,Detroit Lions @ Arizona Cardinals,2026-10-11T20:25:00Z,2026-10-09T18:46+00:00
Jared Goff,pass_yds,230.0,-440,Detroit Lions @ Arizona Cardinals,2026-10-11T20:25:00Z,2026-10-09T18:46+00:00
Jared Goff,pass_yds,240.0,-327,Detroit Lions @ Arizona Cardinals,2026-10-11T20:25:00Z,2026-10-09T18:46+00:00
Jared Goff,pass_yds,250.0,-248,Detroit Lions @ Arizona Cardinals,2026-10-11T20:25:00Z,2026-10-09T18:46+00:00
Jared Goff,pass_yds,260.0,-189,Detroit Lions @ Arizona Cardinals,2026-10-11T20:25:00Z,2026-10-09T18:46+00:00
Jared Goff,pass_yds,270.0,-146,Detroit Lions @ Arizona Cardinals,2026-10-11T20:25:00Z,2026-10-09T18:46+00:00
Jared Goff,pass_yds,280.0,-114,Detroit Lions @ Arizona Cardinals,2026-10-11T20:25:00Z,2026-10-09T18:46+00:00
Jared Goff,pass_yds,281.0,-111,Detroit Lions @ Arizona Cardinals,2026-10-11T20:25:00Z,2026-10-09T18:46+00:00
Jared Goff,pass_yds,290.0,113,Detroit Lions @ Arizona Cardinals,2026-10-11T20:25:00Z,2026-10-09T18:46+00:00
Jared Goff,pass_yds,300.0,144,Detroit Lions @ Arizona Cardinals,2026-10-11T20:25:00Z,2026-10-09T18:46+00:00
Jared Goff,pass_yds,310.0,181,Detroit Lions @ Arizona Cardinals,2026-10-11T20:25:00Z,2026-10-09T18:46+00:00
Jared Goff,pass_yds,320.0,230,Detroit Lions @ Arizona Cardinals,2026-10-11T20:25:00Z,2026-10-09T18:46+00:00
Jared Goff,pass_yds,330.0,289,Detroit Lions @ Arizona Cardinals,2026-10-11T20:25:00Z,2026-10-09T18:46+00:00
Jared Goff,pass_yds,340.0,367,Detroit Lions @ Arizona Cardinals,2026-10-11T20:25:00Z,2026-10-09T18:46+00:00
Jared Goff,pass_yds,350.0,465,Detroit Lions @ Arizona Cardinals,2026-10-11T20:25:00Z,2026-10-09T18:46+00:00
Jared Goff,pass_yds,360.0,595,Detroit Lions @ Arizona Cardinals,2026-10-11T20:25:00Z,2026-10-09T18:46+00:00
Jared Goff,pass_yds,370.0,750,Detroit Lions @ Arizona Cardinals,2026-10-11T20:25:00Z,2026-10-09T18:46+00:00
Jared Goff,pass_yds,380.0,940,Detroit Lions @ Arizona Cardinals,2026-10-11T20:25:00Z,2026-10-09T18:46+00:00
Jared Goff,pass_yds,390.0,1180,Detroit Lions @ Arizona Cardinals,2026-10-11T20:25:00Z,2026-10-09T18:46+00:00
Jared Goff,pass_yds,400.0,1520,Detroit Lions @ Arizona Cardinals,2026-10-11T20:25:00Z,2026-10-09T18:46+00:00
Jared Goff,pass_yds,410.0,1940,Detroit Lions @ Arizona Cardinals,2026-10-11T20:25:00Z,2026-10-09T18:46+00:00
Jared Goff,pass_yds,420.0,2400,Detroit Lions @ Arizona Cardinals,2026-10-11T20:25:00Z,2026-10-09T18:46+00:00
Jared Goff,pass_yds,430.0,2900,Detroit Lions @ Arizona Cardinals,2026-10-11T20:25:00Z,2026-10-09T18:46+00:00
Jared Goff,pass_yds,440.0,3600,Detroit Lions @ Arizona Cardinals,2026-10-11T20:25:00Z,2026-10-09T18:46+00:00
Amon-Ra St. Brown,rec_yds,25.0,-1920,Detroit Lions @ Arizona Cardinals,2026-10-11T20:25:00Z,2026-10-09T18:46+00:00
Amon-Ra St. Brown,rec_yds,40.0,-670,Detroit Lions @ Arizona Cardinals,2026-10-11T20:25:00Z,2026-10-09T18:46+00:00
Amon-Ra St. Brown,rec_yds,50.0,-392,Detroit Lions @ Arizona Cardinals,2026-10-11T20:25:00Z,2026-10-09T18:46+00:00
Amon-Ra St. Brown,rec_yds,60.0,-245,Detroit Lions @ Arizona Cardinals,2026-10-11T20:25:00Z,2026-10-09T18:46+00:00
Amon-Ra St. Brown,rec_yds,70.0,-165,Detroit Lions @ Arizona Cardinals,2026-10-11T20:25:00Z,2026-10-09T18:46+00:00
Amon-Ra St. Brown,rec_yds,80.0,-114,Detroit Lions @ Arizona Cardinals,2026-10-11T20:25:00Z,2026-10-09T18:46+00:00
Amon-Ra St. Brown,rec_yds,81.0,-110,Detroit Lions @ Arizona Cardinals,2026-10-11T20:25:00Z,2026-10-09T18:46+00:00
Amon-Ra St. Brown,rec_yds,90.0,124,Detroit Lions @ Arizona Cardinals,2026-10-11T20:25:00Z,2026-10-09T18:46+00:00
Amon-Ra St. Brown,rec_yds,100.0,172,Detroit Lions @ Arizona Cardinals,2026-10-11T20:25:00Z,2026-10-09T18:46+00:00
Amon-Ra St. Brown,rec_yds,110.0,237,Detroit Lions @ Arizona Cardinals,2026-10-11T20:25:00Z,2026-10-09T18:46+00:00
Amon-Ra St. Brown,rec_yds,120.0,327,Detroit Lions @ Arizona Cardinals,2026-10-11T20:25:00Z,2026-10-09T18:46+00:00
Amon-Ra St. Brown,rec_yds,130.0,444,Detroit Lions @ Arizona Cardinals,2026-10-11T20:25:00Z,2026-10-09T18:46+00:00
Amon-Ra St. Brown,rec_yds,140.0,610,Detroit Lions @ Arizona Cardinals,2026-10-11T20:25:00Z,2026-10-09T18:46+00:00
Amon-Ra St. Brown,rec_yds,150.0,830,Detroit Lions @ Arizona Cardinals,2026-10-11T20:25:00Z,2026-10-09T18:46+00:00
Amon-Ra St. Brown,rec_yds,160.0,1120,Detroit Lions @ Arizona Cardinals,2026-10-11T20:25:00Z,2026-10-09T18:46+00:00
Amon-Ra St. Brown,rec_yds,170.0,1520,Detroit Lions @ Arizona Cardinals,2026-10-11T20:25:00Z,2026-10-09T18:46+00:00
Amon-Ra St. Brown,rec_yds,180.0,2000,Detroit Lions @ Arizona Cardinals,2026-10-11T20:25:00Z,2026-10-09T18:46+00:00
Amon-Ra St. Brown,rec_yds,190.0,2600,Detroit Lions @ Arizona Cardinals,2026-10-11T20:25:00Z,2026-10-09T18:46+00:00
Amon-Ra St. Brown,rec_yds,200.0,3200,Detroit Lions @ Arizona Cardinals,2026-10-11T20:25:00Z,2026-10-09T18:46+00:00
Michael Wilson,rec_yds,15.0,-2900,Detroit Lions @ Arizona Cardinals,2026-10-11T20:25:00Z,2026-10-09T18:46+00:00
Michael Wilson,rec_yds,25.0,-1160,Detroit Lions @ Arizona Cardinals,2026-10-11T20:25:00Z,2026-10-09T18:46+00:00
Michael Wilson,rec_yds,40.0,-464,Detroit Lions @ Arizona Cardinals,2026-10-11T20:25:00Z,2026-10-09T18:46+00:00
Michael Wilson,rec_yds,50.0,-297,Detroit Lions @ Arizona Cardinals,2026-10-11T20:25:00Z,2026-10-09T18:46+00:00
Michael Wilson,rec_yds,60.0,-198,Detroit Lions @ Arizona Cardinals,2026-10-11T20:25:00Z,2026-10-09T18:46+00:00
Michael Wilson,rec_yds,70.0,-137,Detroit Lions @ Arizona Cardinals,2026-10-11T20:25:00Z,2026-10-09T18:46+00:00
Michael Wilson,rec_yds,76.0,-110,Detroit Lions @ Arizona Cardinals,2026-10-11T20:25:00Z,2026-10-09T18:46+00:00
Michael Wilson,rec_yds,80.0,105,Detroit Lions @ Arizona Cardinals,2026-10-11T20:25:00Z,2026-10-09T18:46+00:00
Michael Wilson,rec_yds,90.0,146,Detroit Lions @ Arizona Cardinals,2026-10-11T20:25:00Z,2026-10-09T18:46+00:00
Michael Wilson,rec_yds,100.0,199,Detroit Lions @ Arizona Cardinals,2026-10-11T20:25:00Z,2026-10-09T18:46+00:00
Michael Wilson,rec_yds,110.0,273,Detroit Lions @ Arizona Cardinals,2026-10-11T20:25:00Z,2026-10-09T18:46+00:00
Michael Wilson,rec_yds,120.0,362,Detroit Lions @ Arizona Cardinals,2026-10-11T20:25:00Z,2026-10-09T18:46+00:00
Michael Wilson,rec_yds,130.0,481,Detroit Lions @ Arizona Cardinals,2026-10-11T20:25:00Z,2026-10-09T18:46+00:00
Michael Wilson,rec_yds,140.0,650,Detroit Lions @ Arizona Cardinals,2026-10-11T20:25:00Z,2026-10-09T18:46+00:00
Michael Wilson,rec_yds,150.0,890,Detroit Lions @ Arizona Cardinals,2026-10-11T20:25:00Z,2026-10-09T18:46+00:00
Michael Wilson,rec_yds,160.0,1180,Detroit Lions @ Arizona Cardinals,2026-10-11T20:25:00Z,2026-10-09T18:46+00:00
Michael Wilson,rec_yds,170.0,1600,Detroit Lions @ Arizona Cardinals,2026-10-11T20:25:00Z,2026-10-09T18:46+00:00
Michael Wilson,rec_yds,180.0,2100,Detroit Lions @ Arizona Cardinals,2026-10-11T20:25:00Z,2026-10-09T18:46+00:00
Michael Wilson,rec_yds,190.0,2600,Detroit Lions @ Arizona Cardinals,2026-10-11T20:25:00Z,2026-10-09T18:46+00:00
Michael Wilson,rec_yds,200.0,3400,Detroit Lions @ Arizona Cardinals,2026-10-11T20:25:00Z,2026-10-09T18:46+00:00
Trey McBride,rec_yds,40.0,-880,Detroit Lions @ Arizona Cardinals,2026-10-11T20:25:00Z,2026-10-09T18:46+00:00
Trey McBride,rec_yds,50.0,-467,Detroit Lions @ Arizona Cardinals,2026-10-11T20:25:00Z,2026-10-09T18:46+00:00
Trey McBride,rec_yds,60.0,-280,Detroit Lions @ Arizona Cardinals,2026-10-11T20:25:00Z,2026-10-09T18:46+00:00
Trey McBride,rec_yds,70.0,-176,Detroit Lions @ Arizona Cardinals,2026-10-11T20:25:00Z,2026-10-09T18:46+00:00
Trey McBride,rec_yds,80.0,-116,Detroit Lions @ Arizona Cardinals,2026-10-11T20:25:00Z,2026-10-09T18:46+00:00
Trey McBride,rec_yds,81.0,-112,Detroit Lions @ Arizona Cardinals,2026-10-11T20:25:00Z,2026-10-09T18:46+00:00
Trey McBride,rec_yds,90.0,125,Detroit Lions @ Arizona Cardinals,2026-10-11T20:25:00Z,2026-10-09T18:46+00:00
Trey McBride,rec_yds,100.0,178,Detroit Lions @ Arizona Cardinals,2026-10-11T20:25:00Z,2026-10-09T18:46+00:00
Trey McBride,rec_yds,110.0,256,Detroit Lions @ Arizona Cardinals,2026-10-11T20:25:00Z,2026-10-09T18:46+00:00
Trey McBride,rec_yds,120.0,360,Detroit Lions @ Arizona Cardinals,2026-10-11T20:25:00Z,2026-10-09T18:46+00:00
Trey McBride,rec_yds,130.0,499,Detroit Lions @ Arizona Cardinals,2026-10-11T20:25:00Z,2026-10-09T18:46+00:00
Trey McBride,rec_yds,140.0,690,Detroit Lions @ Arizona Cardinals,2026-10-11T20:25:00Z,2026-10-09T18:46+00:00
Trey McBride,rec_yds,150.0,970,Detroit Lions @ Arizona Cardinals,2026-10-11T20:25:00Z,2026-10-09T18:46+00:00
Trey McBride,rec_yds,160.0,1320,Detroit Lions @ Arizona Cardinals,2026-10-11T20:25:00Z,2026-10-09T18:46+00:00
Trey McBride,rec_yds,170.0,1780,Detroit Lions @ Arizona Cardinals,2026-10-11T20:25:00Z,2026-10-09T18:46+00:00
Trey McBride,rec_yds,180.0,2300,Detroit Lions @ Arizona Cardinals,2026-10-11T20:25:00Z,2026-10-09T18:46+00:00
Trey McBride,rec_yds,190.0,3100,Detroit Lions @ Arizona Cardinals,2026-10-11T20:25:00Z,2026-10-09T18:46+00:00
Trey McBride,rec_yds,200.0,4000,Detroit Lions @ Arizona Cardinals,2026-10-11T20:25:00Z,2026-10-09T18:46+00:00
Jameson Williams,rec_yds,15.0,-1580,Detroit Lions @ Arizona Cardinals,2026-10-11T20:25:00Z,2026-10-09T18:46+00:00
Jameson Williams,rec_yds,25.0,-610,Detroit Lions @ Arizona Cardinals,2026-10-11T20:25:00Z,2026-10-09T18:46+00:00
Jameson Williams,rec_yds,40.0,-238,Detroit Lions @ Arizona Cardinals,2026-10-11T20:25:00Z,2026-10-09T18:46+00:00
Jameson Williams,rec_yds,50.0,-146,Detroit Lions @ Arizona Cardinals,2026-10-11T20:25:00Z,2026-10-09T18:46+00:00
Jameson Williams,rec_yds,56.0,-111,Detroit Lions @ Arizona Cardinals,2026-10-11T20:25:00Z,2026-10-09T18:46+00:00
Jameson Williams,rec_yds,60.0,107,Detroit Lions @ Arizona Cardinals,2026-10-11T20:25:00Z,2026-10-09T18:46+00:00
Jameson Williams,rec_yds,70.0,165,Detroit Lions @ Arizona Cardinals,2026-10-11T20:25:00Z,2026-10-09T18:46+00:00
Jameson Williams,rec_yds,80.0,244,Detroit Lions @ Arizona Cardinals,2026-10-11T20:25:00Z,2026-10-09T18:46+00:00
Jameson Williams,rec_yds,90.0,358,Detroit Lions @ Arizona Cardinals,2026-10-11T20:25:00Z,2026-10-09T18:46+00:00
Jameson Williams,rec_yds,100.0,515,Detroit Lions @ Arizona Cardinals,2026-10-11T20:25:00Z,2026-10-09T18:46+00:00
Jameson Williams,rec_yds,110.0,750,Detroit Lions @ Arizona Cardinals,2026-10-11T20:25:00Z,2026-10-09T18:46+00:00
Jameson Williams,rec_yds,120.0,1060,Detroit Lions @ Arizona Cardinals,2026-10-11T20:25:00Z,2026-10-09T18:46+00:00
Jameson Williams,rec_yds,130.0,1540,Detroit Lions @ Arizona Cardinals,2026-10-11T20:25:00Z,2026-10-09T18:46+00:00
Jameson Williams,rec_yds,140.0,2100,Detroit Lions @ Arizona Cardinals,2026-10-11T20:25:00Z,2026-10-09T18:46+00:00
Jameson Williams,rec_yds,150.0,3100,Detroit Lions @ Arizona Cardinals,2026-10-11T20:25:00Z,2026-10-09T18:46+00:00
Jameson Williams,rec_yds,160.0,4000,Detroit Lions @ Arizona Cardinals,2026-10-11T20:25:00Z,2026-10-09T18:46+00:00
Sam LaPorta,rec_yds,15.0,-1800,Detroit Lions @ Arizona Cardinals,2026-10-11T20:25:00Z,2026-10-09T18:46+00:00
Sam LaPorta,rec_yds,25.0,-620,Detroit Lions @ Arizona Cardinals,2026-10-11T20:25:00Z,2026-10-09T18:46+00:00
Sam LaPorta,rec_yds,40.0,-219,Detroit Lions @ Arizona Cardinals,2026-10-11T20:25:00Z,2026-10-09T18:46+00:00
Sam LaPorta,rec_yds,50.0,-126,Detroit Lions @ Arizona Cardinals,2026-10-11T20:25:00Z,2026-10-09T18:46+00:00
Sam LaPorta,rec_yds,52.0,-114,Detroit Lions @ Arizona Cardinals,2026-10-11T20:25:00Z,2026-10-09T18:46+00:00
Sam LaPorta,rec_yds,60.0,130,Detroit Lions @ Arizona Cardinals,2026-10-11T20:25:00Z,2026-10-09T18:46+00:00
Sam LaPorta,rec_yds,70.0,205,Detroit Lions @ Arizona Cardinals,2026-10-11T20:25:00Z,2026-10-09T18:46+00:00
Sam LaPorta,rec_yds,80.0,317,Detroit Lions @ Arizona Cardinals,2026-10-11T20:25:00Z,2026-10-09T18:46+00:00
Sam LaPorta,rec_yds,90.0,477,Detroit Lions @ Arizona Cardinals,2026-10-11T20:25:00Z,2026-10-09T18:46+00:00
Sam LaPorta,rec_yds,100.0,720,Detroit Lions @ Arizona Cardinals,2026-10-11T20:25:00Z,2026-10-09T18:46+00:00
Sam LaPorta,rec_yds,110.0,1060,Detroit Lions @ Arizona Cardinals,2026-10-11T20:25:00Z,2026-10-09T18:46+00:00
Sam LaPorta,rec_yds,120.0,1500,Detroit Lions @ Arizona Cardinals,2026-10-11T20:25:00Z,2026-10-09T18:46+00:00
Sam LaPorta,rec_yds,130.0,2200,Detroit Lions @ Arizona Cardinals,2026-10-11T20:25:00Z,2026-10-09T18:46+00:00
Sam LaPorta,rec_yds,140.0,3100,Detroit Lions @ Arizona Cardinals,2026-10-11T20:25:00Z,2026-10-09T18:46+00:00
Marvin Harrison Jr.,rec_yds,15.0,-416,Detroit Lions @ Arizona Cardinals,2026-10-11T20:25:00Z,2026-10-09T18:46+00:00
Marvin Harrison Jr.,rec_yds,25.0,-197,Detroit Lions @ Arizona Cardinals,2026-10-11T20:25:00Z,2026-10-09T18:46+00:00
Marvin Harrison Jr.,rec_yds,35.0,-110,Detroit Lions @ Arizona Cardinals,2026-10-11T20:25:00Z,2026-10-09T18:46+00:00
Marvin Harrison Jr.,rec_yds,40.0,116,Detroit Lions @ Arizona Cardinals,2026-10-11T20:25:00Z,2026-10-09T18:46+00:00
Marvin Harrison Jr.,rec_yds,50.0,183,Detroit Lions @ Arizona Cardinals,2026-10-11T20:25:00Z,2026-10-09T18:46+00:00
Marvin Harrison Jr.,rec_yds,60.0,281,Detroit Lions @ Arizona Cardinals,2026-10-11T20:25:00Z,2026-10-09T18:46+00:00
Marvin Harrison Jr.,rec_yds,70.0,419,Detroit Lions @ Arizona Cardinals,2026-10-11T20:25:00Z,2026-10-09T18:46+00:00
Marvin Harrison Jr.,rec_yds,80.0,630,Detroit Lions @ Arizona Cardinals,2026-10-11T20:25:00Z,2026-10-09T18:46+00:00
Marvin Harrison Jr.,rec_yds,90.0,920,Detroit Lions @ Arizona Cardinals,2026-10-11T20:25:00Z,2026-10-09T18:46+00:00
Marvin Harrison Jr.,rec_yds,100.0,1360,Detroit Lions @ Arizona Cardinals,2026-10-11T20:25:00Z,2026-10-09T18:46+00:00
Marvin Harrison Jr.,rec_yds,110.0,2000,Detroit Lions @ Arizona Cardinals,2026-10-11T20:25:00Z,2026-10-09T18:46+00:00
Marvin Harrison Jr.,rec_yds,120.0,2800,Detroit Lions @ Arizona Cardinals,2026-10-11T20:25:00Z,2026-10-09T18:46+00:00
Marvin Harrison Jr.,rec_yds,130.0,3800,Detroit Lions @ Arizona Cardinals,2026-10-11T20:25:00Z,2026-10-09T18:46+00:00
Jahmyr Gibbs,rec_yds,15.0,-830,Detroit Lions @ Arizona Cardinals,2026-10-11T20:25:00Z,2026-10-09T18:46+00:00
Jahmyr Gibbs,rec_yds,25.0,-289,Detroit Lions @ Arizona Cardinals,2026-10-11T20:25:00Z,2026-10-09T18:46+00:00
Jahmyr Gibbs,rec_yds,38.0,-113,Detroit Lions @ Arizona Cardinals,2026-10-11T20:25:00Z,2026-10-09T18:46+00:00
Jahmyr Gibbs,rec_yds,40.0,100,Detroit Lions @ Arizona Cardinals,2026-10-11T20:25:00Z,2026-10-09T18:46+00:00
Jahmyr Gibbs,rec_yds,50.0,184,Detroit Lions @ Arizona Cardinals,2026-10-11T20:25:00Z,2026-10-09T18:46+00:00
Jahmyr Gibbs,rec_yds,60.0,314,Detroit Lions @ Arizona Cardinals,2026-10-11T20:25:00Z,2026-10-09T18:46+00:00
Jahmyr Gibbs,rec_yds,70.0,519,Detroit Lions @ Arizona Cardinals,2026-10-11T20:25:00Z,2026-10-09T18:46+00:00
Jahmyr Gibbs,rec_yds,80.0,850,Detroit Lions @ Arizona Cardinals,2026-10-11T20:25:00Z,2026-10-09T18:46+00:00
Jahmyr Gibbs,rec_yds,90.0,1360,Detroit Lions @ Arizona Cardinals,2026-10-11T20:25:00Z,2026-10-09T18:46+00:00
Jahmyr Gibbs,rec_yds,100.0,2100,Detroit Lions @ Arizona Cardinals,2026-10-11T20:25:00Z,2026-10-09T18:46+00:00
Jahmyr Gibbs,rec_yds,110.0,3300,Detroit Lions @ Arizona Cardinals,2026-10-11T20:25:00Z,2026-10-09T18:46+00:00
Isaac TeSlaa,rec_yds,15.0,-255,Detroit Lions @ Arizona Cardinals,2026-10-11T20:25:00Z,2026-10-09T18:46+00:00
Isaac TeSlaa,rec_yds,25.0,-120,Detroit Lions @ Arizona Cardinals,2026-10-11T20:25:00Z,2026-10-09T18:46+00:00
Isaac TeSlaa,rec_yds,26.0,-112,Detroit Lions @ Arizona Cardinals,2026-10-11T20:25:00Z,2026-10-09T18:46+00:00
Isaac TeSlaa,rec_yds,40.0,195,Detroit Lions @ Arizona Cardinals,2026-10-11T20:25:00Z,2026-10-09T18:46+00:00
Isaac TeSlaa,rec_yds,50.0,318,Detroit Lions @ Arizona Cardinals,2026-10-11T20:25:00Z,2026-10-09T18:46+00:00
Isaac TeSlaa,rec_yds,60.0,515,Detroit Lions @ Arizona Cardinals,2026-10-11T20:25:00Z,2026-10-09T18:46+00:00
Isaac TeSlaa,rec_yds,70.0,800,Detroit Lions @ Arizona Cardinals,2026-10-11T20:25:00Z,2026-10-09T18:46+00:00
Isaac TeSlaa,rec_yds,80.0,1280,Detroit Lions @ Arizona Cardinals,2026-10-11T20:25:00Z,2026-10-09T18:46+00:00
Isaac TeSlaa,rec_yds,90.0,1920,Detroit Lions @ Arizona Cardinals,2026-10-11T20:25:00Z,2026-10-09T18:46+00:00
Isaac TeSlaa,rec_yds,100.0,2800,Detroit Lions @ Arizona Cardinals,2026-10-11T20:25:00Z,2026-10-09T18:46+00:00
Isaac TeSlaa,rec_yds,110.0,3900,Detroit Lions @ Arizona Cardinals,2026-10-11T20:25:00Z,2026-10-09T18:46+00:00
Kendrick Bourne,rec_yds,15.0,-246,Detroit Lions @ Arizona Cardinals,2026-10-11T20:25:00Z,2026-10-09T18:46+00:00
Kendrick Bourne,rec_yds,25.0,-115,Detroit Lions @ Arizona Cardinals,2026-10-11T20:25:00Z,2026-10-09T18:46+00:00
Kendrick Bourne,rec_yds,40.0,214,Detroit Lions @ Arizona Cardinals,2026-10-11T20:25:00Z,2026-10-09T18:46+00:00
Kendrick Bourne,rec_yds,50.0,366,Detroit Lions @ Arizona Cardinals,2026-10-11T20:25:00Z,2026-10-09T18:46+00:00
Kendrick Bourne,rec_yds,60.0,593,Detroit Lions @ Arizona Cardinals,2026-10-11T20:25:00Z,2026-10-09T18:46+00:00
Kendrick Bourne,rec_yds,70.0,950,Detroit Lions @ Arizona Cardinals,2026-10-11T20:25:00Z,2026-10-09T18:46+00:00
Kendrick Bourne,rec_yds,80.0,1440,Detroit Lions @ Arizona Cardinals,2026-10-11T20:25:00Z,2026-10-09T18:46+00:00
Kendrick Bourne,rec_yds,90.0,2200,Detroit Lions @ Arizona Cardinals,2026-10-11T20:25:00Z,2026-10-09T18:46+00:00
Kendrick Bourne,rec_yds,100.0,3300,Detroit Lions @ Arizona Cardinals,2026-10-11T20:25:00Z,2026-10-09T18:46+00:00
Jeremiyah Love,rec_yds,12.0,-113,Detroit Lions @ Arizona Cardinals,2026-10-11T20:25:00Z,2026-10-09T18:46+00:00
Jeremiyah Love,rec_yds,15.0,126,Detroit Lions @ Arizona Cardinals,2026-10-11T20:25:00Z,2026-10-09T18:46+00:00
Jeremiyah Love,rec_yds,25.0,323,Detroit Lions @ Arizona Cardinals,2026-10-11T20:25:00Z,2026-10-09T18:46+00:00
Jeremiyah Love,rec_yds,40.0,900,Detroit Lions @ Arizona Cardinals,2026-10-11T20:25:00Z,2026-10-09T18:46+00:00
Jeremiyah Love,rec_yds,50.0,1380,Detroit Lions @ Arizona Cardinals,2026-10-11T20:25:00Z,2026-10-09T18:46+00:00
Jeremiyah Love,rec_yds,60.0,1980,Detroit Lions @ Arizona Cardinals,2026-10-11T20:25:00Z,2026-10-09T18:46+00:00
Jeremiyah Love,rec_yds,70.0,2800,Detroit Lions @ Arizona Cardinals,2026-10-11T20:25:00Z,2026-10-09T18:46+00:00
Jeremiyah Love,rec_yds,80.0,4000,Detroit Lions @ Arizona Cardinals,2026-10-11T20:25:00Z,2026-10-09T18:46+00:00
Tyler Allgeier,rec_yds,9.0,-120,Detroit Lions @ Arizona Cardinals,2026-10-11T20:25:00Z,2026-10-09T18:46+00:00
Tyler Allgeier,rec_yds,15.0,179,Detroit Lions @ Arizona Cardinals,2026-10-11T20:25:00Z,2026-10-09T18:46+00:00
Tyler Allgeier,rec_yds,25.0,443,Detroit Lions @ Arizona Cardinals,2026-10-11T20:25:00Z,2026-10-09T18:46+00:00
Tyler Allgeier,rec_yds,40.0,1240,Detroit Lions @ Arizona Cardinals,2026-10-11T20:25:00Z,2026-10-09T18:46+00:00
Tyler Allgeier,rec_yds,50.0,1980,Detroit Lions @ Arizona Cardinals,2026-10-11T20:25:00Z,2026-10-09T18:46+00:00
Tyler Allgeier,rec_yds,60.0,2900,Detroit Lions @ Arizona Cardinals,2026-10-11T20:25:00Z,2026-10-09T18:46+00:00
Tyler Allgeier,rec_yds,70.0,3900,Detroit Lions @ Arizona Cardinals,2026-10-11T20:25:00Z,2026-10-09T18:46+00:00
Trey McBride,receptions,5.0,-1240,Detroit Lions @ Arizona Cardinals,2026-10-11T20:25:00Z,2026-10-09T18:46+00:00
Trey McBride,receptions,6.0,-520,Detroit Lions @ Arizona Cardinals,2026-10-11T20:25:00Z,2026-10-09T18:46+00:00
Trey McBride,receptions,7.0,-261,Detroit Lions @ Arizona Cardinals,2026-10-11T20:25:00Z,2026-10-09T18:46+00:00
Trey McBride,receptions,8.0,-142,Detroit Lions @ Arizona Cardinals,2026-10-11T20:25:00Z,2026-10-09T18:46+00:00
Trey McBride,receptions,9.0,120,Detroit Lions @ Arizona Cardinals,2026-10-11T20:25:00Z,2026-10-09T18:46+00:00
Trey McBride,receptions,10.0,205,Detroit Lions @ Arizona Cardinals,2026-10-11T20:25:00Z,2026-10-09T18:46+00:00
Trey McBride,receptions,11.0,341,Detroit Lions @ Arizona Cardinals,2026-10-11T20:25:00Z,2026-10-09T18:46+00:00
Trey McBride,receptions,12.0,560,Detroit Lions @ Arizona Cardinals,2026-10-11T20:25:00Z,2026-10-09T18:46+00:00
Trey McBride,receptions,13.0,890,Detroit Lions @ Arizona Cardinals,2026-10-11T20:25:00Z,2026-10-09T18:46+00:00
Trey McBride,receptions,14.0,1400,Detroit Lions @ Arizona Cardinals,2026-10-11T20:25:00Z,2026-10-09T18:46+00:00
Trey McBride,receptions,15.0,2100,Detroit Lions @ Arizona Cardinals,2026-10-11T20:25:00Z,2026-10-09T18:46+00:00
Trey McBride,receptions,16.0,2800,Detroit Lions @ Arizona Cardinals,2026-10-11T20:25:00Z,2026-10-09T18:46+00:00
Amon-Ra St. Brown,receptions,4.0,-2500,Detroit Lions @ Arizona Cardinals,2026-10-11T20:25:00Z,2026-10-09T18:46+00:00
Amon-Ra St. Brown,receptions,5.0,-810,Detroit Lions @ Arizona Cardinals,2026-10-11T20:25:00Z,2026-10-09T18:46+00:00
Amon-Ra St. Brown,receptions,6.0,-345,Detroit Lions @ Arizona Cardinals,2026-10-11T20:25:00Z,2026-10-09T18:46+00:00
Amon-Ra St. Brown,receptions,7.0,-174,Detroit Lions @ Arizona Cardinals,2026-10-11T20:25:00Z,2026-10-09T18:46+00:00
Amon-Ra St. Brown,receptions,8.0,105,Detroit Lions @ Arizona Cardinals,2026-10-11T20:25:00Z,2026-10-09T18:46+00:00
Amon-Ra St. Brown,receptions,9.0,184,Detroit Lions @ Arizona Cardinals,2026-10-11T20:25:00Z,2026-10-09T18:46+00:00
Amon-Ra St. Brown,receptions,10.0,322,Detroit Lions @ Arizona Cardinals,2026-10-11T20:25:00Z,2026-10-09T18:46+00:00
Amon-Ra St. Brown,receptions,11.0,553,Detroit Lions @ Arizona Cardinals,2026-10-11T20:25:00Z,2026-10-09T18:46+00:00
Amon-Ra St. Brown,receptions,12.0,910,Detroit Lions @ Arizona Cardinals,2026-10-11T20:25:00Z,2026-10-09T18:46+00:00
Amon-Ra St. Brown,receptions,13.0,1480,Detroit Lions @ Arizona Cardinals,2026-10-11T20:25:00Z,2026-10-09T18:46+00:00
Amon-Ra St. Brown,receptions,14.0,2100,Detroit Lions @ Arizona Cardinals,2026-10-11T20:25:00Z,2026-10-09T18:46+00:00
Amon-Ra St. Brown,receptions,15.0,2900,Detroit Lions @ Arizona Cardinals,2026-10-11T20:25:00Z,2026-10-09T18:46+00:00
Michael Wilson,receptions,3.0,-2500,Detroit Lions @ Arizona Cardinals,2026-10-11T20:25:00Z,2026-10-09T18:46+00:00
Michael Wilson,receptions,4.0,-750,Detroit Lions @ Arizona Cardinals,2026-10-11T20:25:00Z,2026-10-09T18:46+00:00
Michael Wilson,receptions,5.0,-322,Detroit Lions @ Arizona Cardinals,2026-10-11T20:25:00Z,2026-10-09T18:46+00:00
Michael Wilson,receptions,6.0,-161,Detroit Lions @ Arizona Cardinals,2026-10-11T20:25:00Z,2026-10-09T18:46+00:00
Michael Wilson,receptions,7.0,115,Detroit Lions @ Arizona Cardinals,2026-10-11T20:25:00Z,2026-10-09T18:46+00:00
Michael Wilson,receptions,8.0,203,Detroit Lions @ Arizona Cardinals,2026-10-11T20:25:00Z,2026-10-09T18:46+00:00
Michael Wilson,receptions,9.0,358,Detroit Lions @ Arizona Cardinals,2026-10-11T20:25:00Z,2026-10-09T18:46+00:00
Michael Wilson,receptions,10.0,610,Detroit Lions @ Arizona Cardinals,2026-10-11T20:25:00Z,2026-10-09T18:46+00:00
Michael Wilson,receptions,11.0,1020,Detroit Lions @ Arizona Cardinals,2026-10-11T20:25:00Z,2026-10-09T18:46+00:00
Michael Wilson,receptions,12.0,1660,Detroit Lions @ Arizona Cardinals,2026-10-11T20:25:00Z,2026-10-09T18:46+00:00
Michael Wilson,receptions,13.0,2400,Detroit Lions @ Arizona Cardinals,2026-10-11T20:25:00Z,2026-10-09T18:46+00:00
Sam LaPorta,receptions,3.0,-1040,Detroit Lions @ Arizona Cardinals,2026-10-11T20:25:00Z,2026-10-09T18:46+00:00
Sam LaPorta,receptions,4.0,-354,Detroit Lions @ Arizona Cardinals,2026-10-11T20:25:00Z,2026-10-09T18:46+00:00
Sam LaPorta,receptions,5.0,-159,Detroit Lions @ Arizona Cardinals,2026-10-11T20:25:00Z,2026-10-09T18:46+00:00
Sam LaPorta,receptions,6.0,129,Detroit Lions @ Arizona Cardinals,2026-10-11T20:25:00Z,2026-10-09T18:46+00:00
Sam LaPorta,receptions,7.0,247,Detroit Lions @ Arizona Cardinals,2026-10-11T20:25:00Z,2026-10-09T18:46+00:00
Sam LaPorta,receptions,8.0,465,Detroit Lions @ Arizona Cardinals,2026-10-11T20:25:00Z,2026-10-09T18:46+00:00
Sam LaPorta,receptions,9.0,860,Detroit Lions @ Arizona Cardinals,2026-10-11T20:25:00Z,2026-10-09T18:46+00:00
Sam LaPorta,receptions,10.0,1500,Detroit Lions @ Arizona Cardinals,2026-10-11T20:25:00Z,2026-10-09T18:46+00:00
Sam LaPorta,receptions,11.0,2300,Detroit Lions @ Arizona Cardinals,2026-10-11T20:25:00Z,2026-10-09T18:46+00:00
Jahmyr Gibbs,receptions,3.0,-760,Detroit Lions @ Arizona Cardinals,2026-10-11T20:25:00Z,2026-10-09T18:46+00:00
Jahmyr Gibbs,receptions,4.0,-280,Detroit Lions @ Arizona Cardinals,2026-10-11T20:25:00Z,2026-10-09T18:46+00:00
Jahmyr Gibbs,receptions,5.0,-128,Detroit Lions @ Arizona Cardinals,2026-10-11T20:25:00Z,2026-10-09T18:46+00:00
Jahmyr Gibbs,receptions,6.0,159,Detroit Lions @ Arizona Cardinals,2026-10-11T20:25:00Z,2026-10-09T18:46+00:00
Jahmyr Gibbs,receptions,7.0,303,Detroit Lions @ Arizona Cardinals,2026-10-11T20:25:00Z,2026-10-09T18:46+00:00
Jahmyr Gibbs,receptions,8.0,569,Detroit Lions @ Arizona Cardinals,2026-10-11T20:25:00Z,2026-10-09T18:46+00:00
Jahmyr Gibbs,receptions,9.0,1020,Detroit Lions @ Arizona Cardinals,2026-10-11T20:25:00Z,2026-10-09T18:46+00:00
Jahmyr Gibbs,receptions,10.0,1800,Detroit Lions @ Arizona Cardinals,2026-10-11T20:25:00Z,2026-10-09T18:46+00:00
Jahmyr Gibbs,receptions,11.0,2700,Detroit Lions @ Arizona Cardinals,2026-10-11T20:25:00Z,2026-10-09T18:46+00:00
Jameson Williams,receptions,2.0,-1360,Detroit Lions @ Arizona Cardinals,2026-10-11T20:25:00Z,2026-10-09T18:46+00:00
Jameson Williams,receptions,3.0,-351,Detroit Lions @ Arizona Cardinals,2026-10-11T20:25:00Z,2026-10-09T18:46+00:00
Jameson Williams,receptions,4.0,-134,Detroit Lions @ Arizona Cardinals,2026-10-11T20:25:00Z,2026-10-09T18:46+00:00
Jameson Williams,receptions,5.0,167,Detroit Lions @ Arizona Cardinals,2026-10-11T20:25:00Z,2026-10-09T18:46+00:00
Jameson Williams,receptions,6.0,351,Detroit Lions @ Arizona Cardinals,2026-10-11T20:25:00Z,2026-10-09T18:46+00:00
Jameson Williams,receptions,7.0,720,Detroit Lions @ Arizona Cardinals,2026-10-11T20:25:00Z,2026-10-09T18:46+00:00
Jameson Williams,receptions,8.0,1420,Detroit Lions @ Arizona Cardinals,2026-10-11T20:25:00Z,2026-10-09T18:46+00:00
Jameson Williams,receptions,9.0,2500,Detroit Lions @ Arizona Cardinals,2026-10-11T20:25:00Z,2026-10-09T18:46+00:00
Marvin Harrison Jr.,receptions,2.0,-414,Detroit Lions @ Arizona Cardinals,2026-10-11T20:25:00Z,2026-10-09T18:46+00:00
Marvin Harrison Jr.,receptions,3.0,-135,Detroit Lions @ Arizona Cardinals,2026-10-11T20:25:00Z,2026-10-09T18:46+00:00
Marvin Harrison Jr.,receptions,4.0,187,Detroit Lions @ Arizona Cardinals,2026-10-11T20:25:00Z,2026-10-09T18:46+00:00
Marvin Harrison Jr.,receptions,5.0,417,Detroit Lions @ Arizona Cardinals,2026-10-11T20:25:00Z,2026-10-09T18:46+00:00
Marvin Harrison Jr.,receptions,6.0,920,Detroit Lions @ Arizona Cardinals,2026-10-11T20:25:00Z,2026-10-09T18:46+00:00
Marvin Harrison Jr.,receptions,7.0,1860,Detroit Lions @ Arizona Cardinals,2026-10-11T20:25:00Z,2026-10-09T18:46+00:00
Isaac TeSlaa,receptions,2.0,-220,Detroit Lions @ Arizona Cardinals,2026-10-11T20:25:00Z,2026-10-09T18:46+00:00
Isaac TeSlaa,receptions,3.0,126,Detroit Lions @ Arizona Cardinals,2026-10-11T20:25:00Z,2026-10-09T18:46+00:00
Isaac TeSlaa,receptions,4.0,299,Detroit Lions @ Arizona Cardinals,2026-10-11T20:25:00Z,2026-10-09T18:46+00:00
Isaac TeSlaa,receptions,5.0,680,Detroit Lions @ Arizona Cardinals,2026-10-11T20:25:00Z,2026-10-09T18:46+00:00
Isaac TeSlaa,receptions,6.0,1420,Detroit Lions @ Arizona Cardinals,2026-10-11T20:25:00Z,2026-10-09T18:46+00:00
Isaac TeSlaa,receptions,7.0,2500,Detroit Lions @ Arizona Cardinals,2026-10-11T20:25:00Z,2026-10-09T18:46+00:00
Kendrick Bourne,receptions,2.0,-307,Detroit Lions @ Arizona Cardinals,2026-10-11T20:25:00Z,2026-10-09T18:46+00:00
Kendrick Bourne,receptions,3.0,-101,Detroit Lions @ Arizona Cardinals,2026-10-11T20:25:00Z,2026-10-09T18:46+00:00
Kendrick Bourne,receptions,4.0,251,Detroit Lions @ Arizona Cardinals,2026-10-11T20:25:00Z,2026-10-09T18:46+00:00
Kendrick Bourne,receptions,5.0,585,Detroit Lions @ Arizona Cardinals,2026-10-11T20:25:00Z,2026-10-09T18:46+00:00
Kendrick Bourne,receptions,6.0,1300,Detroit Lions @ Arizona Cardinals,2026-10-11T20:25:00Z,2026-10-09T18:46+00:00
Kendrick Bourne,receptions,7.0,2500,Detroit Lions @ Arizona Cardinals,2026-10-11T20:25:00Z,2026-10-09T18:46+00:00
Jeremiyah Love,receptions,2.0,-267,Detroit Lions @ Arizona Cardinals,2026-10-11T20:25:00Z,2026-10-09T18:46+00:00
Jeremiyah Love,receptions,3.0,113,Detroit Lions @ Arizona Cardinals,2026-10-11T20:25:00Z,2026-10-09T18:46+00:00
Jeremiyah Love,receptions,4.0,289,Detroit Lions @ Arizona Cardinals,2026-10-11T20:25:00Z,2026-10-09T18:46+00:00
Jeremiyah Love,receptions,5.0,690,Detroit Lions @ Arizona Cardinals,2026-10-11T20:25:00Z,2026-10-09T18:46+00:00
Jeremiyah Love,receptions,6.0,1480,Detroit Lions @ Arizona Cardinals,2026-10-11T20:25:00Z,2026-10-09T18:46+00:00
Jeremiyah Love,receptions,7.0,2700,Detroit Lions @ Arizona Cardinals,2026-10-11T20:25:00Z,2026-10-09T18:46+00:00
Tyler Allgeier,receptions,2.0,-166,Detroit Lions @ Arizona Cardinals,2026-10-11T20:25:00Z,2026-10-09T18:46+00:00
Tyler Allgeier,receptions,3.0,179,Detroit Lions @ Arizona Cardinals,2026-10-11T20:25:00Z,2026-10-09T18:46+00:00
Tyler Allgeier,receptions,4.0,462,Detroit Lions @ Arizona Cardinals,2026-10-11T20:25:00Z,2026-10-09T18:46+00:00
Tyler Allgeier,receptions,5.0,1120,Detroit Lions @ Arizona Cardinals,2026-10-11T20:25:00Z,2026-10-09T18:46+00:00
Tyler Allgeier,receptions,6.0,2200,Detroit Lions @ Arizona Cardinals,2026-10-11T20:25:00Z,2026-10-09T18:46+00:00
Jahmyr Gibbs,rush_att,12.0,-2500,Detroit Lions @ Arizona Cardinals,2026-10-11T20:25:00Z,2026-10-09T18:46+00:00
Jahmyr Gibbs,rush_att,14.0,-900,Detroit Lions @ Arizona Cardinals,2026-10-11T20:25:00Z,2026-10-09T18:46+00:00
Jahmyr Gibbs,rush_att,16.0,-398,Detroit Lions @ Arizona Cardinals,2026-10-11T20:25:00Z,2026-10-09T18:46+00:00
Jahmyr Gibbs,rush_att,18.0,-205,Detroit Lions @ Arizona Cardinals,2026-10-11T20:25:00Z,2026-10-09T18:46+00:00
Jahmyr Gibbs,rush_att,20.0,-110,Detroit Lions @ Arizona Cardinals,2026-10-11T20:25:00Z,2026-10-09T18:46+00:00
Jahmyr Gibbs,rush_att,22.0,166,Detroit Lions @ Arizona Cardinals,2026-10-11T20:25:00Z,2026-10-09T18:46+00:00
Jahmyr Gibbs,rush_att,24.0,305,Detroit Lions @ Arizona Cardinals,2026-10-11T20:25:00Z,2026-10-09T18:46+00:00
Jahmyr Gibbs,rush_att,26.0,562,Detroit Lions @ Arizona Cardinals,2026-10-11T20:25:00Z,2026-10-09T18:46+00:00
Jahmyr Gibbs,rush_att,28.0,1020,Detroit Lions @ Arizona Cardinals,2026-10-11T20:25:00Z,2026-10-09T18:46+00:00
Jahmyr Gibbs,rush_yds,40.0,-2500,Detroit Lions @ Arizona Cardinals,2026-10-11T20:25:00Z,2026-10-09T18:46+00:00
Jahmyr Gibbs,rush_yds,50.0,-990,Detroit Lions @ Arizona Cardinals,2026-10-11T20:25:00Z,2026-10-09T18:46+00:00
Jahmyr Gibbs,rush_yds,60.0,-499,Detroit Lions @ Arizona Cardinals,2026-10-11T20:25:00Z,2026-10-09T18:46+00:00
Jahmyr Gibbs,rush_yds,70.0,-292,Detroit Lions @ Arizona Cardinals,2026-10-11T20:25:00Z,2026-10-09T18:46+00:00
Jahmyr Gibbs,rush_yds,80.0,-180,Detroit Lions @ Arizona Cardinals,2026-10-11T20:25:00Z,2026-10-09T18:46+00:00
Jahmyr Gibbs,rush_yds,90.0,-118,Detroit Lions @ Arizona Cardinals,2026-10-11T20:25:00Z,2026-10-09T18:46+00:00
Jahmyr Gibbs,rush_yds,91.0,-114,Detroit Lions @ Arizona Cardinals,2026-10-11T20:25:00Z,2026-10-09T18:46+00:00
Jahmyr Gibbs,rush_yds,100.0,126,Detroit Lions @ Arizona Cardinals,2026-10-11T20:25:00Z,2026-10-09T18:46+00:00
Jahmyr Gibbs,rush_yds,110.0,185,Detroit Lions @ Arizona Cardinals,2026-10-11T20:25:00Z,2026-10-09T18:46+00:00
Jahmyr Gibbs,rush_yds,120.0,266,Detroit Lions @ Arizona Cardinals,2026-10-11T20:25:00Z,2026-10-09T18:46+00:00
Jahmyr Gibbs,rush_yds,130.0,383,Detroit Lions @ Arizona Cardinals,2026-10-11T20:25:00Z,2026-10-09T18:46+00:00
Jahmyr Gibbs,rush_yds,140.0,553,Detroit Lions @ Arizona Cardinals,2026-10-11T20:25:00Z,2026-10-09T18:46+00:00
Jahmyr Gibbs,rush_yds,150.0,790,Detroit Lions @ Arizona Cardinals,2026-10-11T20:25:00Z,2026-10-09T18:46+00:00
Jahmyr Gibbs,rush_yds,160.0,1140,Detroit Lions @ Arizona Cardinals,2026-10-11T20:25:00Z,2026-10-09T18:46+00:00
Jahmyr Gibbs,rush_yds,170.0,1600,Detroit Lions @ Arizona Cardinals,2026-10-11T20:25:00Z,2026-10-09T18:46+00:00
Jahmyr Gibbs,rush_yds,180.0,2200,Detroit Lions @ Arizona Cardinals,2026-10-11T20:25:00Z,2026-10-09T18:46+00:00
Jahmyr Gibbs,rush_yds,190.0,2900,Detroit Lions @ Arizona Cardinals,2026-10-11T20:25:00Z,2026-10-09T18:46+00:00
Jahmyr Gibbs,rush_yds,200.0,3700,Detroit Lions @ Arizona Cardinals,2026-10-11T20:25:00Z,2026-10-09T18:46+00:00
Jeremiyah Love,rush_yds,10.0,-2500,Detroit Lions @ Arizona Cardinals,2026-10-11T20:25:00Z,2026-10-09T18:46+00:00
Jeremiyah Love,rush_yds,15.0,-1140,Detroit Lions @ Arizona Cardinals,2026-10-11T20:25:00Z,2026-10-09T18:46+00:00
Jeremiyah Love,rush_yds,20.0,-670,Detroit Lions @ Arizona Cardinals,2026-10-11T20:25:00Z,2026-10-09T18:46+00:00
Jeremiyah Love,rush_yds,25.0,-418,Detroit Lions @ Arizona Cardinals,2026-10-11T20:25:00Z,2026-10-09T18:46+00:00
Jeremiyah Love,rush_yds,30.0,-281,Detroit Lions @ Arizona Cardinals,2026-10-11T20:25:00Z,2026-10-09T18:46+00:00
Jeremiyah Love,rush_yds,40.0,-144,Detroit Lions @ Arizona Cardinals,2026-10-11T20:25:00Z,2026-10-09T18:46+00:00
Jeremiyah Love,rush_yds,45.0,-110,Detroit Lions @ Arizona Cardinals,2026-10-11T20:25:00Z,2026-10-09T18:46+00:00
Jeremiyah Love,rush_yds,50.0,119,Detroit Lions @ Arizona Cardinals,2026-10-11T20:25:00Z,2026-10-09T18:46+00:00
Jeremiyah Love,rush_yds,60.0,189,Detroit Lions @ Arizona Cardinals,2026-10-11T20:25:00Z,2026-10-09T18:46+00:00
Jeremiyah Love,rush_yds,70.0,294,Detroit Lions @ Arizona Cardinals,2026-10-11T20:25:00Z,2026-10-09T18:46+00:00
Jeremiyah Love,rush_yds,80.0,437,Detroit Lions @ Arizona Cardinals,2026-10-11T20:25:00Z,2026-10-09T18:46+00:00
Jeremiyah Love,rush_yds,90.0,640,Detroit Lions @ Arizona Cardinals,2026-10-11T20:25:00Z,2026-10-09T18:46+00:00
Jeremiyah Love,rush_yds,100.0,950,Detroit Lions @ Arizona Cardinals,2026-10-11T20:25:00Z,2026-10-09T18:46+00:00
Jeremiyah Love,rush_yds,110.0,1380,Detroit Lions @ Arizona Cardinals,2026-10-11T20:25:00Z,2026-10-09T18:46+00:00
Jeremiyah Love,rush_yds,120.0,1920,Detroit Lions @ Arizona Cardinals,2026-10-11T20:25:00Z,2026-10-09T18:46+00:00
Jeremiyah Love,rush_yds,130.0,2500,Detroit Lions @ Arizona Cardinals,2026-10-11T20:25:00Z,2026-10-09T18:46+00:00
Jeremiyah Love,rush_yds,140.0,3300,Detroit Lions @ Arizona Cardinals,2026-10-11T20:25:00Z,2026-10-09T18:46+00:00
Tyler Allgeier,rush_yds,10.0,-690,Detroit Lions @ Arizona Cardinals,2026-10-11T20:25:00Z,2026-10-09T18:46+00:00
Tyler Allgeier,rush_yds,15.0,-375,Detroit Lions @ Arizona Cardinals,2026-10-11T20:25:00Z,2026-10-09T18:46+00:00
Tyler Allgeier,rush_yds,20.0,-226,Detroit Lions @ Arizona Cardinals,2026-10-11T20:25:00Z,2026-10-09T18:46+00:00
Tyler Allgeier,rush_yds,25.0,-148,Detroit Lions @ Arizona Cardinals,2026-10-11T20:25:00Z,2026-10-09T18:46+00:00
Tyler Allgeier,rush_yds,29.0,-109,Detroit Lions @ Arizona Cardinals,2026-10-11T20:25:00Z,2026-10-09T18:46+00:00
Tyler Allgeier,rush_yds,30.0,-101,Detroit Lions @ Arizona Cardinals,2026-10-11T20:25:00Z,2026-10-09T18:46+00:00
Tyler Allgeier,rush_yds,40.0,188,Detroit Lions @ Arizona Cardinals,2026-10-11T20:25:00Z,2026-10-09T18:46+00:00
Tyler Allgeier,rush_yds,50.0,328,Detroit Lions @ Arizona Cardinals,2026-10-11T20:25:00Z,2026-10-09T18:46+00:00
Tyler Allgeier,rush_yds,60.0,545,Detroit Lions @ Arizona Cardinals,2026-10-11T20:25:00Z,2026-10-09T18:46+00:00
Tyler Allgeier,rush_yds,70.0,870,Detroit Lions @ Arizona Cardinals,2026-10-11T20:25:00Z,2026-10-09T18:46+00:00
Tyler Allgeier,rush_yds,80.0,1280,Detroit Lions @ Arizona Cardinals,2026-10-11T20:25:00Z,2026-10-09T18:46+00:00
Tyler Allgeier,rush_yds,90.0,1900,Detroit Lions @ Arizona Cardinals,2026-10-11T20:25:00Z,2026-10-09T18:46+00:00
Tyler Allgeier,rush_yds,100.0,2800,Detroit Lions @ Arizona Cardinals,2026-10-11T20:25:00Z,2026-10-09T18:46+00:00
Tyler Allgeier,rush_yds,110.0,3800,Detroit Lions @ Arizona Cardinals,2026-10-11T20:25:00Z,2026-10-09T18:46+00:00
Sione Vaki,rush_yds,8.0,-108,Detroit Lions @ Arizona Cardinals,2026-10-11T20:25:00Z,2026-10-09T18:46+00:00
Sione Vaki,rush_yds,10.0,124,Detroit Lions @ Arizona Cardinals,2026-10-11T20:25:00Z,2026-10-09T18:46+00:00
Sione Vaki,rush_yds,15.0,229,Detroit Lions @ Arizona Cardinals,2026-10-11T20:25:00Z,2026-10-09T18:46+00:00
Sione Vaki,rush_yds,20.0,373,Detroit Lions @ Arizona Cardinals,2026-10-11T20:25:00Z,2026-10-09T18:46+00:00
Sione Vaki,rush_yds,25.0,561,Detroit Lions @ Arizona Cardinals,2026-10-11T20:25:00Z,2026-10-09T18:46+00:00
Sione Vaki,rush_yds,30.0,780,Detroit Lions @ Arizona Cardinals,2026-10-11T20:25:00Z,2026-10-09T18:46+00:00
Sione Vaki,rush_yds,40.0,1400,Detroit Lions @ Arizona Cardinals,2026-10-11T20:25:00Z,2026-10-09T18:46+00:00
Sione Vaki,rush_yds,50.0,2200,Detroit Lions @ Arizona Cardinals,2026-10-11T20:25:00Z,2026-10-09T18:46+00:00
Sione Vaki,rush_yds,60.0,3400,Detroit Lions @ Arizona Cardinals,2026-10-11T20:25:00Z,2026-10-09T18:46+00:00
Jacoby Brissett,rush_yds,9.0,-104,Detroit Lions @ Arizona Cardinals,2026-10-11T20:25:00Z,2026-10-09T18:46+00:00
Jacoby Brissett,rush_yds,10.0,111,Detroit Lions @ Arizona Cardinals,2026-10-11T20:25:00Z,2026-10-09T18:46+00:00
Jacoby Brissett,rush_yds,15.0,208,Detroit Lions @ Arizona Cardinals,2026-10-11T20:25:00Z,2026-10-09T18:46+00:00
Jacoby Brissett,rush_yds,20.0,366,Detroit Lions @ Arizona Cardinals,2026-10-11T20:25:00Z,2026-10-09T18:46+00:00
Jacoby Brissett,rush_yds,25.0,610,Detroit Lions @ Arizona Cardinals,2026-10-11T20:25:00Z,2026-10-09T18:46+00:00
Jacoby Brissett,rush_yds,30.0,960,Detroit Lions @ Arizona Cardinals,2026-10-11T20:25:00Z,2026-10-09T18:46+00:00
Jacoby Brissett,rush_yds,40.0,2000,Detroit Lions @ Arizona Cardinals,2026-10-11T20:25:00Z,2026-10-09T18:46+00:00
Jacoby Brissett,rush_yds,50.0,3500,Detroit Lions @ Arizona Cardinals,2026-10-11T20:25:00Z,2026-10-09T18:46+00:00
Jared Goff,rush_yds,1.0,-120,Detroit Lions @ Arizona Cardinals,2026-10-11T20:25:00Z,2026-10-09T18:46+00:00
Jared Goff,rush_yds,10.0,411,Detroit Lions @ Arizona Cardinals,2026-10-11T20:25:00Z,2026-10-09T18:46+00:00
Jared Goff,rush_yds,15.0,850,Detroit Lions @ Arizona Cardinals,2026-10-11T20:25:00Z,2026-10-09T18:46+00:00
Jared Goff,rush_yds,20.0,1500,Detroit Lions @ Arizona Cardinals,2026-10-11T20:25:00Z,2026-10-09T18:46+00:00
Jared Goff,rush_yds,25.0,2400,Detroit Lions @ Arizona Cardinals,2026-10-11T20:25:00Z,2026-10-09T18:46+00:00
Jared Goff,rush_yds,30.0,3600,Detroit Lions @ Arizona Cardinals,2026-10-11T20:25:00Z,2026-10-09T18:46+00:00
Brock Purdy,pass_att,24.0,-2300,San Francisco 49ers @ Seattle Seahawks,2026-10-11T20:25:00Z,2026-10-09T18:46+00:00
Brock Purdy,pass_att,26.0,-920,San Francisco 49ers @ Seattle Seahawks,2026-10-11T20:25:00Z,2026-10-09T18:46+00:00
Brock Purdy,pass_att,28.0,-444,San Francisco 49ers @ Seattle Seahawks,2026-10-11T20:25:00Z,2026-10-09T18:46+00:00
Brock Purdy,pass_att,30.0,-243,San Francisco 49ers @ Seattle Seahawks,2026-10-11T20:25:00Z,2026-10-09T18:46+00:00
Brock Purdy,pass_att,32.0,-141,San Francisco 49ers @ Seattle Seahawks,2026-10-11T20:25:00Z,2026-10-09T18:46+00:00
Brock Purdy,pass_att,33.0,-109,San Francisco 49ers @ Seattle Seahawks,2026-10-11T20:25:00Z,2026-10-09T18:46+00:00
Brock Purdy,pass_att,34.0,118,San Francisco 49ers @ Seattle Seahawks,2026-10-11T20:25:00Z,2026-10-09T18:46+00:00
Brock Purdy,pass_att,36.0,187,San Francisco 49ers @ Seattle Seahawks,2026-10-11T20:25:00Z,2026-10-09T18:46+00:00
Brock Purdy,pass_att,38.0,297,San Francisco 49ers @ Seattle Seahawks,2026-10-11T20:25:00Z,2026-10-09T18:46+00:00
Brock Purdy,pass_att,40.0,469,San Francisco 49ers @ Seattle Seahawks,2026-10-11T20:25:00Z,2026-10-09T18:46+00:00
Brock Purdy,pass_att,42.0,720,San Francisco 49ers @ Seattle Seahawks,2026-10-11T20:25:00Z,2026-10-09T18:46+00:00
Brock Purdy,pass_att,44.0,1080,San Francisco 49ers @ Seattle Seahawks,2026-10-11T20:25:00Z,2026-10-09T18:46+00:00
Brock Purdy,pass_att,46.0,1600,San Francisco 49ers @ Seattle Seahawks,2026-10-11T20:25:00Z,2026-10-09T18:46+00:00
Sam Darnold,pass_att,22.0,-3000,San Francisco 49ers @ Seattle Seahawks,2026-10-11T20:25:00Z,2026-10-09T18:46+00:00
Sam Darnold,pass_att,24.0,-1020,San Francisco 49ers @ Seattle Seahawks,2026-10-11T20:25:00Z,2026-10-09T18:46+00:00
Sam Darnold,pass_att,26.0,-475,San Francisco 49ers @ Seattle Seahawks,2026-10-11T20:25:00Z,2026-10-09T18:46+00:00
Sam Darnold,pass_att,28.0,-251,San Francisco 49ers @ Seattle Seahawks,2026-10-11T20:25:00Z,2026-10-09T18:46+00:00
Sam Darnold,pass_att,30.0,-145,San Francisco 49ers @ Seattle Seahawks,2026-10-11T20:25:00Z,2026-10-09T18:46+00:00
Sam Darnold,pass_att,31.0,-112,San Francisco 49ers @ Seattle Seahawks,2026-10-11T20:25:00Z,2026-10-09T18:46+00:00
Sam Darnold,pass_att,32.0,115,San Francisco 49ers @ Seattle Seahawks,2026-10-11T20:25:00Z,2026-10-09T18:46+00:00
Sam Darnold,pass_att,34.0,186,San Francisco 49ers @ Seattle Seahawks,2026-10-11T20:25:00Z,2026-10-09T18:46+00:00
Sam Darnold,pass_att,36.0,293,San Francisco 49ers @ Seattle Seahawks,2026-10-11T20:25:00Z,2026-10-09T18:46+00:00
Sam Darnold,pass_att,38.0,455,San Francisco 49ers @ Seattle Seahawks,2026-10-11T20:25:00Z,2026-10-09T18:46+00:00
Sam Darnold,pass_att,40.0,720,San Francisco 49ers @ Seattle Seahawks,2026-10-11T20:25:00Z,2026-10-09T18:46+00:00
Sam Darnold,pass_att,42.0,1080,San Francisco 49ers @ Seattle Seahawks,2026-10-11T20:25:00Z,2026-10-09T18:46+00:00
Sam Darnold,pass_att,44.0,1620,San Francisco 49ers @ Seattle Seahawks,2026-10-11T20:25:00Z,2026-10-09T18:46+00:00
Brock Purdy,pass_cmps,16.0,-1000,San Francisco 49ers @ Seattle Seahawks,2026-10-11T20:25:00Z,2026-10-09T18:46+00:00
Brock Purdy,pass_cmps,18.0,-382,San Francisco 49ers @ Seattle Seahawks,2026-10-11T20:25:00Z,2026-10-09T18:46+00:00
Brock Purdy,pass_cmps,20.0,-170,San Francisco 49ers @ Seattle Seahawks,2026-10-11T20:25:00Z,2026-10-09T18:46+00:00
Brock Purdy,pass_cmps,21.0,-119,San Francisco 49ers @ Seattle Seahawks,2026-10-11T20:25:00Z,2026-10-09T18:46+00:00
Brock Purdy,pass_cmps,22.0,117,San Francisco 49ers @ Seattle Seahawks,2026-10-11T20:25:00Z,2026-10-09T18:46+00:00
Brock Purdy,pass_cmps,24.0,229,San Francisco 49ers @ Seattle Seahawks,2026-10-11T20:25:00Z,2026-10-09T18:46+00:00
Brock Purdy,pass_cmps,26.0,443,San Francisco 49ers @ Seattle Seahawks,2026-10-11T20:25:00Z,2026-10-09T18:46+00:00
Brock Purdy,pass_cmps,28.0,840,San Francisco 49ers @ Seattle Seahawks,2026-10-11T20:25:00Z,2026-10-09T18:46+00:00
Brock Purdy,pass_cmps,30.0,1540,San Francisco 49ers @ Seattle Seahawks,2026-10-11T20:25:00Z,2026-10-09T18:46+00:00
Sam Darnold,pass_cmps,16.0,-990,San Francisco 49ers @ Seattle Seahawks,2026-10-11T20:25:00Z,2026-10-09T18:46+00:00
Sam Darnold,pass_cmps,18.0,-360,San Francisco 49ers @ Seattle Seahawks,2026-10-11T20:25:00Z,2026-10-09T18:46+00:00
Sam Darnold,pass_cmps,20.0,-162,San Francisco 49ers @ Seattle Seahawks,2026-10-11T20:25:00Z,2026-10-09T18:46+00:00
Sam Darnold,pass_cmps,21.0,-113,San Francisco 49ers @ Seattle Seahawks,2026-10-11T20:25:00Z,2026-10-09T18:46+00:00
Sam Darnold,pass_cmps,22.0,126,San Francisco 49ers @ Seattle Seahawks,2026-10-11T20:25:00Z,2026-10-09T18:46+00:00
Sam Darnold,pass_cmps,24.0,244,San Francisco 49ers @ Seattle Seahawks,2026-10-11T20:25:00Z,2026-10-09T18:46+00:00
Sam Darnold,pass_cmps,26.0,477,San Francisco 49ers @ Seattle Seahawks,2026-10-11T20:25:00Z,2026-10-09T18:46+00:00
Sam Darnold,pass_cmps,28.0,910,San Francisco 49ers @ Seattle Seahawks,2026-10-11T20:25:00Z,2026-10-09T18:46+00:00
Sam Darnold,pass_cmps,30.0,1600,San Francisco 49ers @ Seattle Seahawks,2026-10-11T20:25:00Z,2026-10-09T18:46+00:00
Brock Purdy,pass_yds,150.0,-1280,San Francisco 49ers @ Seattle Seahawks,2026-10-11T20:25:00Z,2026-10-09T18:46+00:00
Brock Purdy,pass_yds,160.0,-880,San Francisco 49ers @ Seattle Seahawks,2026-10-11T20:25:00Z,2026-10-09T18:46+00:00
Brock Purdy,pass_yds,170.0,-600,San Francisco 49ers @ Seattle Seahawks,2026-10-11T20:25:00Z,2026-10-09T18:46+00:00
Brock Purdy,pass_yds,180.0,-431,San Francisco 49ers @ Seattle Seahawks,2026-10-11T20:25:00Z,2026-10-09T18:46+00:00
Brock Purdy,pass_yds,190.0,-316,San Francisco 49ers @ Seattle Seahawks,2026-10-11T20:25:00Z,2026-10-09T18:46+00:00
Brock Purdy,pass_yds,200.0,-234,San Francisco 49ers @ Seattle Seahawks,2026-10-11T20:25:00Z,2026-10-09T18:46+00:00
Brock Purdy,pass_yds,210.0,-178,San Francisco 49ers @ Seattle Seahawks,2026-10-11T20:25:00Z,2026-10-09T18:46+00:00
Brock Purdy,pass_yds,220.0,-137,San Francisco 49ers @ Seattle Seahawks,2026-10-11T20:25:00Z,2026-10-09T18:46+00:00
Brock Purdy,pass_yds,228.0,-113,San Francisco 49ers @ Seattle Seahawks,2026-10-11T20:25:00Z,2026-10-09T18:46+00:00
Brock Purdy,pass_yds,230.0,-107,San Francisco 49ers @ Seattle Seahawks,2026-10-11T20:25:00Z,2026-10-09T18:46+00:00
Brock Purdy,pass_yds,240.0,119,San Francisco 49ers @ Seattle Seahawks,2026-10-11T20:25:00Z,2026-10-09T18:46+00:00
Brock Purdy,pass_yds,250.0,152,San Francisco 49ers @ Seattle Seahawks,2026-10-11T20:25:00Z,2026-10-09T18:46+00:00
Brock Purdy,pass_yds,260.0,194,San Francisco 49ers @ Seattle Seahawks,2026-10-11T20:25:00Z,2026-10-09T18:46+00:00
Brock Purdy,pass_yds,270.0,244,San Francisco 49ers @ Seattle Seahawks,2026-10-11T20:25:00Z,2026-10-09T18:46+00:00
Brock Purdy,pass_yds,280.0,317,San Francisco 49ers @ Seattle Seahawks,2026-10-11T20:25:00Z,2026-10-09T18:46+00:00
Brock Purdy,pass_yds,290.0,400,San Francisco 49ers @ Seattle Seahawks,2026-10-11T20:25:00Z,2026-10-09T18:46+00:00
Brock Purdy,pass_yds,300.0,515,San Francisco 49ers @ Seattle Seahawks,2026-10-11T20:25:00Z,2026-10-09T18:46+00:00
Brock Purdy,pass_yds,310.0,650,San Francisco 49ers @ Seattle Seahawks,2026-10-11T20:25:00Z,2026-10-09T18:46+00:00
Brock Purdy,pass_yds,320.0,830,San Francisco 49ers @ Seattle Seahawks,2026-10-11T20:25:00Z,2026-10-09T18:46+00:00
Brock Purdy,pass_yds,330.0,1060,San Francisco 49ers @ Seattle Seahawks,2026-10-11T20:25:00Z,2026-10-09T18:46+00:00
Brock Purdy,pass_yds,340.0,1380,San Francisco 49ers @ Seattle Seahawks,2026-10-11T20:25:00Z,2026-10-09T18:46+00:00
Brock Purdy,pass_yds,350.0,1760,San Francisco 49ers @ Seattle Seahawks,2026-10-11T20:25:00Z,2026-10-09T18:46+00:00
Brock Purdy,pass_yds,360.0,2100,San Francisco 49ers @ Seattle Seahawks,2026-10-11T20:25:00Z,2026-10-09T18:46+00:00
Brock Purdy,pass_yds,370.0,2700,San Francisco 49ers @ Seattle Seahawks,2026-10-11T20:25:00Z,2026-10-09T18:46+00:00
Brock Purdy,pass_yds,380.0,3300,San Francisco 49ers @ Seattle Seahawks,2026-10-11T20:25:00Z,2026-10-09T18:46+00:00
Sam Darnold,pass_yds,160.0,-1080,San Francisco 49ers @ Seattle Seahawks,2026-10-11T20:25:00Z,2026-10-09T18:46+00:00
Sam Darnold,pass_yds,170.0,-720,San Francisco 49ers @ Seattle Seahawks,2026-10-11T20:25:00Z,2026-10-09T18:46+00:00
Sam Darnold,pass_yds,180.0,-492,San Francisco 49ers @ Seattle Seahawks,2026-10-11T20:25:00Z,2026-10-09T18:46+00:00
Sam Darnold,pass_yds,190.0,-360,San Francisco 49ers @ Seattle Seahawks,2026-10-11T20:25:00Z,2026-10-09T18:46+00:00
Sam Darnold,pass_yds,200.0,-265,San Francisco 49ers @ Seattle Seahawks,2026-10-11T20:25:00Z,2026-10-09T18:46+00:00
Sam Darnold,pass_yds,210.0,-201,San Francisco 49ers @ Seattle Seahawks,2026-10-11T20:25:00Z,2026-10-09T18:46+00:00
Sam Darnold,pass_yds,220.0,-151,San Francisco 49ers @ Seattle Seahawks,2026-10-11T20:25:00Z,2026-10-09T18:46+00:00
Sam Darnold,pass_yds,230.0,-115,San Francisco 49ers @ Seattle Seahawks,2026-10-11T20:25:00Z,2026-10-09T18:46+00:00
Sam Darnold,pass_yds,231.0,-112,San Francisco 49ers @ Seattle Seahawks,2026-10-11T20:25:00Z,2026-10-09T18:46+00:00
Sam Darnold,pass_yds,240.0,112,San Francisco 49ers @ Seattle Seahawks,2026-10-11T20:25:00Z,2026-10-09T18:46+00:00
Sam Darnold,pass_yds,250.0,143,San Francisco 49ers @ Seattle Seahawks,2026-10-11T20:25:00Z,2026-10-09T18:46+00:00
Sam Darnold,pass_yds,260.0,186,San Francisco 49ers @ Seattle Seahawks,2026-10-11T20:25:00Z,2026-10-09T18:46+00:00
Sam Darnold,pass_yds,270.0,241,San Francisco 49ers @ Seattle Seahawks,2026-10-11T20:25:00Z,2026-10-09T18:46+00:00
Sam Darnold,pass_yds,280.0,305,San Francisco 49ers @ Seattle Seahawks,2026-10-11T20:25:00Z,2026-10-09T18:46+00:00
Sam Darnold,pass_yds,290.0,392,San Francisco 49ers @ Seattle Seahawks,2026-10-11T20:25:00Z,2026-10-09T18:46+00:00
Sam Darnold,pass_yds,300.0,501,San Francisco 49ers @ Seattle Seahawks,2026-10-11T20:25:00Z,2026-10-09T18:46+00:00
Sam Darnold,pass_yds,310.0,640,San Francisco 49ers @ Seattle Seahawks,2026-10-11T20:25:00Z,2026-10-09T18:46+00:00
Sam Darnold,pass_yds,320.0,820,San Francisco 49ers @ Seattle Seahawks,2026-10-11T20:25:00Z,2026-10-09T18:46+00:00
Sam Darnold,pass_yds,330.0,1040,San Francisco 49ers @ Seattle Seahawks,2026-10-11T20:25:00Z,2026-10-09T18:46+00:00
Sam Darnold,pass_yds,340.0,1340,San Francisco 49ers @ Seattle Seahawks,2026-10-11T20:25:00Z,2026-10-09T18:46+00:00
Sam Darnold,pass_yds,350.0,1740,San Francisco 49ers @ Seattle Seahawks,2026-10-11T20:25:00Z,2026-10-09T18:46+00:00
Sam Darnold,pass_yds,360.0,2200,San Francisco 49ers @ Seattle Seahawks,2026-10-11T20:25:00Z,2026-10-09T18:46+00:00
Sam Darnold,pass_yds,370.0,2800,San Francisco 49ers @ Seattle Seahawks,2026-10-11T20:25:00Z,2026-10-09T18:46+00:00
Sam Darnold,pass_yds,380.0,3400,San Francisco 49ers @ Seattle Seahawks,2026-10-11T20:25:00Z,2026-10-09T18:46+00:00
Jaxon Smith-Njigba,rec_yds,40.0,-1900,San Francisco 49ers @ Seattle Seahawks,2026-10-11T20:25:00Z,2026-10-09T18:46+00:00
Jaxon Smith-Njigba,rec_yds,50.0,-920,San Francisco 49ers @ Seattle Seahawks,2026-10-11T20:25:00Z,2026-10-09T18:46+00:00
Jaxon Smith-Njigba,rec_yds,60.0,-530,San Francisco 49ers @ Seattle Seahawks,2026-10-11T20:25:00Z,2026-10-09T18:46+00:00
Jaxon Smith-Njigba,rec_yds,70.0,-326,San Francisco 49ers @ Seattle Seahawks,2026-10-11T20:25:00Z,2026-10-09T18:46+00:00
Jaxon Smith-Njigba,rec_yds,80.0,-212,San Francisco 49ers @ Seattle Seahawks,2026-10-11T20:25:00Z,2026-10-09T18:46+00:00
Jaxon Smith-Njigba,rec_yds,90.0,-141,San Francisco 49ers @ Seattle Seahawks,2026-10-11T20:25:00Z,2026-10-09T18:46+00:00
Jaxon Smith-Njigba,rec_yds,97.0,-110,San Francisco 49ers @ Seattle Seahawks,2026-10-11T20:25:00Z,2026-10-09T18:46+00:00
Jaxon Smith-Njigba,rec_yds,100.0,101,San Francisco 49ers @ Seattle Seahawks,2026-10-11T20:25:00Z,2026-10-09T18:46+00:00
Jaxon Smith-Njigba,rec_yds,110.0,146,San Francisco 49ers @ Seattle Seahawks,2026-10-11T20:25:00Z,2026-10-09T18:46+00:00
Jaxon Smith-Njigba,rec_yds,120.0,205,San Francisco 49ers @ Seattle Seahawks,2026-10-11T20:25:00Z,2026-10-09T18:46+00:00
Jaxon Smith-Njigba,rec_yds,130.0,286,San Francisco 49ers @ Seattle Seahawks,2026-10-11T20:25:00Z,2026-10-09T18:46+00:00
Jaxon Smith-Njigba,rec_yds,140.0,396,San Francisco 49ers @ Seattle Seahawks,2026-10-11T20:25:00Z,2026-10-09T18:46+00:00
Jaxon Smith-Njigba,rec_yds,150.0,554,San Francisco 49ers @ Seattle Seahawks,2026-10-11T20:25:00Z,2026-10-09T18:46+00:00
Jaxon Smith-Njigba,rec_yds,160.0,770,San Francisco 49ers @ Seattle Seahawks,2026-10-11T20:25:00Z,2026-10-09T18:46+00:00
Jaxon Smith-Njigba,rec_yds,170.0,1080,San Francisco 49ers @ Seattle Seahawks,2026-10-11T20:25:00Z,2026-10-09T18:46+00:00
Jaxon Smith-Njigba,rec_yds,180.0,1500,San Francisco 49ers @ Seattle Seahawks,2026-10-11T20:25:00Z,2026-10-09T18:46+00:00
Jaxon Smith-Njigba,rec_yds,190.0,2000,San Francisco 49ers @ Seattle Seahawks,2026-10-11T20:25:00Z,2026-10-09T18:46+00:00
Jaxon Smith-Njigba,rec_yds,200.0,2600,San Francisco 49ers @ Seattle Seahawks,2026-10-11T20:25:00Z,2026-10-09T18:46+00:00
George Kittle,rec_yds,15.0,-2100,San Francisco 49ers @ Seattle Seahawks,2026-10-11T20:25:00Z,2026-10-09T18:46+00:00
George Kittle,rec_yds,25.0,-740,San Francisco 49ers @ Seattle Seahawks,2026-10-11T20:25:00Z,2026-10-09T18:46+00:00
George Kittle,rec_yds,40.0,-251,San Francisco 49ers @ Seattle Seahawks,2026-10-11T20:25:00Z,2026-10-09T18:46+00:00
George Kittle,rec_yds,50.0,-147,San Francisco 49ers @ Seattle Seahawks,2026-10-11T20:25:00Z,2026-10-09T18:46+00:00
George Kittle,rec_yds,56.0,-110,San Francisco 49ers @ Seattle Seahawks,2026-10-11T20:25:00Z,2026-10-09T18:46+00:00
George Kittle,rec_yds,60.0,110,San Francisco 49ers @ Seattle Seahawks,2026-10-11T20:25:00Z,2026-10-09T18:46+00:00
George Kittle,rec_yds,70.0,167,San Francisco 49ers @ Seattle Seahawks,2026-10-11T20:25:00Z,2026-10-09T18:46+00:00
George Kittle,rec_yds,80.0,254,San Francisco 49ers @ Seattle Seahawks,2026-10-11T20:25:00Z,2026-10-09T18:46+00:00
George Kittle,rec_yds,90.0,381,San Francisco 49ers @ Seattle Seahawks,2026-10-11T20:25:00Z,2026-10-09T18:46+00:00
George Kittle,rec_yds,100.0,568,San Francisco 49ers @ Seattle Seahawks,2026-10-11T20:25:00Z,2026-10-09T18:46+00:00
George Kittle,rec_yds,110.0,810,San Francisco 49ers @ Seattle Seahawks,2026-10-11T20:25:00Z,2026-10-09T18:46+00:00
George Kittle,rec_yds,120.0,1200,San Francisco 49ers @ Seattle Seahawks,2026-10-11T20:25:00Z,2026-10-09T18:46+00:00
George Kittle,rec_yds,130.0,1720,San Francisco 49ers @ Seattle Seahawks,2026-10-11T20:25:00Z,2026-10-09T18:46+00:00
George Kittle,rec_yds,140.0,2300,San Francisco 49ers @ Seattle Seahawks,2026-10-11T20:25:00Z,2026-10-09T18:46+00:00
George Kittle,rec_yds,150.0,3300,San Francisco 49ers @ Seattle Seahawks,2026-10-11T20:25:00Z,2026-10-09T18:46+00:00
Mike Evans,rec_yds,15.0,-1280,San Francisco 49ers @ Seattle Seahawks,2026-10-11T20:25:00Z,2026-10-09T18:46+00:00
Mike Evans,rec_yds,25.0,-516,San Francisco 49ers @ Seattle Seahawks,2026-10-11T20:25:00Z,2026-10-09T18:46+00:00
Mike Evans,rec_yds,40.0,-197,San Francisco 49ers @ Seattle Seahawks,2026-10-11T20:25:00Z,2026-10-09T18:46+00:00
Mike Evans,rec_yds,50.0,-116,San Francisco 49ers @ Seattle Seahawks,2026-10-11T20:25:00Z,2026-10-09T18:46+00:00
Mike Evans,rec_yds,51.0,-110,San Francisco 49ers @ Seattle Seahawks,2026-10-11T20:25:00Z,2026-10-09T18:46+00:00
Mike Evans,rec_yds,60.0,138,San Francisco 49ers @ Seattle Seahawks,2026-10-11T20:25:00Z,2026-10-09T18:46+00:00
Mike Evans,rec_yds,70.0,209,San Francisco 49ers @ Seattle Seahawks,2026-10-11T20:25:00Z,2026-10-09T18:46+00:00
Mike Evans,rec_yds,80.0,316,San Francisco 49ers @ Seattle Seahawks,2026-10-11T20:25:00Z,2026-10-09T18:46+00:00
Mike Evans,rec_yds,90.0,465,San Francisco 49ers @ Seattle Seahawks,2026-10-11T20:25:00Z,2026-10-09T18:46+00:00
Mike Evans,rec_yds,100.0,690,San Francisco 49ers @ Seattle Seahawks,2026-10-11T20:25:00Z,2026-10-09T18:46+00:00
Mike Evans,rec_yds,110.0,1000,San Francisco 49ers @ Seattle Seahawks,2026-10-11T20:25:00Z,2026-10-09T18:46+00:00
Mike Evans,rec_yds,120.0,1440,San Francisco 49ers @ Seattle Seahawks,2026-10-11T20:25:00Z,2026-10-09T18:46+00:00
Mike Evans,rec_yds,130.0,2000,San Francisco 49ers @ Seattle Seahawks,2026-10-11T20:25:00Z,2026-10-09T18:46+00:00
Mike Evans,rec_yds,140.0,2900,San Francisco 49ers @ Seattle Seahawks,2026-10-11T20:25:00Z,2026-10-09T18:46+00:00
Mike Evans,rec_yds,150.0,3900,San Francisco 49ers @ Seattle Seahawks,2026-10-11T20:25:00Z,2026-10-09T18:46+00:00
Christian McCaffrey,rec_yds,15.0,-680,San Francisco 49ers @ Seattle Seahawks,2026-10-11T20:25:00Z,2026-10-09T18:46+00:00
Christian McCaffrey,rec_yds,25.0,-254,San Francisco 49ers @ Seattle Seahawks,2026-10-11T20:25:00Z,2026-10-09T18:46+00:00
Christian McCaffrey,rec_yds,37.0,-112,San Francisco 49ers @ Seattle Seahawks,2026-10-11T20:25:00Z,2026-10-09T18:46+00:00
Christian McCaffrey,rec_yds,40.0,108,San Francisco 49ers @ Seattle Seahawks,2026-10-11T20:25:00Z,2026-10-09T18:46+00:00
Christian McCaffrey,rec_yds,50.0,186,San Francisco 49ers @ Seattle Seahawks,2026-10-11T20:25:00Z,2026-10-09T18:46+00:00
Christian McCaffrey,rec_yds,60.0,305,San Francisco 49ers @ Seattle Seahawks,2026-10-11T20:25:00Z,2026-10-09T18:46+00:00
Christian McCaffrey,rec_yds,70.0,492,San Francisco 49ers @ Seattle Seahawks,2026-10-11T20:25:00Z,2026-10-09T18:46+00:00
Christian McCaffrey,rec_yds,80.0,780,San Francisco 49ers @ Seattle Seahawks,2026-10-11T20:25:00Z,2026-10-09T18:46+00:00
Christian McCaffrey,rec_yds,90.0,1260,San Francisco 49ers @ Seattle Seahawks,2026-10-11T20:25:00Z,2026-10-09T18:46+00:00
Christian McCaffrey,rec_yds,100.0,1920,San Francisco 49ers @ Seattle Seahawks,2026-10-11T20:25:00Z,2026-10-09T18:46+00:00
Christian McCaffrey,rec_yds,110.0,2800,San Francisco 49ers @ Seattle Seahawks,2026-10-11T20:25:00Z,2026-10-09T18:46+00:00
Christian McCaffrey,rec_yds,120.0,3800,San Francisco 49ers @ Seattle Seahawks,2026-10-11T20:25:00Z,2026-10-09T18:46+00:00
Deebo Samuel,rec_yds,15.0,-482,San Francisco 49ers @ Seattle Seahawks,2026-10-11T20:25:00Z,2026-10-09T18:46+00:00
Deebo Samuel,rec_yds,25.0,-197,San Francisco 49ers @ Seattle Seahawks,2026-10-11T20:25:00Z,2026-10-09T18:46+00:00
Deebo Samuel,rec_yds,33.0,-114,San Francisco 49ers @ Seattle Seahawks,2026-10-11T20:25:00Z,2026-10-09T18:46+00:00
Deebo Samuel,rec_yds,40.0,132,San Francisco 49ers @ Seattle Seahawks,2026-10-11T20:25:00Z,2026-10-09T18:46+00:00
Deebo Samuel,rec_yds,50.0,234,San Francisco 49ers @ Seattle Seahawks,2026-10-11T20:25:00Z,2026-10-09T18:46+00:00
Deebo Samuel,rec_yds,60.0,393,San Francisco 49ers @ Seattle Seahawks,2026-10-11T20:25:00Z,2026-10-09T18:46+00:00
Deebo Samuel,rec_yds,70.0,650,San Francisco 49ers @ Seattle Seahawks,2026-10-11T20:25:00Z,2026-10-09T18:46+00:00
Deebo Samuel,rec_yds,80.0,1020,San Francisco 49ers @ Seattle Seahawks,2026-10-11T20:25:00Z,2026-10-09T18:46+00:00
Deebo Samuel,rec_yds,90.0,1580,San Francisco 49ers @ Seattle Seahawks,2026-10-11T20:25:00Z,2026-10-09T18:46+00:00
Deebo Samuel,rec_yds,100.0,2300,San Francisco 49ers @ Seattle Seahawks,2026-10-11T20:25:00Z,2026-10-09T18:46+00:00
Deebo Samuel,rec_yds,110.0,3400,San Francisco 49ers @ Seattle Seahawks,2026-10-11T20:25:00Z,2026-10-09T18:46+00:00
Rashid Shaheed,rec_yds,15.0,-180,San Francisco 49ers @ Seattle Seahawks,2026-10-11T20:25:00Z,2026-10-09T18:46+00:00
Rashid Shaheed,rec_yds,21.0,-114,San Francisco 49ers @ Seattle Seahawks,2026-10-11T20:25:00Z,2026-10-09T18:46+00:00
Rashid Shaheed,rec_yds,25.0,115,San Francisco 49ers @ Seattle Seahawks,2026-10-11T20:25:00Z,2026-10-09T18:46+00:00
Rashid Shaheed,rec_yds,40.0,283,San Francisco 49ers @ Seattle Seahawks,2026-10-11T20:25:00Z,2026-10-09T18:46+00:00
Rashid Shaheed,rec_yds,50.0,495,San Francisco 49ers @ Seattle Seahawks,2026-10-11T20:25:00Z,2026-10-09T18:46+00:00
Rashid Shaheed,rec_yds,60.0,810,San Francisco 49ers @ Seattle Seahawks,2026-10-11T20:25:00Z,2026-10-09T18:46+00:00
Rashid Shaheed,rec_yds,70.0,1280,San Francisco 49ers @ Seattle Seahawks,2026-10-11T20:25:00Z,2026-10-09T18:46+00:00
Rashid Shaheed,rec_yds,80.0,1980,San Francisco 49ers @ Seattle Seahawks,2026-10-11T20:25:00Z,2026-10-09T18:46+00:00
Rashid Shaheed,rec_yds,90.0,2900,San Francisco 49ers @ Seattle Seahawks,2026-10-11T20:25:00Z,2026-10-09T18:46+00:00
Rashid Shaheed,rec_yds,100.0,4000,San Francisco 49ers @ Seattle Seahawks,2026-10-11T20:25:00Z,2026-10-09T18:46+00:00
Cooper Kupp,rec_yds,15.0,-232,San Francisco 49ers @ Seattle Seahawks,2026-10-11T20:25:00Z,2026-10-09T18:46+00:00
Cooper Kupp,rec_yds,24.0,-111,San Francisco 49ers @ Seattle Seahawks,2026-10-11T20:25:00Z,2026-10-09T18:46+00:00
Cooper Kupp,rec_yds,25.0,-103,San Francisco 49ers @ Seattle Seahawks,2026-10-11T20:25:00Z,2026-10-09T18:46+00:00
Cooper Kupp,rec_yds,40.0,260,San Francisco 49ers @ Seattle Seahawks,2026-10-11T20:25:00Z,2026-10-09T18:46+00:00
Cooper Kupp,rec_yds,50.0,468,San Francisco 49ers @ Seattle Seahawks,2026-10-11T20:25:00Z,2026-10-09T18:46+00:00
Cooper Kupp,rec_yds,60.0,810,San Francisco 49ers @ Seattle Seahawks,2026-10-11T20:25:00Z,2026-10-09T18:46+00:00
Cooper Kupp,rec_yds,70.0,1380,San Francisco 49ers @ Seattle Seahawks,2026-10-11T20:25:00Z,2026-10-09T18:46+00:00
Cooper Kupp,rec_yds,80.0,2100,San Francisco 49ers @ Seattle Seahawks,2026-10-11T20:25:00Z,2026-10-09T18:46+00:00
Cooper Kupp,rec_yds,90.0,3100,San Francisco 49ers @ Seattle Seahawks,2026-10-11T20:25:00Z,2026-10-09T18:46+00:00
AJ Barner,rec_yds,15.0,-212,San Francisco 49ers @ Seattle Seahawks,2026-10-11T20:25:00Z,2026-10-09T18:46+00:00
AJ Barner,rec_yds,23.0,-108,San Francisco 49ers @ Seattle Seahawks,2026-10-11T20:25:00Z,2026-10-09T18:46+00:00
AJ Barner,rec_yds,25.0,107,San Francisco 49ers @ Seattle Seahawks,2026-10-11T20:25:00Z,2026-10-09T18:46+00:00
AJ Barner,rec_yds,40.0,297,San Francisco 49ers @ Seattle Seahawks,2026-10-11T20:25:00Z,2026-10-09T18:46+00:00
AJ Barner,rec_yds,50.0,535,San Francisco 49ers @ Seattle Seahawks,2026-10-11T20:25:00Z,2026-10-09T18:46+00:00
AJ Barner,rec_yds,60.0,930,San Francisco 49ers @ Seattle Seahawks,2026-10-11T20:25:00Z,2026-10-09T18:46+00:00
AJ Barner,rec_yds,70.0,1540,San Francisco 49ers @ Seattle Seahawks,2026-10-11T20:25:00Z,2026-10-09T18:46+00:00
AJ Barner,rec_yds,80.0,2300,San Francisco 49ers @ Seattle Seahawks,2026-10-11T20:25:00Z,2026-10-09T18:46+00:00
AJ Barner,rec_yds,90.0,3700,San Francisco 49ers @ Seattle Seahawks,2026-10-11T20:25:00Z,2026-10-09T18:46+00:00
Emanuel Wilson,rec_yds,13.0,-114,San Francisco 49ers @ Seattle Seahawks,2026-10-11T20:25:00Z,2026-10-09T18:46+00:00
Emanuel Wilson,rec_yds,15.0,102,San Francisco 49ers @ Seattle Seahawks,2026-10-11T20:25:00Z,2026-10-09T18:46+00:00
Emanuel Wilson,rec_yds,25.0,195,San Francisco 49ers @ Seattle Seahawks,2026-10-11T20:25:00Z,2026-10-09T18:46+00:00
Emanuel Wilson,rec_yds,40.0,471,San Francisco 49ers @ Seattle Seahawks,2026-10-11T20:25:00Z,2026-10-09T18:46+00:00
Emanuel Wilson,rec_yds,50.0,790,San Francisco 49ers @ Seattle Seahawks,2026-10-11T20:25:00Z,2026-10-09T18:46+00:00
Emanuel Wilson,rec_yds,60.0,1260,San Francisco 49ers @ Seattle Seahawks,2026-10-11T20:25:00Z,2026-10-09T18:46+00:00
Emanuel Wilson,rec_yds,70.0,2000,San Francisco 49ers @ Seattle Seahawks,2026-10-11T20:25:00Z,2026-10-09T18:46+00:00
Emanuel Wilson,rec_yds,80.0,2700,San Francisco 49ers @ Seattle Seahawks,2026-10-11T20:25:00Z,2026-10-09T18:46+00:00
Emanuel Wilson,rec_yds,90.0,3800,San Francisco 49ers @ Seattle Seahawks,2026-10-11T20:25:00Z,2026-10-09T18:46+00:00
Tory Horton,rec_yds,12.0,-111,San Francisco 49ers @ Seattle Seahawks,2026-10-11T20:25:00Z,2026-10-09T18:46+00:00
Tory Horton,rec_yds,15.0,120,San Francisco 49ers @ Seattle Seahawks,2026-10-11T20:25:00Z,2026-10-09T18:46+00:00
Tory Horton,rec_yds,25.0,266,San Francisco 49ers @ Seattle Seahawks,2026-10-11T20:25:00Z,2026-10-09T18:46+00:00
Tory Horton,rec_yds,40.0,710,San Francisco 49ers @ Seattle Seahawks,2026-10-11T20:25:00Z,2026-10-09T18:46+00:00
Tory Horton,rec_yds,50.0,1260,San Francisco 49ers @ Seattle Seahawks,2026-10-11T20:25:00Z,2026-10-09T18:46+00:00
Tory Horton,rec_yds,60.0,2100,San Francisco 49ers @ Seattle Seahawks,2026-10-11T20:25:00Z,2026-10-09T18:46+00:00
Tory Horton,rec_yds,70.0,3300,San Francisco 49ers @ Seattle Seahawks,2026-10-11T20:25:00Z,2026-10-09T18:46+00:00
George Holani,rec_yds,10.0,-106,San Francisco 49ers @ Seattle Seahawks,2026-10-11T20:25:00Z,2026-10-09T18:46+00:00
George Holani,rec_yds,15.0,174,San Francisco 49ers @ Seattle Seahawks,2026-10-11T20:25:00Z,2026-10-09T18:46+00:00
George Holani,rec_yds,25.0,443,San Francisco 49ers @ Seattle Seahawks,2026-10-11T20:25:00Z,2026-10-09T18:46+00:00
George Holani,rec_yds,40.0,1300,San Francisco 49ers @ Seattle Seahawks,2026-10-11T20:25:00Z,2026-10-09T18:46+00:00
George Holani,rec_yds,50.0,2200,San Francisco 49ers @ Seattle Seahawks,2026-10-11T20:25:00Z,2026-10-09T18:46+00:00
George Holani,rec_yds,60.0,3200,San Francisco 49ers @ Seattle Seahawks,2026-10-11T20:25:00Z,2026-10-09T18:46+00:00
Jaxon Smith-Njigba,receptions,4.0,-1520,San Francisco 49ers @ Seattle Seahawks,2026-10-11T20:25:00Z,2026-10-09T18:46+00:00
Jaxon Smith-Njigba,receptions,5.0,-539,San Francisco 49ers @ Seattle Seahawks,2026-10-11T20:25:00Z,2026-10-09T18:46+00:00
Jaxon Smith-Njigba,receptions,6.0,-242,San Francisco 49ers @ Seattle Seahawks,2026-10-11T20:25:00Z,2026-10-09T18:46+00:00
Jaxon Smith-Njigba,receptions,7.0,-125,San Francisco 49ers @ Seattle Seahawks,2026-10-11T20:25:00Z,2026-10-09T18:46+00:00
Jaxon Smith-Njigba,receptions,8.0,147,San Francisco 49ers @ Seattle Seahawks,2026-10-11T20:25:00Z,2026-10-09T18:46+00:00
Jaxon Smith-Njigba,receptions,9.0,265,San Francisco 49ers @ Seattle Seahawks,2026-10-11T20:25:00Z,2026-10-09T18:46+00:00
Jaxon Smith-Njigba,receptions,10.0,469,San Francisco 49ers @ Seattle Seahawks,2026-10-11T20:25:00Z,2026-10-09T18:46+00:00
Jaxon Smith-Njigba,receptions,11.0,830,San Francisco 49ers @ Seattle Seahawks,2026-10-11T20:25:00Z,2026-10-09T18:46+00:00
Jaxon Smith-Njigba,receptions,12.0,1360,San Francisco 49ers @ Seattle Seahawks,2026-10-11T20:25:00Z,2026-10-09T18:46+00:00
Jaxon Smith-Njigba,receptions,13.0,2100,San Francisco 49ers @ Seattle Seahawks,2026-10-11T20:25:00Z,2026-10-09T18:46+00:00
Jaxon Smith-Njigba,receptions,14.0,2900,San Francisco 49ers @ Seattle Seahawks,2026-10-11T20:25:00Z,2026-10-09T18:46+00:00
Christian McCaffrey,receptions,2.0,-3400,San Francisco 49ers @ Seattle Seahawks,2026-10-11T20:25:00Z,2026-10-09T18:46+00:00
Christian McCaffrey,receptions,3.0,-700,San Francisco 49ers @ Seattle Seahawks,2026-10-11T20:25:00Z,2026-10-09T18:46+00:00
Christian McCaffrey,receptions,4.0,-269,San Francisco 49ers @ Seattle Seahawks,2026-10-11T20:25:00Z,2026-10-09T18:46+00:00
Christian McCaffrey,receptions,5.0,-130,San Francisco 49ers @ Seattle Seahawks,2026-10-11T20:25:00Z,2026-10-09T18:46+00:00
Christian McCaffrey,receptions,6.0,145,San Francisco 49ers @ Seattle Seahawks,2026-10-11T20:25:00Z,2026-10-09T18:46+00:00
Christian McCaffrey,receptions,7.0,270,San Francisco 49ers @ Seattle Seahawks,2026-10-11T20:25:00Z,2026-10-09T18:46+00:00
Christian McCaffrey,receptions,8.0,497,San Francisco 49ers @ Seattle Seahawks,2026-10-11T20:25:00Z,2026-10-09T18:46+00:00
Christian McCaffrey,receptions,9.0,870,San Francisco 49ers @ Seattle Seahawks,2026-10-11T20:25:00Z,2026-10-09T18:46+00:00
Christian McCaffrey,receptions,10.0,1440,San Francisco 49ers @ Seattle Seahawks,2026-10-11T20:25:00Z,2026-10-09T18:46+00:00
Christian McCaffrey,receptions,11.0,2100,San Francisco 49ers @ Seattle Seahawks,2026-10-11T20:25:00Z,2026-10-09T18:46+00:00
George Kittle,receptions,3.0,-770,San Francisco 49ers @ Seattle Seahawks,2026-10-11T20:25:00Z,2026-10-09T18:46+00:00
George Kittle,receptions,4.0,-274,San Francisco 49ers @ Seattle Seahawks,2026-10-11T20:25:00Z,2026-10-09T18:46+00:00
George Kittle,receptions,5.0,-126,San Francisco 49ers @ Seattle Seahawks,2026-10-11T20:25:00Z,2026-10-09T18:46+00:00
George Kittle,receptions,6.0,160,San Francisco 49ers @ Seattle Seahawks,2026-10-11T20:25:00Z,2026-10-09T18:46+00:00
George Kittle,receptions,7.0,311,San Francisco 49ers @ Seattle Seahawks,2026-10-11T20:25:00Z,2026-10-09T18:46+00:00
George Kittle,receptions,8.0,599,San Francisco 49ers @ Seattle Seahawks,2026-10-11T20:25:00Z,2026-10-09T18:46+00:00
George Kittle,receptions,9.0,1100,San Francisco 49ers @ Seattle Seahawks,2026-10-11T20:25:00Z,2026-10-09T18:46+00:00
George Kittle,receptions,10.0,1880,San Francisco 49ers @ Seattle Seahawks,2026-10-11T20:25:00Z,2026-10-09T18:46+00:00
George Kittle,receptions,11.0,2800,San Francisco 49ers @ Seattle Seahawks,2026-10-11T20:25:00Z,2026-10-09T18:46+00:00
Mike Evans,receptions,2.0,-1460,San Francisco 49ers @ Seattle Seahawks,2026-10-11T20:25:00Z,2026-10-09T18:46+00:00
Mike Evans,receptions,3.0,-394,San Francisco 49ers @ Seattle Seahawks,2026-10-11T20:25:00Z,2026-10-09T18:46+00:00
Mike Evans,receptions,4.0,-155,San Francisco 49ers @ Seattle Seahawks,2026-10-11T20:25:00Z,2026-10-09T18:46+00:00
Mike Evans,receptions,5.0,143,San Francisco 49ers @ Seattle Seahawks,2026-10-11T20:25:00Z,2026-10-09T18:46+00:00
Mike Evans,receptions,6.0,294,San Francisco 49ers @ Seattle Seahawks,2026-10-11T20:25:00Z,2026-10-09T18:46+00:00
Mike Evans,receptions,7.0,590,San Francisco 49ers @ Seattle Seahawks,2026-10-11T20:25:00Z,2026-10-09T18:46+00:00
Mike Evans,receptions,8.0,1100,San Francisco 49ers @ Seattle Seahawks,2026-10-11T20:25:00Z,2026-10-09T18:46+00:00
Mike Evans,receptions,9.0,1980,San Francisco 49ers @ Seattle Seahawks,2026-10-11T20:25:00Z,2026-10-09T18:46+00:00
Deebo Samuel,receptions,2.0,-880,San Francisco 49ers @ Seattle Seahawks,2026-10-11T20:25:00Z,2026-10-09T18:46+00:00
Deebo Samuel,receptions,3.0,-255,San Francisco 49ers @ Seattle Seahawks,2026-10-11T20:25:00Z,2026-10-09T18:46+00:00
Deebo Samuel,receptions,4.0,-104,San Francisco 49ers @ Seattle Seahawks,2026-10-11T20:25:00Z,2026-10-09T18:46+00:00
Deebo Samuel,receptions,5.0,211,San Francisco 49ers @ Seattle Seahawks,2026-10-11T20:25:00Z,2026-10-09T18:46+00:00
Deebo Samuel,receptions,6.0,440,San Francisco 49ers @ Seattle Seahawks,2026-10-11T20:25:00Z,2026-10-09T18:46+00:00
Deebo Samuel,receptions,7.0,860,San Francisco 49ers @ Seattle Seahawks,2026-10-11T20:25:00Z,2026-10-09T18:46+00:00
Deebo Samuel,receptions,8.0,1660,San Francisco 49ers @ Seattle Seahawks,2026-10-11T20:25:00Z,2026-10-09T18:46+00:00
Deebo Samuel,receptions,9.0,2700,San Francisco 49ers @ Seattle Seahawks,2026-10-11T20:25:00Z,2026-10-09T18:46+00:00
AJ Barner,receptions,2.0,-279,San Francisco 49ers @ Seattle Seahawks,2026-10-11T20:25:00Z,2026-10-09T18:46+00:00
AJ Barner,receptions,3.0,107,San Francisco 49ers @ Seattle Seahawks,2026-10-11T20:25:00Z,2026-10-09T18:46+00:00
AJ Barner,receptions,4.0,279,San Francisco 49ers @ Seattle Seahawks,2026-10-11T20:25:00Z,2026-10-09T18:46+00:00
AJ Barner,receptions,5.0,660,San Francisco 49ers @ Seattle Seahawks,2026-10-11T20:25:00Z,2026-10-09T18:46+00:00
AJ Barner,receptions,6.0,1380,San Francisco 49ers @ Seattle Seahawks,2026-10-11T20:25:00Z,2026-10-09T18:46+00:00
AJ Barner,receptions,7.0,2500,San Francisco 49ers @ Seattle Seahawks,2026-10-11T20:25:00Z,2026-10-09T18:46+00:00
Cooper Kupp,receptions,2.0,-262,San Francisco 49ers @ Seattle Seahawks,2026-10-11T20:25:00Z,2026-10-09T18:46+00:00
Cooper Kupp,receptions,3.0,113,San Francisco 49ers @ Seattle Seahawks,2026-10-11T20:25:00Z,2026-10-09T18:46+00:00
Cooper Kupp,receptions,4.0,293,San Francisco 49ers @ Seattle Seahawks,2026-10-11T20:25:00Z,2026-10-09T18:46+00:00
Cooper Kupp,receptions,5.0,690,San Francisco 49ers @ Seattle Seahawks,2026-10-11T20:25:00Z,2026-10-09T18:46+00:00
Cooper Kupp,receptions,6.0,1460,San Francisco 49ers @ Seattle Seahawks,2026-10-11T20:25:00Z,2026-10-09T18:46+00:00
Cooper Kupp,receptions,7.0,2700,San Francisco 49ers @ Seattle Seahawks,2026-10-11T20:25:00Z,2026-10-09T18:46+00:00
George Holani,receptions,2.0,-166,San Francisco 49ers @ Seattle Seahawks,2026-10-11T20:25:00Z,2026-10-09T18:46+00:00
George Holani,receptions,3.0,171,San Francisco 49ers @ Seattle Seahawks,2026-10-11T20:25:00Z,2026-10-09T18:46+00:00
George Holani,receptions,4.0,423,San Francisco 49ers @ Seattle Seahawks,2026-10-11T20:25:00Z,2026-10-09T18:46+00:00
George Holani,receptions,5.0,970,San Francisco 49ers @ Seattle Seahawks,2026-10-11T20:25:00Z,2026-10-09T18:46+00:00
George Holani,receptions,6.0,2000,San Francisco 49ers @ Seattle Seahawks,2026-10-11T20:25:00Z,2026-10-09T18:46+00:00
Rashid Shaheed,receptions,2.0,-193,San Francisco 49ers @ Seattle Seahawks,2026-10-11T20:25:00Z,2026-10-09T18:46+00:00
Rashid Shaheed,receptions,3.0,156,San Francisco 49ers @ Seattle Seahawks,2026-10-11T20:25:00Z,2026-10-09T18:46+00:00
Rashid Shaheed,receptions,4.0,409,San Francisco 49ers @ Seattle Seahawks,2026-10-11T20:25:00Z,2026-10-09T18:46+00:00
Rashid Shaheed,receptions,5.0,960,San Francisco 49ers @ Seattle Seahawks,2026-10-11T20:25:00Z,2026-10-09T18:46+00:00
Rashid Shaheed,receptions,6.0,2000,San Francisco 49ers @ Seattle Seahawks,2026-10-11T20:25:00Z,2026-10-09T18:46+00:00
Emanuel Wilson,receptions,2.0,-167,San Francisco 49ers @ Seattle Seahawks,2026-10-11T20:25:00Z,2026-10-09T18:46+00:00
Emanuel Wilson,receptions,3.0,176,San Francisco 49ers @ Seattle Seahawks,2026-10-11T20:25:00Z,2026-10-09T18:46+00:00
Emanuel Wilson,receptions,4.0,456,San Francisco 49ers @ Seattle Seahawks,2026-10-11T20:25:00Z,2026-10-09T18:46+00:00
Emanuel Wilson,receptions,5.0,1100,San Francisco 49ers @ Seattle Seahawks,2026-10-11T20:25:00Z,2026-10-09T18:46+00:00
Emanuel Wilson,receptions,6.0,2200,San Francisco 49ers @ Seattle Seahawks,2026-10-11T20:25:00Z,2026-10-09T18:46+00:00
Tory Horton,receptions,2.0,151,San Francisco 49ers @ Seattle Seahawks,2026-10-11T20:25:00Z,2026-10-09T18:46+00:00
Tory Horton,receptions,3.0,500,San Francisco 49ers @ Seattle Seahawks,2026-10-11T20:25:00Z,2026-10-09T18:46+00:00
Tory Horton,receptions,4.0,1420,San Francisco 49ers @ Seattle Seahawks,2026-10-11T20:25:00Z,2026-10-09T18:46+00:00
Tory Horton,receptions,5.0,2900,San Francisco 49ers @ Seattle Seahawks,2026-10-11T20:25:00Z,2026-10-09T18:46+00:00
Emanuel Wilson,rush_att,10.0,-3200,San Francisco 49ers @ Seattle Seahawks,2026-10-11T20:25:00Z,2026-10-09T18:46+00:00
Emanuel Wilson,rush_att,12.0,-860,San Francisco 49ers @ Seattle Seahawks,2026-10-11T20:25:00Z,2026-10-09T18:46+00:00
Emanuel Wilson,rush_att,14.0,-351,San Francisco 49ers @ Seattle Seahawks,2026-10-11T20:25:00Z,2026-10-09T18:46+00:00
Emanuel Wilson,rush_att,16.0,-164,San Francisco 49ers @ Seattle Seahawks,2026-10-11T20:25:00Z,2026-10-09T18:46+00:00
Emanuel Wilson,rush_att,17.0,-117,San Francisco 49ers @ Seattle Seahawks,2026-10-11T20:25:00Z,2026-10-09T18:46+00:00
Emanuel Wilson,rush_att,18.0,118,San Francisco 49ers @ Seattle Seahawks,2026-10-11T20:25:00Z,2026-10-09T18:46+00:00
Emanuel Wilson,rush_att,20.0,229,San Francisco 49ers @ Seattle Seahawks,2026-10-11T20:25:00Z,2026-10-09T18:46+00:00
Emanuel Wilson,rush_att,22.0,434,San Francisco 49ers @ Seattle Seahawks,2026-10-11T20:25:00Z,2026-10-09T18:46+00:00
Emanuel Wilson,rush_att,24.0,850,San Francisco 49ers @ Seattle Seahawks,2026-10-11T20:25:00Z,2026-10-09T18:46+00:00
Emanuel Wilson,rush_att,26.0,1560,San Francisco 49ers @ Seattle Seahawks,2026-10-11T20:25:00Z,2026-10-09T18:46+00:00
Christian McCaffrey,rush_att,8.0,-3400,San Francisco 49ers @ Seattle Seahawks,2026-10-11T20:25:00Z,2026-10-09T18:46+00:00
Christian McCaffrey,rush_att,10.0,-790,San Francisco 49ers @ Seattle Seahawks,2026-10-11T20:25:00Z,2026-10-09T18:46+00:00
Christian McCaffrey,rush_att,12.0,-321,San Francisco 49ers @ Seattle Seahawks,2026-10-11T20:25:00Z,2026-10-09T18:46+00:00
Christian McCaffrey,rush_att,14.0,-152,San Francisco 49ers @ Seattle Seahawks,2026-10-11T20:25:00Z,2026-10-09T18:46+00:00
Christian McCaffrey,rush_att,15.0,-111,San Francisco 49ers @ Seattle Seahawks,2026-10-11T20:25:00Z,2026-10-09T18:46+00:00
Christian McCaffrey,rush_att,16.0,123,San Francisco 49ers @ Seattle Seahawks,2026-10-11T20:25:00Z,2026-10-09T18:46+00:00
Christian McCaffrey,rush_att,18.0,227,San Francisco 49ers @ Seattle Seahawks,2026-10-11T20:25:00Z,2026-10-09T18:46+00:00
Christian McCaffrey,rush_att,20.0,414,San Francisco 49ers @ Seattle Seahawks,2026-10-11T20:25:00Z,2026-10-09T18:46+00:00
Christian McCaffrey,rush_att,22.0,740,San Francisco 49ers @ Seattle Seahawks,2026-10-11T20:25:00Z,2026-10-09T18:46+00:00
Christian McCaffrey,rush_att,24.0,1280,San Francisco 49ers @ Seattle Seahawks,2026-10-11T20:25:00Z,2026-10-09T18:46+00:00
Emanuel Wilson,rush_yds,25.0,-1740,San Francisco 49ers @ Seattle Seahawks,2026-10-11T20:25:00Z,2026-10-09T18:46+00:00
Emanuel Wilson,rush_yds,30.0,-1080,San Francisco 49ers @ Seattle Seahawks,2026-10-11T20:25:00Z,2026-10-09T18:46+00:00
Emanuel Wilson,rush_yds,40.0,-445,San Francisco 49ers @ Seattle Seahawks,2026-10-11T20:25:00Z,2026-10-09T18:46+00:00
Emanuel Wilson,rush_yds,50.0,-236,San Francisco 49ers @ Seattle Seahawks,2026-10-11T20:25:00Z,2026-10-09T18:46+00:00
Emanuel Wilson,rush_yds,60.0,-137,San Francisco 49ers @ Seattle Seahawks,2026-10-11T20:25:00Z,2026-10-09T18:46+00:00
Emanuel Wilson,rush_yds,64.0,-113,San Francisco 49ers @ Seattle Seahawks,2026-10-11T20:25:00Z,2026-10-09T18:46+00:00
Emanuel Wilson,rush_yds,70.0,118,San Francisco 49ers @ Seattle Seahawks,2026-10-11T20:25:00Z,2026-10-09T18:46+00:00
Emanuel Wilson,rush_yds,80.0,182,San Francisco 49ers @ Seattle Seahawks,2026-10-11T20:25:00Z,2026-10-09T18:46+00:00
Emanuel Wilson,rush_yds,90.0,277,San Francisco 49ers @ Seattle Seahawks,2026-10-11T20:25:00Z,2026-10-09T18:46+00:00
Emanuel Wilson,rush_yds,100.0,409,San Francisco 49ers @ Seattle Seahawks,2026-10-11T20:25:00Z,2026-10-09T18:46+00:00
Emanuel Wilson,rush_yds,110.0,600,San Francisco 49ers @ Seattle Seahawks,2026-10-11T20:25:00Z,2026-10-09T18:46+00:00
Emanuel Wilson,rush_yds,120.0,900,San Francisco 49ers @ Seattle Seahawks,2026-10-11T20:25:00Z,2026-10-09T18:46+00:00
Emanuel Wilson,rush_yds,130.0,1320,San Francisco 49ers @ Seattle Seahawks,2026-10-11T20:25:00Z,2026-10-09T18:46+00:00
Emanuel Wilson,rush_yds,140.0,1820,San Francisco 49ers @ Seattle Seahawks,2026-10-11T20:25:00Z,2026-10-09T18:46+00:00
Emanuel Wilson,rush_yds,150.0,2500,San Francisco 49ers @ Seattle Seahawks,2026-10-11T20:25:00Z,2026-10-09T18:46+00:00
Emanuel Wilson,rush_yds,160.0,3400,San Francisco 49ers @ Seattle Seahawks,2026-10-11T20:25:00Z,2026-10-09T18:46+00:00
Christian McCaffrey,rush_yds,20.0,-2100,San Francisco 49ers @ Seattle Seahawks,2026-10-11T20:25:00Z,2026-10-09T18:46+00:00
Christian McCaffrey,rush_yds,25.0,-1020,San Francisco 49ers @ Seattle Seahawks,2026-10-11T20:25:00Z,2026-10-09T18:46+00:00
Christian McCaffrey,rush_yds,30.0,-597,San Francisco 49ers @ Seattle Seahawks,2026-10-11T20:25:00Z,2026-10-09T18:46+00:00
Christian McCaffrey,rush_yds,40.0,-258,San Francisco 49ers @ Seattle Seahawks,2026-10-11T20:25:00Z,2026-10-09T18:46+00:00
Christian McCaffrey,rush_yds,50.0,-135,San Francisco 49ers @ Seattle Seahawks,2026-10-11T20:25:00Z,2026-10-09T18:46+00:00
Christian McCaffrey,rush_yds,53.0,-113,San Francisco 49ers @ Seattle Seahawks,2026-10-11T20:25:00Z,2026-10-09T18:46+00:00
Christian McCaffrey,rush_yds,60.0,129,San Francisco 49ers @ Seattle Seahawks,2026-10-11T20:25:00Z,2026-10-09T18:46+00:00
Christian McCaffrey,rush_yds,70.0,211,San Francisco 49ers @ Seattle Seahawks,2026-10-11T20:25:00Z,2026-10-09T18:46+00:00
Christian McCaffrey,rush_yds,80.0,333,San Francisco 49ers @ Seattle Seahawks,2026-10-11T20:25:00Z,2026-10-09T18:46+00:00
Christian McCaffrey,rush_yds,90.0,509,San Francisco 49ers @ Seattle Seahawks,2026-10-11T20:25:00Z,2026-10-09T18:46+00:00
Christian McCaffrey,rush_yds,100.0,750,San Francisco 49ers @ Seattle Seahawks,2026-10-11T20:25:00Z,2026-10-09T18:46+00:00
Christian McCaffrey,rush_yds,110.0,1120,San Francisco 49ers @ Seattle Seahawks,2026-10-11T20:25:00Z,2026-10-09T18:46+00:00
Christian McCaffrey,rush_yds,120.0,1620,San Francisco 49ers @ Seattle Seahawks,2026-10-11T20:25:00Z,2026-10-09T18:46+00:00
Christian McCaffrey,rush_yds,130.0,2300,San Francisco 49ers @ Seattle Seahawks,2026-10-11T20:25:00Z,2026-10-09T18:46+00:00
Christian McCaffrey,rush_yds,140.0,3100,San Francisco 49ers @ Seattle Seahawks,2026-10-11T20:25:00Z,2026-10-09T18:46+00:00
George Holani,rush_yds,10.0,-362,San Francisco 49ers @ Seattle Seahawks,2026-10-11T20:25:00Z,2026-10-09T18:46+00:00
George Holani,rush_yds,15.0,-185,San Francisco 49ers @ Seattle Seahawks,2026-10-11T20:25:00Z,2026-10-09T18:46+00:00
George Holani,rush_yds,20.0,-110,San Francisco 49ers @ Seattle Seahawks,2026-10-11T20:25:00Z,2026-10-09T18:46+00:00
George Holani,rush_yds,25.0,141,San Francisco 49ers @ Seattle Seahawks,2026-10-11T20:25:00Z,2026-10-09T18:46+00:00
George Holani,rush_yds,30.0,206,San Francisco 49ers @ Seattle Seahawks,2026-10-11T20:25:00Z,2026-10-09T18:46+00:00
George Holani,rush_yds,40.0,395,San Francisco 49ers @ Seattle Seahawks,2026-10-11T20:25:00Z,2026-10-09T18:46+00:00
George Holani,rush_yds,50.0,700,San Francisco 49ers @ Seattle Seahawks,2026-10-11T20:25:00Z,2026-10-09T18:46+00:00
George Holani,rush_yds,60.0,1180,San Francisco 49ers @ Seattle Seahawks,2026-10-11T20:25:00Z,2026-10-09T18:46+00:00
George Holani,rush_yds,70.0,1880,San Francisco 49ers @ Seattle Seahawks,2026-10-11T20:25:00Z,2026-10-09T18:46+00:00
George Holani,rush_yds,80.0,2700,San Francisco 49ers @ Seattle Seahawks,2026-10-11T20:25:00Z,2026-10-09T18:46+00:00
George Holani,rush_yds,90.0,4000,San Francisco 49ers @ Seattle Seahawks,2026-10-11T20:25:00Z,2026-10-09T18:46+00:00
Brock Purdy,rush_yds,10.0,-466,San Francisco 49ers @ Seattle Seahawks,2026-10-11T20:25:00Z,2026-10-09T18:46+00:00
Brock Purdy,rush_yds,15.0,-254,San Francisco 49ers @ Seattle Seahawks,2026-10-11T20:25:00Z,2026-10-09T18:46+00:00
Brock Purdy,rush_yds,20.0,-153,San Francisco 49ers @ Seattle Seahawks,2026-10-11T20:25:00Z,2026-10-09T18:46+00:00
Brock Purdy,rush_yds,23.0,-116,San Francisco 49ers @ Seattle Seahawks,2026-10-11T20:25:00Z,2026-10-09T18:46+00:00
Brock Purdy,rush_yds,25.0,102,San Francisco 49ers @ Seattle Seahawks,2026-10-11T20:25:00Z,2026-10-09T18:46+00:00
Brock Purdy,rush_yds,30.0,151,San Francisco 49ers @ Seattle Seahawks,2026-10-11T20:25:00Z,2026-10-09T18:46+00:00
Brock Purdy,rush_yds,40.0,323,San Francisco 49ers @ Seattle Seahawks,2026-10-11T20:25:00Z,2026-10-09T18:46+00:00
Brock Purdy,rush_yds,50.0,620,San Francisco 49ers @ Seattle Seahawks,2026-10-11T20:25:00Z,2026-10-09T18:46+00:00
Brock Purdy,rush_yds,60.0,1140,San Francisco 49ers @ Seattle Seahawks,2026-10-11T20:25:00Z,2026-10-09T18:46+00:00
Brock Purdy,rush_yds,70.0,1980,San Francisco 49ers @ Seattle Seahawks,2026-10-11T20:25:00Z,2026-10-09T18:46+00:00
Brock Purdy,rush_yds,80.0,3200,San Francisco 49ers @ Seattle Seahawks,2026-10-11T20:25:00Z,2026-10-09T18:46+00:00
Kaelon Black,rush_yds,10.0,-263,San Francisco 49ers @ Seattle Seahawks,2026-10-11T20:25:00Z,2026-10-09T18:46+00:00
Kaelon Black,rush_yds,15.0,-137,San Francisco 49ers @ Seattle Seahawks,2026-10-11T20:25:00Z,2026-10-09T18:46+00:00
Kaelon Black,rush_yds,17.0,-109,San Francisco 49ers @ Seattle Seahawks,2026-10-11T20:25:00Z,2026-10-09T18:46+00:00
Kaelon Black,rush_yds,20.0,125,San Francisco 49ers @ Seattle Seahawks,2026-10-11T20:25:00Z,2026-10-09T18:46+00:00
Kaelon Black,rush_yds,25.0,197,San Francisco 49ers @ Seattle Seahawks,2026-10-11T20:25:00Z,2026-10-09T18:46+00:00
Kaelon Black,rush_yds,30.0,300,San Francisco 49ers @ Seattle Seahawks,2026-10-11T20:25:00Z,2026-10-09T18:46+00:00
Kaelon Black,rush_yds,40.0,620,San Francisco 49ers @ Seattle Seahawks,2026-10-11T20:25:00Z,2026-10-09T18:46+00:00
Kaelon Black,rush_yds,50.0,1160,San Francisco 49ers @ Seattle Seahawks,2026-10-11T20:25:00Z,2026-10-09T18:46+00:00
Kaelon Black,rush_yds,60.0,1860,San Francisco 49ers @ Seattle Seahawks,2026-10-11T20:25:00Z,2026-10-09T18:46+00:00
Kaelon Black,rush_yds,70.0,2800,San Francisco 49ers @ Seattle Seahawks,2026-10-11T20:25:00Z,2026-10-09T18:46+00:00
Deebo Samuel,rush_yds,10.0,-105,San Francisco 49ers @ Seattle Seahawks,2026-10-11T20:25:00Z,2026-10-09T18:46+00:00
Deebo Samuel,rush_yds,15.0,181,San Francisco 49ers @ Seattle Seahawks,2026-10-11T20:25:00Z,2026-10-09T18:46+00:00
Deebo Samuel,rush_yds,20.0,308,San Francisco 49ers @ Seattle Seahawks,2026-10-11T20:25:00Z,2026-10-09T18:46+00:00
Deebo Samuel,rush_yds,25.0,488,San Francisco 49ers @ Seattle Seahawks,2026-10-11T20:25:00Z,2026-10-09T18:46+00:00
Deebo Samuel,rush_yds,30.0,720,San Francisco 49ers @ Seattle Seahawks,2026-10-11T20:25:00Z,2026-10-09T18:46+00:00
Deebo Samuel,rush_yds,40.0,1400,San Francisco 49ers @ Seattle Seahawks,2026-10-11T20:25:00Z,2026-10-09T18:46+00:00
Deebo Samuel,rush_yds,50.0,2300,San Francisco 49ers @ Seattle Seahawks,2026-10-11T20:25:00Z,2026-10-09T18:46+00:00
Deebo Samuel,rush_yds,60.0,3300,San Francisco 49ers @ Seattle Seahawks,2026-10-11T20:25:00Z,2026-10-09T18:46+00:00
Sam Darnold,rush_yds,5.0,-119,San Francisco 49ers @ Seattle Seahawks,2026-10-11T20:25:00Z,2026-10-09T18:46+00:00
Sam Darnold,rush_yds,10.0,190,San Francisco 49ers @ Seattle Seahawks,2026-10-11T20:25:00Z,2026-10-09T18:46+00:00
Sam Darnold,rush_yds,15.0,379,San Francisco 49ers @ Seattle Seahawks,2026-10-11T20:25:00Z,2026-10-09T18:46+00:00
Sam Darnold,rush_yds,20.0,670,San Francisco 49ers @ Seattle Seahawks,2026-10-11T20:25:00Z,2026-10-09T18:46+00:00
Sam Darnold,rush_yds,25.0,1100,San Francisco 49ers @ Seattle Seahawks,2026-10-11T20:25:00Z,2026-10-09T18:46+00:00
Sam Darnold,rush_yds,30.0,1660,San Francisco 49ers @ Seattle Seahawks,2026-10-11T20:25:00Z,2026-10-09T18:46+00:00
Sam Darnold,rush_yds,40.0,3000,San Francisco 49ers @ Seattle Seahawks,2026-10-11T20:25:00Z,2026-10-09T18:46+00:00
Michael Penix Jr.,pass_att,22.0,-1420,Baltimore Ravens @ Atlanta Falcons,2026-10-12T00:20:00Z,2026-10-09T18:46+00:00
Michael Penix Jr.,pass_att,24.0,-591,Baltimore Ravens @ Atlanta Falcons,2026-10-12T00:20:00Z,2026-10-09T18:46+00:00
Michael Penix Jr.,pass_att,26.0,-297,Baltimore Ravens @ Atlanta Falcons,2026-10-12T00:20:00Z,2026-10-09T18:46+00:00
Michael Penix Jr.,pass_att,28.0,-163,Baltimore Ravens @ Atlanta Falcons,2026-10-12T00:20:00Z,2026-10-09T18:46+00:00
Michael Penix Jr.,pass_att,29.0,-124,Baltimore Ravens @ Atlanta Falcons,2026-10-12T00:20:00Z,2026-10-09T18:46+00:00
Michael Penix Jr.,pass_att,30.0,104,Baltimore Ravens @ Atlanta Falcons,2026-10-12T00:20:00Z,2026-10-09T18:46+00:00
Michael Penix Jr.,pass_att,32.0,170,Baltimore Ravens @ Atlanta Falcons,2026-10-12T00:20:00Z,2026-10-09T18:46+00:00
Michael Penix Jr.,pass_att,34.0,267,Baltimore Ravens @ Atlanta Falcons,2026-10-12T00:20:00Z,2026-10-09T18:46+00:00
Michael Penix Jr.,pass_att,36.0,422,Baltimore Ravens @ Atlanta Falcons,2026-10-12T00:20:00Z,2026-10-09T18:46+00:00
Michael Penix Jr.,pass_att,38.0,660,Baltimore Ravens @ Atlanta Falcons,2026-10-12T00:20:00Z,2026-10-09T18:46+00:00
Michael Penix Jr.,pass_att,40.0,1020,Baltimore Ravens @ Atlanta Falcons,2026-10-12T00:20:00Z,2026-10-09T18:46+00:00
Michael Penix Jr.,pass_att,42.0,1500,Baltimore Ravens @ Atlanta Falcons,2026-10-12T00:20:00Z,2026-10-09T18:46+00:00
Michael Penix Jr.,pass_cmps,14.0,-990,Baltimore Ravens @ Atlanta Falcons,2026-10-12T00:20:00Z,2026-10-09T18:46+00:00
Michael Penix Jr.,pass_cmps,16.0,-342,Baltimore Ravens @ Atlanta Falcons,2026-10-12T00:20:00Z,2026-10-09T18:46+00:00
Michael Penix Jr.,pass_cmps,18.0,-147,Baltimore Ravens @ Atlanta Falcons,2026-10-12T00:20:00Z,2026-10-09T18:46+00:00
Michael Penix Jr.,pass_cmps,19.0,101,Baltimore Ravens @ Atlanta Falcons,2026-10-12T00:20:00Z,2026-10-09T18:46+00:00
Michael Penix Jr.,pass_cmps,20.0,145,Baltimore Ravens @ Atlanta Falcons,2026-10-12T00:20:00Z,2026-10-09T18:46+00:00
Michael Penix Jr.,pass_cmps,22.0,295,Baltimore Ravens @ Atlanta Falcons,2026-10-12T00:20:00Z,2026-10-09T18:46+00:00
Michael Penix Jr.,pass_cmps,24.0,590,Baltimore Ravens @ Atlanta Falcons,2026-10-12T00:20:00Z,2026-10-09T18:46+00:00
Michael Penix Jr.,pass_cmps,26.0,1160,Baltimore Ravens @ Atlanta Falcons,2026-10-12T00:20:00Z,2026-10-09T18:46+00:00
Michael Penix Jr.,pass_yds,150.0,-890,Baltimore Ravens @ Atlanta Falcons,2026-10-12T00:20:00Z,2026-10-09T18:46+00:00
Michael Penix Jr.,pass_yds,160.0,-620,Baltimore Ravens @ Atlanta Falcons,2026-10-12T00:20:00Z,2026-10-09T18:46+00:00
Michael Penix Jr.,pass_yds,170.0,-441,Baltimore Ravens @ Atlanta Falcons,2026-10-12T00:20:00Z,2026-10-09T18:46+00:00
Michael Penix Jr.,pass_yds,180.0,-322,Baltimore Ravens @ Atlanta Falcons,2026-10-12T00:20:00Z,2026-10-09T18:46+00:00
Michael Penix Jr.,pass_yds,190.0,-243,Baltimore Ravens @ Atlanta Falcons,2026-10-12T00:20:00Z,2026-10-09T18:46+00:00
Michael Penix Jr.,pass_yds,200.0,-185,Baltimore Ravens @ Atlanta Falcons,2026-10-12T00:20:00Z,2026-10-09T18:46+00:00
Michael Penix Jr.,pass_yds,210.0,-143,Baltimore Ravens @ Atlanta Falcons,2026-10-12T00:20:00Z,2026-10-09T18:46+00:00
Michael Penix Jr.,pass_yds,220.0,-113,Baltimore Ravens @ Atlanta Falcons,2026-10-12T00:20:00Z,2026-10-09T18:46+00:00
Michael Penix Jr.,pass_yds,230.0,112,Baltimore Ravens @ Atlanta Falcons,2026-10-12T00:20:00Z,2026-10-09T18:46+00:00
Michael Penix Jr.,pass_yds,240.0,142,Baltimore Ravens @ Atlanta Falcons,2026-10-12T00:20:00Z,2026-10-09T18:46+00:00
Michael Penix Jr.,pass_yds,250.0,178,Baltimore Ravens @ Atlanta Falcons,2026-10-12T00:20:00Z,2026-10-09T18:46+00:00
Michael Penix Jr.,pass_yds,260.0,226,Baltimore Ravens @ Atlanta Falcons,2026-10-12T00:20:00Z,2026-10-09T18:46+00:00
Michael Penix Jr.,pass_yds,270.0,284,Baltimore Ravens @ Atlanta Falcons,2026-10-12T00:20:00Z,2026-10-09T18:46+00:00
Michael Penix Jr.,pass_yds,280.0,363,Baltimore Ravens @ Atlanta Falcons,2026-10-12T00:20:00Z,2026-10-09T18:46+00:00
Michael Penix Jr.,pass_yds,290.0,459,Baltimore Ravens @ Atlanta Falcons,2026-10-12T00:20:00Z,2026-10-09T18:46+00:00
Michael Penix Jr.,pass_yds,300.0,576,Baltimore Ravens @ Atlanta Falcons,2026-10-12T00:20:00Z,2026-10-09T18:46+00:00
Michael Penix Jr.,pass_yds,310.0,720,Baltimore Ravens @ Atlanta Falcons,2026-10-12T00:20:00Z,2026-10-09T18:46+00:00
Michael Penix Jr.,pass_yds,320.0,900,Baltimore Ravens @ Atlanta Falcons,2026-10-12T00:20:00Z,2026-10-09T18:46+00:00
Michael Penix Jr.,pass_yds,330.0,1160,Baltimore Ravens @ Atlanta Falcons,2026-10-12T00:20:00Z,2026-10-09T18:46+00:00
Michael Penix Jr.,pass_yds,340.0,1460,Baltimore Ravens @ Atlanta Falcons,2026-10-12T00:20:00Z,2026-10-09T18:46+00:00
Michael Penix Jr.,pass_yds,350.0,1800,Baltimore Ravens @ Atlanta Falcons,2026-10-12T00:20:00Z,2026-10-09T18:46+00:00
Michael Penix Jr.,pass_yds,360.0,2200,Baltimore Ravens @ Atlanta Falcons,2026-10-12T00:20:00Z,2026-10-09T18:46+00:00
Michael Penix Jr.,pass_yds,370.0,2700,Baltimore Ravens @ Atlanta Falcons,2026-10-12T00:20:00Z,2026-10-09T18:46+00:00
Michael Penix Jr.,pass_yds,380.0,3300,Baltimore Ravens @ Atlanta Falcons,2026-10-12T00:20:00Z,2026-10-09T18:46+00:00
Michael Penix Jr.,pass_yds,390.0,4000,Baltimore Ravens @ Atlanta Falcons,2026-10-12T00:20:00Z,2026-10-09T18:46+00:00
Tyler Huntley,pass_yds,150.0,-243,Baltimore Ravens @ Atlanta Falcons,2026-10-12T00:20:00Z,2026-10-09T18:46+00:00
Tyler Huntley,pass_yds,160.0,-175,Baltimore Ravens @ Atlanta Falcons,2026-10-12T00:20:00Z,2026-10-09T18:46+00:00
Tyler Huntley,pass_yds,170.0,-129,Baltimore Ravens @ Atlanta Falcons,2026-10-12T00:20:00Z,2026-10-09T18:46+00:00
Tyler Huntley,pass_yds,175.0,-111,Baltimore Ravens @ Atlanta Falcons,2026-10-12T00:20:00Z,2026-10-09T18:46+00:00
Tyler Huntley,pass_yds,180.0,104,Baltimore Ravens @ Atlanta Falcons,2026-10-12T00:20:00Z,2026-10-09T18:46+00:00
Tyler Huntley,pass_yds,190.0,138,Baltimore Ravens @ Atlanta Falcons,2026-10-12T00:20:00Z,2026-10-09T18:46+00:00
Tyler Huntley,pass_yds,200.0,181,Baltimore Ravens @ Atlanta Falcons,2026-10-12T00:20:00Z,2026-10-09T18:46+00:00
Tyler Huntley,pass_yds,210.0,238,Baltimore Ravens @ Atlanta Falcons,2026-10-12T00:20:00Z,2026-10-09T18:46+00:00
Tyler Huntley,pass_yds,220.0,313,Baltimore Ravens @ Atlanta Falcons,2026-10-12T00:20:00Z,2026-10-09T18:46+00:00
Tyler Huntley,pass_yds,230.0,406,Baltimore Ravens @ Atlanta Falcons,2026-10-12T00:20:00Z,2026-10-09T18:46+00:00
Tyler Huntley,pass_yds,240.0,538,Baltimore Ravens @ Atlanta Falcons,2026-10-12T00:20:00Z,2026-10-09T18:46+00:00
Tyler Huntley,pass_yds,250.0,710,Baltimore Ravens @ Atlanta Falcons,2026-10-12T00:20:00Z,2026-10-09T18:46+00:00
Tyler Huntley,pass_yds,260.0,940,Baltimore Ravens @ Atlanta Falcons,2026-10-12T00:20:00Z,2026-10-09T18:46+00:00
Tyler Huntley,pass_yds,270.0,1260,Baltimore Ravens @ Atlanta Falcons,2026-10-12T00:20:00Z,2026-10-09T18:46+00:00
Tyler Huntley,pass_yds,280.0,1680,Baltimore Ravens @ Atlanta Falcons,2026-10-12T00:20:00Z,2026-10-09T18:46+00:00
Tyler Huntley,pass_yds,290.0,2100,Baltimore Ravens @ Atlanta Falcons,2026-10-12T00:20:00Z,2026-10-09T18:46+00:00
Tyler Huntley,pass_yds,300.0,2700,Baltimore Ravens @ Atlanta Falcons,2026-10-12T00:20:00Z,2026-10-09T18:46+00:00
Tyler Huntley,pass_yds,310.0,3300,Baltimore Ravens @ Atlanta Falcons,2026-10-12T00:20:00Z,2026-10-09T18:46+00:00
Drake London,rec_yds,25.0,-2900,Baltimore Ravens @ Atlanta Falcons,2026-10-12T00:20:00Z,2026-10-09T18:46+00:00
Drake London,rec_yds,40.0,-810,Baltimore Ravens @ Atlanta Falcons,2026-10-12T00:20:00Z,2026-10-09T18:46+00:00
Drake London,rec_yds,50.0,-458,Baltimore Ravens @ Atlanta Falcons,2026-10-12T00:20:00Z,2026-10-09T18:46+00:00
Drake London,rec_yds,60.0,-284,Baltimore Ravens @ Atlanta Falcons,2026-10-12T00:20:00Z,2026-10-09T18:46+00:00
Drake London,rec_yds,70.0,-184,Baltimore Ravens @ Atlanta Falcons,2026-10-12T00:20:00Z,2026-10-09T18:46+00:00
Drake London,rec_yds,80.0,-125,Baltimore Ravens @ Atlanta Falcons,2026-10-12T00:20:00Z,2026-10-09T18:46+00:00
Drake London,rec_yds,83.0,-112,Baltimore Ravens @ Atlanta Falcons,2026-10-12T00:20:00Z,2026-10-09T18:46+00:00
Drake London,rec_yds,90.0,115,Baltimore Ravens @ Atlanta Falcons,2026-10-12T00:20:00Z,2026-10-09T18:46+00:00
Drake London,rec_yds,100.0,165,Baltimore Ravens @ Atlanta Falcons,2026-10-12T00:20:00Z,2026-10-09T18:46+00:00
Drake London,rec_yds,110.0,231,Baltimore Ravens @ Atlanta Falcons,2026-10-12T00:20:00Z,2026-10-09T18:46+00:00
Drake London,rec_yds,120.0,326,Baltimore Ravens @ Atlanta Falcons,2026-10-12T00:20:00Z,2026-10-09T18:46+00:00
Drake London,rec_yds,130.0,455,Baltimore Ravens @ Atlanta Falcons,2026-10-12T00:20:00Z,2026-10-09T18:46+00:00
Drake London,rec_yds,140.0,640,Baltimore Ravens @ Atlanta Falcons,2026-10-12T00:20:00Z,2026-10-09T18:46+00:00
Drake London,rec_yds,150.0,870,Baltimore Ravens @ Atlanta Falcons,2026-10-12T00:20:00Z,2026-10-09T18:46+00:00
Drake London,rec_yds,160.0,1200,Baltimore Ravens @ Atlanta Falcons,2026-10-12T00:20:00Z,2026-10-09T18:46+00:00
Drake London,rec_yds,170.0,1660,Baltimore Ravens @ Atlanta Falcons,2026-10-12T00:20:00Z,2026-10-09T18:46+00:00
Drake London,rec_yds,180.0,2300,Baltimore Ravens @ Atlanta Falcons,2026-10-12T00:20:00Z,2026-10-09T18:46+00:00
Drake London,rec_yds,190.0,3000,Baltimore Ravens @ Atlanta Falcons,2026-10-12T00:20:00Z,2026-10-09T18:46+00:00
Drake London,rec_yds,200.0,3700,Baltimore Ravens @ Atlanta Falcons,2026-10-12T00:20:00Z,2026-10-09T18:46+00:00
Zay Flowers,rec_yds,25.0,-1420,Baltimore Ravens @ Atlanta Falcons,2026-10-12T00:20:00Z,2026-10-09T18:46+00:00
Zay Flowers,rec_yds,40.0,-467,Baltimore Ravens @ Atlanta Falcons,2026-10-12T00:20:00Z,2026-10-09T18:46+00:00
Zay Flowers,rec_yds,50.0,-268,Baltimore Ravens @ Atlanta Falcons,2026-10-12T00:20:00Z,2026-10-09T18:46+00:00
Zay Flowers,rec_yds,60.0,-167,Baltimore Ravens @ Atlanta Falcons,2026-10-12T00:20:00Z,2026-10-09T18:46+00:00
Zay Flowers,rec_yds,70.0,-110,Baltimore Ravens @ Atlanta Falcons,2026-10-12T00:20:00Z,2026-10-09T18:46+00:00
Zay Flowers,rec_yds,80.0,135,Baltimore Ravens @ Atlanta Falcons,2026-10-12T00:20:00Z,2026-10-09T18:46+00:00
Zay Flowers,rec_yds,90.0,195,Baltimore Ravens @ Atlanta Falcons,2026-10-12T00:20:00Z,2026-10-09T18:46+00:00
Zay Flowers,rec_yds,100.0,279,Baltimore Ravens @ Atlanta Falcons,2026-10-12T00:20:00Z,2026-10-09T18:46+00:00
Zay Flowers,rec_yds,110.0,401,Baltimore Ravens @ Atlanta Falcons,2026-10-12T00:20:00Z,2026-10-09T18:46+00:00
Zay Flowers,rec_yds,120.0,567,Baltimore Ravens @ Atlanta Falcons,2026-10-12T00:20:00Z,2026-10-09T18:46+00:00
Zay Flowers,rec_yds,130.0,810,Baltimore Ravens @ Atlanta Falcons,2026-10-12T00:20:00Z,2026-10-09T18:46+00:00
Zay Flowers,rec_yds,140.0,1140,Baltimore Ravens @ Atlanta Falcons,2026-10-12T00:20:00Z,2026-10-09T18:46+00:00
Zay Flowers,rec_yds,150.0,1600,Baltimore Ravens @ Atlanta Falcons,2026-10-12T00:20:00Z,2026-10-09T18:46+00:00
Zay Flowers,rec_yds,160.0,2100,Baltimore Ravens @ Atlanta Falcons,2026-10-12T00:20:00Z,2026-10-09T18:46+00:00
Zay Flowers,rec_yds,170.0,2900,Baltimore Ravens @ Atlanta Falcons,2026-10-12T00:20:00Z,2026-10-09T18:46+00:00
Zay Flowers,rec_yds,180.0,3800,Baltimore Ravens @ Atlanta Falcons,2026-10-12T00:20:00Z,2026-10-09T18:46+00:00
Mark Andrews,rec_yds,15.0,-417,Baltimore Ravens @ Atlanta Falcons,2026-10-12T00:20:00Z,2026-10-09T18:46+00:00
Mark Andrews,rec_yds,25.0,-168,Baltimore Ravens @ Atlanta Falcons,2026-10-12T00:20:00Z,2026-10-09T18:46+00:00
Mark Andrews,rec_yds,31.0,-110,Baltimore Ravens @ Atlanta Falcons,2026-10-12T00:20:00Z,2026-10-09T18:46+00:00
Mark Andrews,rec_yds,40.0,159,Baltimore Ravens @ Atlanta Falcons,2026-10-12T00:20:00Z,2026-10-09T18:46+00:00
Mark Andrews,rec_yds,50.0,285,Baltimore Ravens @ Atlanta Falcons,2026-10-12T00:20:00Z,2026-10-09T18:46+00:00
Mark Andrews,rec_yds,60.0,478,Baltimore Ravens @ Atlanta Falcons,2026-10-12T00:20:00Z,2026-10-09T18:46+00:00
Mark Andrews,rec_yds,70.0,770,Baltimore Ravens @ Atlanta Falcons,2026-10-12T00:20:00Z,2026-10-09T18:46+00:00
Mark Andrews,rec_yds,80.0,1200,Baltimore Ravens @ Atlanta Falcons,2026-10-12T00:20:00Z,2026-10-09T18:46+00:00
Mark Andrews,rec_yds,90.0,1820,Baltimore Ravens @ Atlanta Falcons,2026-10-12T00:20:00Z,2026-10-09T18:46+00:00
Mark Andrews,rec_yds,100.0,2700,Baltimore Ravens @ Atlanta Falcons,2026-10-12T00:20:00Z,2026-10-09T18:46+00:00
Mark Andrews,rec_yds,110.0,3800,Baltimore Ravens @ Atlanta Falcons,2026-10-12T00:20:00Z,2026-10-09T18:46+00:00
Bijan Robinson,rec_yds,15.0,-332,Baltimore Ravens @ Atlanta Falcons,2026-10-12T00:20:00Z,2026-10-09T18:46+00:00
Bijan Robinson,rec_yds,25.0,-133,Baltimore Ravens @ Atlanta Falcons,2026-10-12T00:20:00Z,2026-10-09T18:46+00:00
Bijan Robinson,rec_yds,27.0,-116,Baltimore Ravens @ Atlanta Falcons,2026-10-12T00:20:00Z,2026-10-09T18:46+00:00
Bijan Robinson,rec_yds,40.0,206,Baltimore Ravens @ Atlanta Falcons,2026-10-12T00:20:00Z,2026-10-09T18:46+00:00
Bijan Robinson,rec_yds,50.0,359,Baltimore Ravens @ Atlanta Falcons,2026-10-12T00:20:00Z,2026-10-09T18:46+00:00
Bijan Robinson,rec_yds,60.0,600,Baltimore Ravens @ Atlanta Falcons,2026-10-12T00:20:00Z,2026-10-09T18:46+00:00
Bijan Robinson,rec_yds,70.0,960,Baltimore Ravens @ Atlanta Falcons,2026-10-12T00:20:00Z,2026-10-09T18:46+00:00
Bijan Robinson,rec_yds,80.0,1500,Baltimore Ravens @ Atlanta Falcons,2026-10-12T00:20:00Z,2026-10-09T18:46+00:00
Bijan Robinson,rec_yds,90.0,2300,Baltimore Ravens @ Atlanta Falcons,2026-10-12T00:20:00Z,2026-10-09T18:46+00:00
Bijan Robinson,rec_yds,100.0,3300,Baltimore Ravens @ Atlanta Falcons,2026-10-12T00:20:00Z,2026-10-09T18:46+00:00
Kyle Pitts,rec_yds,15.0,-230,Baltimore Ravens @ Atlanta Falcons,2026-10-12T00:20:00Z,2026-10-09T18:46+00:00
Kyle Pitts,rec_yds,25.0,-108,Baltimore Ravens @ Atlanta Falcons,2026-10-12T00:20:00Z,2026-10-09T18:46+00:00
Kyle Pitts,rec_yds,40.0,228,Baltimore Ravens @ Atlanta Falcons,2026-10-12T00:20:00Z,2026-10-09T18:46+00:00
Kyle Pitts,rec_yds,50.0,377,Baltimore Ravens @ Atlanta Falcons,2026-10-12T00:20:00Z,2026-10-09T18:46+00:00
Kyle Pitts,rec_yds,60.0,620,Baltimore Ravens @ Atlanta Falcons,2026-10-12T00:20:00Z,2026-10-09T18:46+00:00
Kyle Pitts,rec_yds,70.0,1000,Baltimore Ravens @ Atlanta Falcons,2026-10-12T00:20:00Z,2026-10-09T18:46+00:00
Kyle Pitts,rec_yds,80.0,1540,Baltimore Ravens @ Atlanta Falcons,2026-10-12T00:20:00Z,2026-10-09T18:46+00:00
Kyle Pitts,rec_yds,90.0,2300,Baltimore Ravens @ Atlanta Falcons,2026-10-12T00:20:00Z,2026-10-09T18:46+00:00
Kyle Pitts,rec_yds,100.0,3300,Baltimore Ravens @ Atlanta Falcons,2026-10-12T00:20:00Z,2026-10-09T18:46+00:00
Jahan Dotson,rec_yds,15.0,-162,Baltimore Ravens @ Atlanta Falcons,2026-10-12T00:20:00Z,2026-10-09T18:46+00:00
Jahan Dotson,rec_yds,20.0,-110,Baltimore Ravens @ Atlanta Falcons,2026-10-12T00:20:00Z,2026-10-09T18:46+00:00
Jahan Dotson,rec_yds,25.0,125,Baltimore Ravens @ Atlanta Falcons,2026-10-12T00:20:00Z,2026-10-09T18:46+00:00
Jahan Dotson,rec_yds,40.0,291,Baltimore Ravens @ Atlanta Falcons,2026-10-12T00:20:00Z,2026-10-09T18:46+00:00
Jahan Dotson,rec_yds,50.0,467,Baltimore Ravens @ Atlanta Falcons,2026-10-12T00:20:00Z,2026-10-09T18:46+00:00
Jahan Dotson,rec_yds,60.0,740,Baltimore Ravens @ Atlanta Falcons,2026-10-12T00:20:00Z,2026-10-09T18:46+00:00
Jahan Dotson,rec_yds,70.0,1160,Baltimore Ravens @ Atlanta Falcons,2026-10-12T00:20:00Z,2026-10-09T18:46+00:00
Jahan Dotson,rec_yds,80.0,1740,Baltimore Ravens @ Atlanta Falcons,2026-10-12T00:20:00Z,2026-10-09T18:46+00:00
Jahan Dotson,rec_yds,90.0,2600,Baltimore Ravens @ Atlanta Falcons,2026-10-12T00:20:00Z,2026-10-09T18:46+00:00
Jahan Dotson,rec_yds,100.0,3600,Baltimore Ravens @ Atlanta Falcons,2026-10-12T00:20:00Z,2026-10-09T18:46+00:00
Rashod Bateman,rec_yds,15.0,-140,Baltimore Ravens @ Atlanta Falcons,2026-10-12T00:20:00Z,2026-10-09T18:46+00:00
Rashod Bateman,rec_yds,17.0,-116,Baltimore Ravens @ Atlanta Falcons,2026-10-12T00:20:00Z,2026-10-09T18:46+00:00
Rashod Bateman,rec_yds,25.0,158,Baltimore Ravens @ Atlanta Falcons,2026-10-12T00:20:00Z,2026-10-09T18:46+00:00
Rashod Bateman,rec_yds,40.0,387,Baltimore Ravens @ Atlanta Falcons,2026-10-12T00:20:00Z,2026-10-09T18:46+00:00
Rashod Bateman,rec_yds,50.0,640,Baltimore Ravens @ Atlanta Falcons,2026-10-12T00:20:00Z,2026-10-09T18:46+00:00
Rashod Bateman,rec_yds,60.0,1060,Baltimore Ravens @ Atlanta Falcons,2026-10-12T00:20:00Z,2026-10-09T18:46+00:00
Rashod Bateman,rec_yds,70.0,1720,Baltimore Ravens @ Atlanta Falcons,2026-10-12T00:20:00Z,2026-10-09T18:46+00:00
Rashod Bateman,rec_yds,80.0,2500,Baltimore Ravens @ Atlanta Falcons,2026-10-12T00:20:00Z,2026-10-09T18:46+00:00
Rashod Bateman,rec_yds,90.0,3800,Baltimore Ravens @ Atlanta Falcons,2026-10-12T00:20:00Z,2026-10-09T18:46+00:00
Olamide Zaccheaus,rec_yds,7.0,-118,Baltimore Ravens @ Atlanta Falcons,2026-10-12T00:20:00Z,2026-10-09T18:46+00:00
Olamide Zaccheaus,rec_yds,15.0,197,Baltimore Ravens @ Atlanta Falcons,2026-10-12T00:20:00Z,2026-10-09T18:46+00:00
Olamide Zaccheaus,rec_yds,25.0,423,Baltimore Ravens @ Atlanta Falcons,2026-10-12T00:20:00Z,2026-10-09T18:46+00:00
Olamide Zaccheaus,rec_yds,40.0,1100,Baltimore Ravens @ Atlanta Falcons,2026-10-12T00:20:00Z,2026-10-09T18:46+00:00
Olamide Zaccheaus,rec_yds,50.0,1920,Baltimore Ravens @ Atlanta Falcons,2026-10-12T00:20:00Z,2026-10-09T18:46+00:00
Olamide Zaccheaus,rec_yds,60.0,3000,Baltimore Ravens @ Atlanta Falcons,2026-10-12T00:20:00Z,2026-10-09T18:46+00:00
Justice Hill,rec_yds,9.0,-113,Baltimore Ravens @ Atlanta Falcons,2026-10-12T00:20:00Z,2026-10-09T18:46+00:00
Justice Hill,rec_yds,15.0,187,Baltimore Ravens @ Atlanta Falcons,2026-10-12T00:20:00Z,2026-10-09T18:46+00:00
Justice Hill,rec_yds,25.0,459,Baltimore Ravens @ Atlanta Falcons,2026-10-12T00:20:00Z,2026-10-09T18:46+00:00
Justice Hill,rec_yds,40.0,1400,Baltimore Ravens @ Atlanta Falcons,2026-10-12T00:20:00Z,2026-10-09T18:46+00:00
Justice Hill,rec_yds,50.0,2600,Baltimore Ravens @ Atlanta Falcons,2026-10-12T00:20:00Z,2026-10-09T18:46+00:00
Justice Hill,rec_yds,60.0,3900,Baltimore Ravens @ Atlanta Falcons,2026-10-12T00:20:00Z,2026-10-09T18:46+00:00
Derrick Henry,rec_yds,5.0,-118,Baltimore Ravens @ Atlanta Falcons,2026-10-12T00:20:00Z,2026-10-09T18:46+00:00
Derrick Henry,rec_yds,15.0,364,Baltimore Ravens @ Atlanta Falcons,2026-10-12T00:20:00Z,2026-10-09T18:46+00:00
Derrick Henry,rec_yds,25.0,850,Baltimore Ravens @ Atlanta Falcons,2026-10-12T00:20:00Z,2026-10-09T18:46+00:00
Derrick Henry,rec_yds,40.0,2400,Baltimore Ravens @ Atlanta Falcons,2026-10-12T00:20:00Z,2026-10-09T18:46+00:00
Derrick Henry,rec_yds,50.0,3700,Baltimore Ravens @ Atlanta Falcons,2026-10-12T00:20:00Z,2026-10-09T18:46+00:00
Drake London,receptions,3.0,-3000,Baltimore Ravens @ Atlanta Falcons,2026-10-12T00:20:00Z,2026-10-09T18:46+00:00
Drake London,receptions,4.0,-740,Baltimore Ravens @ Atlanta Falcons,2026-10-12T00:20:00Z,2026-10-09T18:46+00:00
Drake London,receptions,5.0,-312,Baltimore Ravens @ Atlanta Falcons,2026-10-12T00:20:00Z,2026-10-09T18:46+00:00
Drake London,receptions,6.0,-153,Baltimore Ravens @ Atlanta Falcons,2026-10-12T00:20:00Z,2026-10-09T18:46+00:00
Drake London,receptions,7.0,125,Baltimore Ravens @ Atlanta Falcons,2026-10-12T00:20:00Z,2026-10-09T18:46+00:00
Drake London,receptions,8.0,233,Baltimore Ravens @ Atlanta Falcons,2026-10-12T00:20:00Z,2026-10-09T18:46+00:00
Drake London,receptions,9.0,418,Baltimore Ravens @ Atlanta Falcons,2026-10-12T00:20:00Z,2026-10-09T18:46+00:00
Drake London,receptions,10.0,740,Baltimore Ravens @ Atlanta Falcons,2026-10-12T00:20:00Z,2026-10-09T18:46+00:00
Drake London,receptions,11.0,1260,Baltimore Ravens @ Atlanta Falcons,2026-10-12T00:20:00Z,2026-10-09T18:46+00:00
Drake London,receptions,12.0,2000,Baltimore Ravens @ Atlanta Falcons,2026-10-12T00:20:00Z,2026-10-09T18:46+00:00
Zay Flowers,receptions,3.0,-1460,Baltimore Ravens @ Atlanta Falcons,2026-10-12T00:20:00Z,2026-10-09T18:46+00:00
Zay Flowers,receptions,4.0,-464,Baltimore Ravens @ Atlanta Falcons,2026-10-12T00:20:00Z,2026-10-09T18:46+00:00
Zay Flowers,receptions,5.0,-207,Baltimore Ravens @ Atlanta Falcons,2026-10-12T00:20:00Z,2026-10-09T18:46+00:00
Zay Flowers,receptions,6.0,-104,Baltimore Ravens @ Atlanta Falcons,2026-10-12T00:20:00Z,2026-10-09T18:46+00:00
Zay Flowers,receptions,7.0,186,Baltimore Ravens @ Atlanta Falcons,2026-10-12T00:20:00Z,2026-10-09T18:46+00:00
Zay Flowers,receptions,8.0,341,Baltimore Ravens @ Atlanta Falcons,2026-10-12T00:20:00Z,2026-10-09T18:46+00:00
Zay Flowers,receptions,9.0,610,Baltimore Ravens @ Atlanta Falcons,2026-10-12T00:20:00Z,2026-10-09T18:46+00:00
Zay Flowers,receptions,10.0,1040,Baltimore Ravens @ Atlanta Falcons,2026-10-12T00:20:00Z,2026-10-09T18:46+00:00
Zay Flowers,receptions,11.0,1700,Baltimore Ravens @ Atlanta Falcons,2026-10-12T00:20:00Z,2026-10-09T18:46+00:00
Zay Flowers,receptions,12.0,2500,Baltimore Ravens @ Atlanta Falcons,2026-10-12T00:20:00Z,2026-10-09T18:46+00:00
Bijan Robinson,receptions,2.0,-1100,Baltimore Ravens @ Atlanta Falcons,2026-10-12T00:20:00Z,2026-10-09T18:46+00:00
Bijan Robinson,receptions,3.0,-313,Baltimore Ravens @ Atlanta Falcons,2026-10-12T00:20:00Z,2026-10-09T18:46+00:00
Bijan Robinson,receptions,4.0,-124,Baltimore Ravens @ Atlanta Falcons,2026-10-12T00:20:00Z,2026-10-09T18:46+00:00
Bijan Robinson,receptions,5.0,175,Baltimore Ravens @ Atlanta Falcons,2026-10-12T00:20:00Z,2026-10-09T18:46+00:00
Bijan Robinson,receptions,6.0,357,Baltimore Ravens @ Atlanta Falcons,2026-10-12T00:20:00Z,2026-10-09T18:46+00:00
Bijan Robinson,receptions,7.0,710,Baltimore Ravens @ Atlanta Falcons,2026-10-12T00:20:00Z,2026-10-09T18:46+00:00
Bijan Robinson,receptions,8.0,1340,Baltimore Ravens @ Atlanta Falcons,2026-10-12T00:20:00Z,2026-10-09T18:46+00:00
Bijan Robinson,receptions,9.0,2200,Baltimore Ravens @ Atlanta Falcons,2026-10-12T00:20:00Z,2026-10-09T18:46+00:00
Mark Andrews,receptions,2.0,-1100,Baltimore Ravens @ Atlanta Falcons,2026-10-12T00:20:00Z,2026-10-09T18:46+00:00
Mark Andrews,receptions,3.0,-315,Baltimore Ravens @ Atlanta Falcons,2026-10-12T00:20:00Z,2026-10-09T18:46+00:00
Mark Andrews,receptions,4.0,-127,Baltimore Ravens @ Atlanta Falcons,2026-10-12T00:20:00Z,2026-10-09T18:46+00:00
Mark Andrews,receptions,5.0,169,Baltimore Ravens @ Atlanta Falcons,2026-10-12T00:20:00Z,2026-10-09T18:46+00:00
Mark Andrews,receptions,6.0,344,Baltimore Ravens @ Atlanta Falcons,2026-10-12T00:20:00Z,2026-10-09T18:46+00:00
Mark Andrews,receptions,7.0,680,Baltimore Ravens @ Atlanta Falcons,2026-10-12T00:20:00Z,2026-10-09T18:46+00:00
Mark Andrews,receptions,8.0,1300,Baltimore Ravens @ Atlanta Falcons,2026-10-12T00:20:00Z,2026-10-09T18:46+00:00
Mark Andrews,receptions,9.0,2200,Baltimore Ravens @ Atlanta Falcons,2026-10-12T00:20:00Z,2026-10-09T18:46+00:00
Kyle Pitts,receptions,2.0,-261,Baltimore Ravens @ Atlanta Falcons,2026-10-12T00:20:00Z,2026-10-09T18:46+00:00
Kyle Pitts,receptions,3.0,116,Baltimore Ravens @ Atlanta Falcons,2026-10-12T00:20:00Z,2026-10-09T18:46+00:00
Kyle Pitts,receptions,4.0,298,Baltimore Ravens @ Atlanta Falcons,2026-10-12T00:20:00Z,2026-10-09T18:46+00:00
Kyle Pitts,receptions,5.0,710,Baltimore Ravens @ Atlanta Falcons,2026-10-12T00:20:00Z,2026-10-09T18:46+00:00
Kyle Pitts,receptions,6.0,1560,Baltimore Ravens @ Atlanta Falcons,2026-10-12T00:20:00Z,2026-10-09T18:46+00:00
Kyle Pitts,receptions,7.0,2800,Baltimore Ravens @ Atlanta Falcons,2026-10-12T00:20:00Z,2026-10-09T18:46+00:00
Rashod Bateman,receptions,2.0,-147,Baltimore Ravens @ Atlanta Falcons,2026-10-12T00:20:00Z,2026-10-09T18:46+00:00
Rashod Bateman,receptions,3.0,206,Baltimore Ravens @ Atlanta Falcons,2026-10-12T00:20:00Z,2026-10-09T18:46+00:00
Rashod Bateman,receptions,4.0,549,Baltimore Ravens @ Atlanta Falcons,2026-10-12T00:20:00Z,2026-10-09T18:46+00:00
Rashod Bateman,receptions,5.0,1300,Baltimore Ravens @ Atlanta Falcons,2026-10-12T00:20:00Z,2026-10-09T18:46+00:00
Rashod Bateman,receptions,6.0,2600,Baltimore Ravens @ Atlanta Falcons,2026-10-12T00:20:00Z,2026-10-09T18:46+00:00
Jahan Dotson,receptions,2.0,-144,Baltimore Ravens @ Atlanta Falcons,2026-10-12T00:20:00Z,2026-10-09T18:46+00:00
Jahan Dotson,receptions,3.0,213,Baltimore Ravens @ Atlanta Falcons,2026-10-12T00:20:00Z,2026-10-09T18:46+00:00
Jahan Dotson,receptions,4.0,564,Baltimore Ravens @ Atlanta Falcons,2026-10-12T00:20:00Z,2026-10-09T18:46+00:00
Jahan Dotson,receptions,5.0,1340,Baltimore Ravens @ Atlanta Falcons,2026-10-12T00:20:00Z,2026-10-09T18:46+00:00
Jahan Dotson,receptions,6.0,2700,Baltimore Ravens @ Atlanta Falcons,2026-10-12T00:20:00Z,2026-10-09T18:46+00:00
Justice Hill,receptions,2.0,-113,Baltimore Ravens @ Atlanta Falcons,2026-10-12T00:20:00Z,2026-10-09T18:46+00:00
Justice Hill,receptions,3.0,267,Baltimore Ravens @ Atlanta Falcons,2026-10-12T00:20:00Z,2026-10-09T18:46+00:00
Justice Hill,receptions,4.0,720,Baltimore Ravens @ Atlanta Falcons,2026-10-12T00:20:00Z,2026-10-09T18:46+00:00
Justice Hill,receptions,5.0,1720,Baltimore Ravens @ Atlanta Falcons,2026-10-12T00:20:00Z,2026-10-09T18:46+00:00
Derrick Henry,receptions,2.0,184,Baltimore Ravens @ Atlanta Falcons,2026-10-12T00:20:00Z,2026-10-09T18:46+00:00
Derrick Henry,receptions,3.0,610,Baltimore Ravens @ Atlanta Falcons,2026-10-12T00:20:00Z,2026-10-09T18:46+00:00
Derrick Henry,receptions,4.0,1660,Baltimore Ravens @ Atlanta Falcons,2026-10-12T00:20:00Z,2026-10-09T18:46+00:00
Olamide Zaccheaus,receptions,2.0,196,Baltimore Ravens @ Atlanta Falcons,2026-10-12T00:20:00Z,2026-10-09T18:46+00:00
Olamide Zaccheaus,receptions,3.0,650,Baltimore Ravens @ Atlanta Falcons,2026-10-12T00:20:00Z,2026-10-09T18:46+00:00
Olamide Zaccheaus,receptions,4.0,1700,Baltimore Ravens @ Atlanta Falcons,2026-10-12T00:20:00Z,2026-10-09T18:46+00:00
Bijan Robinson,rush_att,12.0,-1420,Baltimore Ravens @ Atlanta Falcons,2026-10-12T00:20:00Z,2026-10-09T18:46+00:00
Bijan Robinson,rush_att,14.0,-568,Baltimore Ravens @ Atlanta Falcons,2026-10-12T00:20:00Z,2026-10-09T18:46+00:00
Bijan Robinson,rush_att,16.0,-279,Baltimore Ravens @ Atlanta Falcons,2026-10-12T00:20:00Z,2026-10-09T18:46+00:00
Bijan Robinson,rush_att,18.0,-154,Baltimore Ravens @ Atlanta Falcons,2026-10-12T00:20:00Z,2026-10-09T18:46+00:00
Bijan Robinson,rush_att,19.0,-117,Baltimore Ravens @ Atlanta Falcons,2026-10-12T00:20:00Z,2026-10-09T18:46+00:00
Bijan Robinson,rush_att,20.0,113,Baltimore Ravens @ Atlanta Falcons,2026-10-12T00:20:00Z,2026-10-09T18:46+00:00
Bijan Robinson,rush_att,22.0,187,Baltimore Ravens @ Atlanta Falcons,2026-10-12T00:20:00Z,2026-10-09T18:46+00:00
Bijan Robinson,rush_att,24.0,316,Baltimore Ravens @ Atlanta Falcons,2026-10-12T00:20:00Z,2026-10-09T18:46+00:00
Bijan Robinson,rush_att,26.0,542,Baltimore Ravens @ Atlanta Falcons,2026-10-12T00:20:00Z,2026-10-09T18:46+00:00
Bijan Robinson,rush_att,28.0,920,Baltimore Ravens @ Atlanta Falcons,2026-10-12T00:20:00Z,2026-10-09T18:46+00:00
Bijan Robinson,rush_att,30.0,1520,Baltimore Ravens @ Atlanta Falcons,2026-10-12T00:20:00Z,2026-10-09T18:46+00:00
Derrick Henry,rush_att,12.0,-2400,Baltimore Ravens @ Atlanta Falcons,2026-10-12T00:20:00Z,2026-10-09T18:46+00:00
Derrick Henry,rush_att,14.0,-790,Baltimore Ravens @ Atlanta Falcons,2026-10-12T00:20:00Z,2026-10-09T18:46+00:00
Derrick Henry,rush_att,16.0,-353,Baltimore Ravens @ Atlanta Falcons,2026-10-12T00:20:00Z,2026-10-09T18:46+00:00
Derrick Henry,rush_att,18.0,-183,Baltimore Ravens @ Atlanta Falcons,2026-10-12T00:20:00Z,2026-10-09T18:46+00:00
Derrick Henry,rush_att,20.0,-101,Baltimore Ravens @ Atlanta Falcons,2026-10-12T00:20:00Z,2026-10-09T18:46+00:00
Derrick Henry,rush_att,22.0,172,Baltimore Ravens @ Atlanta Falcons,2026-10-12T00:20:00Z,2026-10-09T18:46+00:00
Derrick Henry,rush_att,24.0,299,Baltimore Ravens @ Atlanta Falcons,2026-10-12T00:20:00Z,2026-10-09T18:46+00:00
Derrick Henry,rush_att,26.0,525,Baltimore Ravens @ Atlanta Falcons,2026-10-12T00:20:00Z,2026-10-09T18:46+00:00
Derrick Henry,rush_att,28.0,900,Baltimore Ravens @ Atlanta Falcons,2026-10-12T00:20:00Z,2026-10-09T18:46+00:00
Derrick Henry,rush_att,30.0,1540,Baltimore Ravens @ Atlanta Falcons,2026-10-12T00:20:00Z,2026-10-09T18:46+00:00
Brian Robinson Jr.,rush_att,6.0,-740,Baltimore Ravens @ Atlanta Falcons,2026-10-12T00:20:00Z,2026-10-09T18:46+00:00
Brian Robinson Jr.,rush_att,8.0,-223,Baltimore Ravens @ Atlanta Falcons,2026-10-12T00:20:00Z,2026-10-09T18:46+00:00
Brian Robinson Jr.,rush_att,9.0,-134,Baltimore Ravens @ Atlanta Falcons,2026-10-12T00:20:00Z,2026-10-09T18:46+00:00
Brian Robinson Jr.,rush_att,10.0,121,Baltimore Ravens @ Atlanta Falcons,2026-10-12T00:20:00Z,2026-10-09T18:46+00:00
Brian Robinson Jr.,rush_att,12.0,290,Baltimore Ravens @ Atlanta Falcons,2026-10-12T00:20:00Z,2026-10-09T18:46+00:00
Brian Robinson Jr.,rush_att,14.0,680,Baltimore Ravens @ Atlanta Falcons,2026-10-12T00:20:00Z,2026-10-09T18:46+00:00
Brian Robinson Jr.,rush_att,16.0,1500,Baltimore Ravens @ Atlanta Falcons,2026-10-12T00:20:00Z,2026-10-09T18:46+00:00
Bijan Robinson,rush_yds,40.0,-1900,Baltimore Ravens @ Atlanta Falcons,2026-10-12T00:20:00Z,2026-10-09T18:46+00:00
Bijan Robinson,rush_yds,50.0,-810,Baltimore Ravens @ Atlanta Falcons,2026-10-12T00:20:00Z,2026-10-09T18:46+00:00
Bijan Robinson,rush_yds,60.0,-414,Baltimore Ravens @ Atlanta Falcons,2026-10-12T00:20:00Z,2026-10-09T18:46+00:00
Bijan Robinson,rush_yds,70.0,-244,Baltimore Ravens @ Atlanta Falcons,2026-10-12T00:20:00Z,2026-10-09T18:46+00:00
Bijan Robinson,rush_yds,80.0,-154,Baltimore Ravens @ Atlanta Falcons,2026-10-12T00:20:00Z,2026-10-09T18:46+00:00
Bijan Robinson,rush_yds,88.0,-112,Baltimore Ravens @ Atlanta Falcons,2026-10-12T00:20:00Z,2026-10-09T18:46+00:00
Bijan Robinson,rush_yds,90.0,-103,Baltimore Ravens @ Atlanta Falcons,2026-10-12T00:20:00Z,2026-10-09T18:46+00:00
Bijan Robinson,rush_yds,100.0,142,Baltimore Ravens @ Atlanta Falcons,2026-10-12T00:20:00Z,2026-10-09T18:46+00:00
Bijan Robinson,rush_yds,110.0,203,Baltimore Ravens @ Atlanta Falcons,2026-10-12T00:20:00Z,2026-10-09T18:46+00:00
Bijan Robinson,rush_yds,120.0,290,Baltimore Ravens @ Atlanta Falcons,2026-10-12T00:20:00Z,2026-10-09T18:46+00:00
Bijan Robinson,rush_yds,130.0,413,Baltimore Ravens @ Atlanta Falcons,2026-10-12T00:20:00Z,2026-10-09T18:46+00:00
Bijan Robinson,rush_yds,140.0,585,Baltimore Ravens @ Atlanta Falcons,2026-10-12T00:20:00Z,2026-10-09T18:46+00:00
Bijan Robinson,rush_yds,150.0,820,Baltimore Ravens @ Atlanta Falcons,2026-10-12T00:20:00Z,2026-10-09T18:46+00:00
Bijan Robinson,rush_yds,160.0,1120,Baltimore Ravens @ Atlanta Falcons,2026-10-12T00:20:00Z,2026-10-09T18:46+00:00
Bijan Robinson,rush_yds,170.0,1560,Baltimore Ravens @ Atlanta Falcons,2026-10-12T00:20:00Z,2026-10-09T18:46+00:00
Bijan Robinson,rush_yds,180.0,2100,Baltimore Ravens @ Atlanta Falcons,2026-10-12T00:20:00Z,2026-10-09T18:46+00:00
Bijan Robinson,rush_yds,190.0,2800,Baltimore Ravens @ Atlanta Falcons,2026-10-12T00:20:00Z,2026-10-09T18:46+00:00
Bijan Robinson,rush_yds,200.0,3600,Baltimore Ravens @ Atlanta Falcons,2026-10-12T00:20:00Z,2026-10-09T18:46+00:00
Derrick Henry,rush_yds,40.0,-1240,Baltimore Ravens @ Atlanta Falcons,2026-10-12T00:20:00Z,2026-10-09T18:46+00:00
Derrick Henry,rush_yds,50.0,-548,Baltimore Ravens @ Atlanta Falcons,2026-10-12T00:20:00Z,2026-10-09T18:46+00:00
Derrick Henry,rush_yds,60.0,-296,Baltimore Ravens @ Atlanta Falcons,2026-10-12T00:20:00Z,2026-10-09T18:46+00:00
Derrick Henry,rush_yds,70.0,-177,Baltimore Ravens @ Atlanta Falcons,2026-10-12T00:20:00Z,2026-10-09T18:46+00:00
Derrick Henry,rush_yds,80.0,-113,Baltimore Ravens @ Atlanta Falcons,2026-10-12T00:20:00Z,2026-10-09T18:46+00:00
Derrick Henry,rush_yds,90.0,134,Baltimore Ravens @ Atlanta Falcons,2026-10-12T00:20:00Z,2026-10-09T18:46+00:00
Derrick Henry,rush_yds,100.0,198,Baltimore Ravens @ Atlanta Falcons,2026-10-12T00:20:00Z,2026-10-09T18:46+00:00
Derrick Henry,rush_yds,110.0,288,Baltimore Ravens @ Atlanta Falcons,2026-10-12T00:20:00Z,2026-10-09T18:46+00:00
Derrick Henry,rush_yds,120.0,411,Baltimore Ravens @ Atlanta Falcons,2026-10-12T00:20:00Z,2026-10-09T18:46+00:00
Derrick Henry,rush_yds,130.0,589,Baltimore Ravens @ Atlanta Falcons,2026-10-12T00:20:00Z,2026-10-09T18:46+00:00
Derrick Henry,rush_yds,140.0,840,Baltimore Ravens @ Atlanta Falcons,2026-10-12T00:20:00Z,2026-10-09T18:46+00:00
Derrick Henry,rush_yds,150.0,1200,Baltimore Ravens @ Atlanta Falcons,2026-10-12T00:20:00Z,2026-10-09T18:46+00:00
Derrick Henry,rush_yds,160.0,1680,Baltimore Ravens @ Atlanta Falcons,2026-10-12T00:20:00Z,2026-10-09T18:46+00:00
Derrick Henry,rush_yds,170.0,2300,Baltimore Ravens @ Atlanta Falcons,2026-10-12T00:20:00Z,2026-10-09T18:46+00:00
Derrick Henry,rush_yds,180.0,3200,Baltimore Ravens @ Atlanta Falcons,2026-10-12T00:20:00Z,2026-10-09T18:46+00:00
Brian Robinson Jr.,rush_yds,10.0,-1860,Baltimore Ravens @ Atlanta Falcons,2026-10-12T00:20:00Z,2026-10-09T18:46+00:00
Brian Robinson Jr.,rush_yds,15.0,-790,Baltimore Ravens @ Atlanta Falcons,2026-10-12T00:20:00Z,2026-10-09T18:46+00:00
Brian Robinson Jr.,rush_yds,20.0,-425,Baltimore Ravens @ Atlanta Falcons,2026-10-12T00:20:00Z,2026-10-09T18:46+00:00
Brian Robinson Jr.,rush_yds,25.0,-261,Baltimore Ravens @ Atlanta Falcons,2026-10-12T00:20:00Z,2026-10-09T18:46+00:00
Brian Robinson Jr.,rush_yds,30.0,-172,Baltimore Ravens @ Atlanta Falcons,2026-10-12T00:20:00Z,2026-10-09T18:46+00:00
Brian Robinson Jr.,rush_yds,36.0,-110,Baltimore Ravens @ Atlanta Falcons,2026-10-12T00:20:00Z,2026-10-09T18:46+00:00
Brian Robinson Jr.,rush_yds,40.0,118,Baltimore Ravens @ Atlanta Falcons,2026-10-12T00:20:00Z,2026-10-09T18:46+00:00
Brian Robinson Jr.,rush_yds,50.0,221,Baltimore Ravens @ Atlanta Falcons,2026-10-12T00:20:00Z,2026-10-09T18:46+00:00
Brian Robinson Jr.,rush_yds,60.0,383,Baltimore Ravens @ Atlanta Falcons,2026-10-12T00:20:00Z,2026-10-09T18:46+00:00
Brian Robinson Jr.,rush_yds,70.0,640,Baltimore Ravens @ Atlanta Falcons,2026-10-12T00:20:00Z,2026-10-09T18:46+00:00
Brian Robinson Jr.,rush_yds,80.0,1040,Baltimore Ravens @ Atlanta Falcons,2026-10-12T00:20:00Z,2026-10-09T18:46+00:00
Brian Robinson Jr.,rush_yds,90.0,1620,Baltimore Ravens @ Atlanta Falcons,2026-10-12T00:20:00Z,2026-10-09T18:46+00:00
Brian Robinson Jr.,rush_yds,100.0,2400,Baltimore Ravens @ Atlanta Falcons,2026-10-12T00:20:00Z,2026-10-09T18:46+00:00
Brian Robinson Jr.,rush_yds,110.0,3500,Baltimore Ravens @ Atlanta Falcons,2026-10-12T00:20:00Z,2026-10-09T18:46+00:00
Justice Hill,rush_yds,10.0,-183,Baltimore Ravens @ Atlanta Falcons,2026-10-12T00:20:00Z,2026-10-09T18:46+00:00
Justice Hill,rush_yds,14.0,-109,Baltimore Ravens @ Atlanta Falcons,2026-10-12T00:20:00Z,2026-10-09T18:46+00:00
Justice Hill,rush_yds,15.0,104,Baltimore Ravens @ Atlanta Falcons,2026-10-12T00:20:00Z,2026-10-09T18:46+00:00
Justice Hill,rush_yds,20.0,178,Baltimore Ravens @ Atlanta Falcons,2026-10-12T00:20:00Z,2026-10-09T18:46+00:00
Justice Hill,rush_yds,25.0,282,Baltimore Ravens @ Atlanta Falcons,2026-10-12T00:20:00Z,2026-10-09T18:46+00:00
Justice Hill,rush_yds,30.0,430,Baltimore Ravens @ Atlanta Falcons,2026-10-12T00:20:00Z,2026-10-09T18:46+00:00
Justice Hill,rush_yds,40.0,890,Baltimore Ravens @ Atlanta Falcons,2026-10-12T00:20:00Z,2026-10-09T18:46+00:00
Justice Hill,rush_yds,50.0,1620,Baltimore Ravens @ Atlanta Falcons,2026-10-12T00:20:00Z,2026-10-09T18:46+00:00
Justice Hill,rush_yds,60.0,2700,Baltimore Ravens @ Atlanta Falcons,2026-10-12T00:20:00Z,2026-10-09T18:46+00:00
Michael Penix Jr.,rush_yds,1.0,100,Baltimore Ravens @ Atlanta Falcons,2026-10-12T00:20:00Z,2026-10-09T18:46+00:00
Michael Penix Jr.,rush_yds,10.0,562,Baltimore Ravens @ Atlanta Falcons,2026-10-12T00:20:00Z,2026-10-09T18:46+00:00
Michael Penix Jr.,rush_yds,15.0,1160,Baltimore Ravens @ Atlanta Falcons,2026-10-12T00:20:00Z,2026-10-09T18:46+00:00
Michael Penix Jr.,rush_yds,20.0,2100,Baltimore Ravens @ Atlanta Falcons,2026-10-12T00:20:00Z,2026-10-09T18:46+00:00
Michael Penix Jr.,rush_yds,25.0,3300,Baltimore Ravens @ Atlanta Falcons,2026-10-12T00:20:00Z,2026-10-09T18:46+00:00
