Player,Market,Rung,Odds,Game,Commence,PulledAt
Aaron Rodgers,pass_att,26.0,-2100,Pittsburgh Steelers @ Cleveland Browns,2026-10-02T00:15:00Z,2026-10-01T23:06+00:00
Aaron Rodgers,pass_att,28.0,-840,Pittsburgh Steelers @ Cleveland Browns,2026-10-02T00:15:00Z,2026-10-01T23:06+00:00
Aaron Rodgers,pass_att,30.0,-414,Pittsburgh Steelers @ Cleveland Browns,2026-10-02T00:15:00Z,2026-10-01T23:06+00:00
Aaron Rodgers,pass_att,32.0,-235,Pittsburgh Steelers @ Cleveland Browns,2026-10-02T00:15:00Z,2026-10-01T23:06+00:00
Aaron Rodgers,pass_att,34.0,-139,Pittsburgh Steelers @ Cleveland Browns,2026-10-02T00:15:00Z,2026-10-01T23:06+00:00
Aaron Rodgers,pass_att,35.0,-109,Pittsburgh Steelers @ Cleveland Browns,2026-10-02T00:15:00Z,2026-10-01T23:06+00:00
Aaron Rodgers,pass_att,36.0,118,Pittsburgh Steelers @ Cleveland Browns,2026-10-02T00:15:00Z,2026-10-01T23:06+00:00
Aaron Rodgers,pass_att,38.0,188,Pittsburgh Steelers @ Cleveland Browns,2026-10-02T00:15:00Z,2026-10-01T23:06+00:00
Aaron Rodgers,pass_att,40.0,293,Pittsburgh Steelers @ Cleveland Browns,2026-10-02T00:15:00Z,2026-10-01T23:06+00:00
Aaron Rodgers,pass_att,42.0,452,Pittsburgh Steelers @ Cleveland Browns,2026-10-02T00:15:00Z,2026-10-01T23:06+00:00
Aaron Rodgers,pass_att,44.0,680,Pittsburgh Steelers @ Cleveland Browns,2026-10-02T00:15:00Z,2026-10-01T23:06+00:00
Aaron Rodgers,pass_att,46.0,1040,Pittsburgh Steelers @ Cleveland Browns,2026-10-02T00:15:00Z,2026-10-01T23:06+00:00
Aaron Rodgers,pass_att,48.0,1480,Pittsburgh Steelers @ Cleveland Browns,2026-10-02T00:15:00Z,2026-10-01T23:06+00:00
Deshaun Watson,pass_att,22.0,-1440,Pittsburgh Steelers @ Cleveland Browns,2026-10-02T00:15:00Z,2026-10-01T23:06+00:00
Deshaun Watson,pass_att,24.0,-610,Pittsburgh Steelers @ Cleveland Browns,2026-10-02T00:15:00Z,2026-10-01T23:06+00:00
Deshaun Watson,pass_att,26.0,-302,Pittsburgh Steelers @ Cleveland Browns,2026-10-02T00:15:00Z,2026-10-01T23:06+00:00
Deshaun Watson,pass_att,28.0,-171,Pittsburgh Steelers @ Cleveland Browns,2026-10-02T00:15:00Z,2026-10-01T23:06+00:00
Deshaun Watson,pass_att,30.0,-101,Pittsburgh Steelers @ Cleveland Browns,2026-10-02T00:15:00Z,2026-10-01T23:06+00:00
Deshaun Watson,pass_att,32.0,165,Pittsburgh Steelers @ Cleveland Browns,2026-10-02T00:15:00Z,2026-10-01T23:06+00:00
Deshaun Watson,pass_att,34.0,267,Pittsburgh Steelers @ Cleveland Browns,2026-10-02T00:15:00Z,2026-10-01T23:06+00:00
Deshaun Watson,pass_att,36.0,430,Pittsburgh Steelers @ Cleveland Browns,2026-10-02T00:15:00Z,2026-10-01T23:06+00:00
Deshaun Watson,pass_att,38.0,670,Pittsburgh Steelers @ Cleveland Browns,2026-10-02T00:15:00Z,2026-10-01T23:06+00:00
Deshaun Watson,pass_att,40.0,1040,Pittsburgh Steelers @ Cleveland Browns,2026-10-02T00:15:00Z,2026-10-01T23:06+00:00
Deshaun Watson,pass_att,42.0,1620,Pittsburgh Steelers @ Cleveland Browns,2026-10-02T00:15:00Z,2026-10-01T23:06+00:00
Aaron Rodgers,pass_cmps,14.0,-2600,Pittsburgh Steelers @ Cleveland Browns,2026-10-02T00:15:00Z,2026-10-01T23:06+00:00
Aaron Rodgers,pass_cmps,16.0,-730,Pittsburgh Steelers @ Cleveland Browns,2026-10-02T00:15:00Z,2026-10-01T23:06+00:00
Aaron Rodgers,pass_cmps,18.0,-294,Pittsburgh Steelers @ Cleveland Browns,2026-10-02T00:15:00Z,2026-10-01T23:06+00:00
Aaron Rodgers,pass_cmps,20.0,-136,Pittsburgh Steelers @ Cleveland Browns,2026-10-02T00:15:00Z,2026-10-01T23:06+00:00
Aaron Rodgers,pass_cmps,21.0,110,Pittsburgh Steelers @ Cleveland Browns,2026-10-02T00:15:00Z,2026-10-01T23:06+00:00
Aaron Rodgers,pass_cmps,22.0,148,Pittsburgh Steelers @ Cleveland Browns,2026-10-02T00:15:00Z,2026-10-01T23:06+00:00
Aaron Rodgers,pass_cmps,24.0,292,Pittsburgh Steelers @ Cleveland Browns,2026-10-02T00:15:00Z,2026-10-01T23:06+00:00
Aaron Rodgers,pass_cmps,26.0,563,Pittsburgh Steelers @ Cleveland Browns,2026-10-02T00:15:00Z,2026-10-01T23:06+00:00
Aaron Rodgers,pass_cmps,28.0,1080,Pittsburgh Steelers @ Cleveland Browns,2026-10-02T00:15:00Z,2026-10-01T23:06+00:00
Deshaun Watson,pass_cmps,12.0,-3100,Pittsburgh Steelers @ Cleveland Browns,2026-10-02T00:15:00Z,2026-10-01T23:06+00:00
Deshaun Watson,pass_cmps,14.0,-770,Pittsburgh Steelers @ Cleveland Browns,2026-10-02T00:15:00Z,2026-10-01T23:06+00:00
Deshaun Watson,pass_cmps,16.0,-286,Pittsburgh Steelers @ Cleveland Browns,2026-10-02T00:15:00Z,2026-10-01T23:06+00:00
Deshaun Watson,pass_cmps,18.0,-129,Pittsburgh Steelers @ Cleveland Browns,2026-10-02T00:15:00Z,2026-10-01T23:06+00:00
Deshaun Watson,pass_cmps,20.0,156,Pittsburgh Steelers @ Cleveland Browns,2026-10-02T00:15:00Z,2026-10-01T23:06+00:00
Deshaun Watson,pass_cmps,22.0,310,Pittsburgh Steelers @ Cleveland Browns,2026-10-02T00:15:00Z,2026-10-01T23:06+00:00
Deshaun Watson,pass_cmps,24.0,597,Pittsburgh Steelers @ Cleveland Browns,2026-10-02T00:15:00Z,2026-10-01T23:06+00:00
Deshaun Watson,pass_cmps,26.0,1140,Pittsburgh Steelers @ Cleveland Browns,2026-10-02T00:15:00Z,2026-10-01T23:06+00:00
Aaron Rodgers,pass_yds,150.0,-750,Pittsburgh Steelers @ Cleveland Browns,2026-10-02T00:15:00Z,2026-10-01T23:06+00:00
Aaron Rodgers,pass_yds,160.0,-528,Pittsburgh Steelers @ Cleveland Browns,2026-10-02T00:15:00Z,2026-10-01T23:06+00:00
Aaron Rodgers,pass_yds,170.0,-382,Pittsburgh Steelers @ Cleveland Browns,2026-10-02T00:15:00Z,2026-10-01T23:06+00:00
Aaron Rodgers,pass_yds,180.0,-285,Pittsburgh Steelers @ Cleveland Browns,2026-10-02T00:15:00Z,2026-10-01T23:06+00:00
Aaron Rodgers,pass_yds,190.0,-215,Pittsburgh Steelers @ Cleveland Browns,2026-10-02T00:15:00Z,2026-10-01T23:06+00:00
Aaron Rodgers,pass_yds,200.0,-164,Pittsburgh Steelers @ Cleveland Browns,2026-10-02T00:15:00Z,2026-10-01T23:06+00:00
Aaron Rodgers,pass_yds,210.0,-127,Pittsburgh Steelers @ Cleveland Browns,2026-10-02T00:15:00Z,2026-10-01T23:06+00:00
Aaron Rodgers,pass_yds,215.0,-113,Pittsburgh Steelers @ Cleveland Browns,2026-10-02T00:15:00Z,2026-10-01T23:06+00:00
Aaron Rodgers,pass_yds,220.0,100,Pittsburgh Steelers @ Cleveland Browns,2026-10-02T00:15:00Z,2026-10-01T23:06+00:00
Aaron Rodgers,pass_yds,230.0,127,Pittsburgh Steelers @ Cleveland Browns,2026-10-02T00:15:00Z,2026-10-01T23:06+00:00
Aaron Rodgers,pass_yds,240.0,160,Pittsburgh Steelers @ Cleveland Browns,2026-10-02T00:15:00Z,2026-10-01T23:06+00:00
Aaron Rodgers,pass_yds,250.0,201,Pittsburgh Steelers @ Cleveland Browns,2026-10-02T00:15:00Z,2026-10-01T23:06+00:00
Aaron Rodgers,pass_yds,260.0,252,Pittsburgh Steelers @ Cleveland Browns,2026-10-02T00:15:00Z,2026-10-01T23:06+00:00
Aaron Rodgers,pass_yds,270.0,321,Pittsburgh Steelers @ Cleveland Browns,2026-10-02T00:15:00Z,2026-10-01T23:06+00:00
Aaron Rodgers,pass_yds,280.0,404,Pittsburgh Steelers @ Cleveland Browns,2026-10-02T00:15:00Z,2026-10-01T23:06+00:00
Aaron Rodgers,pass_yds,290.0,503,Pittsburgh Steelers @ Cleveland Browns,2026-10-02T00:15:00Z,2026-10-01T23:06+00:00
Aaron Rodgers,pass_yds,300.0,630,Pittsburgh Steelers @ Cleveland Browns,2026-10-02T00:15:00Z,2026-10-01T23:06+00:00
Aaron Rodgers,pass_yds,310.0,800,Pittsburgh Steelers @ Cleveland Browns,2026-10-02T00:15:00Z,2026-10-01T23:06+00:00
Aaron Rodgers,pass_yds,320.0,1000,Pittsburgh Steelers @ Cleveland Browns,2026-10-02T00:15:00Z,2026-10-01T23:06+00:00
Aaron Rodgers,pass_yds,330.0,1280,Pittsburgh Steelers @ Cleveland Browns,2026-10-02T00:15:00Z,2026-10-01T23:06+00:00
Aaron Rodgers,pass_yds,340.0,1580,Pittsburgh Steelers @ Cleveland Browns,2026-10-02T00:15:00Z,2026-10-01T23:06+00:00
Aaron Rodgers,pass_yds,350.0,1900,Pittsburgh Steelers @ Cleveland Browns,2026-10-02T00:15:00Z,2026-10-01T23:06+00:00
Aaron Rodgers,pass_yds,360.0,2500,Pittsburgh Steelers @ Cleveland Browns,2026-10-02T00:15:00Z,2026-10-01T23:06+00:00
Aaron Rodgers,pass_yds,370.0,3200,Pittsburgh Steelers @ Cleveland Browns,2026-10-02T00:15:00Z,2026-10-01T23:06+00:00
Aaron Rodgers,pass_yds,380.0,4000,Pittsburgh Steelers @ Cleveland Browns,2026-10-02T00:15:00Z,2026-10-01T23:06+00:00
Deshaun Watson,pass_yds,150.0,-324,Pittsburgh Steelers @ Cleveland Browns,2026-10-02T00:15:00Z,2026-10-01T23:06+00:00
Deshaun Watson,pass_yds,160.0,-238,Pittsburgh Steelers @ Cleveland Browns,2026-10-02T00:15:00Z,2026-10-01T23:06+00:00
Deshaun Watson,pass_yds,170.0,-179,Pittsburgh Steelers @ Cleveland Browns,2026-10-02T00:15:00Z,2026-10-01T23:06+00:00
Deshaun Watson,pass_yds,180.0,-134,Pittsburgh Steelers @ Cleveland Browns,2026-10-02T00:15:00Z,2026-10-01T23:06+00:00
Deshaun Watson,pass_yds,187.0,-112,Pittsburgh Steelers @ Cleveland Browns,2026-10-02T00:15:00Z,2026-10-01T23:06+00:00
Deshaun Watson,pass_yds,190.0,-104,Pittsburgh Steelers @ Cleveland Browns,2026-10-02T00:15:00Z,2026-10-01T23:06+00:00
Deshaun Watson,pass_yds,200.0,125,Pittsburgh Steelers @ Cleveland Browns,2026-10-02T00:15:00Z,2026-10-01T23:06+00:00
Deshaun Watson,pass_yds,210.0,158,Pittsburgh Steelers @ Cleveland Browns,2026-10-02T00:15:00Z,2026-10-01T23:06+00:00
Deshaun Watson,pass_yds,220.0,203,Pittsburgh Steelers @ Cleveland Browns,2026-10-02T00:15:00Z,2026-10-01T23:06+00:00
Deshaun Watson,pass_yds,230.0,257,Pittsburgh Steelers @ Cleveland Browns,2026-10-02T00:15:00Z,2026-10-01T23:06+00:00
Deshaun Watson,pass_yds,240.0,328,Pittsburgh Steelers @ Cleveland Browns,2026-10-02T00:15:00Z,2026-10-01T23:06+00:00
Deshaun Watson,pass_yds,250.0,417,Pittsburgh Steelers @ Cleveland Browns,2026-10-02T00:15:00Z,2026-10-01T23:06+00:00
Deshaun Watson,pass_yds,260.0,529,Pittsburgh Steelers @ Cleveland Browns,2026-10-02T00:15:00Z,2026-10-01T23:06+00:00
Deshaun Watson,pass_yds,270.0,670,Pittsburgh Steelers @ Cleveland Browns,2026-10-02T00:15:00Z,2026-10-01T23:06+00:00
Deshaun Watson,pass_yds,280.0,860,Pittsburgh Steelers @ Cleveland Browns,2026-10-02T00:15:00Z,2026-10-01T23:06+00:00
Deshaun Watson,pass_yds,290.0,1080,Pittsburgh Steelers @ Cleveland Browns,2026-10-02T00:15:00Z,2026-10-01T23:06+00:00
Deshaun Watson,pass_yds,300.0,1360,Pittsburgh Steelers @ Cleveland Browns,2026-10-02T00:15:00Z,2026-10-01T23:06+00:00
Deshaun Watson,pass_yds,310.0,1780,Pittsburgh Steelers @ Cleveland Browns,2026-10-02T00:15:00Z,2026-10-01T23:06+00:00
Deshaun Watson,pass_yds,320.0,2200,Pittsburgh Steelers @ Cleveland Browns,2026-10-02T00:15:00Z,2026-10-01T23:06+00:00
Deshaun Watson,pass_yds,330.0,2800,Pittsburgh Steelers @ Cleveland Browns,2026-10-02T00:15:00Z,2026-10-01T23:06+00:00
Deshaun Watson,pass_yds,340.0,3300,Pittsburgh Steelers @ Cleveland Browns,2026-10-02T00:15:00Z,2026-10-01T23:06+00:00
Deshaun Watson,pass_yds,350.0,3900,Pittsburgh Steelers @ Cleveland Browns,2026-10-02T00:15:00Z,2026-10-01T23:06+00:00
DK Metcalf,rec_yds,15.0,-770,Pittsburgh Steelers @ Cleveland Browns,2026-10-02T00:15:00Z,2026-10-01T23:06+00:00
DK Metcalf,rec_yds,25.0,-368,Pittsburgh Steelers @ Cleveland Browns,2026-10-02T00:15:00Z,2026-10-01T23:06+00:00
DK Metcalf,rec_yds,40.0,-156,Pittsburgh Steelers @ Cleveland Browns,2026-10-02T00:15:00Z,2026-10-01T23:06+00:00
DK Metcalf,rec_yds,47.0,-113,Pittsburgh Steelers @ Cleveland Browns,2026-10-02T00:15:00Z,2026-10-01T23:06+00:00
DK Metcalf,rec_yds,50.0,101,Pittsburgh Steelers @ Cleveland Browns,2026-10-02T00:15:00Z,2026-10-01T23:06+00:00
DK Metcalf,rec_yds,60.0,155,Pittsburgh Steelers @ Cleveland Browns,2026-10-02T00:15:00Z,2026-10-01T23:06+00:00
DK Metcalf,rec_yds,70.0,235,Pittsburgh Steelers @ Cleveland Browns,2026-10-02T00:15:00Z,2026-10-01T23:06+00:00
DK Metcalf,rec_yds,80.0,343,Pittsburgh Steelers @ Cleveland Browns,2026-10-02T00:15:00Z,2026-10-01T23:06+00:00
DK Metcalf,rec_yds,90.0,494,Pittsburgh Steelers @ Cleveland Browns,2026-10-02T00:15:00Z,2026-10-01T23:06+00:00
DK Metcalf,rec_yds,100.0,710,Pittsburgh Steelers @ Cleveland Browns,2026-10-02T00:15:00Z,2026-10-01T23:06+00:00
DK Metcalf,rec_yds,110.0,1040,Pittsburgh Steelers @ Cleveland Browns,2026-10-02T00:15:00Z,2026-10-01T23:06+00:00
DK Metcalf,rec_yds,120.0,1440,Pittsburgh Steelers @ Cleveland Browns,2026-10-02T00:15:00Z,2026-10-01T23:06+00:00
DK Metcalf,rec_yds,130.0,2000,Pittsburgh Steelers @ Cleveland Browns,2026-10-02T00:15:00Z,2026-10-01T23:06+00:00
DK Metcalf,rec_yds,140.0,2700,Pittsburgh Steelers @ Cleveland Browns,2026-10-02T00:15:00Z,2026-10-01T23:06+00:00
DK Metcalf,rec_yds,150.0,3500,Pittsburgh Steelers @ Cleveland Browns,2026-10-02T00:15:00Z,2026-10-01T23:06+00:00
Denzel Boston,rec_yds,15.0,-463,Pittsburgh Steelers @ Cleveland Browns,2026-10-02T00:15:00Z,2026-10-01T23:06+00:00
Denzel Boston,rec_yds,25.0,-236,Pittsburgh Steelers @ Cleveland Browns,2026-10-02T00:15:00Z,2026-10-01T23:06+00:00
Denzel Boston,rec_yds,39.0,-113,Pittsburgh Steelers @ Cleveland Browns,2026-10-02T00:15:00Z,2026-10-01T23:06+00:00
Denzel Boston,rec_yds,40.0,-108,Pittsburgh Steelers @ Cleveland Browns,2026-10-02T00:15:00Z,2026-10-01T23:06+00:00
Denzel Boston,rec_yds,50.0,144,Pittsburgh Steelers @ Cleveland Browns,2026-10-02T00:15:00Z,2026-10-01T23:06+00:00
Denzel Boston,rec_yds,60.0,220,Pittsburgh Steelers @ Cleveland Browns,2026-10-02T00:15:00Z,2026-10-01T23:06+00:00
Denzel Boston,rec_yds,70.0,329,Pittsburgh Steelers @ Cleveland Browns,2026-10-02T00:15:00Z,2026-10-01T23:06+00:00
Denzel Boston,rec_yds,80.0,485,Pittsburgh Steelers @ Cleveland Browns,2026-10-02T00:15:00Z,2026-10-01T23:06+00:00
Denzel Boston,rec_yds,90.0,720,Pittsburgh Steelers @ Cleveland Browns,2026-10-02T00:15:00Z,2026-10-01T23:06+00:00
Denzel Boston,rec_yds,100.0,1040,Pittsburgh Steelers @ Cleveland Browns,2026-10-02T00:15:00Z,2026-10-01T23:06+00:00
Denzel Boston,rec_yds,110.0,1480,Pittsburgh Steelers @ Cleveland Browns,2026-10-02T00:15:00Z,2026-10-01T23:06+00:00
Denzel Boston,rec_yds,120.0,2000,Pittsburgh Steelers @ Cleveland Browns,2026-10-02T00:15:00Z,2026-10-01T23:06+00:00
Denzel Boston,rec_yds,130.0,2800,Pittsburgh Steelers @ Cleveland Browns,2026-10-02T00:15:00Z,2026-10-01T23:06+00:00
Denzel Boston,rec_yds,140.0,3800,Pittsburgh Steelers @ Cleveland Browns,2026-10-02T00:15:00Z,2026-10-01T23:06+00:00
Michael Pittman Jr.,rec_yds,15.0,-387,Pittsburgh Steelers @ Cleveland Browns,2026-10-02T00:15:00Z,2026-10-01T23:06+00:00
Michael Pittman Jr.,rec_yds,25.0,-194,Pittsburgh Steelers @ Cleveland Browns,2026-10-02T00:15:00Z,2026-10-01T23:06+00:00
Michael Pittman Jr.,rec_yds,35.0,-113,Pittsburgh Steelers @ Cleveland Browns,2026-10-02T00:15:00Z,2026-10-01T23:06+00:00
Michael Pittman Jr.,rec_yds,40.0,115,Pittsburgh Steelers @ Cleveland Browns,2026-10-02T00:15:00Z,2026-10-01T23:06+00:00
Michael Pittman Jr.,rec_yds,50.0,178,Pittsburgh Steelers @ Cleveland Browns,2026-10-02T00:15:00Z,2026-10-01T23:06+00:00
Michael Pittman Jr.,rec_yds,60.0,273,Pittsburgh Steelers @ Cleveland Browns,2026-10-02T00:15:00Z,2026-10-01T23:06+00:00
Michael Pittman Jr.,rec_yds,70.0,416,Pittsburgh Steelers @ Cleveland Browns,2026-10-02T00:15:00Z,2026-10-01T23:06+00:00
Michael Pittman Jr.,rec_yds,80.0,610,Pittsburgh Steelers @ Cleveland Browns,2026-10-02T00:15:00Z,2026-10-01T23:06+00:00
Michael Pittman Jr.,rec_yds,90.0,900,Pittsburgh Steelers @ Cleveland Browns,2026-10-02T00:15:00Z,2026-10-01T23:06+00:00
Michael Pittman Jr.,rec_yds,100.0,1280,Pittsburgh Steelers @ Cleveland Browns,2026-10-02T00:15:00Z,2026-10-01T23:06+00:00
Michael Pittman Jr.,rec_yds,110.0,1840,Pittsburgh Steelers @ Cleveland Browns,2026-10-02T00:15:00Z,2026-10-01T23:06+00:00
Michael Pittman Jr.,rec_yds,120.0,2500,Pittsburgh Steelers @ Cleveland Browns,2026-10-02T00:15:00Z,2026-10-01T23:06+00:00
Michael Pittman Jr.,rec_yds,130.0,3300,Pittsburgh Steelers @ Cleveland Browns,2026-10-02T00:15:00Z,2026-10-01T23:06+00:00
Harold Fannin Jr.,rec_yds,15.0,-910,Pittsburgh Steelers @ Cleveland Browns,2026-10-02T00:15:00Z,2026-10-01T23:06+00:00
Harold Fannin Jr.,rec_yds,25.0,-336,Pittsburgh Steelers @ Cleveland Browns,2026-10-02T00:15:00Z,2026-10-01T23:06+00:00
Harold Fannin Jr.,rec_yds,40.0,-123,Pittsburgh Steelers @ Cleveland Browns,2026-10-02T00:15:00Z,2026-10-01T23:06+00:00
Harold Fannin Jr.,rec_yds,42.0,-109,Pittsburgh Steelers @ Cleveland Browns,2026-10-02T00:15:00Z,2026-10-01T23:06+00:00
Harold Fannin Jr.,rec_yds,50.0,142,Pittsburgh Steelers @ Cleveland Browns,2026-10-02T00:15:00Z,2026-10-01T23:06+00:00
Harold Fannin Jr.,rec_yds,60.0,231,Pittsburgh Steelers @ Cleveland Browns,2026-10-02T00:15:00Z,2026-10-01T23:06+00:00
Harold Fannin Jr.,rec_yds,70.0,368,Pittsburgh Steelers @ Cleveland Browns,2026-10-02T00:15:00Z,2026-10-01T23:06+00:00
Harold Fannin Jr.,rec_yds,80.0,577,Pittsburgh Steelers @ Cleveland Browns,2026-10-02T00:15:00Z,2026-10-01T23:06+00:00
Harold Fannin Jr.,rec_yds,90.0,890,Pittsburgh Steelers @ Cleveland Browns,2026-10-02T00:15:00Z,2026-10-01T23:06+00:00
Harold Fannin Jr.,rec_yds,100.0,1380,Pittsburgh Steelers @ Cleveland Browns,2026-10-02T00:15:00Z,2026-10-01T23:06+00:00
Harold Fannin Jr.,rec_yds,110.0,2000,Pittsburgh Steelers @ Cleveland Browns,2026-10-02T00:15:00Z,2026-10-01T23:06+00:00
Harold Fannin Jr.,rec_yds,120.0,3000,Pittsburgh Steelers @ Cleveland Browns,2026-10-02T00:15:00Z,2026-10-01T23:06+00:00
KC Concepcion,rec_yds,15.0,-640,Pittsburgh Steelers @ Cleveland Browns,2026-10-02T00:15:00Z,2026-10-01T23:06+00:00
KC Concepcion,rec_yds,25.0,-248,Pittsburgh Steelers @ Cleveland Browns,2026-10-02T00:15:00Z,2026-10-01T23:06+00:00
KC Concepcion,rec_yds,37.0,-112,Pittsburgh Steelers @ Cleveland Browns,2026-10-02T00:15:00Z,2026-10-01T23:06+00:00
KC Concepcion,rec_yds,40.0,107,Pittsburgh Steelers @ Cleveland Browns,2026-10-02T00:15:00Z,2026-10-01T23:06+00:00
KC Concepcion,rec_yds,50.0,187,Pittsburgh Steelers @ Cleveland Browns,2026-10-02T00:15:00Z,2026-10-01T23:06+00:00
KC Concepcion,rec_yds,60.0,311,Pittsburgh Steelers @ Cleveland Browns,2026-10-02T00:15:00Z,2026-10-01T23:06+00:00
KC Concepcion,rec_yds,70.0,502,Pittsburgh Steelers @ Cleveland Browns,2026-10-02T00:15:00Z,2026-10-01T23:06+00:00
KC Concepcion,rec_yds,80.0,800,Pittsburgh Steelers @ Cleveland Browns,2026-10-02T00:15:00Z,2026-10-01T23:06+00:00
KC Concepcion,rec_yds,90.0,1280,Pittsburgh Steelers @ Cleveland Browns,2026-10-02T00:15:00Z,2026-10-01T23:06+00:00
KC Concepcion,rec_yds,100.0,1980,Pittsburgh Steelers @ Cleveland Browns,2026-10-02T00:15:00Z,2026-10-01T23:06+00:00
KC Concepcion,rec_yds,110.0,2900,Pittsburgh Steelers @ Cleveland Browns,2026-10-02T00:15:00Z,2026-10-01T23:06+00:00
KC Concepcion,rec_yds,120.0,3900,Pittsburgh Steelers @ Cleveland Browns,2026-10-02T00:15:00Z,2026-10-01T23:06+00:00
Jaylen Warren,rec_yds,15.0,-312,Pittsburgh Steelers @ Cleveland Browns,2026-10-02T00:15:00Z,2026-10-01T23:06+00:00
Jaylen Warren,rec_yds,25.0,-135,Pittsburgh Steelers @ Cleveland Browns,2026-10-02T00:15:00Z,2026-10-01T23:06+00:00
Jaylen Warren,rec_yds,27.0,-116,Pittsburgh Steelers @ Cleveland Browns,2026-10-02T00:15:00Z,2026-10-01T23:06+00:00
Jaylen Warren,rec_yds,40.0,204,Pittsburgh Steelers @ Cleveland Browns,2026-10-02T00:15:00Z,2026-10-01T23:06+00:00
Jaylen Warren,rec_yds,50.0,357,Pittsburgh Steelers @ Cleveland Browns,2026-10-02T00:15:00Z,2026-10-01T23:06+00:00
Jaylen Warren,rec_yds,60.0,598,Pittsburgh Steelers @ Cleveland Browns,2026-10-02T00:15:00Z,2026-10-01T23:06+00:00
Jaylen Warren,rec_yds,70.0,940,Pittsburgh Steelers @ Cleveland Browns,2026-10-02T00:15:00Z,2026-10-01T23:06+00:00
Jaylen Warren,rec_yds,80.0,1480,Pittsburgh Steelers @ Cleveland Browns,2026-10-02T00:15:00Z,2026-10-01T23:06+00:00
Jaylen Warren,rec_yds,90.0,2200,Pittsburgh Steelers @ Cleveland Browns,2026-10-02T00:15:00Z,2026-10-01T23:06+00:00
Jaylen Warren,rec_yds,100.0,3200,Pittsburgh Steelers @ Cleveland Browns,2026-10-02T00:15:00Z,2026-10-01T23:06+00:00
Roman Wilson,rec_yds,15.0,-196,Pittsburgh Steelers @ Cleveland Browns,2026-10-02T00:15:00Z,2026-10-01T23:06+00:00
Roman Wilson,rec_yds,22.0,-116,Pittsburgh Steelers @ Cleveland Browns,2026-10-02T00:15:00Z,2026-10-01T23:06+00:00
Roman Wilson,rec_yds,25.0,105,Pittsburgh Steelers @ Cleveland Browns,2026-10-02T00:15:00Z,2026-10-01T23:06+00:00
Roman Wilson,rec_yds,40.0,245,Pittsburgh Steelers @ Cleveland Browns,2026-10-02T00:15:00Z,2026-10-01T23:06+00:00
Roman Wilson,rec_yds,50.0,402,Pittsburgh Steelers @ Cleveland Browns,2026-10-02T00:15:00Z,2026-10-01T23:06+00:00
Roman Wilson,rec_yds,60.0,650,Pittsburgh Steelers @ Cleveland Browns,2026-10-02T00:15:00Z,2026-10-01T23:06+00:00
Roman Wilson,rec_yds,70.0,1000,Pittsburgh Steelers @ Cleveland Browns,2026-10-02T00:15:00Z,2026-10-01T23:06+00:00
Roman Wilson,rec_yds,80.0,1520,Pittsburgh Steelers @ Cleveland Browns,2026-10-02T00:15:00Z,2026-10-01T23:06+00:00
Roman Wilson,rec_yds,90.0,2200,Pittsburgh Steelers @ Cleveland Browns,2026-10-02T00:15:00Z,2026-10-01T23:06+00:00
Roman Wilson,rec_yds,100.0,3200,Pittsburgh Steelers @ Cleveland Browns,2026-10-02T00:15:00Z,2026-10-01T23:06+00:00
Pat Freiermuth,rec_yds,15.0,-320,Pittsburgh Steelers @ Cleveland Browns,2026-10-02T00:15:00Z,2026-10-01T23:06+00:00
Pat Freiermuth,rec_yds,25.0,-132,Pittsburgh Steelers @ Cleveland Browns,2026-10-02T00:15:00Z,2026-10-01T23:06+00:00
Pat Freiermuth,rec_yds,27.0,-114,Pittsburgh Steelers @ Cleveland Browns,2026-10-02T00:15:00Z,2026-10-01T23:06+00:00
Pat Freiermuth,rec_yds,40.0,203,Pittsburgh Steelers @ Cleveland Browns,2026-10-02T00:15:00Z,2026-10-01T23:06+00:00
Pat Freiermuth,rec_yds,50.0,360,Pittsburgh Steelers @ Cleveland Browns,2026-10-02T00:15:00Z,2026-10-01T23:06+00:00
Pat Freiermuth,rec_yds,60.0,592,Pittsburgh Steelers @ Cleveland Browns,2026-10-02T00:15:00Z,2026-10-01T23:06+00:00
Pat Freiermuth,rec_yds,70.0,990,Pittsburgh Steelers @ Cleveland Browns,2026-10-02T00:15:00Z,2026-10-01T23:06+00:00
Pat Freiermuth,rec_yds,80.0,1560,Pittsburgh Steelers @ Cleveland Browns,2026-10-02T00:15:00Z,2026-10-01T23:06+00:00
Pat Freiermuth,rec_yds,90.0,2400,Pittsburgh Steelers @ Cleveland Browns,2026-10-02T00:15:00Z,2026-10-01T23:06+00:00
Pat Freiermuth,rec_yds,100.0,3500,Pittsburgh Steelers @ Cleveland Browns,2026-10-02T00:15:00Z,2026-10-01T23:06+00:00
Jerry Jeudy,rec_yds,15.0,-114,Pittsburgh Steelers @ Cleveland Browns,2026-10-02T00:15:00Z,2026-10-01T23:06+00:00
Jerry Jeudy,rec_yds,25.0,178,Pittsburgh Steelers @ Cleveland Browns,2026-10-02T00:15:00Z,2026-10-01T23:06+00:00
Jerry Jeudy,rec_yds,40.0,410,Pittsburgh Steelers @ Cleveland Browns,2026-10-02T00:15:00Z,2026-10-01T23:06+00:00
Jerry Jeudy,rec_yds,50.0,680,Pittsburgh Steelers @ Cleveland Browns,2026-10-02T00:15:00Z,2026-10-01T23:06+00:00
Jerry Jeudy,rec_yds,60.0,1100,Pittsburgh Steelers @ Cleveland Browns,2026-10-02T00:15:00Z,2026-10-01T23:06+00:00
Jerry Jeudy,rec_yds,70.0,1700,Pittsburgh Steelers @ Cleveland Browns,2026-10-02T00:15:00Z,2026-10-01T23:06+00:00
Jerry Jeudy,rec_yds,80.0,2600,Pittsburgh Steelers @ Cleveland Browns,2026-10-02T00:15:00Z,2026-10-01T23:06+00:00
Jerry Jeudy,rec_yds,90.0,3600,Pittsburgh Steelers @ Cleveland Browns,2026-10-02T00:15:00Z,2026-10-01T23:06+00:00
Darnell Washington,rec_yds,15.0,-133,Pittsburgh Steelers @ Cleveland Browns,2026-10-02T00:15:00Z,2026-10-01T23:06+00:00
Darnell Washington,rec_yds,17.0,-112,Pittsburgh Steelers @ Cleveland Browns,2026-10-02T00:15:00Z,2026-10-01T23:06+00:00
Darnell Washington,rec_yds,25.0,163,Pittsburgh Steelers @ Cleveland Browns,2026-10-02T00:15:00Z,2026-10-01T23:06+00:00
Darnell Washington,rec_yds,40.0,410,Pittsburgh Steelers @ Cleveland Browns,2026-10-02T00:15:00Z,2026-10-01T23:06+00:00
Darnell Washington,rec_yds,50.0,720,Pittsburgh Steelers @ Cleveland Browns,2026-10-02T00:15:00Z,2026-10-01T23:06+00:00
Darnell Washington,rec_yds,60.0,1160,Pittsburgh Steelers @ Cleveland Browns,2026-10-02T00:15:00Z,2026-10-01T23:06+00:00
Darnell Washington,rec_yds,70.0,1780,Pittsburgh Steelers @ Cleveland Browns,2026-10-02T00:15:00Z,2026-10-01T23:06+00:00
Darnell Washington,rec_yds,80.0,2700,Pittsburgh Steelers @ Cleveland Browns,2026-10-02T00:15:00Z,2026-10-01T23:06+00:00
Darnell Washington,rec_yds,90.0,3800,Pittsburgh Steelers @ Cleveland Browns,2026-10-02T00:15:00Z,2026-10-01T23:06+00:00
Germie Bernard,rec_yds,10.0,-107,Pittsburgh Steelers @ Cleveland Browns,2026-10-02T00:15:00Z,2026-10-01T23:06+00:00
Germie Bernard,rec_yds,15.0,144,Pittsburgh Steelers @ Cleveland Browns,2026-10-02T00:15:00Z,2026-10-01T23:06+00:00
Germie Bernard,rec_yds,25.0,298,Pittsburgh Steelers @ Cleveland Browns,2026-10-02T00:15:00Z,2026-10-01T23:06+00:00
Germie Bernard,rec_yds,40.0,710,Pittsburgh Steelers @ Cleveland Browns,2026-10-02T00:15:00Z,2026-10-01T23:06+00:00
Germie Bernard,rec_yds,50.0,1200,Pittsburgh Steelers @ Cleveland Browns,2026-10-02T00:15:00Z,2026-10-01T23:06+00:00
Germie Bernard,rec_yds,60.0,1920,Pittsburgh Steelers @ Cleveland Browns,2026-10-02T00:15:00Z,2026-10-01T23:06+00:00
Germie Bernard,rec_yds,70.0,2900,Pittsburgh Steelers @ Cleveland Browns,2026-10-02T00:15:00Z,2026-10-01T23:06+00:00
Raheim Sanders,rec_yds,13.0,-108,Pittsburgh Steelers @ Cleveland Browns,2026-10-02T00:15:00Z,2026-10-01T23:06+00:00
Raheim Sanders,rec_yds,15.0,111,Pittsburgh Steelers @ Cleveland Browns,2026-10-02T00:15:00Z,2026-10-01T23:06+00:00
Raheim Sanders,rec_yds,25.0,242,Pittsburgh Steelers @ Cleveland Browns,2026-10-02T00:15:00Z,2026-10-01T23:06+00:00
Raheim Sanders,rec_yds,40.0,680,Pittsburgh Steelers @ Cleveland Browns,2026-10-02T00:15:00Z,2026-10-01T23:06+00:00
Raheim Sanders,rec_yds,50.0,1160,Pittsburgh Steelers @ Cleveland Browns,2026-10-02T00:15:00Z,2026-10-01T23:06+00:00
Raheim Sanders,rec_yds,60.0,1860,Pittsburgh Steelers @ Cleveland Browns,2026-10-02T00:15:00Z,2026-10-01T23:06+00:00
Raheim Sanders,rec_yds,70.0,2900,Pittsburgh Steelers @ Cleveland Browns,2026-10-02T00:15:00Z,2026-10-01T23:06+00:00
Quinshon Judkins,rec_yds,12.0,-107,Pittsburgh Steelers @ Cleveland Browns,2026-10-02T00:15:00Z,2026-10-01T23:06+00:00
Quinshon Judkins,rec_yds,15.0,128,Pittsburgh Steelers @ Cleveland Browns,2026-10-02T00:15:00Z,2026-10-01T23:06+00:00
Quinshon Judkins,rec_yds,25.0,313,Pittsburgh Steelers @ Cleveland Browns,2026-10-02T00:15:00Z,2026-10-01T23:06+00:00
Quinshon Judkins,rec_yds,40.0,970,Pittsburgh Steelers @ Cleveland Browns,2026-10-02T00:15:00Z,2026-10-01T23:06+00:00
Quinshon Judkins,rec_yds,50.0,1740,Pittsburgh Steelers @ Cleveland Browns,2026-10-02T00:15:00Z,2026-10-01T23:06+00:00
Quinshon Judkins,rec_yds,60.0,2900,Pittsburgh Steelers @ Cleveland Browns,2026-10-02T00:15:00Z,2026-10-01T23:06+00:00
Blake Whiteheart,rec_yds,1.0,-102,Pittsburgh Steelers @ Cleveland Browns,2026-10-02T00:15:00Z,2026-10-01T23:06+00:00
Blake Whiteheart,rec_yds,15.0,223,Pittsburgh Steelers @ Cleveland Browns,2026-10-02T00:15:00Z,2026-10-01T23:06+00:00
Blake Whiteheart,rec_yds,25.0,503,Pittsburgh Steelers @ Cleveland Browns,2026-10-02T00:15:00Z,2026-10-01T23:06+00:00
Blake Whiteheart,rec_yds,40.0,1240,Pittsburgh Steelers @ Cleveland Browns,2026-10-02T00:15:00Z,2026-10-01T23:06+00:00
Blake Whiteheart,rec_yds,50.0,2100,Pittsburgh Steelers @ Cleveland Browns,2026-10-02T00:15:00Z,2026-10-01T23:06+00:00
Blake Whiteheart,rec_yds,60.0,3400,Pittsburgh Steelers @ Cleveland Browns,2026-10-02T00:15:00Z,2026-10-01T23:06+00:00
Harold Fannin Jr.,receptions,2.0,-3200,Pittsburgh Steelers @ Cleveland Browns,2026-10-02T00:15:00Z,2026-10-01T23:06+00:00
Harold Fannin Jr.,receptions,3.0,-640,Pittsburgh Steelers @ Cleveland Browns,2026-10-02T00:15:00Z,2026-10-01T23:06+00:00
Harold Fannin Jr.,receptions,4.0,-243,Pittsburgh Steelers @ Cleveland Browns,2026-10-02T00:15:00Z,2026-10-01T23:06+00:00
Harold Fannin Jr.,receptions,5.0,-113,Pittsburgh Steelers @ Cleveland Browns,2026-10-02T00:15:00Z,2026-10-01T23:06+00:00
Harold Fannin Jr.,receptions,6.0,180,Pittsburgh Steelers @ Cleveland Browns,2026-10-02T00:15:00Z,2026-10-01T23:06+00:00
Harold Fannin Jr.,receptions,7.0,343,Pittsburgh Steelers @ Cleveland Browns,2026-10-02T00:15:00Z,2026-10-01T23:06+00:00
Harold Fannin Jr.,receptions,8.0,640,Pittsburgh Steelers @ Cleveland Browns,2026-10-02T00:15:00Z,2026-10-01T23:06+00:00
Harold Fannin Jr.,receptions,9.0,1140,Pittsburgh Steelers @ Cleveland Browns,2026-10-02T00:15:00Z,2026-10-01T23:06+00:00
Harold Fannin Jr.,receptions,10.0,2000,Pittsburgh Steelers @ Cleveland Browns,2026-10-02T00:15:00Z,2026-10-01T23:06+00:00
Harold Fannin Jr.,receptions,11.0,2900,Pittsburgh Steelers @ Cleveland Browns,2026-10-02T00:15:00Z,2026-10-01T23:06+00:00
KC Concepcion,receptions,2.0,-1880,Pittsburgh Steelers @ Cleveland Browns,2026-10-02T00:15:00Z,2026-10-01T23:06+00:00
KC Concepcion,receptions,3.0,-461,Pittsburgh Steelers @ Cleveland Browns,2026-10-02T00:15:00Z,2026-10-01T23:06+00:00
KC Concepcion,receptions,4.0,-186,Pittsburgh Steelers @ Cleveland Browns,2026-10-02T00:15:00Z,2026-10-01T23:06+00:00
KC Concepcion,receptions,5.0,118,Pittsburgh Steelers @ Cleveland Browns,2026-10-02T00:15:00Z,2026-10-01T23:06+00:00
KC Concepcion,receptions,6.0,240,Pittsburgh Steelers @ Cleveland Browns,2026-10-02T00:15:00Z,2026-10-01T23:06+00:00
KC Concepcion,receptions,7.0,468,Pittsburgh Steelers @ Cleveland Browns,2026-10-02T00:15:00Z,2026-10-01T23:06+00:00
KC Concepcion,receptions,8.0,870,Pittsburgh Steelers @ Cleveland Browns,2026-10-02T00:15:00Z,2026-10-01T23:06+00:00
KC Concepcion,receptions,9.0,1600,Pittsburgh Steelers @ Cleveland Browns,2026-10-02T00:15:00Z,2026-10-01T23:06+00:00
KC Concepcion,receptions,10.0,2600,Pittsburgh Steelers @ Cleveland Browns,2026-10-02T00:15:00Z,2026-10-01T23:06+00:00
DK Metcalf,receptions,2.0,-1320,Pittsburgh Steelers @ Cleveland Browns,2026-10-02T00:15:00Z,2026-10-01T23:06+00:00
DK Metcalf,receptions,3.0,-358,Pittsburgh Steelers @ Cleveland Browns,2026-10-02T00:15:00Z,2026-10-01T23:06+00:00
DK Metcalf,receptions,4.0,-139,Pittsburgh Steelers @ Cleveland Browns,2026-10-02T00:15:00Z,2026-10-01T23:06+00:00
DK Metcalf,receptions,5.0,158,Pittsburgh Steelers @ Cleveland Browns,2026-10-02T00:15:00Z,2026-10-01T23:06+00:00
DK Metcalf,receptions,6.0,331,Pittsburgh Steelers @ Cleveland Browns,2026-10-02T00:15:00Z,2026-10-01T23:06+00:00
DK Metcalf,receptions,7.0,670,Pittsburgh Steelers @ Cleveland Browns,2026-10-02T00:15:00Z,2026-10-01T23:06+00:00
DK Metcalf,receptions,8.0,1300,Pittsburgh Steelers @ Cleveland Browns,2026-10-02T00:15:00Z,2026-10-01T23:06+00:00
DK Metcalf,receptions,9.0,2300,Pittsburgh Steelers @ Cleveland Browns,2026-10-02T00:15:00Z,2026-10-01T23:06+00:00
Jaylen Warren,receptions,2.0,-1060,Pittsburgh Steelers @ Cleveland Browns,2026-10-02T00:15:00Z,2026-10-01T23:06+00:00
Jaylen Warren,receptions,3.0,-305,Pittsburgh Steelers @ Cleveland Browns,2026-10-02T00:15:00Z,2026-10-01T23:06+00:00
Jaylen Warren,receptions,4.0,-121,Pittsburgh Steelers @ Cleveland Browns,2026-10-02T00:15:00Z,2026-10-01T23:06+00:00
Jaylen Warren,receptions,5.0,183,Pittsburgh Steelers @ Cleveland Browns,2026-10-02T00:15:00Z,2026-10-01T23:06+00:00
Jaylen Warren,receptions,6.0,386,Pittsburgh Steelers @ Cleveland Browns,2026-10-02T00:15:00Z,2026-10-01T23:06+00:00
Jaylen Warren,receptions,7.0,760,Pittsburgh Steelers @ Cleveland Browns,2026-10-02T00:15:00Z,2026-10-01T23:06+00:00
Jaylen Warren,receptions,8.0,1480,Pittsburgh Steelers @ Cleveland Browns,2026-10-02T00:15:00Z,2026-10-01T23:06+00:00
Jaylen Warren,receptions,9.0,2500,Pittsburgh Steelers @ Cleveland Browns,2026-10-02T00:15:00Z,2026-10-01T23:06+00:00
Pat Freiermuth,receptions,2.0,-620,Pittsburgh Steelers @ Cleveland Browns,2026-10-02T00:15:00Z,2026-10-01T23:06+00:00
Pat Freiermuth,receptions,3.0,-195,Pittsburgh Steelers @ Cleveland Browns,2026-10-02T00:15:00Z,2026-10-01T23:06+00:00
Pat Freiermuth,receptions,4.0,127,Pittsburgh Steelers @ Cleveland Browns,2026-10-02T00:15:00Z,2026-10-01T23:06+00:00
Pat Freiermuth,receptions,5.0,283,Pittsburgh Steelers @ Cleveland Browns,2026-10-02T00:15:00Z,2026-10-01T23:06+00:00
Pat Freiermuth,receptions,6.0,610,Pittsburgh Steelers @ Cleveland Browns,2026-10-02T00:15:00Z,2026-10-01T23:06+00:00
Pat Freiermuth,receptions,7.0,1220,Pittsburgh Steelers @ Cleveland Browns,2026-10-02T00:15:00Z,2026-10-01T23:06+00:00
Pat Freiermuth,receptions,8.0,2200,Pittsburgh Steelers @ Cleveland Browns,2026-10-02T00:15:00Z,2026-10-01T23:06+00:00
Denzel Boston,receptions,2.0,-592,Pittsburgh Steelers @ Cleveland Browns,2026-10-02T00:15:00Z,2026-10-01T23:06+00:00
Denzel Boston,receptions,3.0,-187,Pittsburgh Steelers @ Cleveland Browns,2026-10-02T00:15:00Z,2026-10-01T23:06+00:00
Denzel Boston,receptions,4.0,129,Pittsburgh Steelers @ Cleveland Browns,2026-10-02T00:15:00Z,2026-10-01T23:06+00:00
Denzel Boston,receptions,5.0,286,Pittsburgh Steelers @ Cleveland Browns,2026-10-02T00:15:00Z,2026-10-01T23:06+00:00
Denzel Boston,receptions,6.0,600,Pittsburgh Steelers @ Cleveland Browns,2026-10-02T00:15:00Z,2026-10-01T23:06+00:00
Denzel Boston,receptions,7.0,1220,Pittsburgh Steelers @ Cleveland Browns,2026-10-02T00:15:00Z,2026-10-01T23:06+00:00
Denzel Boston,receptions,8.0,2300,Pittsburgh Steelers @ Cleveland Browns,2026-10-02T00:15:00Z,2026-10-01T23:06+00:00
Michael Pittman Jr.,receptions,2.0,-594,Pittsburgh Steelers @ Cleveland Browns,2026-10-02T00:15:00Z,2026-10-01T23:06+00:00
Michael Pittman Jr.,receptions,3.0,-187,Pittsburgh Steelers @ Cleveland Browns,2026-10-02T00:15:00Z,2026-10-01T23:06+00:00
Michael Pittman Jr.,receptions,4.0,133,Pittsburgh Steelers @ Cleveland Browns,2026-10-02T00:15:00Z,2026-10-01T23:06+00:00
Michael Pittman Jr.,receptions,5.0,298,Pittsburgh Steelers @ Cleveland Browns,2026-10-02T00:15:00Z,2026-10-01T23:06+00:00
Michael Pittman Jr.,receptions,6.0,650,Pittsburgh Steelers @ Cleveland Browns,2026-10-02T00:15:00Z,2026-10-01T23:06+00:00
Michael Pittman Jr.,receptions,7.0,1300,Pittsburgh Steelers @ Cleveland Browns,2026-10-02T00:15:00Z,2026-10-01T23:06+00:00
Michael Pittman Jr.,receptions,8.0,2300,Pittsburgh Steelers @ Cleveland Browns,2026-10-02T00:15:00Z,2026-10-01T23:06+00:00
Raheim Sanders,receptions,2.0,-186,Pittsburgh Steelers @ Cleveland Browns,2026-10-02T00:15:00Z,2026-10-01T23:06+00:00
Raheim Sanders,receptions,3.0,149,Pittsburgh Steelers @ Cleveland Browns,2026-10-02T00:15:00Z,2026-10-01T23:06+00:00
Raheim Sanders,receptions,4.0,343,Pittsburgh Steelers @ Cleveland Browns,2026-10-02T00:15:00Z,2026-10-01T23:06+00:00
Raheim Sanders,receptions,5.0,770,Pittsburgh Steelers @ Cleveland Browns,2026-10-02T00:15:00Z,2026-10-01T23:06+00:00
Raheim Sanders,receptions,6.0,1540,Pittsburgh Steelers @ Cleveland Browns,2026-10-02T00:15:00Z,2026-10-01T23:06+00:00
Raheim Sanders,receptions,7.0,2700,Pittsburgh Steelers @ Cleveland Browns,2026-10-02T00:15:00Z,2026-10-01T23:06+00:00
Roman Wilson,receptions,2.0,-246,Pittsburgh Steelers @ Cleveland Browns,2026-10-02T00:15:00Z,2026-10-01T23:06+00:00
Roman Wilson,receptions,3.0,123,Pittsburgh Steelers @ Cleveland Browns,2026-10-02T00:15:00Z,2026-10-01T23:06+00:00
Roman Wilson,receptions,4.0,312,Pittsburgh Steelers @ Cleveland Browns,2026-10-02T00:15:00Z,2026-10-01T23:06+00:00
Roman Wilson,receptions,5.0,750,Pittsburgh Steelers @ Cleveland Browns,2026-10-02T00:15:00Z,2026-10-01T23:06+00:00
Roman Wilson,receptions,6.0,1620,Pittsburgh Steelers @ Cleveland Browns,2026-10-02T00:15:00Z,2026-10-01T23:06+00:00
Roman Wilson,receptions,7.0,2900,Pittsburgh Steelers @ Cleveland Browns,2026-10-02T00:15:00Z,2026-10-01T23:06+00:00
Darnell Washington,receptions,2.0,-158,Pittsburgh Steelers @ Cleveland Browns,2026-10-02T00:15:00Z,2026-10-01T23:06+00:00
Darnell Washington,receptions,3.0,173,Pittsburgh Steelers @ Cleveland Browns,2026-10-02T00:15:00Z,2026-10-01T23:06+00:00
Darnell Washington,receptions,4.0,422,Pittsburgh Steelers @ Cleveland Browns,2026-10-02T00:15:00Z,2026-10-01T23:06+00:00
Darnell Washington,receptions,5.0,930,Pittsburgh Steelers @ Cleveland Browns,2026-10-02T00:15:00Z,2026-10-01T23:06+00:00
Darnell Washington,receptions,6.0,1920,Pittsburgh Steelers @ Cleveland Browns,2026-10-02T00:15:00Z,2026-10-01T23:06+00:00
Quinshon Judkins,receptions,2.0,-188,Pittsburgh Steelers @ Cleveland Browns,2026-10-02T00:15:00Z,2026-10-01T23:06+00:00
Quinshon Judkins,receptions,3.0,157,Pittsburgh Steelers @ Cleveland Browns,2026-10-02T00:15:00Z,2026-10-01T23:06+00:00
Quinshon Judkins,receptions,4.0,395,Pittsburgh Steelers @ Cleveland Browns,2026-10-02T00:15:00Z,2026-10-01T23:06+00:00
Quinshon Judkins,receptions,5.0,920,Pittsburgh Steelers @ Cleveland Browns,2026-10-02T00:15:00Z,2026-10-01T23:06+00:00
Quinshon Judkins,receptions,6.0,1980,Pittsburgh Steelers @ Cleveland Browns,2026-10-02T00:15:00Z,2026-10-01T23:06+00:00
Jerry Jeudy,receptions,2.0,114,Pittsburgh Steelers @ Cleveland Browns,2026-10-02T00:15:00Z,2026-10-01T23:06+00:00
Jerry Jeudy,receptions,3.0,337,Pittsburgh Steelers @ Cleveland Browns,2026-10-02T00:15:00Z,2026-10-01T23:06+00:00
Jerry Jeudy,receptions,4.0,900,Pittsburgh Steelers @ Cleveland Browns,2026-10-02T00:15:00Z,2026-10-01T23:06+00:00
Jerry Jeudy,receptions,5.0,2000,Pittsburgh Steelers @ Cleveland Browns,2026-10-02T00:15:00Z,2026-10-01T23:06+00:00
Germie Bernard,receptions,2.0,153,Pittsburgh Steelers @ Cleveland Browns,2026-10-02T00:15:00Z,2026-10-01T23:06+00:00
Germie Bernard,receptions,3.0,413,Pittsburgh Steelers @ Cleveland Browns,2026-10-02T00:15:00Z,2026-10-01T23:06+00:00
Germie Bernard,receptions,4.0,1020,Pittsburgh Steelers @ Cleveland Browns,2026-10-02T00:15:00Z,2026-10-01T23:06+00:00
Germie Bernard,receptions,5.0,2100,Pittsburgh Steelers @ Cleveland Browns,2026-10-02T00:15:00Z,2026-10-01T23:06+00:00
Blake Whiteheart,receptions,2.0,410,Pittsburgh Steelers @ Cleveland Browns,2026-10-02T00:15:00Z,2026-10-01T23:06+00:00
Blake Whiteheart,receptions,3.0,1520,Pittsburgh Steelers @ Cleveland Browns,2026-10-02T00:15:00Z,2026-10-01T23:06+00:00
Jaylen Warren,rush_att,10.0,-3700,Pittsburgh Steelers @ Cleveland Browns,2026-10-02T00:15:00Z,2026-10-01T23:06+00:00
Jaylen Warren,rush_att,12.0,-980,Pittsburgh Steelers @ Cleveland Browns,2026-10-02T00:15:00Z,2026-10-01T23:06+00:00
Jaylen Warren,rush_att,14.0,-401,Pittsburgh Steelers @ Cleveland Browns,2026-10-02T00:15:00Z,2026-10-01T23:06+00:00
Jaylen Warren,rush_att,16.0,-198,Pittsburgh Steelers @ Cleveland Browns,2026-10-02T00:15:00Z,2026-10-01T23:06+00:00
Jaylen Warren,rush_att,18.0,-105,Pittsburgh Steelers @ Cleveland Browns,2026-10-02T00:15:00Z,2026-10-01T23:06+00:00
Jaylen Warren,rush_att,20.0,172,Pittsburgh Steelers @ Cleveland Browns,2026-10-02T00:15:00Z,2026-10-01T23:06+00:00
Jaylen Warren,rush_att,22.0,312,Pittsburgh Steelers @ Cleveland Browns,2026-10-02T00:15:00Z,2026-10-01T23:06+00:00
Jaylen Warren,rush_att,24.0,574,Pittsburgh Steelers @ Cleveland Browns,2026-10-02T00:15:00Z,2026-10-01T23:06+00:00
Jaylen Warren,rush_att,26.0,1060,Pittsburgh Steelers @ Cleveland Browns,2026-10-02T00:15:00Z,2026-10-01T23:06+00:00
Quinshon Judkins,rush_att,10.0,-2500,Pittsburgh Steelers @ Cleveland Browns,2026-10-02T00:15:00Z,2026-10-01T23:06+00:00
Quinshon Judkins,rush_att,12.0,-720,Pittsburgh Steelers @ Cleveland Browns,2026-10-02T00:15:00Z,2026-10-01T23:06+00:00
Quinshon Judkins,rush_att,14.0,-314,Pittsburgh Steelers @ Cleveland Browns,2026-10-02T00:15:00Z,2026-10-01T23:06+00:00
Quinshon Judkins,rush_att,16.0,-155,Pittsburgh Steelers @ Cleveland Browns,2026-10-02T00:15:00Z,2026-10-01T23:06+00:00
Quinshon Judkins,rush_att,17.0,-111,Pittsburgh Steelers @ Cleveland Browns,2026-10-02T00:15:00Z,2026-10-01T23:06+00:00
Quinshon Judkins,rush_att,18.0,122,Pittsburgh Steelers @ Cleveland Browns,2026-10-02T00:15:00Z,2026-10-01T23:06+00:00
Quinshon Judkins,rush_att,20.0,225,Pittsburgh Steelers @ Cleveland Browns,2026-10-02T00:15:00Z,2026-10-01T23:06+00:00
Quinshon Judkins,rush_att,22.0,417,Pittsburgh Steelers @ Cleveland Browns,2026-10-02T00:15:00Z,2026-10-01T23:06+00:00
Quinshon Judkins,rush_att,24.0,790,Pittsburgh Steelers @ Cleveland Browns,2026-10-02T00:15:00Z,2026-10-01T23:06+00:00
Quinshon Judkins,rush_att,26.0,1400,Pittsburgh Steelers @ Cleveland Browns,2026-10-02T00:15:00Z,2026-10-01T23:06+00:00
Deshaun Watson,rush_att,4.0,-670,Pittsburgh Steelers @ Cleveland Browns,2026-10-02T00:15:00Z,2026-10-01T23:06+00:00
Deshaun Watson,rush_att,6.0,-156,Pittsburgh Steelers @ Cleveland Browns,2026-10-02T00:15:00Z,2026-10-01T23:06+00:00
Deshaun Watson,rush_att,7.0,114,Pittsburgh Steelers @ Cleveland Browns,2026-10-02T00:15:00Z,2026-10-01T23:06+00:00
Deshaun Watson,rush_att,8.0,193,Pittsburgh Steelers @ Cleveland Browns,2026-10-02T00:15:00Z,2026-10-01T23:06+00:00
Deshaun Watson,rush_att,10.0,537,Pittsburgh Steelers @ Cleveland Browns,2026-10-02T00:15:00Z,2026-10-01T23:06+00:00
Deshaun Watson,rush_att,12.0,1340,Pittsburgh Steelers @ Cleveland Browns,2026-10-02T00:15:00Z,2026-10-01T23:06+00:00
KC Concepcion,rush_att,2.0,135,Pittsburgh Steelers @ Cleveland Browns,2026-10-02T00:15:00Z,2026-10-01T23:06+00:00
KC Concepcion,rush_att,4.0,980,Pittsburgh Steelers @ Cleveland Browns,2026-10-02T00:15:00Z,2026-10-01T23:06+00:00
Jaylen Warren,rush_yds,40.0,-1240,Pittsburgh Steelers @ Cleveland Browns,2026-10-02T00:15:00Z,2026-10-01T23:06+00:00
Jaylen Warren,rush_yds,50.0,-525,Pittsburgh Steelers @ Cleveland Browns,2026-10-02T00:15:00Z,2026-10-01T23:06+00:00
Jaylen Warren,rush_yds,60.0,-272,Pittsburgh Steelers @ Cleveland Browns,2026-10-02T00:15:00Z,2026-10-01T23:06+00:00
Jaylen Warren,rush_yds,70.0,-158,Pittsburgh Steelers @ Cleveland Browns,2026-10-02T00:15:00Z,2026-10-01T23:06+00:00
Jaylen Warren,rush_yds,77.0,-112,Pittsburgh Steelers @ Cleveland Browns,2026-10-02T00:15:00Z,2026-10-01T23:06+00:00
Jaylen Warren,rush_yds,80.0,102,Pittsburgh Steelers @ Cleveland Browns,2026-10-02T00:15:00Z,2026-10-01T23:06+00:00
Jaylen Warren,rush_yds,90.0,163,Pittsburgh Steelers @ Cleveland Browns,2026-10-02T00:15:00Z,2026-10-01T23:06+00:00
Jaylen Warren,rush_yds,100.0,250,Pittsburgh Steelers @ Cleveland Browns,2026-10-02T00:15:00Z,2026-10-01T23:06+00:00
Jaylen Warren,rush_yds,110.0,377,Pittsburgh Steelers @ Cleveland Browns,2026-10-02T00:15:00Z,2026-10-01T23:06+00:00
Jaylen Warren,rush_yds,120.0,561,Pittsburgh Steelers @ Cleveland Browns,2026-10-02T00:15:00Z,2026-10-01T23:06+00:00
Jaylen Warren,rush_yds,130.0,840,Pittsburgh Steelers @ Cleveland Browns,2026-10-02T00:15:00Z,2026-10-01T23:06+00:00
Jaylen Warren,rush_yds,140.0,1240,Pittsburgh Steelers @ Cleveland Browns,2026-10-02T00:15:00Z,2026-10-01T23:06+00:00
Jaylen Warren,rush_yds,150.0,1780,Pittsburgh Steelers @ Cleveland Browns,2026-10-02T00:15:00Z,2026-10-01T23:06+00:00
Jaylen Warren,rush_yds,160.0,2500,Pittsburgh Steelers @ Cleveland Browns,2026-10-02T00:15:00Z,2026-10-01T23:06+00:00
Jaylen Warren,rush_yds,170.0,3400,Pittsburgh Steelers @ Cleveland Browns,2026-10-02T00:15:00Z,2026-10-01T23:06+00:00
Quinshon Judkins,rush_yds,20.0,-2200,Pittsburgh Steelers @ Cleveland Browns,2026-10-02T00:15:00Z,2026-10-01T23:06+00:00
Quinshon Judkins,rush_yds,25.0,-1140,Pittsburgh Steelers @ Cleveland Browns,2026-10-02T00:15:00Z,2026-10-01T23:06+00:00
Quinshon Judkins,rush_yds,30.0,-700,Pittsburgh Steelers @ Cleveland Browns,2026-10-02T00:15:00Z,2026-10-01T23:06+00:00
Quinshon Judkins,rush_yds,40.0,-306,Pittsburgh Steelers @ Cleveland Browns,2026-10-02T00:15:00Z,2026-10-01T23:06+00:00
Quinshon Judkins,rush_yds,50.0,-162,Pittsburgh Steelers @ Cleveland Browns,2026-10-02T00:15:00Z,2026-10-01T23:06+00:00
Quinshon Judkins,rush_yds,57.0,-109,Pittsburgh Steelers @ Cleveland Browns,2026-10-02T00:15:00Z,2026-10-01T23:06+00:00
Quinshon Judkins,rush_yds,60.0,107,Pittsburgh Steelers @ Cleveland Browns,2026-10-02T00:15:00Z,2026-10-01T23:06+00:00
Quinshon Judkins,rush_yds,70.0,175,Pittsburgh Steelers @ Cleveland Browns,2026-10-02T00:15:00Z,2026-10-01T23:06+00:00
Quinshon Judkins,rush_yds,80.0,274,Pittsburgh Steelers @ Cleveland Browns,2026-10-02T00:15:00Z,2026-10-01T23:06+00:00
Quinshon Judkins,rush_yds,90.0,424,Pittsburgh Steelers @ Cleveland Browns,2026-10-02T00:15:00Z,2026-10-01T23:06+00:00
Quinshon Judkins,rush_yds,100.0,640,Pittsburgh Steelers @ Cleveland Browns,2026-10-02T00:15:00Z,2026-10-01T23:06+00:00
Quinshon Judkins,rush_yds,110.0,930,Pittsburgh Steelers @ Cleveland Browns,2026-10-02T00:15:00Z,2026-10-01T23:06+00:00
Quinshon Judkins,rush_yds,120.0,1340,Pittsburgh Steelers @ Cleveland Browns,2026-10-02T00:15:00Z,2026-10-01T23:06+00:00
Quinshon Judkins,rush_yds,130.0,2000,Pittsburgh Steelers @ Cleveland Browns,2026-10-02T00:15:00Z,2026-10-01T23:06+00:00
Quinshon Judkins,rush_yds,140.0,2700,Pittsburgh Steelers @ Cleveland Browns,2026-10-02T00:15:00Z,2026-10-01T23:06+00:00
Quinshon Judkins,rush_yds,150.0,3800,Pittsburgh Steelers @ Cleveland Browns,2026-10-02T00:15:00Z,2026-10-01T23:06+00:00
Deshaun Watson,rush_yds,10.0,-1240,Pittsburgh Steelers @ Cleveland Browns,2026-10-02T00:15:00Z,2026-10-01T23:06+00:00
Deshaun Watson,rush_yds,15.0,-545,Pittsburgh Steelers @ Cleveland Browns,2026-10-02T00:15:00Z,2026-10-01T23:06+00:00
Deshaun Watson,rush_yds,20.0,-292,Pittsburgh Steelers @ Cleveland Browns,2026-10-02T00:15:00Z,2026-10-01T23:06+00:00
Deshaun Watson,rush_yds,25.0,-175,Pittsburgh Steelers @ Cleveland Browns,2026-10-02T00:15:00Z,2026-10-01T23:06+00:00
Deshaun Watson,rush_yds,30.0,-112,Pittsburgh Steelers @ Cleveland Browns,2026-10-02T00:15:00Z,2026-10-01T23:06+00:00
Deshaun Watson,rush_yds,40.0,190,Pittsburgh Steelers @ Cleveland Browns,2026-10-02T00:15:00Z,2026-10-01T23:06+00:00
Deshaun Watson,rush_yds,50.0,375,Pittsburgh Steelers @ Cleveland Browns,2026-10-02T00:15:00Z,2026-10-01T23:06+00:00
Deshaun Watson,rush_yds,60.0,690,Pittsburgh Steelers @ Cleveland Browns,2026-10-02T00:15:00Z,2026-10-01T23:06+00:00
Deshaun Watson,rush_yds,70.0,1200,Pittsburgh Steelers @ Cleveland Browns,2026-10-02T00:15:00Z,2026-10-01T23:06+00:00
Deshaun Watson,rush_yds,80.0,1920,Pittsburgh Steelers @ Cleveland Browns,2026-10-02T00:15:00Z,2026-10-01T23:06+00:00
Deshaun Watson,rush_yds,90.0,2900,Pittsburgh Steelers @ Cleveland Browns,2026-10-02T00:15:00Z,2026-10-01T23:06+00:00
Travis Homer,rush_yds,7.0,-117,Pittsburgh Steelers @ Cleveland Browns,2026-10-02T00:15:00Z,2026-10-01T23:06+00:00
Travis Homer,rush_yds,10.0,144,Pittsburgh Steelers @ Cleveland Browns,2026-10-02T00:15:00Z,2026-10-01T23:06+00:00
Travis Homer,rush_yds,15.0,288,Pittsburgh Steelers @ Cleveland Browns,2026-10-02T00:15:00Z,2026-10-01T23:06+00:00
Travis Homer,rush_yds,20.0,525,Pittsburgh Steelers @ Cleveland Browns,2026-10-02T00:15:00Z,2026-10-01T23:06+00:00
Travis Homer,rush_yds,25.0,900,Pittsburgh Steelers @ Cleveland Browns,2026-10-02T00:15:00Z,2026-10-01T23:06+00:00
Travis Homer,rush_yds,30.0,1400,Pittsburgh Steelers @ Cleveland Browns,2026-10-02T00:15:00Z,2026-10-01T23:06+00:00
Travis Homer,rush_yds,40.0,2600,Pittsburgh Steelers @ Cleveland Browns,2026-10-02T00:15:00Z,2026-10-01T23:06+00:00
Travis Homer,rush_yds,50.0,3900,Pittsburgh Steelers @ Cleveland Browns,2026-10-02T00:15:00Z,2026-10-01T23:06+00:00
Raheim Sanders,rush_yds,6.0,-115,Pittsburgh Steelers @ Cleveland Browns,2026-10-02T00:15:00Z,2026-10-01T23:06+00:00
Raheim Sanders,rush_yds,10.0,182,Pittsburgh Steelers @ Cleveland Browns,2026-10-02T00:15:00Z,2026-10-01T23:06+00:00
Raheim Sanders,rush_yds,15.0,377,Pittsburgh Steelers @ Cleveland Browns,2026-10-02T00:15:00Z,2026-10-01T23:06+00:00
Raheim Sanders,rush_yds,20.0,690,Pittsburgh Steelers @ Cleveland Browns,2026-10-02T00:15:00Z,2026-10-01T23:06+00:00
Raheim Sanders,rush_yds,25.0,1160,Pittsburgh Steelers @ Cleveland Browns,2026-10-02T00:15:00Z,2026-10-01T23:06+00:00
Raheim Sanders,rush_yds,30.0,1740,Pittsburgh Steelers @ Cleveland Browns,2026-10-02T00:15:00Z,2026-10-01T23:06+00:00
Raheim Sanders,rush_yds,40.0,3100,Pittsburgh Steelers @ Cleveland Browns,2026-10-02T00:15:00Z,2026-10-01T23:06+00:00
Aaron Rodgers,rush_yds,2.0,-106,Pittsburgh Steelers @ Cleveland Browns,2026-10-02T00:15:00Z,2026-10-01T23:06+00:00
Aaron Rodgers,rush_yds,10.0,302,Pittsburgh Steelers @ Cleveland Browns,2026-10-02T00:15:00Z,2026-10-01T23:06+00:00
Aaron Rodgers,rush_yds,15.0,533,Pittsburgh Steelers @ Cleveland Browns,2026-10-02T00:15:00Z,2026-10-01T23:06+00:00
Aaron Rodgers,rush_yds,20.0,890,Pittsburgh Steelers @ Cleveland Browns,2026-10-02T00:15:00Z,2026-10-01T23:06+00:00
Aaron Rodgers,rush_yds,25.0,1440,Pittsburgh Steelers @ Cleveland Browns,2026-10-02T00:15:00Z,2026-10-01T23:06+00:00
Aaron Rodgers,rush_yds,30.0,2200,Pittsburgh Steelers @ Cleveland Browns,2026-10-02T00:15:00Z,2026-10-01T23:06+00:00
Daniel Jones,pass_att,24.0,-1580,Indianapolis Colts @ Washington Commanders,2026-10-04T13:30:00Z,2026-10-02T17:51+00:00
Daniel Jones,pass_att,26.0,-680,Indianapolis Colts @ Washington Commanders,2026-10-04T13:30:00Z,2026-10-02T17:51+00:00
Daniel Jones,pass_att,28.0,-335,Indianapolis Colts @ Washington Commanders,2026-10-04T13:30:00Z,2026-10-02T17:51+00:00
Daniel Jones,pass_att,30.0,-184,Indianapolis Colts @ Washington Commanders,2026-10-04T13:30:00Z,2026-10-02T17:51+00:00
Daniel Jones,pass_att,32.0,-109,Indianapolis Colts @ Washington Commanders,2026-10-04T13:30:00Z,2026-10-02T17:51+00:00
Daniel Jones,pass_att,34.0,153,Indianapolis Colts @ Washington Commanders,2026-10-04T13:30:00Z,2026-10-02T17:51+00:00
Daniel Jones,pass_att,36.0,245,Indianapolis Colts @ Washington Commanders,2026-10-04T13:30:00Z,2026-10-02T17:51+00:00
Daniel Jones,pass_att,38.0,386,Indianapolis Colts @ Washington Commanders,2026-10-04T13:30:00Z,2026-10-02T17:51+00:00
Daniel Jones,pass_att,40.0,600,Indianapolis Colts @ Washington Commanders,2026-10-04T13:30:00Z,2026-10-02T17:51+00:00
Daniel Jones,pass_att,42.0,920,Indianapolis Colts @ Washington Commanders,2026-10-04T13:30:00Z,2026-10-02T17:51+00:00
Daniel Jones,pass_att,44.0,1400,Indianapolis Colts @ Washington Commanders,2026-10-04T13:30:00Z,2026-10-02T17:51+00:00
Marcus Mariota,pass_att,22.0,-3000,Indianapolis Colts @ Washington Commanders,2026-10-04T13:30:00Z,2026-10-02T17:51+00:00
Marcus Mariota,pass_att,24.0,-1040,Indianapolis Colts @ Washington Commanders,2026-10-04T13:30:00Z,2026-10-02T17:51+00:00
Marcus Mariota,pass_att,26.0,-501,Indianapolis Colts @ Washington Commanders,2026-10-04T13:30:00Z,2026-10-02T17:51+00:00
Marcus Mariota,pass_att,28.0,-270,Indianapolis Colts @ Washington Commanders,2026-10-04T13:30:00Z,2026-10-02T17:51+00:00
Marcus Mariota,pass_att,30.0,-159,Indianapolis Colts @ Washington Commanders,2026-10-04T13:30:00Z,2026-10-02T17:51+00:00
Marcus Mariota,pass_att,31.0,-125,Indianapolis Colts @ Washington Commanders,2026-10-04T13:30:00Z,2026-10-02T17:51+00:00
Marcus Mariota,pass_att,32.0,102,Indianapolis Colts @ Washington Commanders,2026-10-04T13:30:00Z,2026-10-02T17:51+00:00
Marcus Mariota,pass_att,34.0,164,Indianapolis Colts @ Washington Commanders,2026-10-04T13:30:00Z,2026-10-02T17:51+00:00
Marcus Mariota,pass_att,36.0,259,Indianapolis Colts @ Washington Commanders,2026-10-04T13:30:00Z,2026-10-02T17:51+00:00
Marcus Mariota,pass_att,38.0,414,Indianapolis Colts @ Washington Commanders,2026-10-04T13:30:00Z,2026-10-02T17:51+00:00
Marcus Mariota,pass_att,40.0,640,Indianapolis Colts @ Washington Commanders,2026-10-04T13:30:00Z,2026-10-02T17:51+00:00
Marcus Mariota,pass_att,42.0,1000,Indianapolis Colts @ Washington Commanders,2026-10-04T13:30:00Z,2026-10-02T17:51+00:00
Marcus Mariota,pass_att,44.0,1520,Indianapolis Colts @ Washington Commanders,2026-10-04T13:30:00Z,2026-10-02T17:51+00:00
Daniel Jones,pass_cmps,16.0,-1420,Indianapolis Colts @ Washington Commanders,2026-10-04T13:30:00Z,2026-10-02T17:51+00:00
Daniel Jones,pass_cmps,18.0,-468,Indianapolis Colts @ Washington Commanders,2026-10-04T13:30:00Z,2026-10-02T17:51+00:00
Daniel Jones,pass_cmps,20.0,-199,Indianapolis Colts @ Washington Commanders,2026-10-04T13:30:00Z,2026-10-02T17:51+00:00
Daniel Jones,pass_cmps,22.0,103,Indianapolis Colts @ Washington Commanders,2026-10-04T13:30:00Z,2026-10-02T17:51+00:00
Daniel Jones,pass_cmps,24.0,209,Indianapolis Colts @ Washington Commanders,2026-10-04T13:30:00Z,2026-10-02T17:51+00:00
Daniel Jones,pass_cmps,26.0,415,Indianapolis Colts @ Washington Commanders,2026-10-04T13:30:00Z,2026-10-02T17:51+00:00
Daniel Jones,pass_cmps,28.0,790,Indianapolis Colts @ Washington Commanders,2026-10-04T13:30:00Z,2026-10-02T17:51+00:00
Daniel Jones,pass_cmps,30.0,1400,Indianapolis Colts @ Washington Commanders,2026-10-04T13:30:00Z,2026-10-02T17:51+00:00
Marcus Mariota,pass_cmps,14.0,-1400,Indianapolis Colts @ Washington Commanders,2026-10-04T13:30:00Z,2026-10-02T17:51+00:00
Marcus Mariota,pass_cmps,16.0,-451,Indianapolis Colts @ Washington Commanders,2026-10-04T13:30:00Z,2026-10-02T17:51+00:00
Marcus Mariota,pass_cmps,18.0,-195,Indianapolis Colts @ Washington Commanders,2026-10-04T13:30:00Z,2026-10-02T17:51+00:00
Marcus Mariota,pass_cmps,19.0,-136,Indianapolis Colts @ Washington Commanders,2026-10-04T13:30:00Z,2026-10-02T17:51+00:00
Marcus Mariota,pass_cmps,20.0,106,Indianapolis Colts @ Washington Commanders,2026-10-04T13:30:00Z,2026-10-02T17:51+00:00
Marcus Mariota,pass_cmps,22.0,217,Indianapolis Colts @ Washington Commanders,2026-10-04T13:30:00Z,2026-10-02T17:51+00:00
Marcus Mariota,pass_cmps,24.0,429,Indianapolis Colts @ Washington Commanders,2026-10-04T13:30:00Z,2026-10-02T17:51+00:00
Marcus Mariota,pass_cmps,26.0,820,Indianapolis Colts @ Washington Commanders,2026-10-04T13:30:00Z,2026-10-02T17:51+00:00
Marcus Mariota,pass_cmps,28.0,1460,Indianapolis Colts @ Washington Commanders,2026-10-04T13:30:00Z,2026-10-02T17:51+00:00
Daniel Jones,pass_yds,150.0,-1360,Indianapolis Colts @ Washington Commanders,2026-10-04T13:30:00Z,2026-10-02T17:51+00:00
Daniel Jones,pass_yds,160.0,-890,Indianapolis Colts @ Washington Commanders,2026-10-04T13:30:00Z,2026-10-02T17:51+00:00
Daniel Jones,pass_yds,170.0,-620,Indianapolis Colts @ Washington Commanders,2026-10-04T13:30:00Z,2026-10-02T17:51+00:00
Daniel Jones,pass_yds,180.0,-444,Indianapolis Colts @ Washington Commanders,2026-10-04T13:30:00Z,2026-10-02T17:51+00:00
Daniel Jones,pass_yds,190.0,-324,Indianapolis Colts @ Washington Commanders,2026-10-04T13:30:00Z,2026-10-02T17:51+00:00
Daniel Jones,pass_yds,200.0,-238,Indianapolis Colts @ Washington Commanders,2026-10-04T13:30:00Z,2026-10-02T17:51+00:00
Daniel Jones,pass_yds,210.0,-179,Indianapolis Colts @ Washington Commanders,2026-10-04T13:30:00Z,2026-10-02T17:51+00:00
Daniel Jones,pass_yds,220.0,-138,Indianapolis Colts @ Washington Commanders,2026-10-04T13:30:00Z,2026-10-02T17:51+00:00
Daniel Jones,pass_yds,228.0,-113,Indianapolis Colts @ Washington Commanders,2026-10-04T13:30:00Z,2026-10-02T17:51+00:00
Daniel Jones,pass_yds,230.0,-107,Indianapolis Colts @ Washington Commanders,2026-10-04T13:30:00Z,2026-10-02T17:51+00:00
Daniel Jones,pass_yds,240.0,121,Indianapolis Colts @ Washington Commanders,2026-10-04T13:30:00Z,2026-10-02T17:51+00:00
Daniel Jones,pass_yds,250.0,156,Indianapolis Colts @ Washington Commanders,2026-10-04T13:30:00Z,2026-10-02T17:51+00:00
Daniel Jones,pass_yds,260.0,200,Indianapolis Colts @ Washington Commanders,2026-10-04T13:30:00Z,2026-10-02T17:51+00:00
Daniel Jones,pass_yds,270.0,253,Indianapolis Colts @ Washington Commanders,2026-10-04T13:30:00Z,2026-10-02T17:51+00:00
Daniel Jones,pass_yds,280.0,326,Indianapolis Colts @ Washington Commanders,2026-10-04T13:30:00Z,2026-10-02T17:51+00:00
Daniel Jones,pass_yds,290.0,415,Indianapolis Colts @ Washington Commanders,2026-10-04T13:30:00Z,2026-10-02T17:51+00:00
Daniel Jones,pass_yds,300.0,534,Indianapolis Colts @ Washington Commanders,2026-10-04T13:30:00Z,2026-10-02T17:51+00:00
Daniel Jones,pass_yds,310.0,680,Indianapolis Colts @ Washington Commanders,2026-10-04T13:30:00Z,2026-10-02T17:51+00:00
Daniel Jones,pass_yds,320.0,870,Indianapolis Colts @ Washington Commanders,2026-10-04T13:30:00Z,2026-10-02T17:51+00:00
Daniel Jones,pass_yds,330.0,1120,Indianapolis Colts @ Washington Commanders,2026-10-04T13:30:00Z,2026-10-02T17:51+00:00
Daniel Jones,pass_yds,340.0,1420,Indianapolis Colts @ Washington Commanders,2026-10-04T13:30:00Z,2026-10-02T17:51+00:00
Daniel Jones,pass_yds,350.0,1840,Indianapolis Colts @ Washington Commanders,2026-10-04T13:30:00Z,2026-10-02T17:51+00:00
Daniel Jones,pass_yds,360.0,2200,Indianapolis Colts @ Washington Commanders,2026-10-04T13:30:00Z,2026-10-02T17:51+00:00
Daniel Jones,pass_yds,370.0,2800,Indianapolis Colts @ Washington Commanders,2026-10-04T13:30:00Z,2026-10-02T17:51+00:00
Daniel Jones,pass_yds,380.0,3500,Indianapolis Colts @ Washington Commanders,2026-10-04T13:30:00Z,2026-10-02T17:51+00:00
Marcus Mariota,pass_yds,150.0,-690,Indianapolis Colts @ Washington Commanders,2026-10-04T13:30:00Z,2026-10-02T17:51+00:00
Marcus Mariota,pass_yds,160.0,-488,Indianapolis Colts @ Washington Commanders,2026-10-04T13:30:00Z,2026-10-02T17:51+00:00
Marcus Mariota,pass_yds,170.0,-355,Indianapolis Colts @ Washington Commanders,2026-10-04T13:30:00Z,2026-10-02T17:51+00:00
Marcus Mariota,pass_yds,180.0,-260,Indianapolis Colts @ Washington Commanders,2026-10-04T13:30:00Z,2026-10-02T17:51+00:00
Marcus Mariota,pass_yds,190.0,-199,Indianapolis Colts @ Washington Commanders,2026-10-04T13:30:00Z,2026-10-02T17:51+00:00
Marcus Mariota,pass_yds,200.0,-153,Indianapolis Colts @ Washington Commanders,2026-10-04T13:30:00Z,2026-10-02T17:51+00:00
Marcus Mariota,pass_yds,210.0,-119,Indianapolis Colts @ Washington Commanders,2026-10-04T13:30:00Z,2026-10-02T17:51+00:00
Marcus Mariota,pass_yds,212.0,-113,Indianapolis Colts @ Washington Commanders,2026-10-04T13:30:00Z,2026-10-02T17:51+00:00
Marcus Mariota,pass_yds,220.0,109,Indianapolis Colts @ Washington Commanders,2026-10-04T13:30:00Z,2026-10-02T17:51+00:00
Marcus Mariota,pass_yds,230.0,138,Indianapolis Colts @ Washington Commanders,2026-10-04T13:30:00Z,2026-10-02T17:51+00:00
Marcus Mariota,pass_yds,240.0,179,Indianapolis Colts @ Washington Commanders,2026-10-04T13:30:00Z,2026-10-02T17:51+00:00
Marcus Mariota,pass_yds,250.0,230,Indianapolis Colts @ Washington Commanders,2026-10-04T13:30:00Z,2026-10-02T17:51+00:00
Marcus Mariota,pass_yds,260.0,292,Indianapolis Colts @ Washington Commanders,2026-10-04T13:30:00Z,2026-10-02T17:51+00:00
Marcus Mariota,pass_yds,270.0,369,Indianapolis Colts @ Washington Commanders,2026-10-04T13:30:00Z,2026-10-02T17:51+00:00
Marcus Mariota,pass_yds,280.0,472,Indianapolis Colts @ Washington Commanders,2026-10-04T13:30:00Z,2026-10-02T17:51+00:00
Marcus Mariota,pass_yds,290.0,600,Indianapolis Colts @ Washington Commanders,2026-10-04T13:30:00Z,2026-10-02T17:51+00:00
Marcus Mariota,pass_yds,300.0,750,Indianapolis Colts @ Washington Commanders,2026-10-04T13:30:00Z,2026-10-02T17:51+00:00
Marcus Mariota,pass_yds,310.0,980,Indianapolis Colts @ Washington Commanders,2026-10-04T13:30:00Z,2026-10-02T17:51+00:00
Marcus Mariota,pass_yds,320.0,1240,Indianapolis Colts @ Washington Commanders,2026-10-04T13:30:00Z,2026-10-02T17:51+00:00
Marcus Mariota,pass_yds,330.0,1620,Indianapolis Colts @ Washington Commanders,2026-10-04T13:30:00Z,2026-10-02T17:51+00:00
Marcus Mariota,pass_yds,340.0,2000,Indianapolis Colts @ Washington Commanders,2026-10-04T13:30:00Z,2026-10-02T17:51+00:00
Marcus Mariota,pass_yds,350.0,2500,Indianapolis Colts @ Washington Commanders,2026-10-04T13:30:00Z,2026-10-02T17:51+00:00
Marcus Mariota,pass_yds,360.0,3100,Indianapolis Colts @ Washington Commanders,2026-10-04T13:30:00Z,2026-10-02T17:51+00:00
Marcus Mariota,pass_yds,370.0,3900,Indianapolis Colts @ Washington Commanders,2026-10-04T13:30:00Z,2026-10-02T17:51+00:00
Josh Downs,rec_yds,25.0,-1020,Indianapolis Colts @ Washington Commanders,2026-10-04T13:30:00Z,2026-10-02T17:51+00:00
Josh Downs,rec_yds,40.0,-351,Indianapolis Colts @ Washington Commanders,2026-10-04T13:30:00Z,2026-10-02T17:51+00:00
Josh Downs,rec_yds,50.0,-205,Indianapolis Colts @ Washington Commanders,2026-10-04T13:30:00Z,2026-10-02T17:51+00:00
Josh Downs,rec_yds,60.0,-130,Indianapolis Colts @ Washington Commanders,2026-10-04T13:30:00Z,2026-10-02T17:51+00:00
Josh Downs,rec_yds,64.0,-110,Indianapolis Colts @ Washington Commanders,2026-10-04T13:30:00Z,2026-10-02T17:51+00:00
Josh Downs,rec_yds,70.0,118,Indianapolis Colts @ Washington Commanders,2026-10-04T13:30:00Z,2026-10-02T17:51+00:00
Josh Downs,rec_yds,80.0,177,Indianapolis Colts @ Washington Commanders,2026-10-04T13:30:00Z,2026-10-02T17:51+00:00
Josh Downs,rec_yds,90.0,259,Indianapolis Colts @ Washington Commanders,2026-10-04T13:30:00Z,2026-10-02T17:51+00:00
Josh Downs,rec_yds,100.0,383,Indianapolis Colts @ Washington Commanders,2026-10-04T13:30:00Z,2026-10-02T17:51+00:00
Josh Downs,rec_yds,110.0,570,Indianapolis Colts @ Washington Commanders,2026-10-04T13:30:00Z,2026-10-02T17:51+00:00
Josh Downs,rec_yds,120.0,820,Indianapolis Colts @ Washington Commanders,2026-10-04T13:30:00Z,2026-10-02T17:51+00:00
Josh Downs,rec_yds,130.0,1140,Indianapolis Colts @ Washington Commanders,2026-10-04T13:30:00Z,2026-10-02T17:51+00:00
Josh Downs,rec_yds,140.0,1620,Indianapolis Colts @ Washington Commanders,2026-10-04T13:30:00Z,2026-10-02T17:51+00:00
Josh Downs,rec_yds,150.0,2300,Indianapolis Colts @ Washington Commanders,2026-10-04T13:30:00Z,2026-10-02T17:51+00:00
Josh Downs,rec_yds,160.0,3200,Indianapolis Colts @ Washington Commanders,2026-10-04T13:30:00Z,2026-10-02T17:51+00:00
Tyler Warren,rec_yds,15.0,-1660,Indianapolis Colts @ Washington Commanders,2026-10-04T13:30:00Z,2026-10-02T17:51+00:00
Tyler Warren,rec_yds,25.0,-540,Indianapolis Colts @ Washington Commanders,2026-10-04T13:30:00Z,2026-10-02T17:51+00:00
Tyler Warren,rec_yds,40.0,-187,Indianapolis Colts @ Washington Commanders,2026-10-04T13:30:00Z,2026-10-02T17:51+00:00
Tyler Warren,rec_yds,49.0,-112,Indianapolis Colts @ Washington Commanders,2026-10-04T13:30:00Z,2026-10-02T17:51+00:00
Tyler Warren,rec_yds,50.0,-107,Indianapolis Colts @ Washington Commanders,2026-10-04T13:30:00Z,2026-10-02T17:51+00:00
Tyler Warren,rec_yds,60.0,155,Indianapolis Colts @ Washington Commanders,2026-10-04T13:30:00Z,2026-10-02T17:51+00:00
Tyler Warren,rec_yds,70.0,247,Indianapolis Colts @ Washington Commanders,2026-10-04T13:30:00Z,2026-10-02T17:51+00:00
Tyler Warren,rec_yds,80.0,378,Indianapolis Colts @ Washington Commanders,2026-10-04T13:30:00Z,2026-10-02T17:51+00:00
Tyler Warren,rec_yds,90.0,580,Indianapolis Colts @ Washington Commanders,2026-10-04T13:30:00Z,2026-10-02T17:51+00:00
Tyler Warren,rec_yds,100.0,880,Indianapolis Colts @ Washington Commanders,2026-10-04T13:30:00Z,2026-10-02T17:51+00:00
Tyler Warren,rec_yds,110.0,1320,Indianapolis Colts @ Washington Commanders,2026-10-04T13:30:00Z,2026-10-02T17:51+00:00
Tyler Warren,rec_yds,120.0,1960,Indianapolis Colts @ Washington Commanders,2026-10-04T13:30:00Z,2026-10-02T17:51+00:00
Tyler Warren,rec_yds,130.0,2800,Indianapolis Colts @ Washington Commanders,2026-10-04T13:30:00Z,2026-10-02T17:51+00:00
Tyler Warren,rec_yds,140.0,3700,Indianapolis Colts @ Washington Commanders,2026-10-04T13:30:00Z,2026-10-02T17:51+00:00
Keenan Allen,rec_yds,15.0,-583,Indianapolis Colts @ Washington Commanders,2026-10-04T13:30:00Z,2026-10-02T17:51+00:00
Keenan Allen,rec_yds,25.0,-245,Indianapolis Colts @ Washington Commanders,2026-10-04T13:30:00Z,2026-10-02T17:51+00:00
Keenan Allen,rec_yds,37.0,-109,Indianapolis Colts @ Washington Commanders,2026-10-04T13:30:00Z,2026-10-02T17:51+00:00
Keenan Allen,rec_yds,40.0,109,Indianapolis Colts @ Washington Commanders,2026-10-04T13:30:00Z,2026-10-02T17:51+00:00
Keenan Allen,rec_yds,50.0,188,Indianapolis Colts @ Washington Commanders,2026-10-04T13:30:00Z,2026-10-02T17:51+00:00
Keenan Allen,rec_yds,60.0,305,Indianapolis Colts @ Washington Commanders,2026-10-04T13:30:00Z,2026-10-02T17:51+00:00
Keenan Allen,rec_yds,70.0,481,Indianapolis Colts @ Washington Commanders,2026-10-04T13:30:00Z,2026-10-02T17:51+00:00
Keenan Allen,rec_yds,80.0,760,Indianapolis Colts @ Washington Commanders,2026-10-04T13:30:00Z,2026-10-02T17:51+00:00
Keenan Allen,rec_yds,90.0,1180,Indianapolis Colts @ Washington Commanders,2026-10-04T13:30:00Z,2026-10-02T17:51+00:00
Keenan Allen,rec_yds,100.0,1720,Indianapolis Colts @ Washington Commanders,2026-10-04T13:30:00Z,2026-10-02T17:51+00:00
Keenan Allen,rec_yds,110.0,2500,Indianapolis Colts @ Washington Commanders,2026-10-04T13:30:00Z,2026-10-02T17:51+00:00
Keenan Allen,rec_yds,120.0,3400,Indianapolis Colts @ Washington Commanders,2026-10-04T13:30:00Z,2026-10-02T17:51+00:00
Laquon Treadwell,rec_yds,14.0,-111,Indianapolis Colts @ Washington Commanders,2026-10-04T13:30:00Z,2026-10-02T17:51+00:00
Laquon Treadwell,rec_yds,15.0,-103,Indianapolis Colts @ Washington Commanders,2026-10-04T13:30:00Z,2026-10-02T17:51+00:00
Laquon Treadwell,rec_yds,25.0,205,Indianapolis Colts @ Washington Commanders,2026-10-04T13:30:00Z,2026-10-02T17:51+00:00
Laquon Treadwell,rec_yds,40.0,447,Indianapolis Colts @ Washington Commanders,2026-10-04T13:30:00Z,2026-10-02T17:51+00:00
Laquon Treadwell,rec_yds,50.0,720,Indianapolis Colts @ Washington Commanders,2026-10-04T13:30:00Z,2026-10-02T17:51+00:00
Laquon Treadwell,rec_yds,60.0,1120,Indianapolis Colts @ Washington Commanders,2026-10-04T13:30:00Z,2026-10-02T17:51+00:00
Laquon Treadwell,rec_yds,70.0,1740,Indianapolis Colts @ Washington Commanders,2026-10-04T13:30:00Z,2026-10-02T17:51+00:00
Laquon Treadwell,rec_yds,80.0,2600,Indianapolis Colts @ Washington Commanders,2026-10-04T13:30:00Z,2026-10-02T17:51+00:00
Laquon Treadwell,rec_yds,90.0,3900,Indianapolis Colts @ Washington Commanders,2026-10-04T13:30:00Z,2026-10-02T17:51+00:00
Jonathan Taylor,rec_yds,15.0,-181,Indianapolis Colts @ Washington Commanders,2026-10-04T13:30:00Z,2026-10-02T17:51+00:00
Jonathan Taylor,rec_yds,20.0,-116,Indianapolis Colts @ Washington Commanders,2026-10-04T13:30:00Z,2026-10-02T17:51+00:00
Jonathan Taylor,rec_yds,25.0,129,Indianapolis Colts @ Washington Commanders,2026-10-04T13:30:00Z,2026-10-02T17:51+00:00
Jonathan Taylor,rec_yds,40.0,352,Indianapolis Colts @ Washington Commanders,2026-10-04T13:30:00Z,2026-10-02T17:51+00:00
Jonathan Taylor,rec_yds,50.0,620,Indianapolis Colts @ Washington Commanders,2026-10-04T13:30:00Z,2026-10-02T17:51+00:00
Jonathan Taylor,rec_yds,60.0,1060,Indianapolis Colts @ Washington Commanders,2026-10-04T13:30:00Z,2026-10-02T17:51+00:00
Jonathan Taylor,rec_yds,70.0,1720,Indianapolis Colts @ Washington Commanders,2026-10-04T13:30:00Z,2026-10-02T17:51+00:00
Jonathan Taylor,rec_yds,80.0,2800,Indianapolis Colts @ Washington Commanders,2026-10-04T13:30:00Z,2026-10-02T17:51+00:00
Darius Slayton,rec_yds,15.0,-123,Indianapolis Colts @ Washington Commanders,2026-10-04T13:30:00Z,2026-10-02T17:51+00:00
Darius Slayton,rec_yds,16.0,-114,Indianapolis Colts @ Washington Commanders,2026-10-04T13:30:00Z,2026-10-02T17:51+00:00
Darius Slayton,rec_yds,25.0,183,Indianapolis Colts @ Washington Commanders,2026-10-04T13:30:00Z,2026-10-02T17:51+00:00
Darius Slayton,rec_yds,40.0,408,Indianapolis Colts @ Washington Commanders,2026-10-04T13:30:00Z,2026-10-02T17:51+00:00
Darius Slayton,rec_yds,50.0,690,Indianapolis Colts @ Washington Commanders,2026-10-04T13:30:00Z,2026-10-02T17:51+00:00
Darius Slayton,rec_yds,60.0,1120,Indianapolis Colts @ Washington Commanders,2026-10-04T13:30:00Z,2026-10-02T17:51+00:00
Darius Slayton,rec_yds,70.0,1720,Indianapolis Colts @ Washington Commanders,2026-10-04T13:30:00Z,2026-10-02T17:51+00:00
Tyler Warren,receptions,3.0,-1700,Indianapolis Colts @ Washington Commanders,2026-10-04T13:30:00Z,2026-10-02T17:51+00:00
Tyler Warren,receptions,4.0,-512,Indianapolis Colts @ Washington Commanders,2026-10-04T13:30:00Z,2026-10-02T17:51+00:00
Tyler Warren,receptions,5.0,-219,Indianapolis Colts @ Washington Commanders,2026-10-04T13:30:00Z,2026-10-02T17:51+00:00
Tyler Warren,receptions,6.0,-107,Indianapolis Colts @ Washington Commanders,2026-10-04T13:30:00Z,2026-10-02T17:51+00:00
Tyler Warren,receptions,7.0,177,Indianapolis Colts @ Washington Commanders,2026-10-04T13:30:00Z,2026-10-02T17:51+00:00
Tyler Warren,receptions,8.0,323,Indianapolis Colts @ Washington Commanders,2026-10-04T13:30:00Z,2026-10-02T17:51+00:00
Tyler Warren,receptions,9.0,580,Indianapolis Colts @ Washington Commanders,2026-10-04T13:30:00Z,2026-10-02T17:51+00:00
Tyler Warren,receptions,10.0,1040,Indianapolis Colts @ Washington Commanders,2026-10-04T13:30:00Z,2026-10-02T17:51+00:00
Tyler Warren,receptions,11.0,1780,Indianapolis Colts @ Washington Commanders,2026-10-04T13:30:00Z,2026-10-02T17:51+00:00
Tyler Warren,receptions,12.0,2600,Indianapolis Colts @ Washington Commanders,2026-10-04T13:30:00Z,2026-10-02T17:51+00:00
Josh Downs,receptions,3.0,-1180,Indianapolis Colts @ Washington Commanders,2026-10-04T13:30:00Z,2026-10-02T17:51+00:00
Josh Downs,receptions,4.0,-395,Indianapolis Colts @ Washington Commanders,2026-10-04T13:30:00Z,2026-10-02T17:51+00:00
Josh Downs,receptions,5.0,-176,Indianapolis Colts @ Washington Commanders,2026-10-04T13:30:00Z,2026-10-02T17:51+00:00
Josh Downs,receptions,6.0,113,Indianapolis Colts @ Washington Commanders,2026-10-04T13:30:00Z,2026-10-02T17:51+00:00
Josh Downs,receptions,7.0,216,Indianapolis Colts @ Washington Commanders,2026-10-04T13:30:00Z,2026-10-02T17:51+00:00
Josh Downs,receptions,8.0,399,Indianapolis Colts @ Washington Commanders,2026-10-04T13:30:00Z,2026-10-02T17:51+00:00
Josh Downs,receptions,9.0,740,Indianapolis Colts @ Washington Commanders,2026-10-04T13:30:00Z,2026-10-02T17:51+00:00
Josh Downs,receptions,10.0,1300,Indianapolis Colts @ Washington Commanders,2026-10-04T13:30:00Z,2026-10-02T17:51+00:00
Josh Downs,receptions,11.0,2100,Indianapolis Colts @ Washington Commanders,2026-10-04T13:30:00Z,2026-10-02T17:51+00:00
Josh Downs,receptions,12.0,2900,Indianapolis Colts @ Washington Commanders,2026-10-04T13:30:00Z,2026-10-02T17:51+00:00
Keenan Allen,receptions,2.0,-1340,Indianapolis Colts @ Washington Commanders,2026-10-04T13:30:00Z,2026-10-02T17:51+00:00
Keenan Allen,receptions,3.0,-368,Indianapolis Colts @ Washington Commanders,2026-10-04T13:30:00Z,2026-10-02T17:51+00:00
Keenan Allen,receptions,4.0,-148,Indianapolis Colts @ Washington Commanders,2026-10-04T13:30:00Z,2026-10-02T17:51+00:00
Keenan Allen,receptions,5.0,149,Indianapolis Colts @ Washington Commanders,2026-10-04T13:30:00Z,2026-10-02T17:51+00:00
Keenan Allen,receptions,6.0,313,Indianapolis Colts @ Washington Commanders,2026-10-04T13:30:00Z,2026-10-02T17:51+00:00
Keenan Allen,receptions,7.0,600,Indianapolis Colts @ Washington Commanders,2026-10-04T13:30:00Z,2026-10-02T17:51+00:00
Keenan Allen,receptions,8.0,1100,Indianapolis Colts @ Washington Commanders,2026-10-04T13:30:00Z,2026-10-02T17:51+00:00
Keenan Allen,receptions,9.0,1920,Indianapolis Colts @ Washington Commanders,2026-10-04T13:30:00Z,2026-10-02T17:51+00:00
Keenan Allen,receptions,10.0,2900,Indianapolis Colts @ Washington Commanders,2026-10-04T13:30:00Z,2026-10-02T17:51+00:00
Jonathan Taylor,receptions,2.0,-452,Indianapolis Colts @ Washington Commanders,2026-10-04T13:30:00Z,2026-10-02T17:51+00:00
Jonathan Taylor,receptions,3.0,-145,Indianapolis Colts @ Washington Commanders,2026-10-04T13:30:00Z,2026-10-02T17:51+00:00
Jonathan Taylor,receptions,4.0,173,Indianapolis Colts @ Washington Commanders,2026-10-04T13:30:00Z,2026-10-02T17:51+00:00
Jonathan Taylor,receptions,5.0,392,Indianapolis Colts @ Washington Commanders,2026-10-04T13:30:00Z,2026-10-02T17:51+00:00
Jonathan Taylor,receptions,6.0,850,Indianapolis Colts @ Washington Commanders,2026-10-04T13:30:00Z,2026-10-02T17:51+00:00
Jonathan Taylor,receptions,7.0,1720,Indianapolis Colts @ Washington Commanders,2026-10-04T13:30:00Z,2026-10-02T17:51+00:00
Jonathan Taylor,receptions,8.0,2900,Indianapolis Colts @ Washington Commanders,2026-10-04T13:30:00Z,2026-10-02T17:51+00:00
Laquon Treadwell,receptions,2.0,151,Indianapolis Colts @ Washington Commanders,2026-10-04T13:30:00Z,2026-10-02T17:51+00:00
Laquon Treadwell,receptions,3.0,431,Indianapolis Colts @ Washington Commanders,2026-10-04T13:30:00Z,2026-10-02T17:51+00:00
Laquon Treadwell,receptions,4.0,1120,Indianapolis Colts @ Washington Commanders,2026-10-04T13:30:00Z,2026-10-02T17:51+00:00
Laquon Treadwell,receptions,5.0,2400,Indianapolis Colts @ Washington Commanders,2026-10-04T13:30:00Z,2026-10-02T17:51+00:00
Darius Slayton,receptions,2.0,161,Indianapolis Colts @ Washington Commanders,2026-10-04T13:30:00Z,2026-10-02T17:51+00:00
Darius Slayton,receptions,3.0,535,Indianapolis Colts @ Washington Commanders,2026-10-04T13:30:00Z,2026-10-02T17:51+00:00
Darius Slayton,receptions,4.0,1540,Indianapolis Colts @ Washington Commanders,2026-10-04T13:30:00Z,2026-10-02T17:51+00:00
Jonathan Taylor,rush_att,12.0,-3000,Indianapolis Colts @ Washington Commanders,2026-10-04T13:30:00Z,2026-10-02T17:51+00:00
Jonathan Taylor,rush_att,14.0,-1000,Indianapolis Colts @ Washington Commanders,2026-10-04T13:30:00Z,2026-10-02T17:51+00:00
Jonathan Taylor,rush_att,16.0,-450,Indianapolis Colts @ Washington Commanders,2026-10-04T13:30:00Z,2026-10-02T17:51+00:00
Jonathan Taylor,rush_att,18.0,-234,Indianapolis Colts @ Washington Commanders,2026-10-04T13:30:00Z,2026-10-02T17:51+00:00
Jonathan Taylor,rush_att,20.0,-130,Indianapolis Colts @ Washington Commanders,2026-10-04T13:30:00Z,2026-10-02T17:51+00:00
Jonathan Taylor,rush_att,22.0,139,Indianapolis Colts @ Washington Commanders,2026-10-04T13:30:00Z,2026-10-02T17:51+00:00
Jonathan Taylor,rush_att,24.0,244,Indianapolis Colts @ Washington Commanders,2026-10-04T13:30:00Z,2026-10-02T17:51+00:00
Jonathan Taylor,rush_att,26.0,435,Indianapolis Colts @ Washington Commanders,2026-10-04T13:30:00Z,2026-10-02T17:51+00:00
Jonathan Taylor,rush_att,28.0,810,Indianapolis Colts @ Washington Commanders,2026-10-04T13:30:00Z,2026-10-02T17:51+00:00
Jonathan Taylor,rush_att,30.0,1460,Indianapolis Colts @ Washington Commanders,2026-10-04T13:30:00Z,2026-10-02T17:51+00:00
Jacory Croskey-Merritt,rush_att,10.0,-1180,Indianapolis Colts @ Washington Commanders,2026-10-04T13:30:00Z,2026-10-02T17:51+00:00
Jacory Croskey-Merritt,rush_att,12.0,-430,Indianapolis Colts @ Washington Commanders,2026-10-04T13:30:00Z,2026-10-02T17:51+00:00
Jacory Croskey-Merritt,rush_att,14.0,-192,Indianapolis Colts @ Washington Commanders,2026-10-04T13:30:00Z,2026-10-02T17:51+00:00
Jacory Croskey-Merritt,rush_att,16.0,101,Indianapolis Colts @ Washington Commanders,2026-10-04T13:30:00Z,2026-10-02T17:51+00:00
Jacory Croskey-Merritt,rush_att,18.0,184,Indianapolis Colts @ Washington Commanders,2026-10-04T13:30:00Z,2026-10-02T17:51+00:00
Jacory Croskey-Merritt,rush_att,20.0,337,Indianapolis Colts @ Washington Commanders,2026-10-04T13:30:00Z,2026-10-02T17:51+00:00
Jacory Croskey-Merritt,rush_att,22.0,620,Indianapolis Colts @ Washington Commanders,2026-10-04T13:30:00Z,2026-10-02T17:51+00:00
Jacory Croskey-Merritt,rush_att,24.0,1120,Indianapolis Colts @ Washington Commanders,2026-10-04T13:30:00Z,2026-10-02T17:51+00:00
Marcus Mariota,rush_att,4.0,-830,Indianapolis Colts @ Washington Commanders,2026-10-04T13:30:00Z,2026-10-02T17:51+00:00
Marcus Mariota,rush_att,6.0,-178,Indianapolis Colts @ Washington Commanders,2026-10-04T13:30:00Z,2026-10-02T17:51+00:00
Marcus Mariota,rush_att,7.0,104,Indianapolis Colts @ Washington Commanders,2026-10-04T13:30:00Z,2026-10-02T17:51+00:00
Marcus Mariota,rush_att,8.0,178,Indianapolis Colts @ Washington Commanders,2026-10-04T13:30:00Z,2026-10-02T17:51+00:00
Marcus Mariota,rush_att,10.0,487,Indianapolis Colts @ Washington Commanders,2026-10-04T13:30:00Z,2026-10-02T17:51+00:00
Marcus Mariota,rush_att,12.0,1200,Indianapolis Colts @ Washington Commanders,2026-10-04T13:30:00Z,2026-10-02T17:51+00:00
Daniel Jones,rush_att,2.0,-538,Indianapolis Colts @ Washington Commanders,2026-10-04T13:30:00Z,2026-10-02T17:51+00:00
Daniel Jones,rush_att,4.0,114,Indianapolis Colts @ Washington Commanders,2026-10-04T13:30:00Z,2026-10-02T17:51+00:00
Daniel Jones,rush_att,6.0,473,Indianapolis Colts @ Washington Commanders,2026-10-04T13:30:00Z,2026-10-02T17:51+00:00
Jonathan Taylor,rush_yds,40.0,-1860,Indianapolis Colts @ Washington Commanders,2026-10-04T13:30:00Z,2026-10-02T17:51+00:00
Jonathan Taylor,rush_yds,50.0,-830,Indianapolis Colts @ Washington Commanders,2026-10-04T13:30:00Z,2026-10-02T17:51+00:00
Jonathan Taylor,rush_yds,60.0,-458,Indianapolis Colts @ Washington Commanders,2026-10-04T13:30:00Z,2026-10-02T17:51+00:00
Jonathan Taylor,rush_yds,70.0,-268,Indianapolis Colts @ Washington Commanders,2026-10-04T13:30:00Z,2026-10-02T17:51+00:00
Jonathan Taylor,rush_yds,80.0,-170,Indianapolis Colts @ Washington Commanders,2026-10-04T13:30:00Z,2026-10-02T17:51+00:00
Jonathan Taylor,rush_yds,90.0,-113,Indianapolis Colts @ Washington Commanders,2026-10-04T13:30:00Z,2026-10-02T17:51+00:00
Jonathan Taylor,rush_yds,100.0,130,Indianapolis Colts @ Washington Commanders,2026-10-04T13:30:00Z,2026-10-02T17:51+00:00
Jonathan Taylor,rush_yds,110.0,187,Indianapolis Colts @ Washington Commanders,2026-10-04T13:30:00Z,2026-10-02T17:51+00:00
Jonathan Taylor,rush_yds,120.0,265,Indianapolis Colts @ Washington Commanders,2026-10-04T13:30:00Z,2026-10-02T17:51+00:00
Jonathan Taylor,rush_yds,130.0,374,Indianapolis Colts @ Washington Commanders,2026-10-04T13:30:00Z,2026-10-02T17:51+00:00
Jonathan Taylor,rush_yds,140.0,527,Indianapolis Colts @ Washington Commanders,2026-10-04T13:30:00Z,2026-10-02T17:51+00:00
Jonathan Taylor,rush_yds,150.0,730,Indianapolis Colts @ Washington Commanders,2026-10-04T13:30:00Z,2026-10-02T17:51+00:00
Jonathan Taylor,rush_yds,160.0,1020,Indianapolis Colts @ Washington Commanders,2026-10-04T13:30:00Z,2026-10-02T17:51+00:00
Jonathan Taylor,rush_yds,170.0,1440,Indianapolis Colts @ Washington Commanders,2026-10-04T13:30:00Z,2026-10-02T17:51+00:00
Jonathan Taylor,rush_yds,180.0,2000,Indianapolis Colts @ Washington Commanders,2026-10-04T13:30:00Z,2026-10-02T17:51+00:00
Jonathan Taylor,rush_yds,190.0,2700,Indianapolis Colts @ Washington Commanders,2026-10-04T13:30:00Z,2026-10-02T17:51+00:00
Jonathan Taylor,rush_yds,200.0,3700,Indianapolis Colts @ Washington Commanders,2026-10-04T13:30:00Z,2026-10-02T17:51+00:00
Jacory Croskey-Merritt,rush_yds,25.0,-1540,Indianapolis Colts @ Washington Commanders,2026-10-04T13:30:00Z,2026-10-02T17:51+00:00
Jacory Croskey-Merritt,rush_yds,30.0,-880,Indianapolis Colts @ Washington Commanders,2026-10-04T13:30:00Z,2026-10-02T17:51+00:00
Jacory Croskey-Merritt,rush_yds,40.0,-375,Indianapolis Colts @ Washington Commanders,2026-10-04T13:30:00Z,2026-10-02T17:51+00:00
Jacory Croskey-Merritt,rush_yds,50.0,-197,Indianapolis Colts @ Washington Commanders,2026-10-04T13:30:00Z,2026-10-02T17:51+00:00
Jacory Croskey-Merritt,rush_yds,60.0,-113,Indianapolis Colts @ Washington Commanders,2026-10-04T13:30:00Z,2026-10-02T17:51+00:00
Jacory Croskey-Merritt,rush_yds,70.0,142,Indianapolis Colts @ Washington Commanders,2026-10-04T13:30:00Z,2026-10-02T17:51+00:00
Jacory Croskey-Merritt,rush_yds,80.0,220,Indianapolis Colts @ Washington Commanders,2026-10-04T13:30:00Z,2026-10-02T17:51+00:00
Jacory Croskey-Merritt,rush_yds,90.0,341,Indianapolis Colts @ Washington Commanders,2026-10-04T13:30:00Z,2026-10-02T17:51+00:00
Jacory Croskey-Merritt,rush_yds,100.0,505,Indianapolis Colts @ Washington Commanders,2026-10-04T13:30:00Z,2026-10-02T17:51+00:00
Jacory Croskey-Merritt,rush_yds,110.0,730,Indianapolis Colts @ Washington Commanders,2026-10-04T13:30:00Z,2026-10-02T17:51+00:00
Jacory Croskey-Merritt,rush_yds,120.0,1060,Indianapolis Colts @ Washington Commanders,2026-10-04T13:30:00Z,2026-10-02T17:51+00:00
Jacory Croskey-Merritt,rush_yds,130.0,1520,Indianapolis Colts @ Washington Commanders,2026-10-04T13:30:00Z,2026-10-02T17:51+00:00
Jacory Croskey-Merritt,rush_yds,140.0,2200,Indianapolis Colts @ Washington Commanders,2026-10-04T13:30:00Z,2026-10-02T17:51+00:00
Jacory Croskey-Merritt,rush_yds,150.0,3000,Indianapolis Colts @ Washington Commanders,2026-10-04T13:30:00Z,2026-10-02T17:51+00:00
Jacory Croskey-Merritt,rush_yds,160.0,4000,Indianapolis Colts @ Washington Commanders,2026-10-04T13:30:00Z,2026-10-02T17:51+00:00
Marcus Mariota,rush_yds,10.0,-1720,Indianapolis Colts @ Washington Commanders,2026-10-04T13:30:00Z,2026-10-02T17:51+00:00
Marcus Mariota,rush_yds,15.0,-740,Indianapolis Colts @ Washington Commanders,2026-10-04T13:30:00Z,2026-10-02T17:51+00:00
Marcus Mariota,rush_yds,20.0,-398,Indianapolis Colts @ Washington Commanders,2026-10-04T13:30:00Z,2026-10-02T17:51+00:00
Marcus Mariota,rush_yds,25.0,-241,Indianapolis Colts @ Washington Commanders,2026-10-04T13:30:00Z,2026-10-02T17:51+00:00
Marcus Mariota,rush_yds,30.0,-158,Indianapolis Colts @ Washington Commanders,2026-10-04T13:30:00Z,2026-10-02T17:51+00:00
Marcus Mariota,rush_yds,34.0,-116,Indianapolis Colts @ Washington Commanders,2026-10-04T13:30:00Z,2026-10-02T17:51+00:00
Marcus Mariota,rush_yds,40.0,134,Indianapolis Colts @ Washington Commanders,2026-10-04T13:30:00Z,2026-10-02T17:51+00:00
Marcus Mariota,rush_yds,50.0,260,Indianapolis Colts @ Washington Commanders,2026-10-04T13:30:00Z,2026-10-02T17:51+00:00
Marcus Mariota,rush_yds,60.0,472,Indianapolis Colts @ Washington Commanders,2026-10-04T13:30:00Z,2026-10-02T17:51+00:00
Marcus Mariota,rush_yds,70.0,830,Indianapolis Colts @ Washington Commanders,2026-10-04T13:30:00Z,2026-10-02T17:51+00:00
Marcus Mariota,rush_yds,80.0,1400,Indianapolis Colts @ Washington Commanders,2026-10-04T13:30:00Z,2026-10-02T17:51+00:00
Marcus Mariota,rush_yds,90.0,2200,Indianapolis Colts @ Washington Commanders,2026-10-04T13:30:00Z,2026-10-02T17:51+00:00
Marcus Mariota,rush_yds,100.0,3300,Indianapolis Colts @ Washington Commanders,2026-10-04T13:30:00Z,2026-10-02T17:51+00:00
Daniel Jones,rush_yds,10.0,-149,Indianapolis Colts @ Washington Commanders,2026-10-04T13:30:00Z,2026-10-02T17:51+00:00
Daniel Jones,rush_yds,12.0,-118,Indianapolis Colts @ Washington Commanders,2026-10-04T13:30:00Z,2026-10-02T17:51+00:00
Daniel Jones,rush_yds,15.0,118,Indianapolis Colts @ Washington Commanders,2026-10-04T13:30:00Z,2026-10-02T17:51+00:00
Daniel Jones,rush_yds,20.0,189,Indianapolis Colts @ Washington Commanders,2026-10-04T13:30:00Z,2026-10-02T17:51+00:00
Daniel Jones,rush_yds,25.0,291,Indianapolis Colts @ Washington Commanders,2026-10-04T13:30:00Z,2026-10-02T17:51+00:00
Daniel Jones,rush_yds,30.0,441,Indianapolis Colts @ Washington Commanders,2026-10-04T13:30:00Z,2026-10-02T17:51+00:00
Daniel Jones,rush_yds,40.0,930,Indianapolis Colts @ Washington Commanders,2026-10-04T13:30:00Z,2026-10-02T17:51+00:00
Daniel Jones,rush_yds,50.0,1780,Indianapolis Colts @ Washington Commanders,2026-10-04T13:30:00Z,2026-10-02T17:51+00:00
Daniel Jones,rush_yds,60.0,3100,Indianapolis Colts @ Washington Commanders,2026-10-04T13:30:00Z,2026-10-02T17:51+00:00
Seth McGowan,rush_yds,6.0,-120,Indianapolis Colts @ Washington Commanders,2026-10-04T13:30:00Z,2026-10-02T17:51+00:00
Seth McGowan,rush_yds,10.0,161,Indianapolis Colts @ Washington Commanders,2026-10-04T13:30:00Z,2026-10-02T17:51+00:00
Seth McGowan,rush_yds,15.0,296,Indianapolis Colts @ Washington Commanders,2026-10-04T13:30:00Z,2026-10-02T17:51+00:00
Seth McGowan,rush_yds,20.0,498,Indianapolis Colts @ Washington Commanders,2026-10-04T13:30:00Z,2026-10-02T17:51+00:00
Seth McGowan,rush_yds,25.0,770,Indianapolis Colts @ Washington Commanders,2026-10-04T13:30:00Z,2026-10-02T17:51+00:00
Seth McGowan,rush_yds,30.0,1120,Indianapolis Colts @ Washington Commanders,2026-10-04T13:30:00Z,2026-10-02T17:51+00:00
Seth McGowan,rush_yds,40.0,1960,Indianapolis Colts @ Washington Commanders,2026-10-04T13:30:00Z,2026-10-02T17:51+00:00
Seth McGowan,rush_yds,50.0,3000,Indianapolis Colts @ Washington Commanders,2026-10-04T13:30:00Z,2026-10-02T17:51+00:00
Jacoby Brissett,pass_att,26.0,-2300,Arizona Cardinals @ New York Giants,2026-10-04T17:00:00Z,2026-10-02T17:51+00:00
Jacoby Brissett,pass_att,28.0,-900,Arizona Cardinals @ New York Giants,2026-10-04T17:00:00Z,2026-10-02T17:51+00:00
Jacoby Brissett,pass_att,30.0,-455,Arizona Cardinals @ New York Giants,2026-10-04T17:00:00Z,2026-10-02T17:51+00:00
Jacoby Brissett,pass_att,32.0,-257,Arizona Cardinals @ New York Giants,2026-10-04T17:00:00Z,2026-10-02T17:51+00:00
Jacoby Brissett,pass_att,34.0,-150,Arizona Cardinals @ New York Giants,2026-10-04T17:00:00Z,2026-10-02T17:51+00:00
Jacoby Brissett,pass_att,35.0,-119,Arizona Cardinals @ New York Giants,2026-10-04T17:00:00Z,2026-10-02T17:51+00:00
Jacoby Brissett,pass_att,36.0,106,Arizona Cardinals @ New York Giants,2026-10-04T17:00:00Z,2026-10-02T17:51+00:00
Jacoby Brissett,pass_att,38.0,168,Arizona Cardinals @ New York Giants,2026-10-04T17:00:00Z,2026-10-02T17:51+00:00
Jacoby Brissett,pass_att,40.0,259,Arizona Cardinals @ New York Giants,2026-10-04T17:00:00Z,2026-10-02T17:51+00:00
Jacoby Brissett,pass_att,42.0,397,Arizona Cardinals @ New York Giants,2026-10-04T17:00:00Z,2026-10-02T17:51+00:00
Jacoby Brissett,pass_att,44.0,594,Arizona Cardinals @ New York Giants,2026-10-04T17:00:00Z,2026-10-02T17:51+00:00
Jacoby Brissett,pass_att,46.0,870,Arizona Cardinals @ New York Giants,2026-10-04T17:00:00Z,2026-10-02T17:51+00:00
Jacoby Brissett,pass_att,48.0,1260,Arizona Cardinals @ New York Giants,2026-10-04T17:00:00Z,2026-10-02T17:51+00:00
Jameis Winston,pass_att,22.0,-2300,Arizona Cardinals @ New York Giants,2026-10-04T17:00:00Z,2026-10-02T17:51+00:00
Jameis Winston,pass_att,24.0,-900,Arizona Cardinals @ New York Giants,2026-10-04T17:00:00Z,2026-10-02T17:51+00:00
Jameis Winston,pass_att,26.0,-436,Arizona Cardinals @ New York Giants,2026-10-04T17:00:00Z,2026-10-02T17:51+00:00
Jameis Winston,pass_att,28.0,-239,Arizona Cardinals @ New York Giants,2026-10-04T17:00:00Z,2026-10-02T17:51+00:00
Jameis Winston,pass_att,30.0,-140,Arizona Cardinals @ New York Giants,2026-10-04T17:00:00Z,2026-10-02T17:51+00:00
Jameis Winston,pass_att,31.0,-110,Arizona Cardinals @ New York Giants,2026-10-04T17:00:00Z,2026-10-02T17:51+00:00
Jameis Winston,pass_att,32.0,115,Arizona Cardinals @ New York Giants,2026-10-04T17:00:00Z,2026-10-02T17:51+00:00
Jameis Winston,pass_att,34.0,184,Arizona Cardinals @ New York Giants,2026-10-04T17:00:00Z,2026-10-02T17:51+00:00
Jameis Winston,pass_att,36.0,286,Arizona Cardinals @ New York Giants,2026-10-04T17:00:00Z,2026-10-02T17:51+00:00
Jameis Winston,pass_att,38.0,446,Arizona Cardinals @ New York Giants,2026-10-04T17:00:00Z,2026-10-02T17:51+00:00
Jameis Winston,pass_att,40.0,690,Arizona Cardinals @ New York Giants,2026-10-04T17:00:00Z,2026-10-02T17:51+00:00
Jameis Winston,pass_att,42.0,1040,Arizona Cardinals @ New York Giants,2026-10-04T17:00:00Z,2026-10-02T17:51+00:00
Jameis Winston,pass_att,44.0,1540,Arizona Cardinals @ New York Giants,2026-10-04T17:00:00Z,2026-10-02T17:51+00:00
Jacoby Brissett,pass_cmps,16.0,-3700,Arizona Cardinals @ New York Giants,2026-10-04T17:00:00Z,2026-10-02T17:51+00:00
Jacoby Brissett,pass_cmps,18.0,-980,Arizona Cardinals @ New York Giants,2026-10-04T17:00:00Z,2026-10-02T17:51+00:00
Jacoby Brissett,pass_cmps,20.0,-408,Arizona Cardinals @ New York Giants,2026-10-04T17:00:00Z,2026-10-02T17:51+00:00
Jacoby Brissett,pass_cmps,22.0,-196,Arizona Cardinals @ New York Giants,2026-10-04T17:00:00Z,2026-10-02T17:51+00:00
Jacoby Brissett,pass_cmps,24.0,100,Arizona Cardinals @ New York Giants,2026-10-04T17:00:00Z,2026-10-02T17:51+00:00
Jacoby Brissett,pass_cmps,26.0,181,Arizona Cardinals @ New York Giants,2026-10-04T17:00:00Z,2026-10-02T17:51+00:00
Jacoby Brissett,pass_cmps,28.0,329,Arizona Cardinals @ New York Giants,2026-10-04T17:00:00Z,2026-10-02T17:51+00:00
Jacoby Brissett,pass_cmps,30.0,593,Arizona Cardinals @ New York Giants,2026-10-04T17:00:00Z,2026-10-02T17:51+00:00
Jacoby Brissett,pass_cmps,32.0,1040,Arizona Cardinals @ New York Giants,2026-10-04T17:00:00Z,2026-10-02T17:51+00:00
Jameis Winston,pass_cmps,14.0,-950,Arizona Cardinals @ New York Giants,2026-10-04T17:00:00Z,2026-10-02T17:51+00:00
Jameis Winston,pass_cmps,16.0,-354,Arizona Cardinals @ New York Giants,2026-10-04T17:00:00Z,2026-10-02T17:51+00:00
Jameis Winston,pass_cmps,18.0,-155,Arizona Cardinals @ New York Giants,2026-10-04T17:00:00Z,2026-10-02T17:51+00:00
Jameis Winston,pass_cmps,19.0,-106,Arizona Cardinals @ New York Giants,2026-10-04T17:00:00Z,2026-10-02T17:51+00:00
Jameis Winston,pass_cmps,20.0,133,Arizona Cardinals @ New York Giants,2026-10-04T17:00:00Z,2026-10-02T17:51+00:00
Jameis Winston,pass_cmps,22.0,269,Arizona Cardinals @ New York Giants,2026-10-04T17:00:00Z,2026-10-02T17:51+00:00
Jameis Winston,pass_cmps,24.0,545,Arizona Cardinals @ New York Giants,2026-10-04T17:00:00Z,2026-10-02T17:51+00:00
Jameis Winston,pass_cmps,26.0,1040,Arizona Cardinals @ New York Giants,2026-10-04T17:00:00Z,2026-10-02T17:51+00:00
Jacoby Brissett,pass_yds,160.0,-1140,Arizona Cardinals @ New York Giants,2026-10-04T17:00:00Z,2026-10-02T17:51+00:00
Jacoby Brissett,pass_yds,170.0,-760,Arizona Cardinals @ New York Giants,2026-10-04T17:00:00Z,2026-10-02T17:51+00:00
Jacoby Brissett,pass_yds,180.0,-522,Arizona Cardinals @ New York Giants,2026-10-04T17:00:00Z,2026-10-02T17:51+00:00
Jacoby Brissett,pass_yds,190.0,-379,Arizona Cardinals @ New York Giants,2026-10-04T17:00:00Z,2026-10-02T17:51+00:00
Jacoby Brissett,pass_yds,200.0,-280,Arizona Cardinals @ New York Giants,2026-10-04T17:00:00Z,2026-10-02T17:51+00:00
Jacoby Brissett,pass_yds,210.0,-208,Arizona Cardinals @ New York Giants,2026-10-04T17:00:00Z,2026-10-02T17:51+00:00
Jacoby Brissett,pass_yds,220.0,-160,Arizona Cardinals @ New York Giants,2026-10-04T17:00:00Z,2026-10-02T17:51+00:00
Jacoby Brissett,pass_yds,230.0,-121,Arizona Cardinals @ New York Giants,2026-10-04T17:00:00Z,2026-10-02T17:51+00:00
Jacoby Brissett,pass_yds,233.0,-111,Arizona Cardinals @ New York Giants,2026-10-04T17:00:00Z,2026-10-02T17:51+00:00
Jacoby Brissett,pass_yds,240.0,107,Arizona Cardinals @ New York Giants,2026-10-04T17:00:00Z,2026-10-02T17:51+00:00
Jacoby Brissett,pass_yds,250.0,138,Arizona Cardinals @ New York Giants,2026-10-04T17:00:00Z,2026-10-02T17:51+00:00
Jacoby Brissett,pass_yds,260.0,177,Arizona Cardinals @ New York Giants,2026-10-04T17:00:00Z,2026-10-02T17:51+00:00
Jacoby Brissett,pass_yds,270.0,229,Arizona Cardinals @ New York Giants,2026-10-04T17:00:00Z,2026-10-02T17:51+00:00
Jacoby Brissett,pass_yds,280.0,295,Arizona Cardinals @ New York Giants,2026-10-04T17:00:00Z,2026-10-02T17:51+00:00
Jacoby Brissett,pass_yds,290.0,382,Arizona Cardinals @ New York Giants,2026-10-04T17:00:00Z,2026-10-02T17:51+00:00
Jacoby Brissett,pass_yds,300.0,494,Arizona Cardinals @ New York Giants,2026-10-04T17:00:00Z,2026-10-02T17:51+00:00
Jacoby Brissett,pass_yds,310.0,630,Arizona Cardinals @ New York Giants,2026-10-04T17:00:00Z,2026-10-02T17:51+00:00
Jacoby Brissett,pass_yds,320.0,810,Arizona Cardinals @ New York Giants,2026-10-04T17:00:00Z,2026-10-02T17:51+00:00
Jacoby Brissett,pass_yds,330.0,1040,Arizona Cardinals @ New York Giants,2026-10-04T17:00:00Z,2026-10-02T17:51+00:00
Jacoby Brissett,pass_yds,340.0,1340,Arizona Cardinals @ New York Giants,2026-10-04T17:00:00Z,2026-10-02T17:51+00:00
Jacoby Brissett,pass_yds,350.0,1680,Arizona Cardinals @ New York Giants,2026-10-04T17:00:00Z,2026-10-02T17:51+00:00
Jacoby Brissett,pass_yds,360.0,2100,Arizona Cardinals @ New York Giants,2026-10-04T17:00:00Z,2026-10-02T17:51+00:00
Jacoby Brissett,pass_yds,370.0,2700,Arizona Cardinals @ New York Giants,2026-10-04T17:00:00Z,2026-10-02T17:51+00:00
Jacoby Brissett,pass_yds,380.0,3300,Arizona Cardinals @ New York Giants,2026-10-04T17:00:00Z,2026-10-02T17:51+00:00
Jacoby Brissett,pass_yds,390.0,4000,Arizona Cardinals @ New York Giants,2026-10-04T17:00:00Z,2026-10-02T17:51+00:00
Jameis Winston,pass_yds,150.0,-700,Arizona Cardinals @ New York Giants,2026-10-04T17:00:00Z,2026-10-02T17:51+00:00
Jameis Winston,pass_yds,160.0,-486,Arizona Cardinals @ New York Giants,2026-10-04T17:00:00Z,2026-10-02T17:51+00:00
Jameis Winston,pass_yds,170.0,-360,Arizona Cardinals @ New York Giants,2026-10-04T17:00:00Z,2026-10-02T17:51+00:00
Jameis Winston,pass_yds,180.0,-272,Arizona Cardinals @ New York Giants,2026-10-04T17:00:00Z,2026-10-02T17:51+00:00
Jameis Winston,pass_yds,190.0,-204,Arizona Cardinals @ New York Giants,2026-10-04T17:00:00Z,2026-10-02T17:51+00:00
Jameis Winston,pass_yds,200.0,-154,Arizona Cardinals @ New York Giants,2026-10-04T17:00:00Z,2026-10-02T17:51+00:00
Jameis Winston,pass_yds,210.0,-119,Arizona Cardinals @ New York Giants,2026-10-04T17:00:00Z,2026-10-02T17:51+00:00
Jameis Winston,pass_yds,212.0,-112,Arizona Cardinals @ New York Giants,2026-10-04T17:00:00Z,2026-10-02T17:51+00:00
Jameis Winston,pass_yds,220.0,108,Arizona Cardinals @ New York Giants,2026-10-04T17:00:00Z,2026-10-02T17:51+00:00
Jameis Winston,pass_yds,230.0,140,Arizona Cardinals @ New York Giants,2026-10-04T17:00:00Z,2026-10-02T17:51+00:00
Jameis Winston,pass_yds,240.0,178,Arizona Cardinals @ New York Giants,2026-10-04T17:00:00Z,2026-10-02T17:51+00:00
Jameis Winston,pass_yds,250.0,225,Arizona Cardinals @ New York Giants,2026-10-04T17:00:00Z,2026-10-02T17:51+00:00
Jameis Winston,pass_yds,260.0,288,Arizona Cardinals @ New York Giants,2026-10-04T17:00:00Z,2026-10-02T17:51+00:00
Jameis Winston,pass_yds,270.0,371,Arizona Cardinals @ New York Giants,2026-10-04T17:00:00Z,2026-10-02T17:51+00:00
Jameis Winston,pass_yds,280.0,477,Arizona Cardinals @ New York Giants,2026-10-04T17:00:00Z,2026-10-02T17:51+00:00
Jameis Winston,pass_yds,290.0,610,Arizona Cardinals @ New York Giants,2026-10-04T17:00:00Z,2026-10-02T17:51+00:00
Jameis Winston,pass_yds,300.0,780,Arizona Cardinals @ New York Giants,2026-10-04T17:00:00Z,2026-10-02T17:51+00:00
Jameis Winston,pass_yds,310.0,1020,Arizona Cardinals @ New York Giants,2026-10-04T17:00:00Z,2026-10-02T17:51+00:00
Jameis Winston,pass_yds,320.0,1300,Arizona Cardinals @ New York Giants,2026-10-04T17:00:00Z,2026-10-02T17:51+00:00
Jameis Winston,pass_yds,330.0,1660,Arizona Cardinals @ New York Giants,2026-10-04T17:00:00Z,2026-10-02T17:51+00:00
Jameis Winston,pass_yds,340.0,2100,Arizona Cardinals @ New York Giants,2026-10-04T17:00:00Z,2026-10-02T17:51+00:00
Jameis Winston,pass_yds,350.0,2500,Arizona Cardinals @ New York Giants,2026-10-04T17:00:00Z,2026-10-02T17:51+00:00
Jameis Winston,pass_yds,360.0,3100,Arizona Cardinals @ New York Giants,2026-10-04T17:00:00Z,2026-10-02T17:51+00:00
Jameis Winston,pass_yds,370.0,3700,Arizona Cardinals @ New York Giants,2026-10-04T17:00:00Z,2026-10-02T17:51+00:00
Malik Nabers,rec_yds,15.0,-1020,Arizona Cardinals @ New York Giants,2026-10-04T17:00:00Z,2026-10-02T17:51+00:00
Malik Nabers,rec_yds,25.0,-492,Arizona Cardinals @ New York Giants,2026-10-04T17:00:00Z,2026-10-02T17:51+00:00
Malik Nabers,rec_yds,40.0,-224,Arizona Cardinals @ New York Giants,2026-10-04T17:00:00Z,2026-10-02T17:51+00:00
Malik Nabers,rec_yds,50.0,-144,Arizona Cardinals @ New York Giants,2026-10-04T17:00:00Z,2026-10-02T17:51+00:00
Malik Nabers,rec_yds,56.0,-113,Arizona Cardinals @ New York Giants,2026-10-04T17:00:00Z,2026-10-02T17:51+00:00
Malik Nabers,rec_yds,60.0,103,Arizona Cardinals @ New York Giants,2026-10-04T17:00:00Z,2026-10-02T17:51+00:00
Malik Nabers,rec_yds,70.0,148,Arizona Cardinals @ New York Giants,2026-10-04T17:00:00Z,2026-10-02T17:51+00:00
Malik Nabers,rec_yds,80.0,212,Arizona Cardinals @ New York Giants,2026-10-04T17:00:00Z,2026-10-02T17:51+00:00
Malik Nabers,rec_yds,90.0,301,Arizona Cardinals @ New York Giants,2026-10-04T17:00:00Z,2026-10-02T17:51+00:00
Malik Nabers,rec_yds,100.0,422,Arizona Cardinals @ New York Giants,2026-10-04T17:00:00Z,2026-10-02T17:51+00:00
Malik Nabers,rec_yds,110.0,578,Arizona Cardinals @ New York Giants,2026-10-04T17:00:00Z,2026-10-02T17:51+00:00
Malik Nabers,rec_yds,120.0,800,Arizona Cardinals @ New York Giants,2026-10-04T17:00:00Z,2026-10-02T17:51+00:00
Malik Nabers,rec_yds,130.0,1080,Arizona Cardinals @ New York Giants,2026-10-04T17:00:00Z,2026-10-02T17:51+00:00
Malik Nabers,rec_yds,140.0,1440,Arizona Cardinals @ New York Giants,2026-10-04T17:00:00Z,2026-10-02T17:51+00:00
Malik Nabers,rec_yds,150.0,1940,Arizona Cardinals @ New York Giants,2026-10-04T17:00:00Z,2026-10-02T17:51+00:00
Malik Nabers,rec_yds,160.0,2600,Arizona Cardinals @ New York Giants,2026-10-04T17:00:00Z,2026-10-02T17:51+00:00
Malik Nabers,rec_yds,170.0,3300,Arizona Cardinals @ New York Giants,2026-10-04T17:00:00Z,2026-10-02T17:51+00:00
Trey McBride,rec_yds,25.0,-1900,Arizona Cardinals @ New York Giants,2026-10-04T17:00:00Z,2026-10-02T17:51+00:00
Trey McBride,rec_yds,40.0,-490,Arizona Cardinals @ New York Giants,2026-10-04T17:00:00Z,2026-10-02T17:51+00:00
Trey McBride,rec_yds,50.0,-266,Arizona Cardinals @ New York Giants,2026-10-04T17:00:00Z,2026-10-02T17:51+00:00
Trey McBride,rec_yds,60.0,-157,Arizona Cardinals @ New York Giants,2026-10-04T17:00:00Z,2026-10-02T17:51+00:00
Trey McBride,rec_yds,67.0,-112,Arizona Cardinals @ New York Giants,2026-10-04T17:00:00Z,2026-10-02T17:51+00:00
Trey McBride,rec_yds,70.0,103,Arizona Cardinals @ New York Giants,2026-10-04T17:00:00Z,2026-10-02T17:51+00:00
Trey McBride,rec_yds,80.0,158,Arizona Cardinals @ New York Giants,2026-10-04T17:00:00Z,2026-10-02T17:51+00:00
Trey McBride,rec_yds,90.0,239,Arizona Cardinals @ New York Giants,2026-10-04T17:00:00Z,2026-10-02T17:51+00:00
Trey McBride,rec_yds,100.0,359,Arizona Cardinals @ New York Giants,2026-10-04T17:00:00Z,2026-10-02T17:51+00:00
Trey McBride,rec_yds,110.0,532,Arizona Cardinals @ New York Giants,2026-10-04T17:00:00Z,2026-10-02T17:51+00:00
Trey McBride,rec_yds,120.0,790,Arizona Cardinals @ New York Giants,2026-10-04T17:00:00Z,2026-10-02T17:51+00:00
Trey McBride,rec_yds,130.0,1160,Arizona Cardinals @ New York Giants,2026-10-04T17:00:00Z,2026-10-02T17:51+00:00
Trey McBride,rec_yds,140.0,1620,Arizona Cardinals @ New York Giants,2026-10-04T17:00:00Z,2026-10-02T17:51+00:00
Trey McBride,rec_yds,150.0,2300,Arizona Cardinals @ New York Giants,2026-10-04T17:00:00Z,2026-10-02T17:51+00:00
Trey McBride,rec_yds,160.0,3100,Arizona Cardinals @ New York Giants,2026-10-04T17:00:00Z,2026-10-02T17:51+00:00
Michael Wilson,rec_yds,15.0,-2500,Arizona Cardinals @ New York Giants,2026-10-04T17:00:00Z,2026-10-02T17:51+00:00
Michael Wilson,rec_yds,25.0,-840,Arizona Cardinals @ New York Giants,2026-10-04T17:00:00Z,2026-10-02T17:51+00:00
Michael Wilson,rec_yds,40.0,-284,Arizona Cardinals @ New York Giants,2026-10-04T17:00:00Z,2026-10-02T17:51+00:00
Michael Wilson,rec_yds,50.0,-162,Arizona Cardinals @ New York Giants,2026-10-04T17:00:00Z,2026-10-02T17:51+00:00
Michael Wilson,rec_yds,57.0,-114,Arizona Cardinals @ New York Giants,2026-10-04T17:00:00Z,2026-10-02T17:51+00:00
Michael Wilson,rec_yds,60.0,101,Arizona Cardinals @ New York Giants,2026-10-04T17:00:00Z,2026-10-02T17:51+00:00
Michael Wilson,rec_yds,70.0,157,Arizona Cardinals @ New York Giants,2026-10-04T17:00:00Z,2026-10-02T17:51+00:00
Michael Wilson,rec_yds,80.0,241,Arizona Cardinals @ New York Giants,2026-10-04T17:00:00Z,2026-10-02T17:51+00:00
Michael Wilson,rec_yds,90.0,371,Arizona Cardinals @ New York Giants,2026-10-04T17:00:00Z,2026-10-02T17:51+00:00
Michael Wilson,rec_yds,100.0,549,Arizona Cardinals @ New York Giants,2026-10-04T17:00:00Z,2026-10-02T17:51+00:00
Michael Wilson,rec_yds,110.0,790,Arizona Cardinals @ New York Giants,2026-10-04T17:00:00Z,2026-10-02T17:51+00:00
Michael Wilson,rec_yds,120.0,1200,Arizona Cardinals @ New York Giants,2026-10-04T17:00:00Z,2026-10-02T17:51+00:00
Michael Wilson,rec_yds,130.0,1760,Arizona Cardinals @ New York Giants,2026-10-04T17:00:00Z,2026-10-02T17:51+00:00
Michael Wilson,rec_yds,140.0,2500,Arizona Cardinals @ New York Giants,2026-10-04T17:00:00Z,2026-10-02T17:51+00:00
Michael Wilson,rec_yds,150.0,3500,Arizona Cardinals @ New York Giants,2026-10-04T17:00:00Z,2026-10-02T17:51+00:00
Isaiah Likely,rec_yds,15.0,-700,Arizona Cardinals @ New York Giants,2026-10-04T17:00:00Z,2026-10-02T17:51+00:00
Isaiah Likely,rec_yds,25.0,-292,Arizona Cardinals @ New York Giants,2026-10-04T17:00:00Z,2026-10-02T17:51+00:00
Isaiah Likely,rec_yds,40.0,-115,Arizona Cardinals @ New York Giants,2026-10-04T17:00:00Z,2026-10-02T17:51+00:00
Isaiah Likely,rec_yds,41.0,-109,Arizona Cardinals @ New York Giants,2026-10-04T17:00:00Z,2026-10-02T17:51+00:00
Isaiah Likely,rec_yds,50.0,145,Arizona Cardinals @ New York Giants,2026-10-04T17:00:00Z,2026-10-02T17:51+00:00
Isaiah Likely,rec_yds,60.0,229,Arizona Cardinals @ New York Giants,2026-10-04T17:00:00Z,2026-10-02T17:51+00:00
Isaiah Likely,rec_yds,70.0,357,Arizona Cardinals @ New York Giants,2026-10-04T17:00:00Z,2026-10-02T17:51+00:00
Isaiah Likely,rec_yds,80.0,541,Arizona Cardinals @ New York Giants,2026-10-04T17:00:00Z,2026-10-02T17:51+00:00
Isaiah Likely,rec_yds,90.0,810,Arizona Cardinals @ New York Giants,2026-10-04T17:00:00Z,2026-10-02T17:51+00:00
Isaiah Likely,rec_yds,100.0,1200,Arizona Cardinals @ New York Giants,2026-10-04T17:00:00Z,2026-10-02T17:51+00:00
Isaiah Likely,rec_yds,110.0,1740,Arizona Cardinals @ New York Giants,2026-10-04T17:00:00Z,2026-10-02T17:51+00:00
Isaiah Likely,rec_yds,120.0,2500,Arizona Cardinals @ New York Giants,2026-10-04T17:00:00Z,2026-10-02T17:51+00:00
Isaiah Likely,rec_yds,130.0,3500,Arizona Cardinals @ New York Giants,2026-10-04T17:00:00Z,2026-10-02T17:51+00:00
Marvin Harrison Jr.,rec_yds,15.0,-423,Arizona Cardinals @ New York Giants,2026-10-04T17:00:00Z,2026-10-02T17:51+00:00
Marvin Harrison Jr.,rec_yds,25.0,-188,Arizona Cardinals @ New York Giants,2026-10-04T17:00:00Z,2026-10-02T17:51+00:00
Marvin Harrison Jr.,rec_yds,33.0,-115,Arizona Cardinals @ New York Giants,2026-10-04T17:00:00Z,2026-10-02T17:51+00:00
Marvin Harrison Jr.,rec_yds,40.0,129,Arizona Cardinals @ New York Giants,2026-10-04T17:00:00Z,2026-10-02T17:51+00:00
Marvin Harrison Jr.,rec_yds,50.0,219,Arizona Cardinals @ New York Giants,2026-10-04T17:00:00Z,2026-10-02T17:51+00:00
Marvin Harrison Jr.,rec_yds,60.0,359,Arizona Cardinals @ New York Giants,2026-10-04T17:00:00Z,2026-10-02T17:51+00:00
Marvin Harrison Jr.,rec_yds,70.0,563,Arizona Cardinals @ New York Giants,2026-10-04T17:00:00Z,2026-10-02T17:51+00:00
Marvin Harrison Jr.,rec_yds,80.0,890,Arizona Cardinals @ New York Giants,2026-10-04T17:00:00Z,2026-10-02T17:51+00:00
Marvin Harrison Jr.,rec_yds,90.0,1360,Arizona Cardinals @ New York Giants,2026-10-04T17:00:00Z,2026-10-02T17:51+00:00
Marvin Harrison Jr.,rec_yds,100.0,2000,Arizona Cardinals @ New York Giants,2026-10-04T17:00:00Z,2026-10-02T17:51+00:00
Marvin Harrison Jr.,rec_yds,110.0,2900,Arizona Cardinals @ New York Giants,2026-10-04T17:00:00Z,2026-10-02T17:51+00:00
Marvin Harrison Jr.,rec_yds,120.0,3900,Arizona Cardinals @ New York Giants,2026-10-04T17:00:00Z,2026-10-02T17:51+00:00
Malachi Fields,rec_yds,15.0,-216,Arizona Cardinals @ New York Giants,2026-10-04T17:00:00Z,2026-10-02T17:51+00:00
Malachi Fields,rec_yds,24.0,-111,Arizona Cardinals @ New York Giants,2026-10-04T17:00:00Z,2026-10-02T17:51+00:00
Malachi Fields,rec_yds,25.0,-104,Arizona Cardinals @ New York Giants,2026-10-04T17:00:00Z,2026-10-02T17:51+00:00
Malachi Fields,rec_yds,40.0,214,Arizona Cardinals @ New York Giants,2026-10-04T17:00:00Z,2026-10-02T17:51+00:00
Malachi Fields,rec_yds,50.0,343,Arizona Cardinals @ New York Giants,2026-10-04T17:00:00Z,2026-10-02T17:51+00:00
Malachi Fields,rec_yds,60.0,543,Arizona Cardinals @ New York Giants,2026-10-04T17:00:00Z,2026-10-02T17:51+00:00
Malachi Fields,rec_yds,70.0,850,Arizona Cardinals @ New York Giants,2026-10-04T17:00:00Z,2026-10-02T17:51+00:00
Malachi Fields,rec_yds,80.0,1280,Arizona Cardinals @ New York Giants,2026-10-04T17:00:00Z,2026-10-02T17:51+00:00
Malachi Fields,rec_yds,90.0,1920,Arizona Cardinals @ New York Giants,2026-10-04T17:00:00Z,2026-10-02T17:51+00:00
Malachi Fields,rec_yds,100.0,2800,Arizona Cardinals @ New York Giants,2026-10-04T17:00:00Z,2026-10-02T17:51+00:00
Malachi Fields,rec_yds,110.0,3800,Arizona Cardinals @ New York Giants,2026-10-04T17:00:00Z,2026-10-02T17:51+00:00
Darnell Mooney,rec_yds,15.0,-184,Arizona Cardinals @ New York Giants,2026-10-04T17:00:00Z,2026-10-02T17:51+00:00
Darnell Mooney,rec_yds,21.0,-114,Arizona Cardinals @ New York Giants,2026-10-04T17:00:00Z,2026-10-02T17:51+00:00
Darnell Mooney,rec_yds,25.0,117,Arizona Cardinals @ New York Giants,2026-10-04T17:00:00Z,2026-10-02T17:51+00:00
Darnell Mooney,rec_yds,40.0,270,Arizona Cardinals @ New York Giants,2026-10-04T17:00:00Z,2026-10-02T17:51+00:00
Darnell Mooney,rec_yds,50.0,442,Arizona Cardinals @ New York Giants,2026-10-04T17:00:00Z,2026-10-02T17:51+00:00
Darnell Mooney,rec_yds,60.0,710,Arizona Cardinals @ New York Giants,2026-10-04T17:00:00Z,2026-10-02T17:51+00:00
Darnell Mooney,rec_yds,70.0,1120,Arizona Cardinals @ New York Giants,2026-10-04T17:00:00Z,2026-10-02T17:51+00:00
Darnell Mooney,rec_yds,80.0,1720,Arizona Cardinals @ New York Giants,2026-10-04T17:00:00Z,2026-10-02T17:51+00:00
Darnell Mooney,rec_yds,90.0,2500,Arizona Cardinals @ New York Giants,2026-10-04T17:00:00Z,2026-10-02T17:51+00:00
Darnell Mooney,rec_yds,100.0,3500,Arizona Cardinals @ New York Giants,2026-10-04T17:00:00Z,2026-10-02T17:51+00:00
Kendrick Bourne,rec_yds,15.0,-217,Arizona Cardinals @ New York Giants,2026-10-04T17:00:00Z,2026-10-02T17:51+00:00
Kendrick Bourne,rec_yds,23.0,-112,Arizona Cardinals @ New York Giants,2026-10-04T17:00:00Z,2026-10-02T17:51+00:00
Kendrick Bourne,rec_yds,25.0,103,Arizona Cardinals @ New York Giants,2026-10-04T17:00:00Z,2026-10-02T17:51+00:00
Kendrick Bourne,rec_yds,40.0,278,Arizona Cardinals @ New York Giants,2026-10-04T17:00:00Z,2026-10-02T17:51+00:00
Kendrick Bourne,rec_yds,50.0,488,Arizona Cardinals @ New York Giants,2026-10-04T17:00:00Z,2026-10-02T17:51+00:00
Kendrick Bourne,rec_yds,60.0,830,Arizona Cardinals @ New York Giants,2026-10-04T17:00:00Z,2026-10-02T17:51+00:00
Kendrick Bourne,rec_yds,70.0,1360,Arizona Cardinals @ New York Giants,2026-10-04T17:00:00Z,2026-10-02T17:51+00:00
Kendrick Bourne,rec_yds,80.0,2200,Arizona Cardinals @ New York Giants,2026-10-04T17:00:00Z,2026-10-02T17:51+00:00
Kendrick Bourne,rec_yds,90.0,3300,Arizona Cardinals @ New York Giants,2026-10-04T17:00:00Z,2026-10-02T17:51+00:00
Cam Skattebo,rec_yds,15.0,-145,Arizona Cardinals @ New York Giants,2026-10-04T17:00:00Z,2026-10-02T17:51+00:00
Cam Skattebo,rec_yds,18.0,-110,Arizona Cardinals @ New York Giants,2026-10-04T17:00:00Z,2026-10-02T17:51+00:00
Cam Skattebo,rec_yds,25.0,154,Arizona Cardinals @ New York Giants,2026-10-04T17:00:00Z,2026-10-02T17:51+00:00
Cam Skattebo,rec_yds,40.0,412,Arizona Cardinals @ New York Giants,2026-10-04T17:00:00Z,2026-10-02T17:51+00:00
Cam Skattebo,rec_yds,50.0,710,Arizona Cardinals @ New York Giants,2026-10-04T17:00:00Z,2026-10-02T17:51+00:00
Cam Skattebo,rec_yds,60.0,1140,Arizona Cardinals @ New York Giants,2026-10-04T17:00:00Z,2026-10-02T17:51+00:00
Cam Skattebo,rec_yds,70.0,1820,Arizona Cardinals @ New York Giants,2026-10-04T17:00:00Z,2026-10-02T17:51+00:00
Cam Skattebo,rec_yds,80.0,2600,Arizona Cardinals @ New York Giants,2026-10-04T17:00:00Z,2026-10-02T17:51+00:00
Cam Skattebo,rec_yds,90.0,3800,Arizona Cardinals @ New York Giants,2026-10-04T17:00:00Z,2026-10-02T17:51+00:00
Jeremiyah Love,rec_yds,15.0,-165,Arizona Cardinals @ New York Giants,2026-10-04T17:00:00Z,2026-10-02T17:51+00:00
Jeremiyah Love,rec_yds,19.0,-108,Arizona Cardinals @ New York Giants,2026-10-04T17:00:00Z,2026-10-02T17:51+00:00
Jeremiyah Love,rec_yds,25.0,161,Arizona Cardinals @ New York Giants,2026-10-04T17:00:00Z,2026-10-02T17:51+00:00
Jeremiyah Love,rec_yds,40.0,515,Arizona Cardinals @ New York Giants,2026-10-04T17:00:00Z,2026-10-02T17:51+00:00
Jeremiyah Love,rec_yds,50.0,990,Arizona Cardinals @ New York Giants,2026-10-04T17:00:00Z,2026-10-02T17:51+00:00
Jeremiyah Love,rec_yds,60.0,1700,Arizona Cardinals @ New York Giants,2026-10-04T17:00:00Z,2026-10-02T17:51+00:00
Jeremiyah Love,rec_yds,70.0,2600,Arizona Cardinals @ New York Giants,2026-10-04T17:00:00Z,2026-10-02T17:51+00:00
Jeremiyah Love,rec_yds,80.0,3900,Arizona Cardinals @ New York Giants,2026-10-04T17:00:00Z,2026-10-02T17:51+00:00
Theo Johnson,rec_yds,9.0,-114,Arizona Cardinals @ New York Giants,2026-10-04T17:00:00Z,2026-10-02T17:51+00:00
Theo Johnson,rec_yds,15.0,156,Arizona Cardinals @ New York Giants,2026-10-04T17:00:00Z,2026-10-02T17:51+00:00
Theo Johnson,rec_yds,25.0,322,Arizona Cardinals @ New York Giants,2026-10-04T17:00:00Z,2026-10-02T17:51+00:00
Theo Johnson,rec_yds,40.0,780,Arizona Cardinals @ New York Giants,2026-10-04T17:00:00Z,2026-10-02T17:51+00:00
Theo Johnson,rec_yds,50.0,1320,Arizona Cardinals @ New York Giants,2026-10-04T17:00:00Z,2026-10-02T17:51+00:00
Theo Johnson,rec_yds,60.0,2100,Arizona Cardinals @ New York Giants,2026-10-04T17:00:00Z,2026-10-02T17:51+00:00
Theo Johnson,rec_yds,70.0,2900,Arizona Cardinals @ New York Giants,2026-10-04T17:00:00Z,2026-10-02T17:51+00:00
Trey McBride,receptions,4.0,-1640,Arizona Cardinals @ New York Giants,2026-10-04T17:00:00Z,2026-10-02T17:51+00:00
Trey McBride,receptions,5.0,-577,Arizona Cardinals @ New York Giants,2026-10-04T17:00:00Z,2026-10-02T17:51+00:00
Trey McBride,receptions,6.0,-267,Arizona Cardinals @ New York Giants,2026-10-04T17:00:00Z,2026-10-02T17:51+00:00
Trey McBride,receptions,7.0,-138,Arizona Cardinals @ New York Giants,2026-10-04T17:00:00Z,2026-10-02T17:51+00:00
Trey McBride,receptions,8.0,129,Arizona Cardinals @ New York Giants,2026-10-04T17:00:00Z,2026-10-02T17:51+00:00
Trey McBride,receptions,9.0,226,Arizona Cardinals @ New York Giants,2026-10-04T17:00:00Z,2026-10-02T17:51+00:00
Trey McBride,receptions,10.0,393,Arizona Cardinals @ New York Giants,2026-10-04T17:00:00Z,2026-10-02T17:51+00:00
Trey McBride,receptions,11.0,680,Arizona Cardinals @ New York Giants,2026-10-04T17:00:00Z,2026-10-02T17:51+00:00
Trey McBride,receptions,12.0,1140,Arizona Cardinals @ New York Giants,2026-10-04T17:00:00Z,2026-10-02T17:51+00:00
Trey McBride,receptions,13.0,1760,Arizona Cardinals @ New York Giants,2026-10-04T17:00:00Z,2026-10-02T17:51+00:00
Trey McBride,receptions,14.0,2500,Arizona Cardinals @ New York Giants,2026-10-04T17:00:00Z,2026-10-02T17:51+00:00
Michael Wilson,receptions,3.0,-1040,Arizona Cardinals @ New York Giants,2026-10-04T17:00:00Z,2026-10-02T17:51+00:00
Michael Wilson,receptions,4.0,-356,Arizona Cardinals @ New York Giants,2026-10-04T17:00:00Z,2026-10-02T17:51+00:00
Michael Wilson,receptions,5.0,-158,Arizona Cardinals @ New York Giants,2026-10-04T17:00:00Z,2026-10-02T17:51+00:00
Michael Wilson,receptions,6.0,129,Arizona Cardinals @ New York Giants,2026-10-04T17:00:00Z,2026-10-02T17:51+00:00
Michael Wilson,receptions,7.0,248,Arizona Cardinals @ New York Giants,2026-10-04T17:00:00Z,2026-10-02T17:51+00:00
Michael Wilson,receptions,8.0,457,Arizona Cardinals @ New York Giants,2026-10-04T17:00:00Z,2026-10-02T17:51+00:00
Michael Wilson,receptions,9.0,840,Arizona Cardinals @ New York Giants,2026-10-04T17:00:00Z,2026-10-02T17:51+00:00
Michael Wilson,receptions,10.0,1440,Arizona Cardinals @ New York Giants,2026-10-04T17:00:00Z,2026-10-02T17:51+00:00
Michael Wilson,receptions,11.0,2300,Arizona Cardinals @ New York Giants,2026-10-04T17:00:00Z,2026-10-02T17:51+00:00
Malik Nabers,receptions,3.0,-890,Arizona Cardinals @ New York Giants,2026-10-04T17:00:00Z,2026-10-02T17:51+00:00
Malik Nabers,receptions,4.0,-316,Arizona Cardinals @ New York Giants,2026-10-04T17:00:00Z,2026-10-02T17:51+00:00
Malik Nabers,receptions,5.0,-143,Arizona Cardinals @ New York Giants,2026-10-04T17:00:00Z,2026-10-02T17:51+00:00
Malik Nabers,receptions,6.0,139,Arizona Cardinals @ New York Giants,2026-10-04T17:00:00Z,2026-10-02T17:51+00:00
Malik Nabers,receptions,7.0,265,Arizona Cardinals @ New York Giants,2026-10-04T17:00:00Z,2026-10-02T17:51+00:00
Malik Nabers,receptions,8.0,493,Arizona Cardinals @ New York Giants,2026-10-04T17:00:00Z,2026-10-02T17:51+00:00
Malik Nabers,receptions,9.0,880,Arizona Cardinals @ New York Giants,2026-10-04T17:00:00Z,2026-10-02T17:51+00:00
Malik Nabers,receptions,10.0,1560,Arizona Cardinals @ New York Giants,2026-10-04T17:00:00Z,2026-10-02T17:51+00:00
Malik Nabers,receptions,11.0,2500,Arizona Cardinals @ New York Giants,2026-10-04T17:00:00Z,2026-10-02T17:51+00:00
Isaiah Likely,receptions,2.0,-1760,Arizona Cardinals @ New York Giants,2026-10-04T17:00:00Z,2026-10-02T17:51+00:00
Isaiah Likely,receptions,3.0,-429,Arizona Cardinals @ New York Giants,2026-10-04T17:00:00Z,2026-10-02T17:51+00:00
Isaiah Likely,receptions,4.0,-169,Arizona Cardinals @ New York Giants,2026-10-04T17:00:00Z,2026-10-02T17:51+00:00
Isaiah Likely,receptions,5.0,131,Arizona Cardinals @ New York Giants,2026-10-04T17:00:00Z,2026-10-02T17:51+00:00
Isaiah Likely,receptions,6.0,263,Arizona Cardinals @ New York Giants,2026-10-04T17:00:00Z,2026-10-02T17:51+00:00
Isaiah Likely,receptions,7.0,528,Arizona Cardinals @ New York Giants,2026-10-04T17:00:00Z,2026-10-02T17:51+00:00
Isaiah Likely,receptions,8.0,980,Arizona Cardinals @ New York Giants,2026-10-04T17:00:00Z,2026-10-02T17:51+00:00
Isaiah Likely,receptions,9.0,1740,Arizona Cardinals @ New York Giants,2026-10-04T17:00:00Z,2026-10-02T17:51+00:00
Isaiah Likely,receptions,10.0,2700,Arizona Cardinals @ New York Giants,2026-10-04T17:00:00Z,2026-10-02T17:51+00:00
Jeremiyah Love,receptions,2.0,-630,Arizona Cardinals @ New York Giants,2026-10-04T17:00:00Z,2026-10-02T17:51+00:00
Jeremiyah Love,receptions,3.0,-198,Arizona Cardinals @ New York Giants,2026-10-04T17:00:00Z,2026-10-02T17:51+00:00
Jeremiyah Love,receptions,4.0,125,Arizona Cardinals @ New York Giants,2026-10-04T17:00:00Z,2026-10-02T17:51+00:00
Jeremiyah Love,receptions,5.0,268,Arizona Cardinals @ New York Giants,2026-10-04T17:00:00Z,2026-10-02T17:51+00:00
Jeremiyah Love,receptions,6.0,586,Arizona Cardinals @ New York Giants,2026-10-04T17:00:00Z,2026-10-02T17:51+00:00
Jeremiyah Love,receptions,7.0,1180,Arizona Cardinals @ New York Giants,2026-10-04T17:00:00Z,2026-10-02T17:51+00:00
Jeremiyah Love,receptions,8.0,2100,Arizona Cardinals @ New York Giants,2026-10-04T17:00:00Z,2026-10-02T17:51+00:00
Cam Skattebo,receptions,2.0,-355,Arizona Cardinals @ New York Giants,2026-10-04T17:00:00Z,2026-10-02T17:51+00:00
Cam Skattebo,receptions,3.0,-117,Arizona Cardinals @ New York Giants,2026-10-04T17:00:00Z,2026-10-02T17:51+00:00
Cam Skattebo,receptions,4.0,212,Arizona Cardinals @ New York Giants,2026-10-04T17:00:00Z,2026-10-02T17:51+00:00
Cam Skattebo,receptions,5.0,494,Arizona Cardinals @ New York Giants,2026-10-04T17:00:00Z,2026-10-02T17:51+00:00
Cam Skattebo,receptions,6.0,1080,Arizona Cardinals @ New York Giants,2026-10-04T17:00:00Z,2026-10-02T17:51+00:00
Cam Skattebo,receptions,7.0,2100,Arizona Cardinals @ New York Giants,2026-10-04T17:00:00Z,2026-10-02T17:51+00:00
Marvin Harrison Jr.,receptions,2.0,-335,Arizona Cardinals @ New York Giants,2026-10-04T17:00:00Z,2026-10-02T17:51+00:00
Marvin Harrison Jr.,receptions,3.0,-111,Arizona Cardinals @ New York Giants,2026-10-04T17:00:00Z,2026-10-02T17:51+00:00
Marvin Harrison Jr.,receptions,4.0,230,Arizona Cardinals @ New York Giants,2026-10-04T17:00:00Z,2026-10-02T17:51+00:00
Marvin Harrison Jr.,receptions,5.0,553,Arizona Cardinals @ New York Giants,2026-10-04T17:00:00Z,2026-10-02T17:51+00:00
Marvin Harrison Jr.,receptions,6.0,1180,Arizona Cardinals @ New York Giants,2026-10-04T17:00:00Z,2026-10-02T17:51+00:00
Marvin Harrison Jr.,receptions,7.0,2300,Arizona Cardinals @ New York Giants,2026-10-04T17:00:00Z,2026-10-02T17:51+00:00
Kendrick Bourne,receptions,2.0,-238,Arizona Cardinals @ New York Giants,2026-10-04T17:00:00Z,2026-10-02T17:51+00:00
Kendrick Bourne,receptions,3.0,126,Arizona Cardinals @ New York Giants,2026-10-04T17:00:00Z,2026-10-02T17:51+00:00
Kendrick Bourne,receptions,4.0,339,Arizona Cardinals @ New York Giants,2026-10-04T17:00:00Z,2026-10-02T17:51+00:00
Kendrick Bourne,receptions,5.0,820,Arizona Cardinals @ New York Giants,2026-10-04T17:00:00Z,2026-10-02T17:51+00:00
Kendrick Bourne,receptions,6.0,1740,Arizona Cardinals @ New York Giants,2026-10-04T17:00:00Z,2026-10-02T17:51+00:00
Malachi Fields,receptions,2.0,-186,Arizona Cardinals @ New York Giants,2026-10-04T17:00:00Z,2026-10-02T17:51+00:00
Malachi Fields,receptions,3.0,165,Arizona Cardinals @ New York Giants,2026-10-04T17:00:00Z,2026-10-02T17:51+00:00
Malachi Fields,receptions,4.0,437,Arizona Cardinals @ New York Giants,2026-10-04T17:00:00Z,2026-10-02T17:51+00:00
Malachi Fields,receptions,5.0,1040,Arizona Cardinals @ New York Giants,2026-10-04T17:00:00Z,2026-10-02T17:51+00:00
Malachi Fields,receptions,6.0,2200,Arizona Cardinals @ New York Giants,2026-10-04T17:00:00Z,2026-10-02T17:51+00:00
Darnell Mooney,receptions,2.0,-160,Arizona Cardinals @ New York Giants,2026-10-04T17:00:00Z,2026-10-02T17:51+00:00
Darnell Mooney,receptions,3.0,195,Arizona Cardinals @ New York Giants,2026-10-04T17:00:00Z,2026-10-02T17:51+00:00
Darnell Mooney,receptions,4.0,512,Arizona Cardinals @ New York Giants,2026-10-04T17:00:00Z,2026-10-02T17:51+00:00
Darnell Mooney,receptions,5.0,1220,Arizona Cardinals @ New York Giants,2026-10-04T17:00:00Z,2026-10-02T17:51+00:00
Darnell Mooney,receptions,6.0,2500,Arizona Cardinals @ New York Giants,2026-10-04T17:00:00Z,2026-10-02T17:51+00:00
Theo Johnson,receptions,2.0,172,Arizona Cardinals @ New York Giants,2026-10-04T17:00:00Z,2026-10-02T17:51+00:00
Theo Johnson,receptions,3.0,592,Arizona Cardinals @ New York Giants,2026-10-04T17:00:00Z,2026-10-02T17:51+00:00
Theo Johnson,receptions,4.0,1620,Arizona Cardinals @ New York Giants,2026-10-04T17:00:00Z,2026-10-02T17:51+00:00
Cam Skattebo,rush_att,10.0,-1540,Arizona Cardinals @ New York Giants,2026-10-04T17:00:00Z,2026-10-02T17:51+00:00
Cam Skattebo,rush_att,12.0,-589,Arizona Cardinals @ New York Giants,2026-10-04T17:00:00Z,2026-10-02T17:51+00:00
Cam Skattebo,rush_att,14.0,-269,Arizona Cardinals @ New York Giants,2026-10-04T17:00:00Z,2026-10-02T17:51+00:00
Cam Skattebo,rush_att,16.0,-142,Arizona Cardinals @ New York Giants,2026-10-04T17:00:00Z,2026-10-02T17:51+00:00
Cam Skattebo,rush_att,17.0,-104,Arizona Cardinals @ New York Giants,2026-10-04T17:00:00Z,2026-10-02T17:51+00:00
Cam Skattebo,rush_att,18.0,127,Arizona Cardinals @ New York Giants,2026-10-04T17:00:00Z,2026-10-02T17:51+00:00
Cam Skattebo,rush_att,20.0,227,Arizona Cardinals @ New York Giants,2026-10-04T17:00:00Z,2026-10-02T17:51+00:00
Cam Skattebo,rush_att,22.0,405,Arizona Cardinals @ New York Giants,2026-10-04T17:00:00Z,2026-10-02T17:51+00:00
Cam Skattebo,rush_att,24.0,730,Arizona Cardinals @ New York Giants,2026-10-04T17:00:00Z,2026-10-02T17:51+00:00
Cam Skattebo,rush_att,26.0,1300,Arizona Cardinals @ New York Giants,2026-10-04T17:00:00Z,2026-10-02T17:51+00:00
Jeremiyah Love,rush_att,10.0,-1620,Arizona Cardinals @ New York Giants,2026-10-04T17:00:00Z,2026-10-02T17:51+00:00
Jeremiyah Love,rush_att,12.0,-547,Arizona Cardinals @ New York Giants,2026-10-04T17:00:00Z,2026-10-02T17:51+00:00
Jeremiyah Love,rush_att,14.0,-246,Arizona Cardinals @ New York Giants,2026-10-04T17:00:00Z,2026-10-02T17:51+00:00
Jeremiyah Love,rush_att,16.0,-122,Arizona Cardinals @ New York Giants,2026-10-04T17:00:00Z,2026-10-02T17:51+00:00
Jeremiyah Love,rush_att,18.0,158,Arizona Cardinals @ New York Giants,2026-10-04T17:00:00Z,2026-10-02T17:51+00:00
Jeremiyah Love,rush_att,20.0,305,Arizona Cardinals @ New York Giants,2026-10-04T17:00:00Z,2026-10-02T17:51+00:00
Jeremiyah Love,rush_att,22.0,589,Arizona Cardinals @ New York Giants,2026-10-04T17:00:00Z,2026-10-02T17:51+00:00
Jeremiyah Love,rush_att,24.0,1100,Arizona Cardinals @ New York Giants,2026-10-04T17:00:00Z,2026-10-02T17:51+00:00
Jeremiyah Love,rush_yds,25.0,-1620,Arizona Cardinals @ New York Giants,2026-10-04T17:00:00Z,2026-10-02T17:51+00:00
Jeremiyah Love,rush_yds,30.0,-1000,Arizona Cardinals @ New York Giants,2026-10-04T17:00:00Z,2026-10-02T17:51+00:00
Jeremiyah Love,rush_yds,40.0,-473,Arizona Cardinals @ New York Giants,2026-10-04T17:00:00Z,2026-10-02T17:51+00:00
Jeremiyah Love,rush_yds,50.0,-258,Arizona Cardinals @ New York Giants,2026-10-04T17:00:00Z,2026-10-02T17:51+00:00
Jeremiyah Love,rush_yds,60.0,-155,Arizona Cardinals @ New York Giants,2026-10-04T17:00:00Z,2026-10-02T17:51+00:00
Jeremiyah Love,rush_yds,67.0,-115,Arizona Cardinals @ New York Giants,2026-10-04T17:00:00Z,2026-10-02T17:51+00:00
Jeremiyah Love,rush_yds,70.0,100,Arizona Cardinals @ New York Giants,2026-10-04T17:00:00Z,2026-10-02T17:51+00:00
Jeremiyah Love,rush_yds,80.0,151,Arizona Cardinals @ New York Giants,2026-10-04T17:00:00Z,2026-10-02T17:51+00:00
Jeremiyah Love,rush_yds,90.0,221,Arizona Cardinals @ New York Giants,2026-10-04T17:00:00Z,2026-10-02T17:51+00:00
Jeremiyah Love,rush_yds,100.0,324,Arizona Cardinals @ New York Giants,2026-10-04T17:00:00Z,2026-10-02T17:51+00:00
Jeremiyah Love,rush_yds,110.0,472,Arizona Cardinals @ New York Giants,2026-10-04T17:00:00Z,2026-10-02T17:51+00:00
Jeremiyah Love,rush_yds,120.0,690,Arizona Cardinals @ New York Giants,2026-10-04T17:00:00Z,2026-10-02T17:51+00:00
Jeremiyah Love,rush_yds,130.0,990,Arizona Cardinals @ New York Giants,2026-10-04T17:00:00Z,2026-10-02T17:51+00:00
Jeremiyah Love,rush_yds,140.0,1360,Arizona Cardinals @ New York Giants,2026-10-04T17:00:00Z,2026-10-02T17:51+00:00
Jeremiyah Love,rush_yds,150.0,1940,Arizona Cardinals @ New York Giants,2026-10-04T17:00:00Z,2026-10-02T17:51+00:00
Jeremiyah Love,rush_yds,160.0,2700,Arizona Cardinals @ New York Giants,2026-10-04T17:00:00Z,2026-10-02T17:51+00:00
Jeremiyah Love,rush_yds,170.0,3500,Arizona Cardinals @ New York Giants,2026-10-04T17:00:00Z,2026-10-02T17:51+00:00
Cam Skattebo,rush_yds,25.0,-2500,Arizona Cardinals @ New York Giants,2026-10-04T17:00:00Z,2026-10-02T17:51+00:00
Cam Skattebo,rush_yds,30.0,-1240,Arizona Cardinals @ New York Giants,2026-10-04T17:00:00Z,2026-10-02T17:51+00:00
Cam Skattebo,rush_yds,40.0,-475,Arizona Cardinals @ New York Giants,2026-10-04T17:00:00Z,2026-10-02T17:51+00:00
Cam Skattebo,rush_yds,50.0,-246,Arizona Cardinals @ New York Giants,2026-10-04T17:00:00Z,2026-10-02T17:51+00:00
Cam Skattebo,rush_yds,60.0,-138,Arizona Cardinals @ New York Giants,2026-10-04T17:00:00Z,2026-10-02T17:51+00:00
Cam Skattebo,rush_yds,64.0,-112,Arizona Cardinals @ New York Giants,2026-10-04T17:00:00Z,2026-10-02T17:51+00:00
Cam Skattebo,rush_yds,70.0,120,Arizona Cardinals @ New York Giants,2026-10-04T17:00:00Z,2026-10-02T17:51+00:00
Cam Skattebo,rush_yds,80.0,192,Arizona Cardinals @ New York Giants,2026-10-04T17:00:00Z,2026-10-02T17:51+00:00
Cam Skattebo,rush_yds,90.0,295,Arizona Cardinals @ New York Giants,2026-10-04T17:00:00Z,2026-10-02T17:51+00:00
Cam Skattebo,rush_yds,100.0,449,Arizona Cardinals @ New York Giants,2026-10-04T17:00:00Z,2026-10-02T17:51+00:00
Cam Skattebo,rush_yds,110.0,670,Arizona Cardinals @ New York Giants,2026-10-04T17:00:00Z,2026-10-02T17:51+00:00
Cam Skattebo,rush_yds,120.0,1020,Arizona Cardinals @ New York Giants,2026-10-04T17:00:00Z,2026-10-02T17:51+00:00
Cam Skattebo,rush_yds,130.0,1500,Arizona Cardinals @ New York Giants,2026-10-04T17:00:00Z,2026-10-02T17:51+00:00
Cam Skattebo,rush_yds,140.0,2000,Arizona Cardinals @ New York Giants,2026-10-04T17:00:00Z,2026-10-02T17:51+00:00
Cam Skattebo,rush_yds,150.0,2800,Arizona Cardinals @ New York Giants,2026-10-04T17:00:00Z,2026-10-02T17:51+00:00
Cam Skattebo,rush_yds,160.0,3600,Arizona Cardinals @ New York Giants,2026-10-04T17:00:00Z,2026-10-02T17:51+00:00
Najee Harris,rush_yds,10.0,-650,Arizona Cardinals @ New York Giants,2026-10-04T17:00:00Z,2026-10-02T17:51+00:00
Najee Harris,rush_yds,15.0,-309,Arizona Cardinals @ New York Giants,2026-10-04T17:00:00Z,2026-10-02T17:51+00:00
Najee Harris,rush_yds,20.0,-173,Arizona Cardinals @ New York Giants,2026-10-04T17:00:00Z,2026-10-02T17:51+00:00
Najee Harris,rush_yds,25.0,-109,Arizona Cardinals @ New York Giants,2026-10-04T17:00:00Z,2026-10-02T17:51+00:00
Najee Harris,rush_yds,30.0,142,Arizona Cardinals @ New York Giants,2026-10-04T17:00:00Z,2026-10-02T17:51+00:00
Najee Harris,rush_yds,40.0,296,Arizona Cardinals @ New York Giants,2026-10-04T17:00:00Z,2026-10-02T17:51+00:00
Najee Harris,rush_yds,50.0,561,Arizona Cardinals @ New York Giants,2026-10-04T17:00:00Z,2026-10-02T17:51+00:00
Najee Harris,rush_yds,60.0,950,Arizona Cardinals @ New York Giants,2026-10-04T17:00:00Z,2026-10-02T17:51+00:00
Najee Harris,rush_yds,70.0,1520,Arizona Cardinals @ New York Giants,2026-10-04T17:00:00Z,2026-10-02T17:51+00:00
Najee Harris,rush_yds,80.0,2300,Arizona Cardinals @ New York Giants,2026-10-04T17:00:00Z,2026-10-02T17:51+00:00
Najee Harris,rush_yds,90.0,3600,Arizona Cardinals @ New York Giants,2026-10-04T17:00:00Z,2026-10-02T17:51+00:00
Tyler Allgeier,rush_yds,10.0,-348,Arizona Cardinals @ New York Giants,2026-10-04T17:00:00Z,2026-10-02T17:51+00:00
Tyler Allgeier,rush_yds,15.0,-175,Arizona Cardinals @ New York Giants,2026-10-04T17:00:00Z,2026-10-02T17:51+00:00
Tyler Allgeier,rush_yds,19.0,-114,Arizona Cardinals @ New York Giants,2026-10-04T17:00:00Z,2026-10-02T17:51+00:00
Tyler Allgeier,rush_yds,20.0,-103,Arizona Cardinals @ New York Giants,2026-10-04T17:00:00Z,2026-10-02T17:51+00:00
Tyler Allgeier,rush_yds,25.0,152,Arizona Cardinals @ New York Giants,2026-10-04T17:00:00Z,2026-10-02T17:51+00:00
Tyler Allgeier,rush_yds,30.0,226,Arizona Cardinals @ New York Giants,2026-10-04T17:00:00Z,2026-10-02T17:51+00:00
Tyler Allgeier,rush_yds,40.0,438,Arizona Cardinals @ New York Giants,2026-10-04T17:00:00Z,2026-10-02T17:51+00:00
Tyler Allgeier,rush_yds,50.0,770,Arizona Cardinals @ New York Giants,2026-10-04T17:00:00Z,2026-10-02T17:51+00:00
Tyler Allgeier,rush_yds,60.0,1240,Arizona Cardinals @ New York Giants,2026-10-04T17:00:00Z,2026-10-02T17:51+00:00
Tyler Allgeier,rush_yds,70.0,1960,Arizona Cardinals @ New York Giants,2026-10-04T17:00:00Z,2026-10-02T17:51+00:00
Tyler Allgeier,rush_yds,80.0,2900,Arizona Cardinals @ New York Giants,2026-10-04T17:00:00Z,2026-10-02T17:51+00:00
Jacoby Brissett,rush_yds,8.0,-112,Arizona Cardinals @ New York Giants,2026-10-04T17:00:00Z,2026-10-02T17:51+00:00
Jacoby Brissett,rush_yds,10.0,112,Arizona Cardinals @ New York Giants,2026-10-04T17:00:00Z,2026-10-02T17:51+00:00
Jacoby Brissett,rush_yds,15.0,184,Arizona Cardinals @ New York Giants,2026-10-04T17:00:00Z,2026-10-02T17:51+00:00
Jacoby Brissett,rush_yds,20.0,299,Arizona Cardinals @ New York Giants,2026-10-04T17:00:00Z,2026-10-02T17:51+00:00
Jacoby Brissett,rush_yds,25.0,468,Arizona Cardinals @ New York Giants,2026-10-04T17:00:00Z,2026-10-02T17:51+00:00
Jacoby Brissett,rush_yds,30.0,730,Arizona Cardinals @ New York Giants,2026-10-04T17:00:00Z,2026-10-02T17:51+00:00
Jacoby Brissett,rush_yds,40.0,1640,Arizona Cardinals @ New York Giants,2026-10-04T17:00:00Z,2026-10-02T17:51+00:00
Jacoby Brissett,rush_yds,50.0,3100,Arizona Cardinals @ New York Giants,2026-10-04T17:00:00Z,2026-10-02T17:51+00:00
Jameis Winston,rush_yds,7.0,-110,Arizona Cardinals @ New York Giants,2026-10-04T17:00:00Z,2026-10-02T17:51+00:00
Jameis Winston,rush_yds,10.0,134,Arizona Cardinals @ New York Giants,2026-10-04T17:00:00Z,2026-10-02T17:51+00:00
Jameis Winston,rush_yds,15.0,225,Arizona Cardinals @ New York Giants,2026-10-04T17:00:00Z,2026-10-02T17:51+00:00
Jameis Winston,rush_yds,20.0,376,Arizona Cardinals @ New York Giants,2026-10-04T17:00:00Z,2026-10-02T17:51+00:00
Jameis Winston,rush_yds,25.0,589,Arizona Cardinals @ New York Giants,2026-10-04T17:00:00Z,2026-10-02T17:51+00:00
Jameis Winston,rush_yds,30.0,930,Arizona Cardinals @ New York Giants,2026-10-04T17:00:00Z,2026-10-02T17:51+00:00
Jameis Winston,rush_yds,40.0,2100,Arizona Cardinals @ New York Giants,2026-10-04T17:00:00Z,2026-10-02T17:51+00:00
Jameis Winston,rush_yds,50.0,3800,Arizona Cardinals @ New York Giants,2026-10-04T17:00:00Z,2026-10-02T17:51+00:00
Cam Ward,pass_att,24.0,-3200,Tennessee Titans @ Baltimore Ravens,2026-10-04T17:00:00Z,2026-10-02T17:51+00:00
Cam Ward,pass_att,26.0,-1180,Tennessee Titans @ Baltimore Ravens,2026-10-04T17:00:00Z,2026-10-02T17:51+00:00
Cam Ward,pass_att,28.0,-577,Tennessee Titans @ Baltimore Ravens,2026-10-04T17:00:00Z,2026-10-02T17:51+00:00
Cam Ward,pass_att,30.0,-314,Tennessee Titans @ Baltimore Ravens,2026-10-04T17:00:00Z,2026-10-02T17:51+00:00
Cam Ward,pass_att,32.0,-184,Tennessee Titans @ Baltimore Ravens,2026-10-04T17:00:00Z,2026-10-02T17:51+00:00
Cam Ward,pass_att,34.0,-114,Tennessee Titans @ Baltimore Ravens,2026-10-04T17:00:00Z,2026-10-02T17:51+00:00
Cam Ward,pass_att,36.0,142,Tennessee Titans @ Baltimore Ravens,2026-10-04T17:00:00Z,2026-10-02T17:51+00:00
Cam Ward,pass_att,38.0,222,Tennessee Titans @ Baltimore Ravens,2026-10-04T17:00:00Z,2026-10-02T17:51+00:00
Cam Ward,pass_att,40.0,349,Tennessee Titans @ Baltimore Ravens,2026-10-04T17:00:00Z,2026-10-02T17:51+00:00
Cam Ward,pass_att,42.0,547,Tennessee Titans @ Baltimore Ravens,2026-10-04T17:00:00Z,2026-10-02T17:51+00:00
Cam Ward,pass_att,44.0,850,Tennessee Titans @ Baltimore Ravens,2026-10-04T17:00:00Z,2026-10-02T17:51+00:00
Cam Ward,pass_att,46.0,1320,Tennessee Titans @ Baltimore Ravens,2026-10-04T17:00:00Z,2026-10-02T17:51+00:00
Lamar Jackson,pass_att,20.0,-3200,Tennessee Titans @ Baltimore Ravens,2026-10-04T17:00:00Z,2026-10-02T17:51+00:00
Lamar Jackson,pass_att,22.0,-960,Tennessee Titans @ Baltimore Ravens,2026-10-04T17:00:00Z,2026-10-02T17:51+00:00
Lamar Jackson,pass_att,24.0,-407,Tennessee Titans @ Baltimore Ravens,2026-10-04T17:00:00Z,2026-10-02T17:51+00:00
Lamar Jackson,pass_att,26.0,-206,Tennessee Titans @ Baltimore Ravens,2026-10-04T17:00:00Z,2026-10-02T17:51+00:00
Lamar Jackson,pass_att,28.0,-110,Tennessee Titans @ Baltimore Ravens,2026-10-04T17:00:00Z,2026-10-02T17:51+00:00
Lamar Jackson,pass_att,30.0,160,Tennessee Titans @ Baltimore Ravens,2026-10-04T17:00:00Z,2026-10-02T17:51+00:00
Lamar Jackson,pass_att,32.0,272,Tennessee Titans @ Baltimore Ravens,2026-10-04T17:00:00Z,2026-10-02T17:51+00:00
Lamar Jackson,pass_att,34.0,462,Tennessee Titans @ Baltimore Ravens,2026-10-04T17:00:00Z,2026-10-02T17:51+00:00
Lamar Jackson,pass_att,36.0,750,Tennessee Titans @ Baltimore Ravens,2026-10-04T17:00:00Z,2026-10-02T17:51+00:00
Lamar Jackson,pass_att,38.0,1180,Tennessee Titans @ Baltimore Ravens,2026-10-04T17:00:00Z,2026-10-02T17:51+00:00
Lamar Jackson,pass_att,40.0,1740,Tennessee Titans @ Baltimore Ravens,2026-10-04T17:00:00Z,2026-10-02T17:51+00:00
Cam Ward,pass_cmps,14.0,-1220,Tennessee Titans @ Baltimore Ravens,2026-10-04T17:00:00Z,2026-10-02T17:51+00:00
Cam Ward,pass_cmps,16.0,-463,Tennessee Titans @ Baltimore Ravens,2026-10-04T17:00:00Z,2026-10-02T17:51+00:00
Cam Ward,pass_cmps,18.0,-211,Tennessee Titans @ Baltimore Ravens,2026-10-04T17:00:00Z,2026-10-02T17:51+00:00
Cam Ward,pass_cmps,20.0,-109,Tennessee Titans @ Baltimore Ravens,2026-10-04T17:00:00Z,2026-10-02T17:51+00:00
Cam Ward,pass_cmps,22.0,169,Tennessee Titans @ Baltimore Ravens,2026-10-04T17:00:00Z,2026-10-02T17:51+00:00
Cam Ward,pass_cmps,24.0,307,Tennessee Titans @ Baltimore Ravens,2026-10-04T17:00:00Z,2026-10-02T17:51+00:00
Cam Ward,pass_cmps,26.0,540,Tennessee Titans @ Baltimore Ravens,2026-10-04T17:00:00Z,2026-10-02T17:51+00:00
Cam Ward,pass_cmps,28.0,960,Tennessee Titans @ Baltimore Ravens,2026-10-04T17:00:00Z,2026-10-02T17:51+00:00
Cam Ward,pass_cmps,30.0,1680,Tennessee Titans @ Baltimore Ravens,2026-10-04T17:00:00Z,2026-10-02T17:51+00:00
Lamar Jackson,pass_cmps,14.0,-1100,Tennessee Titans @ Baltimore Ravens,2026-10-04T17:00:00Z,2026-10-02T17:51+00:00
Lamar Jackson,pass_cmps,16.0,-369,Tennessee Titans @ Baltimore Ravens,2026-10-04T17:00:00Z,2026-10-02T17:51+00:00
Lamar Jackson,pass_cmps,18.0,-157,Tennessee Titans @ Baltimore Ravens,2026-10-04T17:00:00Z,2026-10-02T17:51+00:00
Lamar Jackson,pass_cmps,19.0,-105,Tennessee Titans @ Baltimore Ravens,2026-10-04T17:00:00Z,2026-10-02T17:51+00:00
Lamar Jackson,pass_cmps,20.0,140,Tennessee Titans @ Baltimore Ravens,2026-10-04T17:00:00Z,2026-10-02T17:51+00:00
Lamar Jackson,pass_cmps,22.0,297,Tennessee Titans @ Baltimore Ravens,2026-10-04T17:00:00Z,2026-10-02T17:51+00:00
Lamar Jackson,pass_cmps,24.0,610,Tennessee Titans @ Baltimore Ravens,2026-10-04T17:00:00Z,2026-10-02T17:51+00:00
Lamar Jackson,pass_cmps,26.0,1180,Tennessee Titans @ Baltimore Ravens,2026-10-04T17:00:00Z,2026-10-02T17:51+00:00
Lamar Jackson,pass_yds,150.0,-740,Tennessee Titans @ Baltimore Ravens,2026-10-04T17:00:00Z,2026-10-02T17:51+00:00
Lamar Jackson,pass_yds,160.0,-531,Tennessee Titans @ Baltimore Ravens,2026-10-04T17:00:00Z,2026-10-02T17:51+00:00
Lamar Jackson,pass_yds,170.0,-388,Tennessee Titans @ Baltimore Ravens,2026-10-04T17:00:00Z,2026-10-02T17:51+00:00
Lamar Jackson,pass_yds,180.0,-292,Tennessee Titans @ Baltimore Ravens,2026-10-04T17:00:00Z,2026-10-02T17:51+00:00
Lamar Jackson,pass_yds,190.0,-223,Tennessee Titans @ Baltimore Ravens,2026-10-04T17:00:00Z,2026-10-02T17:51+00:00
Lamar Jackson,pass_yds,200.0,-172,Tennessee Titans @ Baltimore Ravens,2026-10-04T17:00:00Z,2026-10-02T17:51+00:00
Lamar Jackson,pass_yds,210.0,-134,Tennessee Titans @ Baltimore Ravens,2026-10-04T17:00:00Z,2026-10-02T17:51+00:00
Lamar Jackson,pass_yds,217.0,-113,Tennessee Titans @ Baltimore Ravens,2026-10-04T17:00:00Z,2026-10-02T17:51+00:00
Lamar Jackson,pass_yds,220.0,-105,Tennessee Titans @ Baltimore Ravens,2026-10-04T17:00:00Z,2026-10-02T17:51+00:00
Lamar Jackson,pass_yds,230.0,121,Tennessee Titans @ Baltimore Ravens,2026-10-04T17:00:00Z,2026-10-02T17:51+00:00
Lamar Jackson,pass_yds,240.0,152,Tennessee Titans @ Baltimore Ravens,2026-10-04T17:00:00Z,2026-10-02T17:51+00:00
Lamar Jackson,pass_yds,250.0,190,Tennessee Titans @ Baltimore Ravens,2026-10-04T17:00:00Z,2026-10-02T17:51+00:00
Lamar Jackson,pass_yds,260.0,238,Tennessee Titans @ Baltimore Ravens,2026-10-04T17:00:00Z,2026-10-02T17:51+00:00
Lamar Jackson,pass_yds,270.0,295,Tennessee Titans @ Baltimore Ravens,2026-10-04T17:00:00Z,2026-10-02T17:51+00:00
Lamar Jackson,pass_yds,280.0,373,Tennessee Titans @ Baltimore Ravens,2026-10-04T17:00:00Z,2026-10-02T17:51+00:00
Lamar Jackson,pass_yds,290.0,472,Tennessee Titans @ Baltimore Ravens,2026-10-04T17:00:00Z,2026-10-02T17:51+00:00
Lamar Jackson,pass_yds,300.0,596,Tennessee Titans @ Baltimore Ravens,2026-10-04T17:00:00Z,2026-10-02T17:51+00:00
Lamar Jackson,pass_yds,310.0,740,Tennessee Titans @ Baltimore Ravens,2026-10-04T17:00:00Z,2026-10-02T17:51+00:00
Lamar Jackson,pass_yds,320.0,930,Tennessee Titans @ Baltimore Ravens,2026-10-04T17:00:00Z,2026-10-02T17:51+00:00
Lamar Jackson,pass_yds,330.0,1140,Tennessee Titans @ Baltimore Ravens,2026-10-04T17:00:00Z,2026-10-02T17:51+00:00
Lamar Jackson,pass_yds,340.0,1420,Tennessee Titans @ Baltimore Ravens,2026-10-04T17:00:00Z,2026-10-02T17:51+00:00
Lamar Jackson,pass_yds,350.0,1800,Tennessee Titans @ Baltimore Ravens,2026-10-04T17:00:00Z,2026-10-02T17:51+00:00
Lamar Jackson,pass_yds,360.0,2200,Tennessee Titans @ Baltimore Ravens,2026-10-04T17:00:00Z,2026-10-02T17:51+00:00
Lamar Jackson,pass_yds,370.0,2700,Tennessee Titans @ Baltimore Ravens,2026-10-04T17:00:00Z,2026-10-02T17:51+00:00
Lamar Jackson,pass_yds,380.0,3200,Tennessee Titans @ Baltimore Ravens,2026-10-04T17:00:00Z,2026-10-02T17:51+00:00
Lamar Jackson,pass_yds,390.0,3900,Tennessee Titans @ Baltimore Ravens,2026-10-04T17:00:00Z,2026-10-02T17:51+00:00
Cam Ward,pass_yds,150.0,-295,Tennessee Titans @ Baltimore Ravens,2026-10-04T17:00:00Z,2026-10-02T17:51+00:00
Cam Ward,pass_yds,160.0,-218,Tennessee Titans @ Baltimore Ravens,2026-10-04T17:00:00Z,2026-10-02T17:51+00:00
Cam Ward,pass_yds,170.0,-166,Tennessee Titans @ Baltimore Ravens,2026-10-04T17:00:00Z,2026-10-02T17:51+00:00
Cam Ward,pass_yds,180.0,-128,Tennessee Titans @ Baltimore Ravens,2026-10-04T17:00:00Z,2026-10-02T17:51+00:00
Cam Ward,pass_yds,185.0,-113,Tennessee Titans @ Baltimore Ravens,2026-10-04T17:00:00Z,2026-10-02T17:51+00:00
Cam Ward,pass_yds,190.0,100,Tennessee Titans @ Baltimore Ravens,2026-10-04T17:00:00Z,2026-10-02T17:51+00:00
Cam Ward,pass_yds,200.0,128,Tennessee Titans @ Baltimore Ravens,2026-10-04T17:00:00Z,2026-10-02T17:51+00:00
Cam Ward,pass_yds,210.0,163,Tennessee Titans @ Baltimore Ravens,2026-10-04T17:00:00Z,2026-10-02T17:51+00:00
Cam Ward,pass_yds,220.0,207,Tennessee Titans @ Baltimore Ravens,2026-10-04T17:00:00Z,2026-10-02T17:51+00:00
Cam Ward,pass_yds,230.0,265,Tennessee Titans @ Baltimore Ravens,2026-10-04T17:00:00Z,2026-10-02T17:51+00:00
Cam Ward,pass_yds,240.0,336,Tennessee Titans @ Baltimore Ravens,2026-10-04T17:00:00Z,2026-10-02T17:51+00:00
Cam Ward,pass_yds,250.0,427,Tennessee Titans @ Baltimore Ravens,2026-10-04T17:00:00Z,2026-10-02T17:51+00:00
Cam Ward,pass_yds,260.0,543,Tennessee Titans @ Baltimore Ravens,2026-10-04T17:00:00Z,2026-10-02T17:51+00:00
Cam Ward,pass_yds,270.0,690,Tennessee Titans @ Baltimore Ravens,2026-10-04T17:00:00Z,2026-10-02T17:51+00:00
Cam Ward,pass_yds,280.0,870,Tennessee Titans @ Baltimore Ravens,2026-10-04T17:00:00Z,2026-10-02T17:51+00:00
Cam Ward,pass_yds,290.0,1100,Tennessee Titans @ Baltimore Ravens,2026-10-04T17:00:00Z,2026-10-02T17:51+00:00
Cam Ward,pass_yds,300.0,1380,Tennessee Titans @ Baltimore Ravens,2026-10-04T17:00:00Z,2026-10-02T17:51+00:00
Cam Ward,pass_yds,310.0,1740,Tennessee Titans @ Baltimore Ravens,2026-10-04T17:00:00Z,2026-10-02T17:51+00:00
Cam Ward,pass_yds,320.0,2200,Tennessee Titans @ Baltimore Ravens,2026-10-04T17:00:00Z,2026-10-02T17:51+00:00
Cam Ward,pass_yds,330.0,2700,Tennessee Titans @ Baltimore Ravens,2026-10-04T17:00:00Z,2026-10-02T17:51+00:00
Cam Ward,pass_yds,340.0,3300,Tennessee Titans @ Baltimore Ravens,2026-10-04T17:00:00Z,2026-10-02T17:51+00:00
Zay Flowers,rec_yds,25.0,-1140,Tennessee Titans @ Baltimore Ravens,2026-10-04T17:00:00Z,2026-10-02T17:51+00:00
Zay Flowers,rec_yds,40.0,-402,Tennessee Titans @ Baltimore Ravens,2026-10-04T17:00:00Z,2026-10-02T17:51+00:00
Zay Flowers,rec_yds,50.0,-240,Tennessee Titans @ Baltimore Ravens,2026-10-04T17:00:00Z,2026-10-02T17:51+00:00
Zay Flowers,rec_yds,60.0,-155,Tennessee Titans @ Baltimore Ravens,2026-10-04T17:00:00Z,2026-10-02T17:51+00:00
Zay Flowers,rec_yds,68.0,-113,Tennessee Titans @ Baltimore Ravens,2026-10-04T17:00:00Z,2026-10-02T17:51+00:00
Zay Flowers,rec_yds,70.0,-104,Tennessee Titans @ Baltimore Ravens,2026-10-04T17:00:00Z,2026-10-02T17:51+00:00
Zay Flowers,rec_yds,80.0,139,Tennessee Titans @ Baltimore Ravens,2026-10-04T17:00:00Z,2026-10-02T17:51+00:00
Zay Flowers,rec_yds,90.0,202,Tennessee Titans @ Baltimore Ravens,2026-10-04T17:00:00Z,2026-10-02T17:51+00:00
Zay Flowers,rec_yds,100.0,284,Tennessee Titans @ Baltimore Ravens,2026-10-04T17:00:00Z,2026-10-02T17:51+00:00
Zay Flowers,rec_yds,110.0,403,Tennessee Titans @ Baltimore Ravens,2026-10-04T17:00:00Z,2026-10-02T17:51+00:00
Zay Flowers,rec_yds,120.0,561,Tennessee Titans @ Baltimore Ravens,2026-10-04T17:00:00Z,2026-10-02T17:51+00:00
Zay Flowers,rec_yds,130.0,800,Tennessee Titans @ Baltimore Ravens,2026-10-04T17:00:00Z,2026-10-02T17:51+00:00
Zay Flowers,rec_yds,140.0,1120,Tennessee Titans @ Baltimore Ravens,2026-10-04T17:00:00Z,2026-10-02T17:51+00:00
Zay Flowers,rec_yds,150.0,1540,Tennessee Titans @ Baltimore Ravens,2026-10-04T17:00:00Z,2026-10-02T17:51+00:00
Zay Flowers,rec_yds,160.0,2000,Tennessee Titans @ Baltimore Ravens,2026-10-04T17:00:00Z,2026-10-02T17:51+00:00
Zay Flowers,rec_yds,170.0,2700,Tennessee Titans @ Baltimore Ravens,2026-10-04T17:00:00Z,2026-10-02T17:51+00:00
Zay Flowers,rec_yds,180.0,3600,Tennessee Titans @ Baltimore Ravens,2026-10-04T17:00:00Z,2026-10-02T17:51+00:00
Carnell Tate,rec_yds,15.0,-840,Tennessee Titans @ Baltimore Ravens,2026-10-04T17:00:00Z,2026-10-02T17:51+00:00
Carnell Tate,rec_yds,25.0,-347,Tennessee Titans @ Baltimore Ravens,2026-10-04T17:00:00Z,2026-10-02T17:51+00:00
Carnell Tate,rec_yds,40.0,-133,Tennessee Titans @ Baltimore Ravens,2026-10-04T17:00:00Z,2026-10-02T17:51+00:00
Carnell Tate,rec_yds,43.0,-113,Tennessee Titans @ Baltimore Ravens,2026-10-04T17:00:00Z,2026-10-02T17:51+00:00
Carnell Tate,rec_yds,50.0,126,Tennessee Titans @ Baltimore Ravens,2026-10-04T17:00:00Z,2026-10-02T17:51+00:00
Carnell Tate,rec_yds,60.0,198,Tennessee Titans @ Baltimore Ravens,2026-10-04T17:00:00Z,2026-10-02T17:51+00:00
Carnell Tate,rec_yds,70.0,304,Tennessee Titans @ Baltimore Ravens,2026-10-04T17:00:00Z,2026-10-02T17:51+00:00
Carnell Tate,rec_yds,80.0,466,Tennessee Titans @ Baltimore Ravens,2026-10-04T17:00:00Z,2026-10-02T17:51+00:00
Carnell Tate,rec_yds,90.0,710,Tennessee Titans @ Baltimore Ravens,2026-10-04T17:00:00Z,2026-10-02T17:51+00:00
Carnell Tate,rec_yds,100.0,1040,Tennessee Titans @ Baltimore Ravens,2026-10-04T17:00:00Z,2026-10-02T17:51+00:00
Carnell Tate,rec_yds,110.0,1540,Tennessee Titans @ Baltimore Ravens,2026-10-04T17:00:00Z,2026-10-02T17:51+00:00
Carnell Tate,rec_yds,120.0,2200,Tennessee Titans @ Baltimore Ravens,2026-10-04T17:00:00Z,2026-10-02T17:51+00:00
Carnell Tate,rec_yds,130.0,3100,Tennessee Titans @ Baltimore Ravens,2026-10-04T17:00:00Z,2026-10-02T17:51+00:00
Mark Andrews,rec_yds,15.0,-579,Tennessee Titans @ Baltimore Ravens,2026-10-04T17:00:00Z,2026-10-02T17:51+00:00
Mark Andrews,rec_yds,25.0,-249,Tennessee Titans @ Baltimore Ravens,2026-10-04T17:00:00Z,2026-10-02T17:51+00:00
Mark Andrews,rec_yds,38.0,-111,Tennessee Titans @ Baltimore Ravens,2026-10-04T17:00:00Z,2026-10-02T17:51+00:00
Mark Andrews,rec_yds,40.0,100,Tennessee Titans @ Baltimore Ravens,2026-10-04T17:00:00Z,2026-10-02T17:51+00:00
Mark Andrews,rec_yds,50.0,162,Tennessee Titans @ Baltimore Ravens,2026-10-04T17:00:00Z,2026-10-02T17:51+00:00
Mark Andrews,rec_yds,60.0,251,Tennessee Titans @ Baltimore Ravens,2026-10-04T17:00:00Z,2026-10-02T17:51+00:00
Mark Andrews,rec_yds,70.0,381,Tennessee Titans @ Baltimore Ravens,2026-10-04T17:00:00Z,2026-10-02T17:51+00:00
Mark Andrews,rec_yds,80.0,570,Tennessee Titans @ Baltimore Ravens,2026-10-04T17:00:00Z,2026-10-02T17:51+00:00
Mark Andrews,rec_yds,90.0,850,Tennessee Titans @ Baltimore Ravens,2026-10-04T17:00:00Z,2026-10-02T17:51+00:00
Mark Andrews,rec_yds,100.0,1260,Tennessee Titans @ Baltimore Ravens,2026-10-04T17:00:00Z,2026-10-02T17:51+00:00
Mark Andrews,rec_yds,110.0,1780,Tennessee Titans @ Baltimore Ravens,2026-10-04T17:00:00Z,2026-10-02T17:51+00:00
Mark Andrews,rec_yds,120.0,2500,Tennessee Titans @ Baltimore Ravens,2026-10-04T17:00:00Z,2026-10-02T17:51+00:00
Mark Andrews,rec_yds,130.0,3300,Tennessee Titans @ Baltimore Ravens,2026-10-04T17:00:00Z,2026-10-02T17:51+00:00
Wan'Dale Robinson,rec_yds,15.0,-600,Tennessee Titans @ Baltimore Ravens,2026-10-04T17:00:00Z,2026-10-02T17:51+00:00
Wan'Dale Robinson,rec_yds,25.0,-257,Tennessee Titans @ Baltimore Ravens,2026-10-04T17:00:00Z,2026-10-02T17:51+00:00
Wan'Dale Robinson,rec_yds,38.0,-112,Tennessee Titans @ Baltimore Ravens,2026-10-04T17:00:00Z,2026-10-02T17:51+00:00
Wan'Dale Robinson,rec_yds,40.0,100,Tennessee Titans @ Baltimore Ravens,2026-10-04T17:00:00Z,2026-10-02T17:51+00:00
Wan'Dale Robinson,rec_yds,50.0,170,Tennessee Titans @ Baltimore Ravens,2026-10-04T17:00:00Z,2026-10-02T17:51+00:00
Wan'Dale Robinson,rec_yds,60.0,272,Tennessee Titans @ Baltimore Ravens,2026-10-04T17:00:00Z,2026-10-02T17:51+00:00
Wan'Dale Robinson,rec_yds,70.0,437,Tennessee Titans @ Baltimore Ravens,2026-10-04T17:00:00Z,2026-10-02T17:51+00:00
Wan'Dale Robinson,rec_yds,80.0,660,Tennessee Titans @ Baltimore Ravens,2026-10-04T17:00:00Z,2026-10-02T17:51+00:00
Wan'Dale Robinson,rec_yds,90.0,1000,Tennessee Titans @ Baltimore Ravens,2026-10-04T17:00:00Z,2026-10-02T17:51+00:00
Wan'Dale Robinson,rec_yds,100.0,1480,Tennessee Titans @ Baltimore Ravens,2026-10-04T17:00:00Z,2026-10-02T17:51+00:00
Wan'Dale Robinson,rec_yds,110.0,2100,Tennessee Titans @ Baltimore Ravens,2026-10-04T17:00:00Z,2026-10-02T17:51+00:00
Wan'Dale Robinson,rec_yds,120.0,2900,Tennessee Titans @ Baltimore Ravens,2026-10-04T17:00:00Z,2026-10-02T17:51+00:00
Wan'Dale Robinson,rec_yds,130.0,3800,Tennessee Titans @ Baltimore Ravens,2026-10-04T17:00:00Z,2026-10-02T17:51+00:00
Rashod Bateman,rec_yds,15.0,-365,Tennessee Titans @ Baltimore Ravens,2026-10-04T17:00:00Z,2026-10-02T17:51+00:00
Rashod Bateman,rec_yds,25.0,-171,Tennessee Titans @ Baltimore Ravens,2026-10-04T17:00:00Z,2026-10-02T17:51+00:00
Rashod Bateman,rec_yds,32.0,-115,Tennessee Titans @ Baltimore Ravens,2026-10-04T17:00:00Z,2026-10-02T17:51+00:00
Rashod Bateman,rec_yds,40.0,129,Tennessee Titans @ Baltimore Ravens,2026-10-04T17:00:00Z,2026-10-02T17:51+00:00
Rashod Bateman,rec_yds,50.0,204,Tennessee Titans @ Baltimore Ravens,2026-10-04T17:00:00Z,2026-10-02T17:51+00:00
Rashod Bateman,rec_yds,60.0,316,Tennessee Titans @ Baltimore Ravens,2026-10-04T17:00:00Z,2026-10-02T17:51+00:00
Rashod Bateman,rec_yds,70.0,482,Tennessee Titans @ Baltimore Ravens,2026-10-04T17:00:00Z,2026-10-02T17:51+00:00
Rashod Bateman,rec_yds,80.0,730,Tennessee Titans @ Baltimore Ravens,2026-10-04T17:00:00Z,2026-10-02T17:51+00:00
Rashod Bateman,rec_yds,90.0,1100,Tennessee Titans @ Baltimore Ravens,2026-10-04T17:00:00Z,2026-10-02T17:51+00:00
Rashod Bateman,rec_yds,100.0,1600,Tennessee Titans @ Baltimore Ravens,2026-10-04T17:00:00Z,2026-10-02T17:51+00:00
Rashod Bateman,rec_yds,110.0,2300,Tennessee Titans @ Baltimore Ravens,2026-10-04T17:00:00Z,2026-10-02T17:51+00:00
Rashod Bateman,rec_yds,120.0,3200,Tennessee Titans @ Baltimore Ravens,2026-10-04T17:00:00Z,2026-10-02T17:51+00:00
Elic Ayomanor,rec_yds,15.0,-168,Tennessee Titans @ Baltimore Ravens,2026-10-04T17:00:00Z,2026-10-02T17:51+00:00
Elic Ayomanor,rec_yds,20.0,-111,Tennessee Titans @ Baltimore Ravens,2026-10-04T17:00:00Z,2026-10-02T17:51+00:00
Elic Ayomanor,rec_yds,25.0,126,Tennessee Titans @ Baltimore Ravens,2026-10-04T17:00:00Z,2026-10-02T17:51+00:00
Elic Ayomanor,rec_yds,40.0,297,Tennessee Titans @ Baltimore Ravens,2026-10-04T17:00:00Z,2026-10-02T17:51+00:00
Elic Ayomanor,rec_yds,50.0,494,Tennessee Titans @ Baltimore Ravens,2026-10-04T17:00:00Z,2026-10-02T17:51+00:00
Elic Ayomanor,rec_yds,60.0,790,Tennessee Titans @ Baltimore Ravens,2026-10-04T17:00:00Z,2026-10-02T17:51+00:00
Elic Ayomanor,rec_yds,70.0,1260,Tennessee Titans @ Baltimore Ravens,2026-10-04T17:00:00Z,2026-10-02T17:51+00:00
Elic Ayomanor,rec_yds,80.0,2000,Tennessee Titans @ Baltimore Ravens,2026-10-04T17:00:00Z,2026-10-02T17:51+00:00
Elic Ayomanor,rec_yds,90.0,3100,Tennessee Titans @ Baltimore Ravens,2026-10-04T17:00:00Z,2026-10-02T17:51+00:00
Gunnar Helm,rec_yds,15.0,-160,Tennessee Titans @ Baltimore Ravens,2026-10-04T17:00:00Z,2026-10-02T17:51+00:00
Gunnar Helm,rec_yds,19.0,-111,Tennessee Titans @ Baltimore Ravens,2026-10-04T17:00:00Z,2026-10-02T17:51+00:00
Gunnar Helm,rec_yds,25.0,146,Tennessee Titans @ Baltimore Ravens,2026-10-04T17:00:00Z,2026-10-02T17:51+00:00
Gunnar Helm,rec_yds,40.0,393,Tennessee Titans @ Baltimore Ravens,2026-10-04T17:00:00Z,2026-10-02T17:51+00:00
Gunnar Helm,rec_yds,50.0,680,Tennessee Titans @ Baltimore Ravens,2026-10-04T17:00:00Z,2026-10-02T17:51+00:00
Gunnar Helm,rec_yds,60.0,1160,Tennessee Titans @ Baltimore Ravens,2026-10-04T17:00:00Z,2026-10-02T17:51+00:00
Gunnar Helm,rec_yds,70.0,1800,Tennessee Titans @ Baltimore Ravens,2026-10-04T17:00:00Z,2026-10-02T17:51+00:00
Gunnar Helm,rec_yds,80.0,2900,Tennessee Titans @ Baltimore Ravens,2026-10-04T17:00:00Z,2026-10-02T17:51+00:00
Gunnar Helm,rec_yds,90.0,4000,Tennessee Titans @ Baltimore Ravens,2026-10-04T17:00:00Z,2026-10-02T17:51+00:00
Derrick Henry,rec_yds,9.0,-118,Tennessee Titans @ Baltimore Ravens,2026-10-04T17:00:00Z,2026-10-02T17:51+00:00
Derrick Henry,rec_yds,15.0,159,Tennessee Titans @ Baltimore Ravens,2026-10-04T17:00:00Z,2026-10-02T17:51+00:00
Derrick Henry,rec_yds,25.0,323,Tennessee Titans @ Baltimore Ravens,2026-10-04T17:00:00Z,2026-10-02T17:51+00:00
Derrick Henry,rec_yds,40.0,800,Tennessee Titans @ Baltimore Ravens,2026-10-04T17:00:00Z,2026-10-02T17:51+00:00
Derrick Henry,rec_yds,50.0,1240,Tennessee Titans @ Baltimore Ravens,2026-10-04T17:00:00Z,2026-10-02T17:51+00:00
Derrick Henry,rec_yds,60.0,1820,Tennessee Titans @ Baltimore Ravens,2026-10-04T17:00:00Z,2026-10-02T17:51+00:00
Derrick Henry,rec_yds,70.0,2700,Tennessee Titans @ Baltimore Ravens,2026-10-04T17:00:00Z,2026-10-02T17:51+00:00
Derrick Henry,rec_yds,80.0,3700,Tennessee Titans @ Baltimore Ravens,2026-10-04T17:00:00Z,2026-10-02T17:51+00:00
Tony Pollard,rec_yds,10.0,-115,Tennessee Titans @ Baltimore Ravens,2026-10-04T17:00:00Z,2026-10-02T17:51+00:00
Tony Pollard,rec_yds,15.0,146,Tennessee Titans @ Baltimore Ravens,2026-10-04T17:00:00Z,2026-10-02T17:51+00:00
Tony Pollard,rec_yds,25.0,339,Tennessee Titans @ Baltimore Ravens,2026-10-04T17:00:00Z,2026-10-02T17:51+00:00
Tony Pollard,rec_yds,40.0,920,Tennessee Titans @ Baltimore Ravens,2026-10-04T17:00:00Z,2026-10-02T17:51+00:00
Tony Pollard,rec_yds,50.0,1480,Tennessee Titans @ Baltimore Ravens,2026-10-04T17:00:00Z,2026-10-02T17:51+00:00
Tony Pollard,rec_yds,60.0,2200,Tennessee Titans @ Baltimore Ravens,2026-10-04T17:00:00Z,2026-10-02T17:51+00:00
Tony Pollard,rec_yds,70.0,3200,Tennessee Titans @ Baltimore Ravens,2026-10-04T17:00:00Z,2026-10-02T17:51+00:00
Calvin Ridley,rec_yds,7.0,-116,Tennessee Titans @ Baltimore Ravens,2026-10-04T17:00:00Z,2026-10-02T17:51+00:00
Calvin Ridley,rec_yds,15.0,184,Tennessee Titans @ Baltimore Ravens,2026-10-04T17:00:00Z,2026-10-02T17:51+00:00
Calvin Ridley,rec_yds,25.0,399,Tennessee Titans @ Baltimore Ravens,2026-10-04T17:00:00Z,2026-10-02T17:51+00:00
Calvin Ridley,rec_yds,40.0,990,Tennessee Titans @ Baltimore Ravens,2026-10-04T17:00:00Z,2026-10-02T17:51+00:00
Calvin Ridley,rec_yds,50.0,1680,Tennessee Titans @ Baltimore Ravens,2026-10-04T17:00:00Z,2026-10-02T17:51+00:00
Calvin Ridley,rec_yds,60.0,2700,Tennessee Titans @ Baltimore Ravens,2026-10-04T17:00:00Z,2026-10-02T17:51+00:00
Calvin Ridley,rec_yds,70.0,3900,Tennessee Titans @ Baltimore Ravens,2026-10-04T17:00:00Z,2026-10-02T17:51+00:00
Zay Flowers,receptions,3.0,-1220,Tennessee Titans @ Baltimore Ravens,2026-10-04T17:00:00Z,2026-10-02T17:51+00:00
Zay Flowers,receptions,4.0,-403,Tennessee Titans @ Baltimore Ravens,2026-10-04T17:00:00Z,2026-10-02T17:51+00:00
Zay Flowers,receptions,5.0,-177,Tennessee Titans @ Baltimore Ravens,2026-10-04T17:00:00Z,2026-10-02T17:51+00:00
Zay Flowers,receptions,6.0,114,Tennessee Titans @ Baltimore Ravens,2026-10-04T17:00:00Z,2026-10-02T17:51+00:00
Zay Flowers,receptions,7.0,219,Tennessee Titans @ Baltimore Ravens,2026-10-04T17:00:00Z,2026-10-02T17:51+00:00
Zay Flowers,receptions,8.0,414,Tennessee Titans @ Baltimore Ravens,2026-10-04T17:00:00Z,2026-10-02T17:51+00:00
Zay Flowers,receptions,9.0,770,Tennessee Titans @ Baltimore Ravens,2026-10-04T17:00:00Z,2026-10-02T17:51+00:00
Zay Flowers,receptions,10.0,1380,Tennessee Titans @ Baltimore Ravens,2026-10-04T17:00:00Z,2026-10-02T17:51+00:00
Zay Flowers,receptions,11.0,2200,Tennessee Titans @ Baltimore Ravens,2026-10-04T17:00:00Z,2026-10-02T17:51+00:00
Carnell Tate,receptions,2.0,-1900,Tennessee Titans @ Baltimore Ravens,2026-10-04T17:00:00Z,2026-10-02T17:51+00:00
Carnell Tate,receptions,3.0,-486,Tennessee Titans @ Baltimore Ravens,2026-10-04T17:00:00Z,2026-10-02T17:51+00:00
Carnell Tate,receptions,4.0,-199,Tennessee Titans @ Baltimore Ravens,2026-10-04T17:00:00Z,2026-10-02T17:51+00:00
Carnell Tate,receptions,5.0,108,Tennessee Titans @ Baltimore Ravens,2026-10-04T17:00:00Z,2026-10-02T17:51+00:00
Carnell Tate,receptions,6.0,214,Tennessee Titans @ Baltimore Ravens,2026-10-04T17:00:00Z,2026-10-02T17:51+00:00
Carnell Tate,receptions,7.0,403,Tennessee Titans @ Baltimore Ravens,2026-10-04T17:00:00Z,2026-10-02T17:51+00:00
Carnell Tate,receptions,8.0,760,Tennessee Titans @ Baltimore Ravens,2026-10-04T17:00:00Z,2026-10-02T17:51+00:00
Carnell Tate,receptions,9.0,1340,Tennessee Titans @ Baltimore Ravens,2026-10-04T17:00:00Z,2026-10-02T17:51+00:00
Carnell Tate,receptions,10.0,2200,Tennessee Titans @ Baltimore Ravens,2026-10-04T17:00:00Z,2026-10-02T17:51+00:00
Wan'Dale Robinson,receptions,2.0,-1420,Tennessee Titans @ Baltimore Ravens,2026-10-04T17:00:00Z,2026-10-02T17:51+00:00
Wan'Dale Robinson,receptions,3.0,-381,Tennessee Titans @ Baltimore Ravens,2026-10-04T17:00:00Z,2026-10-02T17:51+00:00
Wan'Dale Robinson,receptions,4.0,-156,Tennessee Titans @ Baltimore Ravens,2026-10-04T17:00:00Z,2026-10-02T17:51+00:00
Wan'Dale Robinson,receptions,5.0,135,Tennessee Titans @ Baltimore Ravens,2026-10-04T17:00:00Z,2026-10-02T17:51+00:00
Wan'Dale Robinson,receptions,6.0,274,Tennessee Titans @ Baltimore Ravens,2026-10-04T17:00:00Z,2026-10-02T17:51+00:00
Wan'Dale Robinson,receptions,7.0,532,Tennessee Titans @ Baltimore Ravens,2026-10-04T17:00:00Z,2026-10-02T17:51+00:00
Wan'Dale Robinson,receptions,8.0,1000,Tennessee Titans @ Baltimore Ravens,2026-10-04T17:00:00Z,2026-10-02T17:51+00:00
Wan'Dale Robinson,receptions,9.0,1780,Tennessee Titans @ Baltimore Ravens,2026-10-04T17:00:00Z,2026-10-02T17:51+00:00
Wan'Dale Robinson,receptions,10.0,2800,Tennessee Titans @ Baltimore Ravens,2026-10-04T17:00:00Z,2026-10-02T17:51+00:00
Mark Andrews,receptions,2.0,-1660,Tennessee Titans @ Baltimore Ravens,2026-10-04T17:00:00Z,2026-10-02T17:51+00:00
Mark Andrews,receptions,3.0,-417,Tennessee Titans @ Baltimore Ravens,2026-10-04T17:00:00Z,2026-10-02T17:51+00:00
Mark Andrews,receptions,4.0,-161,Tennessee Titans @ Baltimore Ravens,2026-10-04T17:00:00Z,2026-10-02T17:51+00:00
Mark Andrews,receptions,5.0,137,Tennessee Titans @ Baltimore Ravens,2026-10-04T17:00:00Z,2026-10-02T17:51+00:00
Mark Andrews,receptions,6.0,281,Tennessee Titans @ Baltimore Ravens,2026-10-04T17:00:00Z,2026-10-02T17:51+00:00
Mark Andrews,receptions,7.0,553,Tennessee Titans @ Baltimore Ravens,2026-10-04T17:00:00Z,2026-10-02T17:51+00:00
Mark Andrews,receptions,8.0,1040,Tennessee Titans @ Baltimore Ravens,2026-10-04T17:00:00Z,2026-10-02T17:51+00:00
Mark Andrews,receptions,9.0,1900,Tennessee Titans @ Baltimore Ravens,2026-10-04T17:00:00Z,2026-10-02T17:51+00:00
Mark Andrews,receptions,10.0,2900,Tennessee Titans @ Baltimore Ravens,2026-10-04T17:00:00Z,2026-10-02T17:51+00:00
Gunnar Helm,receptions,2.0,-418,Tennessee Titans @ Baltimore Ravens,2026-10-04T17:00:00Z,2026-10-02T17:51+00:00
Gunnar Helm,receptions,3.0,-138,Tennessee Titans @ Baltimore Ravens,2026-10-04T17:00:00Z,2026-10-02T17:51+00:00
Gunnar Helm,receptions,4.0,175,Tennessee Titans @ Baltimore Ravens,2026-10-04T17:00:00Z,2026-10-02T17:51+00:00
Gunnar Helm,receptions,5.0,382,Tennessee Titans @ Baltimore Ravens,2026-10-04T17:00:00Z,2026-10-02T17:51+00:00
Gunnar Helm,receptions,6.0,840,Tennessee Titans @ Baltimore Ravens,2026-10-04T17:00:00Z,2026-10-02T17:51+00:00
Gunnar Helm,receptions,7.0,1600,Tennessee Titans @ Baltimore Ravens,2026-10-04T17:00:00Z,2026-10-02T17:51+00:00
Gunnar Helm,receptions,8.0,2800,Tennessee Titans @ Baltimore Ravens,2026-10-04T17:00:00Z,2026-10-02T17:51+00:00
Rashod Bateman,receptions,2.0,-382,Tennessee Titans @ Baltimore Ravens,2026-10-04T17:00:00Z,2026-10-02T17:51+00:00
Rashod Bateman,receptions,3.0,-122,Tennessee Titans @ Baltimore Ravens,2026-10-04T17:00:00Z,2026-10-02T17:51+00:00
Rashod Bateman,receptions,4.0,207,Tennessee Titans @ Baltimore Ravens,2026-10-04T17:00:00Z,2026-10-02T17:51+00:00
Rashod Bateman,receptions,5.0,499,Tennessee Titans @ Baltimore Ravens,2026-10-04T17:00:00Z,2026-10-02T17:51+00:00
Rashod Bateman,receptions,6.0,1080,Tennessee Titans @ Baltimore Ravens,2026-10-04T17:00:00Z,2026-10-02T17:51+00:00
Rashod Bateman,receptions,7.0,2100,Tennessee Titans @ Baltimore Ravens,2026-10-04T17:00:00Z,2026-10-02T17:51+00:00
Tony Pollard,receptions,2.0,-177,Tennessee Titans @ Baltimore Ravens,2026-10-04T17:00:00Z,2026-10-02T17:51+00:00
Tony Pollard,receptions,3.0,144,Tennessee Titans @ Baltimore Ravens,2026-10-04T17:00:00Z,2026-10-02T17:51+00:00
Tony Pollard,receptions,4.0,319,Tennessee Titans @ Baltimore Ravens,2026-10-04T17:00:00Z,2026-10-02T17:51+00:00
Tony Pollard,receptions,5.0,650,Tennessee Titans @ Baltimore Ravens,2026-10-04T17:00:00Z,2026-10-02T17:51+00:00
Tony Pollard,receptions,6.0,1260,Tennessee Titans @ Baltimore Ravens,2026-10-04T17:00:00Z,2026-10-02T17:51+00:00
Tony Pollard,receptions,7.0,2200,Tennessee Titans @ Baltimore Ravens,2026-10-04T17:00:00Z,2026-10-02T17:51+00:00
Elic Ayomanor,receptions,2.0,-157,Tennessee Titans @ Baltimore Ravens,2026-10-04T17:00:00Z,2026-10-02T17:51+00:00
Elic Ayomanor,receptions,3.0,190,Tennessee Titans @ Baltimore Ravens,2026-10-04T17:00:00Z,2026-10-02T17:51+00:00
Elic Ayomanor,receptions,4.0,484,Tennessee Titans @ Baltimore Ravens,2026-10-04T17:00:00Z,2026-10-02T17:51+00:00
Elic Ayomanor,receptions,5.0,1120,Tennessee Titans @ Baltimore Ravens,2026-10-04T17:00:00Z,2026-10-02T17:51+00:00
Elic Ayomanor,receptions,6.0,2400,Tennessee Titans @ Baltimore Ravens,2026-10-04T17:00:00Z,2026-10-02T17:51+00:00
Calvin Ridley,receptions,2.0,205,Tennessee Titans @ Baltimore Ravens,2026-10-04T17:00:00Z,2026-10-02T17:51+00:00
Calvin Ridley,receptions,3.0,660,Tennessee Titans @ Baltimore Ravens,2026-10-04T17:00:00Z,2026-10-02T17:51+00:00
Calvin Ridley,receptions,4.0,1720,Tennessee Titans @ Baltimore Ravens,2026-10-04T17:00:00Z,2026-10-02T17:51+00:00
Derrick Henry,rush_att,14.0,-2800,Tennessee Titans @ Baltimore Ravens,2026-10-04T17:00:00Z,2026-10-02T17:51+00:00
Derrick Henry,rush_att,16.0,-890,Tennessee Titans @ Baltimore Ravens,2026-10-04T17:00:00Z,2026-10-02T17:51+00:00
Derrick Henry,rush_att,18.0,-384,Tennessee Titans @ Baltimore Ravens,2026-10-04T17:00:00Z,2026-10-02T17:51+00:00
Derrick Henry,rush_att,20.0,-188,Tennessee Titans @ Baltimore Ravens,2026-10-04T17:00:00Z,2026-10-02T17:51+00:00
Derrick Henry,rush_att,22.0,104,Tennessee Titans @ Baltimore Ravens,2026-10-04T17:00:00Z,2026-10-02T17:51+00:00
Derrick Henry,rush_att,24.0,198,Tennessee Titans @ Baltimore Ravens,2026-10-04T17:00:00Z,2026-10-02T17:51+00:00
Derrick Henry,rush_att,26.0,377,Tennessee Titans @ Baltimore Ravens,2026-10-04T17:00:00Z,2026-10-02T17:51+00:00
Derrick Henry,rush_att,28.0,720,Tennessee Titans @ Baltimore Ravens,2026-10-04T17:00:00Z,2026-10-02T17:51+00:00
Derrick Henry,rush_att,30.0,1340,Tennessee Titans @ Baltimore Ravens,2026-10-04T17:00:00Z,2026-10-02T17:51+00:00
Tony Pollard,rush_att,8.0,-1100,Tennessee Titans @ Baltimore Ravens,2026-10-04T17:00:00Z,2026-10-02T17:51+00:00
Tony Pollard,rush_att,10.0,-361,Tennessee Titans @ Baltimore Ravens,2026-10-04T17:00:00Z,2026-10-02T17:51+00:00
Tony Pollard,rush_att,12.0,-159,Tennessee Titans @ Baltimore Ravens,2026-10-04T17:00:00Z,2026-10-02T17:51+00:00
Tony Pollard,rush_att,13.0,-111,Tennessee Titans @ Baltimore Ravens,2026-10-04T17:00:00Z,2026-10-02T17:51+00:00
Tony Pollard,rush_att,14.0,128,Tennessee Titans @ Baltimore Ravens,2026-10-04T17:00:00Z,2026-10-02T17:51+00:00
Tony Pollard,rush_att,16.0,248,Tennessee Titans @ Baltimore Ravens,2026-10-04T17:00:00Z,2026-10-02T17:51+00:00
Tony Pollard,rush_att,18.0,448,Tennessee Titans @ Baltimore Ravens,2026-10-04T17:00:00Z,2026-10-02T17:51+00:00
Tony Pollard,rush_att,20.0,800,Tennessee Titans @ Baltimore Ravens,2026-10-04T17:00:00Z,2026-10-02T17:51+00:00
Tony Pollard,rush_att,22.0,1360,Tennessee Titans @ Baltimore Ravens,2026-10-04T17:00:00Z,2026-10-02T17:51+00:00
Lamar Jackson,rush_att,4.0,-980,Tennessee Titans @ Baltimore Ravens,2026-10-04T17:00:00Z,2026-10-02T17:51+00:00
Lamar Jackson,rush_att,6.0,-198,Tennessee Titans @ Baltimore Ravens,2026-10-04T17:00:00Z,2026-10-02T17:51+00:00
Lamar Jackson,rush_att,7.0,-108,Tennessee Titans @ Baltimore Ravens,2026-10-04T17:00:00Z,2026-10-02T17:51+00:00
Lamar Jackson,rush_att,8.0,166,Tennessee Titans @ Baltimore Ravens,2026-10-04T17:00:00Z,2026-10-02T17:51+00:00
Lamar Jackson,rush_att,10.0,494,Tennessee Titans @ Baltimore Ravens,2026-10-04T17:00:00Z,2026-10-02T17:51+00:00
Lamar Jackson,rush_att,12.0,1480,Tennessee Titans @ Baltimore Ravens,2026-10-04T17:00:00Z,2026-10-02T17:51+00:00
Derrick Henry,rush_yds,50.0,-1640,Tennessee Titans @ Baltimore Ravens,2026-10-04T17:00:00Z,2026-10-02T17:51+00:00
Derrick Henry,rush_yds,60.0,-800,Tennessee Titans @ Baltimore Ravens,2026-10-04T17:00:00Z,2026-10-02T17:51+00:00
Derrick Henry,rush_yds,70.0,-420,Tennessee Titans @ Baltimore Ravens,2026-10-04T17:00:00Z,2026-10-02T17:51+00:00
Derrick Henry,rush_yds,80.0,-252,Tennessee Titans @ Baltimore Ravens,2026-10-04T17:00:00Z,2026-10-02T17:51+00:00
Derrick Henry,rush_yds,90.0,-161,Tennessee Titans @ Baltimore Ravens,2026-10-04T17:00:00Z,2026-10-02T17:51+00:00
Derrick Henry,rush_yds,99.0,-111,Tennessee Titans @ Baltimore Ravens,2026-10-04T17:00:00Z,2026-10-02T17:51+00:00
Derrick Henry,rush_yds,100.0,-106,Tennessee Titans @ Baltimore Ravens,2026-10-04T17:00:00Z,2026-10-02T17:51+00:00
Derrick Henry,rush_yds,110.0,139,Tennessee Titans @ Baltimore Ravens,2026-10-04T17:00:00Z,2026-10-02T17:51+00:00
Derrick Henry,rush_yds,120.0,203,Tennessee Titans @ Baltimore Ravens,2026-10-04T17:00:00Z,2026-10-02T17:51+00:00
Derrick Henry,rush_yds,130.0,293,Tennessee Titans @ Baltimore Ravens,2026-10-04T17:00:00Z,2026-10-02T17:51+00:00
Derrick Henry,rush_yds,140.0,415,Tennessee Titans @ Baltimore Ravens,2026-10-04T17:00:00Z,2026-10-02T17:51+00:00
Derrick Henry,rush_yds,150.0,591,Tennessee Titans @ Baltimore Ravens,2026-10-04T17:00:00Z,2026-10-02T17:51+00:00
Derrick Henry,rush_yds,160.0,820,Tennessee Titans @ Baltimore Ravens,2026-10-04T17:00:00Z,2026-10-02T17:51+00:00
Derrick Henry,rush_yds,170.0,1140,Tennessee Titans @ Baltimore Ravens,2026-10-04T17:00:00Z,2026-10-02T17:51+00:00
Derrick Henry,rush_yds,180.0,1580,Tennessee Titans @ Baltimore Ravens,2026-10-04T17:00:00Z,2026-10-02T17:51+00:00
Derrick Henry,rush_yds,190.0,2100,Tennessee Titans @ Baltimore Ravens,2026-10-04T17:00:00Z,2026-10-02T17:51+00:00
Derrick Henry,rush_yds,200.0,2800,Tennessee Titans @ Baltimore Ravens,2026-10-04T17:00:00Z,2026-10-02T17:51+00:00
Tony Pollard,rush_yds,15.0,-2700,Tennessee Titans @ Baltimore Ravens,2026-10-04T17:00:00Z,2026-10-02T17:51+00:00
Tony Pollard,rush_yds,20.0,-1200,Tennessee Titans @ Baltimore Ravens,2026-10-04T17:00:00Z,2026-10-02T17:51+00:00
Tony Pollard,rush_yds,25.0,-660,Tennessee Titans @ Baltimore Ravens,2026-10-04T17:00:00Z,2026-10-02T17:51+00:00
Tony Pollard,rush_yds,30.0,-412,Tennessee Titans @ Baltimore Ravens,2026-10-04T17:00:00Z,2026-10-02T17:51+00:00
Tony Pollard,rush_yds,40.0,-188,Tennessee Titans @ Baltimore Ravens,2026-10-04T17:00:00Z,2026-10-02T17:51+00:00
Tony Pollard,rush_yds,48.0,-112,Tennessee Titans @ Baltimore Ravens,2026-10-04T17:00:00Z,2026-10-02T17:51+00:00
Tony Pollard,rush_yds,50.0,101,Tennessee Titans @ Baltimore Ravens,2026-10-04T17:00:00Z,2026-10-02T17:51+00:00
Tony Pollard,rush_yds,60.0,174,Tennessee Titans @ Baltimore Ravens,2026-10-04T17:00:00Z,2026-10-02T17:51+00:00
Tony Pollard,rush_yds,70.0,285,Tennessee Titans @ Baltimore Ravens,2026-10-04T17:00:00Z,2026-10-02T17:51+00:00
Tony Pollard,rush_yds,80.0,454,Tennessee Titans @ Baltimore Ravens,2026-10-04T17:00:00Z,2026-10-02T17:51+00:00
Tony Pollard,rush_yds,90.0,700,Tennessee Titans @ Baltimore Ravens,2026-10-04T17:00:00Z,2026-10-02T17:51+00:00
Tony Pollard,rush_yds,100.0,1040,Tennessee Titans @ Baltimore Ravens,2026-10-04T17:00:00Z,2026-10-02T17:51+00:00
Tony Pollard,rush_yds,110.0,1540,Tennessee Titans @ Baltimore Ravens,2026-10-04T17:00:00Z,2026-10-02T17:51+00:00
Tony Pollard,rush_yds,120.0,2200,Tennessee Titans @ Baltimore Ravens,2026-10-04T17:00:00Z,2026-10-02T17:51+00:00
Tony Pollard,rush_yds,130.0,3100,Tennessee Titans @ Baltimore Ravens,2026-10-04T17:00:00Z,2026-10-02T17:51+00:00
Lamar Jackson,rush_yds,10.0,-1460,Tennessee Titans @ Baltimore Ravens,2026-10-04T17:00:00Z,2026-10-02T17:51+00:00
Lamar Jackson,rush_yds,15.0,-640,Tennessee Titans @ Baltimore Ravens,2026-10-04T17:00:00Z,2026-10-02T17:51+00:00
Lamar Jackson,rush_yds,20.0,-339,Tennessee Titans @ Baltimore Ravens,2026-10-04T17:00:00Z,2026-10-02T17:51+00:00
Lamar Jackson,rush_yds,25.0,-206,Tennessee Titans @ Baltimore Ravens,2026-10-04T17:00:00Z,2026-10-02T17:51+00:00
Lamar Jackson,rush_yds,30.0,-133,Tennessee Titans @ Baltimore Ravens,2026-10-04T17:00:00Z,2026-10-02T17:51+00:00
Lamar Jackson,rush_yds,32.0,-112,Tennessee Titans @ Baltimore Ravens,2026-10-04T17:00:00Z,2026-10-02T17:51+00:00
Lamar Jackson,rush_yds,40.0,161,Tennessee Titans @ Baltimore Ravens,2026-10-04T17:00:00Z,2026-10-02T17:51+00:00
Lamar Jackson,rush_yds,50.0,316,Tennessee Titans @ Baltimore Ravens,2026-10-04T17:00:00Z,2026-10-02T17:51+00:00
Lamar Jackson,rush_yds,60.0,588,Tennessee Titans @ Baltimore Ravens,2026-10-04T17:00:00Z,2026-10-02T17:51+00:00
Lamar Jackson,rush_yds,70.0,1020,Tennessee Titans @ Baltimore Ravens,2026-10-04T17:00:00Z,2026-10-02T17:51+00:00
Lamar Jackson,rush_yds,80.0,1700,Tennessee Titans @ Baltimore Ravens,2026-10-04T17:00:00Z,2026-10-02T17:51+00:00
Lamar Jackson,rush_yds,90.0,2700,Tennessee Titans @ Baltimore Ravens,2026-10-04T17:00:00Z,2026-10-02T17:51+00:00
Lamar Jackson,rush_yds,100.0,4000,Tennessee Titans @ Baltimore Ravens,2026-10-04T17:00:00Z,2026-10-02T17:51+00:00
Tyjae Spears,rush_yds,10.0,-216,Tennessee Titans @ Baltimore Ravens,2026-10-04T17:00:00Z,2026-10-02T17:51+00:00
Tyjae Spears,rush_yds,15.0,-109,Tennessee Titans @ Baltimore Ravens,2026-10-04T17:00:00Z,2026-10-02T17:51+00:00
Tyjae Spears,rush_yds,20.0,156,Tennessee Titans @ Baltimore Ravens,2026-10-04T17:00:00Z,2026-10-02T17:51+00:00
Tyjae Spears,rush_yds,25.0,253,Tennessee Titans @ Baltimore Ravens,2026-10-04T17:00:00Z,2026-10-02T17:51+00:00
Tyjae Spears,rush_yds,30.0,380,Tennessee Titans @ Baltimore Ravens,2026-10-04T17:00:00Z,2026-10-02T17:51+00:00
Tyjae Spears,rush_yds,40.0,770,Tennessee Titans @ Baltimore Ravens,2026-10-04T17:00:00Z,2026-10-02T17:51+00:00
Tyjae Spears,rush_yds,50.0,1460,Tennessee Titans @ Baltimore Ravens,2026-10-04T17:00:00Z,2026-10-02T17:51+00:00
Tyjae Spears,rush_yds,60.0,2300,Tennessee Titans @ Baltimore Ravens,2026-10-04T17:00:00Z,2026-10-02T17:51+00:00
Cam Ward,rush_yds,10.0,-128,Tennessee Titans @ Baltimore Ravens,2026-10-04T17:00:00Z,2026-10-02T17:51+00:00
Cam Ward,rush_yds,11.0,-110,Tennessee Titans @ Baltimore Ravens,2026-10-04T17:00:00Z,2026-10-02T17:51+00:00
Cam Ward,rush_yds,15.0,157,Tennessee Titans @ Baltimore Ravens,2026-10-04T17:00:00Z,2026-10-02T17:51+00:00
Cam Ward,rush_yds,20.0,290,Tennessee Titans @ Baltimore Ravens,2026-10-04T17:00:00Z,2026-10-02T17:51+00:00
Cam Ward,rush_yds,25.0,490,Tennessee Titans @ Baltimore Ravens,2026-10-04T17:00:00Z,2026-10-02T17:51+00:00
Cam Ward,rush_yds,30.0,790,Tennessee Titans @ Baltimore Ravens,2026-10-04T17:00:00Z,2026-10-02T17:51+00:00
Cam Ward,rush_yds,40.0,1820,Tennessee Titans @ Baltimore Ravens,2026-10-04T17:00:00Z,2026-10-02T17:51+00:00
Cam Ward,rush_yds,50.0,3300,Tennessee Titans @ Baltimore Ravens,2026-10-04T17:00:00Z,2026-10-02T17:51+00:00
Drake Maye,pass_att,22.0,-2800,New England Patriots @ Buffalo Bills,2026-10-04T17:00:00Z,2026-10-02T17:51+00:00
Drake Maye,pass_att,24.0,-990,New England Patriots @ Buffalo Bills,2026-10-04T17:00:00Z,2026-10-02T17:51+00:00
Drake Maye,pass_att,26.0,-472,New England Patriots @ Buffalo Bills,2026-10-04T17:00:00Z,2026-10-02T17:51+00:00
Drake Maye,pass_att,28.0,-256,New England Patriots @ Buffalo Bills,2026-10-04T17:00:00Z,2026-10-02T17:51+00:00
Drake Maye,pass_att,30.0,-149,New England Patriots @ Buffalo Bills,2026-10-04T17:00:00Z,2026-10-02T17:51+00:00
Drake Maye,pass_att,31.0,-115,New England Patriots @ Buffalo Bills,2026-10-04T17:00:00Z,2026-10-02T17:51+00:00
Drake Maye,pass_att,32.0,112,New England Patriots @ Buffalo Bills,2026-10-04T17:00:00Z,2026-10-02T17:51+00:00
Drake Maye,pass_att,34.0,182,New England Patriots @ Buffalo Bills,2026-10-04T17:00:00Z,2026-10-02T17:51+00:00
Drake Maye,pass_att,36.0,297,New England Patriots @ Buffalo Bills,2026-10-04T17:00:00Z,2026-10-02T17:51+00:00
Drake Maye,pass_att,38.0,479,New England Patriots @ Buffalo Bills,2026-10-04T17:00:00Z,2026-10-02T17:51+00:00
Drake Maye,pass_att,40.0,770,New England Patriots @ Buffalo Bills,2026-10-04T17:00:00Z,2026-10-02T17:51+00:00
Drake Maye,pass_att,42.0,1200,New England Patriots @ Buffalo Bills,2026-10-04T17:00:00Z,2026-10-02T17:51+00:00
Josh Allen,pass_att,22.0,-1480,New England Patriots @ Buffalo Bills,2026-10-04T17:00:00Z,2026-10-02T17:51+00:00
Josh Allen,pass_att,24.0,-620,New England Patriots @ Buffalo Bills,2026-10-04T17:00:00Z,2026-10-02T17:51+00:00
Josh Allen,pass_att,26.0,-295,New England Patriots @ Buffalo Bills,2026-10-04T17:00:00Z,2026-10-02T17:51+00:00
Josh Allen,pass_att,28.0,-163,New England Patriots @ Buffalo Bills,2026-10-04T17:00:00Z,2026-10-02T17:51+00:00
Josh Allen,pass_att,29.0,-125,New England Patriots @ Buffalo Bills,2026-10-04T17:00:00Z,2026-10-02T17:51+00:00
Josh Allen,pass_att,30.0,104,New England Patriots @ Buffalo Bills,2026-10-04T17:00:00Z,2026-10-02T17:51+00:00
Josh Allen,pass_att,32.0,172,New England Patriots @ Buffalo Bills,2026-10-04T17:00:00Z,2026-10-02T17:51+00:00
Josh Allen,pass_att,34.0,285,New England Patriots @ Buffalo Bills,2026-10-04T17:00:00Z,2026-10-02T17:51+00:00
Josh Allen,pass_att,36.0,447,New England Patriots @ Buffalo Bills,2026-10-04T17:00:00Z,2026-10-02T17:51+00:00
Josh Allen,pass_att,38.0,700,New England Patriots @ Buffalo Bills,2026-10-04T17:00:00Z,2026-10-02T17:51+00:00
Josh Allen,pass_att,40.0,1080,New England Patriots @ Buffalo Bills,2026-10-04T17:00:00Z,2026-10-02T17:51+00:00
Drake Maye,pass_cmps,14.0,-3200,New England Patriots @ Buffalo Bills,2026-10-04T17:00:00Z,2026-10-02T17:51+00:00
Drake Maye,pass_cmps,16.0,-840,New England Patriots @ Buffalo Bills,2026-10-04T17:00:00Z,2026-10-02T17:51+00:00
Drake Maye,pass_cmps,18.0,-328,New England Patriots @ Buffalo Bills,2026-10-04T17:00:00Z,2026-10-02T17:51+00:00
Drake Maye,pass_cmps,20.0,-151,New England Patriots @ Buffalo Bills,2026-10-04T17:00:00Z,2026-10-02T17:51+00:00
Drake Maye,pass_cmps,21.0,-105,New England Patriots @ Buffalo Bills,2026-10-04T17:00:00Z,2026-10-02T17:51+00:00
Drake Maye,pass_cmps,22.0,135,New England Patriots @ Buffalo Bills,2026-10-04T17:00:00Z,2026-10-02T17:51+00:00
Drake Maye,pass_cmps,24.0,263,New England Patriots @ Buffalo Bills,2026-10-04T17:00:00Z,2026-10-02T17:51+00:00
Drake Maye,pass_cmps,26.0,502,New England Patriots @ Buffalo Bills,2026-10-04T17:00:00Z,2026-10-02T17:51+00:00
Drake Maye,pass_cmps,28.0,940,New England Patriots @ Buffalo Bills,2026-10-04T17:00:00Z,2026-10-02T17:51+00:00
Drake Maye,pass_cmps,30.0,1660,New England Patriots @ Buffalo Bills,2026-10-04T17:00:00Z,2026-10-02T17:51+00:00
Josh Allen,pass_cmps,16.0,-970,New England Patriots @ Buffalo Bills,2026-10-04T17:00:00Z,2026-10-02T17:51+00:00
Josh Allen,pass_cmps,18.0,-353,New England Patriots @ Buffalo Bills,2026-10-04T17:00:00Z,2026-10-02T17:51+00:00
Josh Allen,pass_cmps,20.0,-154,New England Patriots @ Buffalo Bills,2026-10-04T17:00:00Z,2026-10-02T17:51+00:00
Josh Allen,pass_cmps,21.0,-107,New England Patriots @ Buffalo Bills,2026-10-04T17:00:00Z,2026-10-02T17:51+00:00
Josh Allen,pass_cmps,22.0,132,New England Patriots @ Buffalo Bills,2026-10-04T17:00:00Z,2026-10-02T17:51+00:00
Josh Allen,pass_cmps,24.0,261,New England Patriots @ Buffalo Bills,2026-10-04T17:00:00Z,2026-10-02T17:51+00:00
Josh Allen,pass_cmps,26.0,517,New England Patriots @ Buffalo Bills,2026-10-04T17:00:00Z,2026-10-02T17:51+00:00
Josh Allen,pass_cmps,28.0,990,New England Patriots @ Buffalo Bills,2026-10-04T17:00:00Z,2026-10-02T17:51+00:00
Josh Allen,pass_yds,170.0,-1200,New England Patriots @ Buffalo Bills,2026-10-04T17:00:00Z,2026-10-02T17:51+00:00
Josh Allen,pass_yds,180.0,-800,New England Patriots @ Buffalo Bills,2026-10-04T17:00:00Z,2026-10-02T17:51+00:00
Josh Allen,pass_yds,190.0,-572,New England Patriots @ Buffalo Bills,2026-10-04T17:00:00Z,2026-10-02T17:51+00:00
Josh Allen,pass_yds,200.0,-413,New England Patriots @ Buffalo Bills,2026-10-04T17:00:00Z,2026-10-02T17:51+00:00
Josh Allen,pass_yds,210.0,-308,New England Patriots @ Buffalo Bills,2026-10-04T17:00:00Z,2026-10-02T17:51+00:00
Josh Allen,pass_yds,220.0,-233,New England Patriots @ Buffalo Bills,2026-10-04T17:00:00Z,2026-10-02T17:51+00:00
Josh Allen,pass_yds,230.0,-178,New England Patriots @ Buffalo Bills,2026-10-04T17:00:00Z,2026-10-02T17:51+00:00
Josh Allen,pass_yds,240.0,-136,New England Patriots @ Buffalo Bills,2026-10-04T17:00:00Z,2026-10-02T17:51+00:00
Josh Allen,pass_yds,248.0,-111,New England Patriots @ Buffalo Bills,2026-10-04T17:00:00Z,2026-10-02T17:51+00:00
Josh Allen,pass_yds,250.0,-105,New England Patriots @ Buffalo Bills,2026-10-04T17:00:00Z,2026-10-02T17:51+00:00
Josh Allen,pass_yds,260.0,119,New England Patriots @ Buffalo Bills,2026-10-04T17:00:00Z,2026-10-02T17:51+00:00
Josh Allen,pass_yds,270.0,153,New England Patriots @ Buffalo Bills,2026-10-04T17:00:00Z,2026-10-02T17:51+00:00
Josh Allen,pass_yds,280.0,193,New England Patriots @ Buffalo Bills,2026-10-04T17:00:00Z,2026-10-02T17:51+00:00
Josh Allen,pass_yds,290.0,245,New England Patriots @ Buffalo Bills,2026-10-04T17:00:00Z,2026-10-02T17:51+00:00
Josh Allen,pass_yds,300.0,311,New England Patriots @ Buffalo Bills,2026-10-04T17:00:00Z,2026-10-02T17:51+00:00
Josh Allen,pass_yds,310.0,393,New England Patriots @ Buffalo Bills,2026-10-04T17:00:00Z,2026-10-02T17:51+00:00
Josh Allen,pass_yds,320.0,499,New England Patriots @ Buffalo Bills,2026-10-04T17:00:00Z,2026-10-02T17:51+00:00
Josh Allen,pass_yds,330.0,640,New England Patriots @ Buffalo Bills,2026-10-04T17:00:00Z,2026-10-02T17:51+00:00
Josh Allen,pass_yds,340.0,820,New England Patriots @ Buffalo Bills,2026-10-04T17:00:00Z,2026-10-02T17:51+00:00
Josh Allen,pass_yds,350.0,1000,New England Patriots @ Buffalo Bills,2026-10-04T17:00:00Z,2026-10-02T17:51+00:00
Josh Allen,pass_yds,360.0,1300,New England Patriots @ Buffalo Bills,2026-10-04T17:00:00Z,2026-10-02T17:51+00:00
Josh Allen,pass_yds,370.0,1620,New England Patriots @ Buffalo Bills,2026-10-04T17:00:00Z,2026-10-02T17:51+00:00
Josh Allen,pass_yds,380.0,2000,New England Patriots @ Buffalo Bills,2026-10-04T17:00:00Z,2026-10-02T17:51+00:00
Josh Allen,pass_yds,390.0,2500,New England Patriots @ Buffalo Bills,2026-10-04T17:00:00Z,2026-10-02T17:51+00:00
Josh Allen,pass_yds,400.0,3100,New England Patriots @ Buffalo Bills,2026-10-04T17:00:00Z,2026-10-02T17:51+00:00
Drake Maye,pass_yds,160.0,-1060,New England Patriots @ Buffalo Bills,2026-10-04T17:00:00Z,2026-10-02T17:51+00:00
Drake Maye,pass_yds,170.0,-740,New England Patriots @ Buffalo Bills,2026-10-04T17:00:00Z,2026-10-02T17:51+00:00
Drake Maye,pass_yds,180.0,-526,New England Patriots @ Buffalo Bills,2026-10-04T17:00:00Z,2026-10-02T17:51+00:00
Drake Maye,pass_yds,190.0,-389,New England Patriots @ Buffalo Bills,2026-10-04T17:00:00Z,2026-10-02T17:51+00:00
Drake Maye,pass_yds,200.0,-288,New England Patriots @ Buffalo Bills,2026-10-04T17:00:00Z,2026-10-02T17:51+00:00
Drake Maye,pass_yds,210.0,-220,New England Patriots @ Buffalo Bills,2026-10-04T17:00:00Z,2026-10-02T17:51+00:00
Drake Maye,pass_yds,220.0,-170,New England Patriots @ Buffalo Bills,2026-10-04T17:00:00Z,2026-10-02T17:51+00:00
Drake Maye,pass_yds,230.0,-133,New England Patriots @ Buffalo Bills,2026-10-04T17:00:00Z,2026-10-02T17:51+00:00
Drake Maye,pass_yds,237.0,-112,New England Patriots @ Buffalo Bills,2026-10-04T17:00:00Z,2026-10-02T17:51+00:00
Drake Maye,pass_yds,240.0,-103,New England Patriots @ Buffalo Bills,2026-10-04T17:00:00Z,2026-10-02T17:51+00:00
Drake Maye,pass_yds,250.0,122,New England Patriots @ Buffalo Bills,2026-10-04T17:00:00Z,2026-10-02T17:51+00:00
Drake Maye,pass_yds,260.0,154,New England Patriots @ Buffalo Bills,2026-10-04T17:00:00Z,2026-10-02T17:51+00:00
Drake Maye,pass_yds,270.0,197,New England Patriots @ Buffalo Bills,2026-10-04T17:00:00Z,2026-10-02T17:51+00:00
Drake Maye,pass_yds,280.0,251,New England Patriots @ Buffalo Bills,2026-10-04T17:00:00Z,2026-10-02T17:51+00:00
Drake Maye,pass_yds,290.0,313,New England Patriots @ Buffalo Bills,2026-10-04T17:00:00Z,2026-10-02T17:51+00:00
Drake Maye,pass_yds,300.0,396,New England Patriots @ Buffalo Bills,2026-10-04T17:00:00Z,2026-10-02T17:51+00:00
Drake Maye,pass_yds,310.0,500,New England Patriots @ Buffalo Bills,2026-10-04T17:00:00Z,2026-10-02T17:51+00:00
Drake Maye,pass_yds,320.0,630,New England Patriots @ Buffalo Bills,2026-10-04T17:00:00Z,2026-10-02T17:51+00:00
Drake Maye,pass_yds,330.0,810,New England Patriots @ Buffalo Bills,2026-10-04T17:00:00Z,2026-10-02T17:51+00:00
Drake Maye,pass_yds,340.0,1020,New England Patriots @ Buffalo Bills,2026-10-04T17:00:00Z,2026-10-02T17:51+00:00
Drake Maye,pass_yds,350.0,1280,New England Patriots @ Buffalo Bills,2026-10-04T17:00:00Z,2026-10-02T17:51+00:00
Drake Maye,pass_yds,360.0,1600,New England Patriots @ Buffalo Bills,2026-10-04T17:00:00Z,2026-10-02T17:51+00:00
Drake Maye,pass_yds,370.0,1980,New England Patriots @ Buffalo Bills,2026-10-04T17:00:00Z,2026-10-02T17:51+00:00
Drake Maye,pass_yds,380.0,2400,New England Patriots @ Buffalo Bills,2026-10-04T17:00:00Z,2026-10-02T17:51+00:00
Drake Maye,pass_yds,390.0,2900,New England Patriots @ Buffalo Bills,2026-10-04T17:00:00Z,2026-10-02T17:51+00:00
Drake Maye,pass_yds,400.0,3500,New England Patriots @ Buffalo Bills,2026-10-04T17:00:00Z,2026-10-02T17:51+00:00
Dalton Kincaid,rec_yds,15.0,-1540,New England Patriots @ Buffalo Bills,2026-10-04T17:00:00Z,2026-10-02T17:51+00:00
Dalton Kincaid,rec_yds,25.0,-578,New England Patriots @ Buffalo Bills,2026-10-04T17:00:00Z,2026-10-02T17:51+00:00
Dalton Kincaid,rec_yds,40.0,-221,New England Patriots @ Buffalo Bills,2026-10-04T17:00:00Z,2026-10-02T17:51+00:00
Dalton Kincaid,rec_yds,50.0,-132,New England Patriots @ Buffalo Bills,2026-10-04T17:00:00Z,2026-10-02T17:51+00:00
Dalton Kincaid,rec_yds,53.0,-114,New England Patriots @ Buffalo Bills,2026-10-04T17:00:00Z,2026-10-02T17:51+00:00
Dalton Kincaid,rec_yds,60.0,120,New England Patriots @ Buffalo Bills,2026-10-04T17:00:00Z,2026-10-02T17:51+00:00
Dalton Kincaid,rec_yds,70.0,183,New England Patriots @ Buffalo Bills,2026-10-04T17:00:00Z,2026-10-02T17:51+00:00
Dalton Kincaid,rec_yds,80.0,277,New England Patriots @ Buffalo Bills,2026-10-04T17:00:00Z,2026-10-02T17:51+00:00
Dalton Kincaid,rec_yds,90.0,411,New England Patriots @ Buffalo Bills,2026-10-04T17:00:00Z,2026-10-02T17:51+00:00
Dalton Kincaid,rec_yds,100.0,600,New England Patriots @ Buffalo Bills,2026-10-04T17:00:00Z,2026-10-02T17:51+00:00
Dalton Kincaid,rec_yds,110.0,870,New England Patriots @ Buffalo Bills,2026-10-04T17:00:00Z,2026-10-02T17:51+00:00
Dalton Kincaid,rec_yds,120.0,1260,New England Patriots @ Buffalo Bills,2026-10-04T17:00:00Z,2026-10-02T17:51+00:00
Dalton Kincaid,rec_yds,130.0,1840,New England Patriots @ Buffalo Bills,2026-10-04T17:00:00Z,2026-10-02T17:51+00:00
Dalton Kincaid,rec_yds,140.0,2500,New England Patriots @ Buffalo Bills,2026-10-04T17:00:00Z,2026-10-02T17:51+00:00
Dalton Kincaid,rec_yds,150.0,3200,New England Patriots @ Buffalo Bills,2026-10-04T17:00:00Z,2026-10-02T17:51+00:00
DJ Moore,rec_yds,15.0,-1300,New England Patriots @ Buffalo Bills,2026-10-04T17:00:00Z,2026-10-02T17:51+00:00
DJ Moore,rec_yds,25.0,-489,New England Patriots @ Buffalo Bills,2026-10-04T17:00:00Z,2026-10-02T17:51+00:00
DJ Moore,rec_yds,40.0,-195,New England Patriots @ Buffalo Bills,2026-10-04T17:00:00Z,2026-10-02T17:51+00:00
DJ Moore,rec_yds,50.0,-119,New England Patriots @ Buffalo Bills,2026-10-04T17:00:00Z,2026-10-02T17:51+00:00
DJ Moore,rec_yds,51.0,-114,New England Patriots @ Buffalo Bills,2026-10-04T17:00:00Z,2026-10-02T17:51+00:00
DJ Moore,rec_yds,60.0,133,New England Patriots @ Buffalo Bills,2026-10-04T17:00:00Z,2026-10-02T17:51+00:00
DJ Moore,rec_yds,70.0,200,New England Patriots @ Buffalo Bills,2026-10-04T17:00:00Z,2026-10-02T17:51+00:00
DJ Moore,rec_yds,80.0,301,New England Patriots @ Buffalo Bills,2026-10-04T17:00:00Z,2026-10-02T17:51+00:00
DJ Moore,rec_yds,90.0,435,New England Patriots @ Buffalo Bills,2026-10-04T17:00:00Z,2026-10-02T17:51+00:00
DJ Moore,rec_yds,100.0,640,New England Patriots @ Buffalo Bills,2026-10-04T17:00:00Z,2026-10-02T17:51+00:00
DJ Moore,rec_yds,110.0,920,New England Patriots @ Buffalo Bills,2026-10-04T17:00:00Z,2026-10-02T17:51+00:00
DJ Moore,rec_yds,120.0,1300,New England Patriots @ Buffalo Bills,2026-10-04T17:00:00Z,2026-10-02T17:51+00:00
DJ Moore,rec_yds,130.0,1820,New England Patriots @ Buffalo Bills,2026-10-04T17:00:00Z,2026-10-02T17:51+00:00
DJ Moore,rec_yds,140.0,2600,New England Patriots @ Buffalo Bills,2026-10-04T17:00:00Z,2026-10-02T17:51+00:00
DJ Moore,rec_yds,150.0,3400,New England Patriots @ Buffalo Bills,2026-10-04T17:00:00Z,2026-10-02T17:51+00:00
Mack Hollins,rec_yds,15.0,-850,New England Patriots @ Buffalo Bills,2026-10-04T17:00:00Z,2026-10-02T17:51+00:00
Mack Hollins,rec_yds,25.0,-356,New England Patriots @ Buffalo Bills,2026-10-04T17:00:00Z,2026-10-02T17:51+00:00
Mack Hollins,rec_yds,40.0,-143,New England Patriots @ Buffalo Bills,2026-10-04T17:00:00Z,2026-10-02T17:51+00:00
Mack Hollins,rec_yds,45.0,-111,New England Patriots @ Buffalo Bills,2026-10-04T17:00:00Z,2026-10-02T17:51+00:00
Mack Hollins,rec_yds,50.0,115,New England Patriots @ Buffalo Bills,2026-10-04T17:00:00Z,2026-10-02T17:51+00:00
Mack Hollins,rec_yds,60.0,184,New England Patriots @ Buffalo Bills,2026-10-04T17:00:00Z,2026-10-02T17:51+00:00
Mack Hollins,rec_yds,70.0,280,New England Patriots @ Buffalo Bills,2026-10-04T17:00:00Z,2026-10-02T17:51+00:00
Mack Hollins,rec_yds,80.0,427,New England Patriots @ Buffalo Bills,2026-10-04T17:00:00Z,2026-10-02T17:51+00:00
Mack Hollins,rec_yds,90.0,640,New England Patriots @ Buffalo Bills,2026-10-04T17:00:00Z,2026-10-02T17:51+00:00
Mack Hollins,rec_yds,100.0,980,New England Patriots @ Buffalo Bills,2026-10-04T17:00:00Z,2026-10-02T17:51+00:00
Mack Hollins,rec_yds,110.0,1420,New England Patriots @ Buffalo Bills,2026-10-04T17:00:00Z,2026-10-02T17:51+00:00
Mack Hollins,rec_yds,120.0,2000,New England Patriots @ Buffalo Bills,2026-10-04T17:00:00Z,2026-10-02T17:51+00:00
Mack Hollins,rec_yds,130.0,2800,New England Patriots @ Buffalo Bills,2026-10-04T17:00:00Z,2026-10-02T17:51+00:00
Mack Hollins,rec_yds,140.0,3800,New England Patriots @ Buffalo Bills,2026-10-04T17:00:00Z,2026-10-02T17:51+00:00
Romeo Doubs,rec_yds,15.0,-730,New England Patriots @ Buffalo Bills,2026-10-04T17:00:00Z,2026-10-02T17:51+00:00
Romeo Doubs,rec_yds,25.0,-310,New England Patriots @ Buffalo Bills,2026-10-04T17:00:00Z,2026-10-02T17:51+00:00
Romeo Doubs,rec_yds,40.0,-127,New England Patriots @ Buffalo Bills,2026-10-04T17:00:00Z,2026-10-02T17:51+00:00
Romeo Doubs,rec_yds,42.0,-114,New England Patriots @ Buffalo Bills,2026-10-04T17:00:00Z,2026-10-02T17:51+00:00
Romeo Doubs,rec_yds,50.0,130,New England Patriots @ Buffalo Bills,2026-10-04T17:00:00Z,2026-10-02T17:51+00:00
Romeo Doubs,rec_yds,60.0,208,New England Patriots @ Buffalo Bills,2026-10-04T17:00:00Z,2026-10-02T17:51+00:00
Romeo Doubs,rec_yds,70.0,319,New England Patriots @ Buffalo Bills,2026-10-04T17:00:00Z,2026-10-02T17:51+00:00
Romeo Doubs,rec_yds,80.0,481,New England Patriots @ Buffalo Bills,2026-10-04T17:00:00Z,2026-10-02T17:51+00:00
Romeo Doubs,rec_yds,90.0,720,New England Patriots @ Buffalo Bills,2026-10-04T17:00:00Z,2026-10-02T17:51+00:00
Romeo Doubs,rec_yds,100.0,1080,New England Patriots @ Buffalo Bills,2026-10-04T17:00:00Z,2026-10-02T17:51+00:00
Romeo Doubs,rec_yds,110.0,1580,New England Patriots @ Buffalo Bills,2026-10-04T17:00:00Z,2026-10-02T17:51+00:00
Romeo Doubs,rec_yds,120.0,2200,New England Patriots @ Buffalo Bills,2026-10-04T17:00:00Z,2026-10-02T17:51+00:00
Romeo Doubs,rec_yds,130.0,3100,New England Patriots @ Buffalo Bills,2026-10-04T17:00:00Z,2026-10-02T17:51+00:00
Khalil Shakir,rec_yds,15.0,-760,New England Patriots @ Buffalo Bills,2026-10-04T17:00:00Z,2026-10-02T17:51+00:00
Khalil Shakir,rec_yds,25.0,-302,New England Patriots @ Buffalo Bills,2026-10-04T17:00:00Z,2026-10-02T17:51+00:00
Khalil Shakir,rec_yds,40.0,-118,New England Patriots @ Buffalo Bills,2026-10-04T17:00:00Z,2026-10-02T17:51+00:00
Khalil Shakir,rec_yds,41.0,-112,New England Patriots @ Buffalo Bills,2026-10-04T17:00:00Z,2026-10-02T17:51+00:00
Khalil Shakir,rec_yds,50.0,143,New England Patriots @ Buffalo Bills,2026-10-04T17:00:00Z,2026-10-02T17:51+00:00
Khalil Shakir,rec_yds,60.0,230,New England Patriots @ Buffalo Bills,2026-10-04T17:00:00Z,2026-10-02T17:51+00:00
Khalil Shakir,rec_yds,70.0,364,New England Patriots @ Buffalo Bills,2026-10-04T17:00:00Z,2026-10-02T17:51+00:00
Khalil Shakir,rec_yds,80.0,561,New England Patriots @ Buffalo Bills,2026-10-04T17:00:00Z,2026-10-02T17:51+00:00
Khalil Shakir,rec_yds,90.0,860,New England Patriots @ Buffalo Bills,2026-10-04T17:00:00Z,2026-10-02T17:51+00:00
Khalil Shakir,rec_yds,100.0,1280,New England Patriots @ Buffalo Bills,2026-10-04T17:00:00Z,2026-10-02T17:51+00:00
Khalil Shakir,rec_yds,110.0,1860,New England Patriots @ Buffalo Bills,2026-10-04T17:00:00Z,2026-10-02T17:51+00:00
Khalil Shakir,rec_yds,120.0,2500,New England Patriots @ Buffalo Bills,2026-10-04T17:00:00Z,2026-10-02T17:51+00:00
Khalil Shakir,rec_yds,130.0,3500,New England Patriots @ Buffalo Bills,2026-10-04T17:00:00Z,2026-10-02T17:51+00:00
Hunter Henry,rec_yds,15.0,-426,New England Patriots @ Buffalo Bills,2026-10-04T17:00:00Z,2026-10-02T17:51+00:00
Hunter Henry,rec_yds,25.0,-172,New England Patriots @ Buffalo Bills,2026-10-04T17:00:00Z,2026-10-02T17:51+00:00
Hunter Henry,rec_yds,31.0,-112,New England Patriots @ Buffalo Bills,2026-10-04T17:00:00Z,2026-10-02T17:51+00:00
Hunter Henry,rec_yds,40.0,154,New England Patriots @ Buffalo Bills,2026-10-04T17:00:00Z,2026-10-02T17:51+00:00
Hunter Henry,rec_yds,50.0,264,New England Patriots @ Buffalo Bills,2026-10-04T17:00:00Z,2026-10-02T17:51+00:00
Hunter Henry,rec_yds,60.0,435,New England Patriots @ Buffalo Bills,2026-10-04T17:00:00Z,2026-10-02T17:51+00:00
Hunter Henry,rec_yds,70.0,690,New England Patriots @ Buffalo Bills,2026-10-04T17:00:00Z,2026-10-02T17:51+00:00
Hunter Henry,rec_yds,80.0,1100,New England Patriots @ Buffalo Bills,2026-10-04T17:00:00Z,2026-10-02T17:51+00:00
Hunter Henry,rec_yds,90.0,1720,New England Patriots @ Buffalo Bills,2026-10-04T17:00:00Z,2026-10-02T17:51+00:00
Hunter Henry,rec_yds,100.0,2500,New England Patriots @ Buffalo Bills,2026-10-04T17:00:00Z,2026-10-02T17:51+00:00
Hunter Henry,rec_yds,110.0,3500,New England Patriots @ Buffalo Bills,2026-10-04T17:00:00Z,2026-10-02T17:51+00:00
DeMario Douglas,rec_yds,15.0,-330,New England Patriots @ Buffalo Bills,2026-10-04T17:00:00Z,2026-10-02T17:51+00:00
DeMario Douglas,rec_yds,25.0,-143,New England Patriots @ Buffalo Bills,2026-10-04T17:00:00Z,2026-10-02T17:51+00:00
DeMario Douglas,rec_yds,29.0,-109,New England Patriots @ Buffalo Bills,2026-10-04T17:00:00Z,2026-10-02T17:51+00:00
DeMario Douglas,rec_yds,40.0,179,New England Patriots @ Buffalo Bills,2026-10-04T17:00:00Z,2026-10-02T17:51+00:00
DeMario Douglas,rec_yds,50.0,303,New England Patriots @ Buffalo Bills,2026-10-04T17:00:00Z,2026-10-02T17:51+00:00
DeMario Douglas,rec_yds,60.0,495,New England Patriots @ Buffalo Bills,2026-10-04T17:00:00Z,2026-10-02T17:51+00:00
DeMario Douglas,rec_yds,70.0,790,New England Patriots @ Buffalo Bills,2026-10-04T17:00:00Z,2026-10-02T17:51+00:00
DeMario Douglas,rec_yds,80.0,1240,New England Patriots @ Buffalo Bills,2026-10-04T17:00:00Z,2026-10-02T17:51+00:00
DeMario Douglas,rec_yds,90.0,1900,New England Patriots @ Buffalo Bills,2026-10-04T17:00:00Z,2026-10-02T17:51+00:00
DeMario Douglas,rec_yds,100.0,2800,New England Patriots @ Buffalo Bills,2026-10-04T17:00:00Z,2026-10-02T17:51+00:00
DeMario Douglas,rec_yds,110.0,4000,New England Patriots @ Buffalo Bills,2026-10-04T17:00:00Z,2026-10-02T17:51+00:00
Keon Coleman,rec_yds,14.0,-111,New England Patriots @ Buffalo Bills,2026-10-04T17:00:00Z,2026-10-02T17:51+00:00
Keon Coleman,rec_yds,15.0,-102,New England Patriots @ Buffalo Bills,2026-10-04T17:00:00Z,2026-10-02T17:51+00:00
Keon Coleman,rec_yds,25.0,204,New England Patriots @ Buffalo Bills,2026-10-04T17:00:00Z,2026-10-02T17:51+00:00
Keon Coleman,rec_yds,40.0,508,New England Patriots @ Buffalo Bills,2026-10-04T17:00:00Z,2026-10-02T17:51+00:00
Keon Coleman,rec_yds,50.0,870,New England Patriots @ Buffalo Bills,2026-10-04T17:00:00Z,2026-10-02T17:51+00:00
Keon Coleman,rec_yds,60.0,1380,New England Patriots @ Buffalo Bills,2026-10-04T17:00:00Z,2026-10-02T17:51+00:00
Keon Coleman,rec_yds,70.0,2100,New England Patriots @ Buffalo Bills,2026-10-04T17:00:00Z,2026-10-02T17:51+00:00
Keon Coleman,rec_yds,80.0,3300,New England Patriots @ Buffalo Bills,2026-10-04T17:00:00Z,2026-10-02T17:51+00:00
Rhamondre Stevenson,rec_yds,15.0,-169,New England Patriots @ Buffalo Bills,2026-10-04T17:00:00Z,2026-10-02T17:51+00:00
Rhamondre Stevenson,rec_yds,19.0,-114,New England Patriots @ Buffalo Bills,2026-10-04T17:00:00Z,2026-10-02T17:51+00:00
Rhamondre Stevenson,rec_yds,25.0,148,New England Patriots @ Buffalo Bills,2026-10-04T17:00:00Z,2026-10-02T17:51+00:00
Rhamondre Stevenson,rec_yds,40.0,439,New England Patriots @ Buffalo Bills,2026-10-04T17:00:00Z,2026-10-02T17:51+00:00
Rhamondre Stevenson,rec_yds,50.0,810,New England Patriots @ Buffalo Bills,2026-10-04T17:00:00Z,2026-10-02T17:51+00:00
Rhamondre Stevenson,rec_yds,60.0,1420,New England Patriots @ Buffalo Bills,2026-10-04T17:00:00Z,2026-10-02T17:51+00:00
Rhamondre Stevenson,rec_yds,70.0,2200,New England Patriots @ Buffalo Bills,2026-10-04T17:00:00Z,2026-10-02T17:51+00:00
Rhamondre Stevenson,rec_yds,80.0,3300,New England Patriots @ Buffalo Bills,2026-10-04T17:00:00Z,2026-10-02T17:51+00:00
Kyle Williams,rec_yds,13.0,-113,New England Patriots @ Buffalo Bills,2026-10-04T17:00:00Z,2026-10-02T17:51+00:00
Kyle Williams,rec_yds,15.0,105,New England Patriots @ Buffalo Bills,2026-10-04T17:00:00Z,2026-10-02T17:51+00:00
Kyle Williams,rec_yds,25.0,226,New England Patriots @ Buffalo Bills,2026-10-04T17:00:00Z,2026-10-02T17:51+00:00
Kyle Williams,rec_yds,40.0,557,New England Patriots @ Buffalo Bills,2026-10-04T17:00:00Z,2026-10-02T17:51+00:00
Kyle Williams,rec_yds,50.0,940,New England Patriots @ Buffalo Bills,2026-10-04T17:00:00Z,2026-10-02T17:51+00:00
Kyle Williams,rec_yds,60.0,1480,New England Patriots @ Buffalo Bills,2026-10-04T17:00:00Z,2026-10-02T17:51+00:00
Kyle Williams,rec_yds,70.0,2400,New England Patriots @ Buffalo Bills,2026-10-04T17:00:00Z,2026-10-02T17:51+00:00
Kyle Williams,rec_yds,80.0,3500,New England Patriots @ Buffalo Bills,2026-10-04T17:00:00Z,2026-10-02T17:51+00:00
Ty Johnson,rec_yds,13.0,-112,New England Patriots @ Buffalo Bills,2026-10-04T17:00:00Z,2026-10-02T17:51+00:00
Ty Johnson,rec_yds,15.0,106,New England Patriots @ Buffalo Bills,2026-10-04T17:00:00Z,2026-10-02T17:51+00:00
Ty Johnson,rec_yds,25.0,231,New England Patriots @ Buffalo Bills,2026-10-04T17:00:00Z,2026-10-02T17:51+00:00
Ty Johnson,rec_yds,40.0,610,New England Patriots @ Buffalo Bills,2026-10-04T17:00:00Z,2026-10-02T17:51+00:00
Ty Johnson,rec_yds,50.0,1060,New England Patriots @ Buffalo Bills,2026-10-04T17:00:00Z,2026-10-02T17:51+00:00
Ty Johnson,rec_yds,60.0,1760,New England Patriots @ Buffalo Bills,2026-10-04T17:00:00Z,2026-10-02T17:51+00:00
Ty Johnson,rec_yds,70.0,2600,New England Patriots @ Buffalo Bills,2026-10-04T17:00:00Z,2026-10-02T17:51+00:00
Ty Johnson,rec_yds,80.0,3800,New England Patriots @ Buffalo Bills,2026-10-04T17:00:00Z,2026-10-02T17:51+00:00
Dawson Knox,rec_yds,10.0,-111,New England Patriots @ Buffalo Bills,2026-10-04T17:00:00Z,2026-10-02T17:51+00:00
Dawson Knox,rec_yds,15.0,145,New England Patriots @ Buffalo Bills,2026-10-04T17:00:00Z,2026-10-02T17:51+00:00
Dawson Knox,rec_yds,25.0,312,New England Patriots @ Buffalo Bills,2026-10-04T17:00:00Z,2026-10-02T17:51+00:00
Dawson Knox,rec_yds,40.0,830,New England Patriots @ Buffalo Bills,2026-10-04T17:00:00Z,2026-10-02T17:51+00:00
Dawson Knox,rec_yds,50.0,1440,New England Patriots @ Buffalo Bills,2026-10-04T17:00:00Z,2026-10-02T17:51+00:00
Dawson Knox,rec_yds,60.0,2300,New England Patriots @ Buffalo Bills,2026-10-04T17:00:00Z,2026-10-02T17:51+00:00
Dawson Knox,rec_yds,70.0,3600,New England Patriots @ Buffalo Bills,2026-10-04T17:00:00Z,2026-10-02T17:51+00:00
TreVeyon Henderson,rec_yds,8.0,-115,New England Patriots @ Buffalo Bills,2026-10-04T17:00:00Z,2026-10-02T17:51+00:00
TreVeyon Henderson,rec_yds,15.0,175,New England Patriots @ Buffalo Bills,2026-10-04T17:00:00Z,2026-10-02T17:51+00:00
TreVeyon Henderson,rec_yds,25.0,367,New England Patriots @ Buffalo Bills,2026-10-04T17:00:00Z,2026-10-02T17:51+00:00
TreVeyon Henderson,rec_yds,40.0,950,New England Patriots @ Buffalo Bills,2026-10-04T17:00:00Z,2026-10-02T17:51+00:00
TreVeyon Henderson,rec_yds,50.0,1620,New England Patriots @ Buffalo Bills,2026-10-04T17:00:00Z,2026-10-02T17:51+00:00
TreVeyon Henderson,rec_yds,60.0,2600,New England Patriots @ Buffalo Bills,2026-10-04T17:00:00Z,2026-10-02T17:51+00:00
TreVeyon Henderson,rec_yds,70.0,3600,New England Patriots @ Buffalo Bills,2026-10-04T17:00:00Z,2026-10-02T17:51+00:00
James Cook,rec_yds,8.0,-113,New England Patriots @ Buffalo Bills,2026-10-04T17:00:00Z,2026-10-02T17:51+00:00
James Cook,rec_yds,15.0,187,New England Patriots @ Buffalo Bills,2026-10-04T17:00:00Z,2026-10-02T17:51+00:00
James Cook,rec_yds,25.0,421,New England Patriots @ Buffalo Bills,2026-10-04T17:00:00Z,2026-10-02T17:51+00:00
James Cook,rec_yds,40.0,1140,New England Patriots @ Buffalo Bills,2026-10-04T17:00:00Z,2026-10-02T17:51+00:00
James Cook,rec_yds,50.0,1840,New England Patriots @ Buffalo Bills,2026-10-04T17:00:00Z,2026-10-02T17:51+00:00
James Cook,rec_yds,60.0,2600,New England Patriots @ Buffalo Bills,2026-10-04T17:00:00Z,2026-10-02T17:51+00:00
James Cook,rec_yds,70.0,3700,New England Patriots @ Buffalo Bills,2026-10-04T17:00:00Z,2026-10-02T17:51+00:00
Dalton Kincaid,receptions,2.0,-2800,New England Patriots @ Buffalo Bills,2026-10-04T17:00:00Z,2026-10-02T17:51+00:00
Dalton Kincaid,receptions,3.0,-610,New England Patriots @ Buffalo Bills,2026-10-04T17:00:00Z,2026-10-02T17:51+00:00
Dalton Kincaid,receptions,4.0,-232,New England Patriots @ Buffalo Bills,2026-10-04T17:00:00Z,2026-10-02T17:51+00:00
Dalton Kincaid,receptions,5.0,-107,New England Patriots @ Buffalo Bills,2026-10-04T17:00:00Z,2026-10-02T17:51+00:00
Dalton Kincaid,receptions,6.0,192,New England Patriots @ Buffalo Bills,2026-10-04T17:00:00Z,2026-10-02T17:51+00:00
Dalton Kincaid,receptions,7.0,377,New England Patriots @ Buffalo Bills,2026-10-04T17:00:00Z,2026-10-02T17:51+00:00
Dalton Kincaid,receptions,8.0,710,New England Patriots @ Buffalo Bills,2026-10-04T17:00:00Z,2026-10-02T17:51+00:00
Dalton Kincaid,receptions,9.0,1280,New England Patriots @ Buffalo Bills,2026-10-04T17:00:00Z,2026-10-02T17:51+00:00
Dalton Kincaid,receptions,10.0,2100,New England Patriots @ Buffalo Bills,2026-10-04T17:00:00Z,2026-10-02T17:51+00:00
DJ Moore,receptions,2.0,-1800,New England Patriots @ Buffalo Bills,2026-10-04T17:00:00Z,2026-10-02T17:51+00:00
DJ Moore,receptions,3.0,-454,New England Patriots @ Buffalo Bills,2026-10-04T17:00:00Z,2026-10-02T17:51+00:00
DJ Moore,receptions,4.0,-173,New England Patriots @ Buffalo Bills,2026-10-04T17:00:00Z,2026-10-02T17:51+00:00
DJ Moore,receptions,5.0,126,New England Patriots @ Buffalo Bills,2026-10-04T17:00:00Z,2026-10-02T17:51+00:00
DJ Moore,receptions,6.0,261,New England Patriots @ Buffalo Bills,2026-10-04T17:00:00Z,2026-10-02T17:51+00:00
DJ Moore,receptions,7.0,516,New England Patriots @ Buffalo Bills,2026-10-04T17:00:00Z,2026-10-02T17:51+00:00
DJ Moore,receptions,8.0,990,New England Patriots @ Buffalo Bills,2026-10-04T17:00:00Z,2026-10-02T17:51+00:00
DJ Moore,receptions,9.0,1720,New England Patriots @ Buffalo Bills,2026-10-04T17:00:00Z,2026-10-02T17:51+00:00
DJ Moore,receptions,10.0,2600,New England Patriots @ Buffalo Bills,2026-10-04T17:00:00Z,2026-10-02T17:51+00:00
Khalil Shakir,receptions,2.0,-1560,New England Patriots @ Buffalo Bills,2026-10-04T17:00:00Z,2026-10-02T17:51+00:00
Khalil Shakir,receptions,3.0,-418,New England Patriots @ Buffalo Bills,2026-10-04T17:00:00Z,2026-10-02T17:51+00:00
Khalil Shakir,receptions,4.0,-168,New England Patriots @ Buffalo Bills,2026-10-04T17:00:00Z,2026-10-02T17:51+00:00
Khalil Shakir,receptions,5.0,127,New England Patriots @ Buffalo Bills,2026-10-04T17:00:00Z,2026-10-02T17:51+00:00
Khalil Shakir,receptions,6.0,256,New England Patriots @ Buffalo Bills,2026-10-04T17:00:00Z,2026-10-02T17:51+00:00
Khalil Shakir,receptions,7.0,505,New England Patriots @ Buffalo Bills,2026-10-04T17:00:00Z,2026-10-02T17:51+00:00
Khalil Shakir,receptions,8.0,960,New England Patriots @ Buffalo Bills,2026-10-04T17:00:00Z,2026-10-02T17:51+00:00
Khalil Shakir,receptions,9.0,1720,New England Patriots @ Buffalo Bills,2026-10-04T17:00:00Z,2026-10-02T17:51+00:00
Khalil Shakir,receptions,10.0,2700,New England Patriots @ Buffalo Bills,2026-10-04T17:00:00Z,2026-10-02T17:51+00:00
Mack Hollins,receptions,2.0,-1100,New England Patriots @ Buffalo Bills,2026-10-04T17:00:00Z,2026-10-02T17:51+00:00
Mack Hollins,receptions,3.0,-323,New England Patriots @ Buffalo Bills,2026-10-04T17:00:00Z,2026-10-02T17:51+00:00
Mack Hollins,receptions,4.0,-131,New England Patriots @ Buffalo Bills,2026-10-04T17:00:00Z,2026-10-02T17:51+00:00
Mack Hollins,receptions,5.0,169,New England Patriots @ Buffalo Bills,2026-10-04T17:00:00Z,2026-10-02T17:51+00:00
Mack Hollins,receptions,6.0,354,New England Patriots @ Buffalo Bills,2026-10-04T17:00:00Z,2026-10-02T17:51+00:00
Mack Hollins,receptions,7.0,720,New England Patriots @ Buffalo Bills,2026-10-04T17:00:00Z,2026-10-02T17:51+00:00
Mack Hollins,receptions,8.0,1360,New England Patriots @ Buffalo Bills,2026-10-04T17:00:00Z,2026-10-02T17:51+00:00
Mack Hollins,receptions,9.0,2200,New England Patriots @ Buffalo Bills,2026-10-04T17:00:00Z,2026-10-02T17:51+00:00
Hunter Henry,receptions,2.0,-900,New England Patriots @ Buffalo Bills,2026-10-04T17:00:00Z,2026-10-02T17:51+00:00
Hunter Henry,receptions,3.0,-264,New England Patriots @ Buffalo Bills,2026-10-04T17:00:00Z,2026-10-02T17:51+00:00
Hunter Henry,receptions,4.0,-106,New England Patriots @ Buffalo Bills,2026-10-04T17:00:00Z,2026-10-02T17:51+00:00
Hunter Henry,receptions,5.0,205,New England Patriots @ Buffalo Bills,2026-10-04T17:00:00Z,2026-10-02T17:51+00:00
Hunter Henry,receptions,6.0,425,New England Patriots @ Buffalo Bills,2026-10-04T17:00:00Z,2026-10-02T17:51+00:00
Hunter Henry,receptions,7.0,850,New England Patriots @ Buffalo Bills,2026-10-04T17:00:00Z,2026-10-02T17:51+00:00
Hunter Henry,receptions,8.0,1640,New England Patriots @ Buffalo Bills,2026-10-04T17:00:00Z,2026-10-02T17:51+00:00
Hunter Henry,receptions,9.0,2700,New England Patriots @ Buffalo Bills,2026-10-04T17:00:00Z,2026-10-02T17:51+00:00
Romeo Doubs,receptions,2.0,-790,New England Patriots @ Buffalo Bills,2026-10-04T17:00:00Z,2026-10-02T17:51+00:00
Romeo Doubs,receptions,3.0,-242,New England Patriots @ Buffalo Bills,2026-10-04T17:00:00Z,2026-10-02T17:51+00:00
Romeo Doubs,receptions,4.0,104,New England Patriots @ Buffalo Bills,2026-10-04T17:00:00Z,2026-10-02T17:51+00:00
Romeo Doubs,receptions,5.0,235,New England Patriots @ Buffalo Bills,2026-10-04T17:00:00Z,2026-10-02T17:51+00:00
Romeo Doubs,receptions,6.0,493,New England Patriots @ Buffalo Bills,2026-10-04T17:00:00Z,2026-10-02T17:51+00:00
Romeo Doubs,receptions,7.0,1040,New England Patriots @ Buffalo Bills,2026-10-04T17:00:00Z,2026-10-02T17:51+00:00
Romeo Doubs,receptions,8.0,1920,New England Patriots @ Buffalo Bills,2026-10-04T17:00:00Z,2026-10-02T17:51+00:00
Rhamondre Stevenson,receptions,2.0,-454,New England Patriots @ Buffalo Bills,2026-10-04T17:00:00Z,2026-10-02T17:51+00:00
Rhamondre Stevenson,receptions,3.0,-150,New England Patriots @ Buffalo Bills,2026-10-04T17:00:00Z,2026-10-02T17:51+00:00
Rhamondre Stevenson,receptions,4.0,164,New England Patriots @ Buffalo Bills,2026-10-04T17:00:00Z,2026-10-02T17:51+00:00
Rhamondre Stevenson,receptions,5.0,366,New England Patriots @ Buffalo Bills,2026-10-04T17:00:00Z,2026-10-02T17:51+00:00
Rhamondre Stevenson,receptions,6.0,770,New England Patriots @ Buffalo Bills,2026-10-04T17:00:00Z,2026-10-02T17:51+00:00
Rhamondre Stevenson,receptions,7.0,1520,New England Patriots @ Buffalo Bills,2026-10-04T17:00:00Z,2026-10-02T17:51+00:00
Rhamondre Stevenson,receptions,8.0,2600,New England Patriots @ Buffalo Bills,2026-10-04T17:00:00Z,2026-10-02T17:51+00:00
DeMario Douglas,receptions,2.0,-453,New England Patriots @ Buffalo Bills,2026-10-04T17:00:00Z,2026-10-02T17:51+00:00
DeMario Douglas,receptions,3.0,-144,New England Patriots @ Buffalo Bills,2026-10-04T17:00:00Z,2026-10-02T17:51+00:00
DeMario Douglas,receptions,4.0,172,New England Patriots @ Buffalo Bills,2026-10-04T17:00:00Z,2026-10-02T17:51+00:00
DeMario Douglas,receptions,5.0,392,New England Patriots @ Buffalo Bills,2026-10-04T17:00:00Z,2026-10-02T17:51+00:00
DeMario Douglas,receptions,6.0,840,New England Patriots @ Buffalo Bills,2026-10-04T17:00:00Z,2026-10-02T17:51+00:00
DeMario Douglas,receptions,7.0,1740,New England Patriots @ Buffalo Bills,2026-10-04T17:00:00Z,2026-10-02T17:51+00:00
DeMario Douglas,receptions,8.0,2900,New England Patriots @ Buffalo Bills,2026-10-04T17:00:00Z,2026-10-02T17:51+00:00
Ty Johnson,receptions,2.0,-140,New England Patriots @ Buffalo Bills,2026-10-04T17:00:00Z,2026-10-02T17:51+00:00
Ty Johnson,receptions,3.0,217,New England Patriots @ Buffalo Bills,2026-10-04T17:00:00Z,2026-10-02T17:51+00:00
Ty Johnson,receptions,4.0,572,New England Patriots @ Buffalo Bills,2026-10-04T17:00:00Z,2026-10-02T17:51+00:00
Ty Johnson,receptions,5.0,1360,New England Patriots @ Buffalo Bills,2026-10-04T17:00:00Z,2026-10-02T17:51+00:00
Ty Johnson,receptions,6.0,2700,New England Patriots @ Buffalo Bills,2026-10-04T17:00:00Z,2026-10-02T17:51+00:00
James Cook,receptions,2.0,-117,New England Patriots @ Buffalo Bills,2026-10-04T17:00:00Z,2026-10-02T17:51+00:00
James Cook,receptions,3.0,259,New England Patriots @ Buffalo Bills,2026-10-04T17:00:00Z,2026-10-02T17:51+00:00
James Cook,receptions,4.0,690,New England Patriots @ Buffalo Bills,2026-10-04T17:00:00Z,2026-10-02T17:51+00:00
James Cook,receptions,5.0,1620,New England Patriots @ Buffalo Bills,2026-10-04T17:00:00Z,2026-10-02T17:51+00:00
Keon Coleman,receptions,2.0,-102,New England Patriots @ Buffalo Bills,2026-10-04T17:00:00Z,2026-10-02T17:51+00:00
Keon Coleman,receptions,3.0,308,New England Patriots @ Buffalo Bills,2026-10-04T17:00:00Z,2026-10-02T17:51+00:00
Keon Coleman,receptions,4.0,860,New England Patriots @ Buffalo Bills,2026-10-04T17:00:00Z,2026-10-02T17:51+00:00
Keon Coleman,receptions,5.0,2000,New England Patriots @ Buffalo Bills,2026-10-04T17:00:00Z,2026-10-02T17:51+00:00
TreVeyon Henderson,receptions,2.0,109,New England Patriots @ Buffalo Bills,2026-10-04T17:00:00Z,2026-10-02T17:51+00:00
TreVeyon Henderson,receptions,3.0,335,New England Patriots @ Buffalo Bills,2026-10-04T17:00:00Z,2026-10-02T17:51+00:00
TreVeyon Henderson,receptions,4.0,930,New England Patriots @ Buffalo Bills,2026-10-04T17:00:00Z,2026-10-02T17:51+00:00
TreVeyon Henderson,receptions,5.0,2100,New England Patriots @ Buffalo Bills,2026-10-04T17:00:00Z,2026-10-02T17:51+00:00
Dawson Knox,receptions,2.0,125,New England Patriots @ Buffalo Bills,2026-10-04T17:00:00Z,2026-10-02T17:51+00:00
Dawson Knox,receptions,3.0,403,New England Patriots @ Buffalo Bills,2026-10-04T17:00:00Z,2026-10-02T17:51+00:00
Dawson Knox,receptions,4.0,1120,New England Patriots @ Buffalo Bills,2026-10-04T17:00:00Z,2026-10-02T17:51+00:00
Dawson Knox,receptions,5.0,2500,New England Patriots @ Buffalo Bills,2026-10-04T17:00:00Z,2026-10-02T17:51+00:00
James Cook,rush_att,12.0,-1060,New England Patriots @ Buffalo Bills,2026-10-04T17:00:00Z,2026-10-02T17:51+00:00
James Cook,rush_att,14.0,-439,New England Patriots @ Buffalo Bills,2026-10-04T17:00:00Z,2026-10-02T17:51+00:00
James Cook,rush_att,16.0,-219,New England Patriots @ Buffalo Bills,2026-10-04T17:00:00Z,2026-10-02T17:51+00:00
James Cook,rush_att,18.0,-115,New England Patriots @ Buffalo Bills,2026-10-04T17:00:00Z,2026-10-02T17:51+00:00
James Cook,rush_att,20.0,159,New England Patriots @ Buffalo Bills,2026-10-04T17:00:00Z,2026-10-02T17:51+00:00
James Cook,rush_att,22.0,285,New England Patriots @ Buffalo Bills,2026-10-04T17:00:00Z,2026-10-02T17:51+00:00
James Cook,rush_att,24.0,521,New England Patriots @ Buffalo Bills,2026-10-04T17:00:00Z,2026-10-02T17:51+00:00
James Cook,rush_att,26.0,960,New England Patriots @ Buffalo Bills,2026-10-04T17:00:00Z,2026-10-02T17:51+00:00
James Cook,rush_att,28.0,1700,New England Patriots @ Buffalo Bills,2026-10-04T17:00:00Z,2026-10-02T17:51+00:00
TreVeyon Henderson,rush_att,6.0,-1140,New England Patriots @ Buffalo Bills,2026-10-04T17:00:00Z,2026-10-02T17:51+00:00
TreVeyon Henderson,rush_att,8.0,-294,New England Patriots @ Buffalo Bills,2026-10-04T17:00:00Z,2026-10-02T17:51+00:00
TreVeyon Henderson,rush_att,10.0,-108,New England Patriots @ Buffalo Bills,2026-10-04T17:00:00Z,2026-10-02T17:51+00:00
TreVeyon Henderson,rush_att,12.0,219,New England Patriots @ Buffalo Bills,2026-10-04T17:00:00Z,2026-10-02T17:51+00:00
TreVeyon Henderson,rush_att,14.0,490,New England Patriots @ Buffalo Bills,2026-10-04T17:00:00Z,2026-10-02T17:51+00:00
TreVeyon Henderson,rush_att,16.0,1100,New England Patriots @ Buffalo Bills,2026-10-04T17:00:00Z,2026-10-02T17:51+00:00
Rhamondre Stevenson,rush_att,6.0,-620,New England Patriots @ Buffalo Bills,2026-10-04T17:00:00Z,2026-10-02T17:51+00:00
Rhamondre Stevenson,rush_att,8.0,-188,New England Patriots @ Buffalo Bills,2026-10-04T17:00:00Z,2026-10-02T17:51+00:00
Rhamondre Stevenson,rush_att,9.0,-115,New England Patriots @ Buffalo Bills,2026-10-04T17:00:00Z,2026-10-02T17:51+00:00
Rhamondre Stevenson,rush_att,10.0,134,New England Patriots @ Buffalo Bills,2026-10-04T17:00:00Z,2026-10-02T17:51+00:00
Rhamondre Stevenson,rush_att,12.0,301,New England Patriots @ Buffalo Bills,2026-10-04T17:00:00Z,2026-10-02T17:51+00:00
Rhamondre Stevenson,rush_att,14.0,640,New England Patriots @ Buffalo Bills,2026-10-04T17:00:00Z,2026-10-02T17:51+00:00
Rhamondre Stevenson,rush_att,16.0,1360,New England Patriots @ Buffalo Bills,2026-10-04T17:00:00Z,2026-10-02T17:51+00:00
Josh Allen,rush_att,4.0,-3700,New England Patriots @ Buffalo Bills,2026-10-04T17:00:00Z,2026-10-02T17:51+00:00
Josh Allen,rush_att,6.0,-482,New England Patriots @ Buffalo Bills,2026-10-04T17:00:00Z,2026-10-02T17:51+00:00
Josh Allen,rush_att,8.0,-145,New England Patriots @ Buffalo Bills,2026-10-04T17:00:00Z,2026-10-02T17:51+00:00
Josh Allen,rush_att,10.0,192,New England Patriots @ Buffalo Bills,2026-10-04T17:00:00Z,2026-10-02T17:51+00:00
Josh Allen,rush_att,12.0,481,New England Patriots @ Buffalo Bills,2026-10-04T17:00:00Z,2026-10-02T17:51+00:00
Josh Allen,rush_att,14.0,1240,New England Patriots @ Buffalo Bills,2026-10-04T17:00:00Z,2026-10-02T17:51+00:00
Drake Maye,rush_att,4.0,-465,New England Patriots @ Buffalo Bills,2026-10-04T17:00:00Z,2026-10-02T17:51+00:00
Drake Maye,rush_att,6.0,-108,New England Patriots @ Buffalo Bills,2026-10-04T17:00:00Z,2026-10-02T17:51+00:00
Drake Maye,rush_att,8.0,304,New England Patriots @ Buffalo Bills,2026-10-04T17:00:00Z,2026-10-02T17:51+00:00
Drake Maye,rush_att,10.0,910,New England Patriots @ Buffalo Bills,2026-10-04T17:00:00Z,2026-10-02T17:51+00:00
James Cook,rush_yds,40.0,-1620,New England Patriots @ Buffalo Bills,2026-10-04T17:00:00Z,2026-10-02T17:51+00:00
James Cook,rush_yds,50.0,-780,New England Patriots @ Buffalo Bills,2026-10-04T17:00:00Z,2026-10-02T17:51+00:00
James Cook,rush_yds,60.0,-415,New England Patriots @ Buffalo Bills,2026-10-04T17:00:00Z,2026-10-02T17:51+00:00
James Cook,rush_yds,70.0,-250,New England Patriots @ Buffalo Bills,2026-10-04T17:00:00Z,2026-10-02T17:51+00:00
James Cook,rush_yds,80.0,-158,New England Patriots @ Buffalo Bills,2026-10-04T17:00:00Z,2026-10-02T17:51+00:00
James Cook,rush_yds,88.0,-113,New England Patriots @ Buffalo Bills,2026-10-04T17:00:00Z,2026-10-02T17:51+00:00
James Cook,rush_yds,90.0,-104,New England Patriots @ Buffalo Bills,2026-10-04T17:00:00Z,2026-10-02T17:51+00:00
James Cook,rush_yds,100.0,140,New England Patriots @ Buffalo Bills,2026-10-04T17:00:00Z,2026-10-02T17:51+00:00
James Cook,rush_yds,110.0,201,New England Patriots @ Buffalo Bills,2026-10-04T17:00:00Z,2026-10-02T17:51+00:00
James Cook,rush_yds,120.0,285,New England Patriots @ Buffalo Bills,2026-10-04T17:00:00Z,2026-10-02T17:51+00:00
James Cook,rush_yds,130.0,400,New England Patriots @ Buffalo Bills,2026-10-04T17:00:00Z,2026-10-02T17:51+00:00
James Cook,rush_yds,140.0,571,New England Patriots @ Buffalo Bills,2026-10-04T17:00:00Z,2026-10-02T17:51+00:00
James Cook,rush_yds,150.0,790,New England Patriots @ Buffalo Bills,2026-10-04T17:00:00Z,2026-10-02T17:51+00:00
James Cook,rush_yds,160.0,1100,New England Patriots @ Buffalo Bills,2026-10-04T17:00:00Z,2026-10-02T17:51+00:00
James Cook,rush_yds,170.0,1560,New England Patriots @ Buffalo Bills,2026-10-04T17:00:00Z,2026-10-02T17:51+00:00
James Cook,rush_yds,180.0,2100,New England Patriots @ Buffalo Bills,2026-10-04T17:00:00Z,2026-10-02T17:51+00:00
James Cook,rush_yds,190.0,2900,New England Patriots @ Buffalo Bills,2026-10-04T17:00:00Z,2026-10-02T17:51+00:00
James Cook,rush_yds,200.0,3800,New England Patriots @ Buffalo Bills,2026-10-04T17:00:00Z,2026-10-02T17:51+00:00
TreVeyon Henderson,rush_yds,15.0,-1500,New England Patriots @ Buffalo Bills,2026-10-04T17:00:00Z,2026-10-02T17:51+00:00
TreVeyon Henderson,rush_yds,20.0,-700,New England Patriots @ Buffalo Bills,2026-10-04T17:00:00Z,2026-10-02T17:51+00:00
TreVeyon Henderson,rush_yds,25.0,-404,New England Patriots @ Buffalo Bills,2026-10-04T17:00:00Z,2026-10-02T17:51+00:00
TreVeyon Henderson,rush_yds,30.0,-254,New England Patriots @ Buffalo Bills,2026-10-04T17:00:00Z,2026-10-02T17:51+00:00
TreVeyon Henderson,rush_yds,40.0,-119,New England Patriots @ Buffalo Bills,2026-10-04T17:00:00Z,2026-10-02T17:51+00:00
TreVeyon Henderson,rush_yds,41.0,-111,New England Patriots @ Buffalo Bills,2026-10-04T17:00:00Z,2026-10-02T17:51+00:00
TreVeyon Henderson,rush_yds,50.0,154,New England Patriots @ Buffalo Bills,2026-10-04T17:00:00Z,2026-10-02T17:51+00:00
TreVeyon Henderson,rush_yds,60.0,264,New England Patriots @ Buffalo Bills,2026-10-04T17:00:00Z,2026-10-02T17:51+00:00
TreVeyon Henderson,rush_yds,70.0,430,New England Patriots @ Buffalo Bills,2026-10-04T17:00:00Z,2026-10-02T17:51+00:00
TreVeyon Henderson,rush_yds,80.0,670,New England Patriots @ Buffalo Bills,2026-10-04T17:00:00Z,2026-10-02T17:51+00:00
TreVeyon Henderson,rush_yds,90.0,1020,New England Patriots @ Buffalo Bills,2026-10-04T17:00:00Z,2026-10-02T17:51+00:00
TreVeyon Henderson,rush_yds,100.0,1540,New England Patriots @ Buffalo Bills,2026-10-04T17:00:00Z,2026-10-02T17:51+00:00
TreVeyon Henderson,rush_yds,110.0,2400,New England Patriots @ Buffalo Bills,2026-10-04T17:00:00Z,2026-10-02T17:51+00:00
TreVeyon Henderson,rush_yds,120.0,3200,New England Patriots @ Buffalo Bills,2026-10-04T17:00:00Z,2026-10-02T17:51+00:00
Rhamondre Stevenson,rush_yds,10.0,-1600,New England Patriots @ Buffalo Bills,2026-10-04T17:00:00Z,2026-10-02T17:51+00:00
Rhamondre Stevenson,rush_yds,15.0,-680,New England Patriots @ Buffalo Bills,2026-10-04T17:00:00Z,2026-10-02T17:51+00:00
Rhamondre Stevenson,rush_yds,20.0,-358,New England Patriots @ Buffalo Bills,2026-10-04T17:00:00Z,2026-10-02T17:51+00:00
Rhamondre Stevenson,rush_yds,25.0,-216,New England Patriots @ Buffalo Bills,2026-10-04T17:00:00Z,2026-10-02T17:51+00:00
Rhamondre Stevenson,rush_yds,30.0,-142,New England Patriots @ Buffalo Bills,2026-10-04T17:00:00Z,2026-10-02T17:51+00:00
Rhamondre Stevenson,rush_yds,33.0,-114,New England Patriots @ Buffalo Bills,2026-10-04T17:00:00Z,2026-10-02T17:51+00:00
Rhamondre Stevenson,rush_yds,40.0,141,New England Patriots @ Buffalo Bills,2026-10-04T17:00:00Z,2026-10-02T17:51+00:00
Rhamondre Stevenson,rush_yds,50.0,257,New England Patriots @ Buffalo Bills,2026-10-04T17:00:00Z,2026-10-02T17:51+00:00
Rhamondre Stevenson,rush_yds,60.0,434,New England Patriots @ Buffalo Bills,2026-10-04T17:00:00Z,2026-10-02T17:51+00:00
Rhamondre Stevenson,rush_yds,70.0,680,New England Patriots @ Buffalo Bills,2026-10-04T17:00:00Z,2026-10-02T17:51+00:00
Rhamondre Stevenson,rush_yds,80.0,1080,New England Patriots @ Buffalo Bills,2026-10-04T17:00:00Z,2026-10-02T17:51+00:00
Rhamondre Stevenson,rush_yds,90.0,1680,New England Patriots @ Buffalo Bills,2026-10-04T17:00:00Z,2026-10-02T17:51+00:00
Rhamondre Stevenson,rush_yds,100.0,2500,New England Patriots @ Buffalo Bills,2026-10-04T17:00:00Z,2026-10-02T17:51+00:00
Rhamondre Stevenson,rush_yds,110.0,3500,New England Patriots @ Buffalo Bills,2026-10-04T17:00:00Z,2026-10-02T17:51+00:00
Josh Allen,rush_yds,10.0,-1340,New England Patriots @ Buffalo Bills,2026-10-04T17:00:00Z,2026-10-02T17:51+00:00
Josh Allen,rush_yds,15.0,-592,New England Patriots @ Buffalo Bills,2026-10-04T17:00:00Z,2026-10-02T17:51+00:00
Josh Allen,rush_yds,20.0,-321,New England Patriots @ Buffalo Bills,2026-10-04T17:00:00Z,2026-10-02T17:51+00:00
Josh Allen,rush_yds,25.0,-197,New England Patriots @ Buffalo Bills,2026-10-04T17:00:00Z,2026-10-02T17:51+00:00
Josh Allen,rush_yds,30.0,-127,New England Patriots @ Buffalo Bills,2026-10-04T17:00:00Z,2026-10-02T17:51+00:00
Josh Allen,rush_yds,31.0,-116,New England Patriots @ Buffalo Bills,2026-10-04T17:00:00Z,2026-10-02T17:51+00:00
Josh Allen,rush_yds,40.0,167,New England Patriots @ Buffalo Bills,2026-10-04T17:00:00Z,2026-10-02T17:51+00:00
Josh Allen,rush_yds,50.0,307,New England Patriots @ Buffalo Bills,2026-10-04T17:00:00Z,2026-10-02T17:51+00:00
Josh Allen,rush_yds,60.0,553,New England Patriots @ Buffalo Bills,2026-10-04T17:00:00Z,2026-10-02T17:51+00:00
Josh Allen,rush_yds,70.0,880,New England Patriots @ Buffalo Bills,2026-10-04T17:00:00Z,2026-10-02T17:51+00:00
Josh Allen,rush_yds,80.0,1380,New England Patriots @ Buffalo Bills,2026-10-04T17:00:00Z,2026-10-02T17:51+00:00
Josh Allen,rush_yds,90.0,2100,New England Patriots @ Buffalo Bills,2026-10-04T17:00:00Z,2026-10-02T17:51+00:00
Josh Allen,rush_yds,100.0,3100,New England Patriots @ Buffalo Bills,2026-10-04T17:00:00Z,2026-10-02T17:51+00:00
Drake Maye,rush_yds,10.0,-760,New England Patriots @ Buffalo Bills,2026-10-04T17:00:00Z,2026-10-02T17:51+00:00
Drake Maye,rush_yds,15.0,-382,New England Patriots @ Buffalo Bills,2026-10-04T17:00:00Z,2026-10-02T17:51+00:00
Drake Maye,rush_yds,20.0,-225,New England Patriots @ Buffalo Bills,2026-10-04T17:00:00Z,2026-10-02T17:51+00:00
Drake Maye,rush_yds,25.0,-144,New England Patriots @ Buffalo Bills,2026-10-04T17:00:00Z,2026-10-02T17:51+00:00
Drake Maye,rush_yds,28.0,-115,New England Patriots @ Buffalo Bills,2026-10-04T17:00:00Z,2026-10-02T17:51+00:00
Drake Maye,rush_yds,30.0,102,New England Patriots @ Buffalo Bills,2026-10-04T17:00:00Z,2026-10-02T17:51+00:00
Drake Maye,rush_yds,40.0,210,New England Patriots @ Buffalo Bills,2026-10-04T17:00:00Z,2026-10-02T17:51+00:00
Drake Maye,rush_yds,50.0,403,New England Patriots @ Buffalo Bills,2026-10-04T17:00:00Z,2026-10-02T17:51+00:00
Drake Maye,rush_yds,60.0,730,New England Patriots @ Buffalo Bills,2026-10-04T17:00:00Z,2026-10-02T17:51+00:00
Drake Maye,rush_yds,70.0,1240,New England Patriots @ Buffalo Bills,2026-10-04T17:00:00Z,2026-10-02T17:51+00:00
Drake Maye,rush_yds,80.0,2100,New England Patriots @ Buffalo Bills,2026-10-04T17:00:00Z,2026-10-02T17:51+00:00
Drake Maye,rush_yds,90.0,3500,New England Patriots @ Buffalo Bills,2026-10-04T17:00:00Z,2026-10-02T17:51+00:00
Ty Johnson,rush_yds,5.0,-107,New England Patriots @ Buffalo Bills,2026-10-04T17:00:00Z,2026-10-02T17:51+00:00
Ty Johnson,rush_yds,10.0,198,New England Patriots @ Buffalo Bills,2026-10-04T17:00:00Z,2026-10-02T17:51+00:00
Ty Johnson,rush_yds,15.0,367,New England Patriots @ Buffalo Bills,2026-10-04T17:00:00Z,2026-10-02T17:51+00:00
Ty Johnson,rush_yds,20.0,598,New England Patriots @ Buffalo Bills,2026-10-04T17:00:00Z,2026-10-02T17:51+00:00
Ty Johnson,rush_yds,25.0,900,New England Patriots @ Buffalo Bills,2026-10-04T17:00:00Z,2026-10-02T17:51+00:00
Ty Johnson,rush_yds,30.0,1300,New England Patriots @ Buffalo Bills,2026-10-04T17:00:00Z,2026-10-02T17:51+00:00
Ty Johnson,rush_yds,40.0,2200,New England Patriots @ Buffalo Bills,2026-10-04T17:00:00Z,2026-10-02T17:51+00:00
Ty Johnson,rush_yds,50.0,3700,New England Patriots @ Buffalo Bills,2026-10-04T17:00:00Z,2026-10-02T17:51+00:00
Geno Smith,pass_att,24.0,-1980,New York Jets @ Chicago Bears,2026-10-04T17:00:00Z,2026-10-02T17:51+00:00
Geno Smith,pass_att,26.0,-800,New York Jets @ Chicago Bears,2026-10-04T17:00:00Z,2026-10-02T17:51+00:00
Geno Smith,pass_att,28.0,-393,New York Jets @ Chicago Bears,2026-10-04T17:00:00Z,2026-10-02T17:51+00:00
Geno Smith,pass_att,30.0,-213,New York Jets @ Chicago Bears,2026-10-04T17:00:00Z,2026-10-02T17:51+00:00
Geno Smith,pass_att,32.0,-123,New York Jets @ Chicago Bears,2026-10-04T17:00:00Z,2026-10-02T17:51+00:00
Geno Smith,pass_att,34.0,135,New York Jets @ Chicago Bears,2026-10-04T17:00:00Z,2026-10-02T17:51+00:00
Geno Smith,pass_att,36.0,217,New York Jets @ Chicago Bears,2026-10-04T17:00:00Z,2026-10-02T17:51+00:00
Geno Smith,pass_att,38.0,350,New York Jets @ Chicago Bears,2026-10-04T17:00:00Z,2026-10-02T17:51+00:00
Geno Smith,pass_att,40.0,562,New York Jets @ Chicago Bears,2026-10-04T17:00:00Z,2026-10-02T17:51+00:00
Geno Smith,pass_att,42.0,880,New York Jets @ Chicago Bears,2026-10-04T17:00:00Z,2026-10-02T17:51+00:00
Geno Smith,pass_att,44.0,1380,New York Jets @ Chicago Bears,2026-10-04T17:00:00Z,2026-10-02T17:51+00:00
Geno Smith,pass_cmps,16.0,-1440,New York Jets @ Chicago Bears,2026-10-04T17:00:00Z,2026-10-02T17:51+00:00
Geno Smith,pass_cmps,18.0,-509,New York Jets @ Chicago Bears,2026-10-04T17:00:00Z,2026-10-02T17:51+00:00
Geno Smith,pass_cmps,20.0,-220,New York Jets @ Chicago Bears,2026-10-04T17:00:00Z,2026-10-02T17:51+00:00
Geno Smith,pass_cmps,22.0,-106,New York Jets @ Chicago Bears,2026-10-04T17:00:00Z,2026-10-02T17:51+00:00
Geno Smith,pass_cmps,24.0,184,New York Jets @ Chicago Bears,2026-10-04T17:00:00Z,2026-10-02T17:51+00:00
Geno Smith,pass_cmps,26.0,354,New York Jets @ Chicago Bears,2026-10-04T17:00:00Z,2026-10-02T17:51+00:00
Geno Smith,pass_cmps,28.0,670,New York Jets @ Chicago Bears,2026-10-04T17:00:00Z,2026-10-02T17:51+00:00
Geno Smith,pass_cmps,30.0,1260,New York Jets @ Chicago Bears,2026-10-04T17:00:00Z,2026-10-02T17:51+00:00
Geno Smith,pass_yds,150.0,-1300,New York Jets @ Chicago Bears,2026-10-04T17:00:00Z,2026-10-02T17:51+00:00
Geno Smith,pass_yds,160.0,-880,New York Jets @ Chicago Bears,2026-10-04T17:00:00Z,2026-10-02T17:51+00:00
Geno Smith,pass_yds,170.0,-620,New York Jets @ Chicago Bears,2026-10-04T17:00:00Z,2026-10-02T17:51+00:00
Geno Smith,pass_yds,180.0,-441,New York Jets @ Chicago Bears,2026-10-04T17:00:00Z,2026-10-02T17:51+00:00
Geno Smith,pass_yds,190.0,-323,New York Jets @ Chicago Bears,2026-10-04T17:00:00Z,2026-10-02T17:51+00:00
Geno Smith,pass_yds,200.0,-241,New York Jets @ Chicago Bears,2026-10-04T17:00:00Z,2026-10-02T17:51+00:00
Geno Smith,pass_yds,210.0,-181,New York Jets @ Chicago Bears,2026-10-04T17:00:00Z,2026-10-02T17:51+00:00
Geno Smith,pass_yds,220.0,-138,New York Jets @ Chicago Bears,2026-10-04T17:00:00Z,2026-10-02T17:51+00:00
Geno Smith,pass_yds,228.0,-113,New York Jets @ Chicago Bears,2026-10-04T17:00:00Z,2026-10-02T17:51+00:00
Geno Smith,pass_yds,230.0,-107,New York Jets @ Chicago Bears,2026-10-04T17:00:00Z,2026-10-02T17:51+00:00
Geno Smith,pass_yds,240.0,120,New York Jets @ Chicago Bears,2026-10-04T17:00:00Z,2026-10-02T17:51+00:00
Geno Smith,pass_yds,250.0,153,New York Jets @ Chicago Bears,2026-10-04T17:00:00Z,2026-10-02T17:51+00:00
Geno Smith,pass_yds,260.0,194,New York Jets @ Chicago Bears,2026-10-04T17:00:00Z,2026-10-02T17:51+00:00
Geno Smith,pass_yds,270.0,249,New York Jets @ Chicago Bears,2026-10-04T17:00:00Z,2026-10-02T17:51+00:00
Geno Smith,pass_yds,280.0,317,New York Jets @ Chicago Bears,2026-10-04T17:00:00Z,2026-10-02T17:51+00:00
Geno Smith,pass_yds,290.0,412,New York Jets @ Chicago Bears,2026-10-04T17:00:00Z,2026-10-02T17:51+00:00
Geno Smith,pass_yds,300.0,530,New York Jets @ Chicago Bears,2026-10-04T17:00:00Z,2026-10-02T17:51+00:00
Geno Smith,pass_yds,310.0,660,New York Jets @ Chicago Bears,2026-10-04T17:00:00Z,2026-10-02T17:51+00:00
Geno Smith,pass_yds,320.0,840,New York Jets @ Chicago Bears,2026-10-04T17:00:00Z,2026-10-02T17:51+00:00
Geno Smith,pass_yds,330.0,1100,New York Jets @ Chicago Bears,2026-10-04T17:00:00Z,2026-10-02T17:51+00:00
Geno Smith,pass_yds,340.0,1420,New York Jets @ Chicago Bears,2026-10-04T17:00:00Z,2026-10-02T17:51+00:00
Geno Smith,pass_yds,350.0,1780,New York Jets @ Chicago Bears,2026-10-04T17:00:00Z,2026-10-02T17:51+00:00
Geno Smith,pass_yds,360.0,2200,New York Jets @ Chicago Bears,2026-10-04T17:00:00Z,2026-10-02T17:51+00:00
Geno Smith,pass_yds,370.0,2700,New York Jets @ Chicago Bears,2026-10-04T17:00:00Z,2026-10-02T17:51+00:00
Geno Smith,pass_yds,380.0,3300,New York Jets @ Chicago Bears,2026-10-04T17:00:00Z,2026-10-02T17:51+00:00
Geno Smith,pass_yds,390.0,4000,New York Jets @ Chicago Bears,2026-10-04T17:00:00Z,2026-10-02T17:51+00:00
Garrett Wilson,rec_yds,25.0,-2300,New York Jets @ Chicago Bears,2026-10-04T17:00:00Z,2026-10-02T17:51+00:00
Garrett Wilson,rec_yds,40.0,-650,New York Jets @ Chicago Bears,2026-10-04T17:00:00Z,2026-10-02T17:51+00:00
Garrett Wilson,rec_yds,50.0,-359,New York Jets @ Chicago Bears,2026-10-04T17:00:00Z,2026-10-02T17:51+00:00
Garrett Wilson,rec_yds,60.0,-216,New York Jets @ Chicago Bears,2026-10-04T17:00:00Z,2026-10-02T17:51+00:00
Garrett Wilson,rec_yds,70.0,-140,New York Jets @ Chicago Bears,2026-10-04T17:00:00Z,2026-10-02T17:51+00:00
Garrett Wilson,rec_yds,75.0,-113,New York Jets @ Chicago Bears,2026-10-04T17:00:00Z,2026-10-02T17:51+00:00
Garrett Wilson,rec_yds,80.0,107,New York Jets @ Chicago Bears,2026-10-04T17:00:00Z,2026-10-02T17:51+00:00
Garrett Wilson,rec_yds,90.0,157,New York Jets @ Chicago Bears,2026-10-04T17:00:00Z,2026-10-02T17:51+00:00
Garrett Wilson,rec_yds,100.0,228,New York Jets @ Chicago Bears,2026-10-04T17:00:00Z,2026-10-02T17:51+00:00
Garrett Wilson,rec_yds,110.0,328,New York Jets @ Chicago Bears,2026-10-04T17:00:00Z,2026-10-02T17:51+00:00
Garrett Wilson,rec_yds,120.0,464,New York Jets @ Chicago Bears,2026-10-04T17:00:00Z,2026-10-02T17:51+00:00
Garrett Wilson,rec_yds,130.0,660,New York Jets @ Chicago Bears,2026-10-04T17:00:00Z,2026-10-02T17:51+00:00
Garrett Wilson,rec_yds,140.0,940,New York Jets @ Chicago Bears,2026-10-04T17:00:00Z,2026-10-02T17:51+00:00
Garrett Wilson,rec_yds,150.0,1320,New York Jets @ Chicago Bears,2026-10-04T17:00:00Z,2026-10-02T17:51+00:00
Garrett Wilson,rec_yds,160.0,1860,New York Jets @ Chicago Bears,2026-10-04T17:00:00Z,2026-10-02T17:51+00:00
Garrett Wilson,rec_yds,170.0,2500,New York Jets @ Chicago Bears,2026-10-04T17:00:00Z,2026-10-02T17:51+00:00
Garrett Wilson,rec_yds,180.0,3300,New York Jets @ Chicago Bears,2026-10-04T17:00:00Z,2026-10-02T17:51+00:00
Luther Burden III,rec_yds,15.0,-1220,New York Jets @ Chicago Bears,2026-10-04T17:00:00Z,2026-10-02T17:51+00:00
Luther Burden III,rec_yds,25.0,-452,New York Jets @ Chicago Bears,2026-10-04T17:00:00Z,2026-10-02T17:51+00:00
Luther Burden III,rec_yds,40.0,-163,New York Jets @ Chicago Bears,2026-10-04T17:00:00Z,2026-10-02T17:51+00:00
Luther Burden III,rec_yds,46.0,-114,New York Jets @ Chicago Bears,2026-10-04T17:00:00Z,2026-10-02T17:51+00:00
Luther Burden III,rec_yds,50.0,108,New York Jets @ Chicago Bears,2026-10-04T17:00:00Z,2026-10-02T17:51+00:00
Luther Burden III,rec_yds,60.0,178,New York Jets @ Chicago Bears,2026-10-04T17:00:00Z,2026-10-02T17:51+00:00
Luther Burden III,rec_yds,70.0,281,New York Jets @ Chicago Bears,2026-10-04T17:00:00Z,2026-10-02T17:51+00:00
Luther Burden III,rec_yds,80.0,434,New York Jets @ Chicago Bears,2026-10-04T17:00:00Z,2026-10-02T17:51+00:00
Luther Burden III,rec_yds,90.0,680,New York Jets @ Chicago Bears,2026-10-04T17:00:00Z,2026-10-02T17:51+00:00
Luther Burden III,rec_yds,100.0,1020,New York Jets @ Chicago Bears,2026-10-04T17:00:00Z,2026-10-02T17:51+00:00
Luther Burden III,rec_yds,110.0,1540,New York Jets @ Chicago Bears,2026-10-04T17:00:00Z,2026-10-02T17:51+00:00
Luther Burden III,rec_yds,120.0,2300,New York Jets @ Chicago Bears,2026-10-04T17:00:00Z,2026-10-02T17:51+00:00
Luther Burden III,rec_yds,130.0,3200,New York Jets @ Chicago Bears,2026-10-04T17:00:00Z,2026-10-02T17:51+00:00
Kenyon Sadiq,rec_yds,15.0,-810,New York Jets @ Chicago Bears,2026-10-04T17:00:00Z,2026-10-02T17:51+00:00
Kenyon Sadiq,rec_yds,25.0,-326,New York Jets @ Chicago Bears,2026-10-04T17:00:00Z,2026-10-02T17:51+00:00
Kenyon Sadiq,rec_yds,40.0,-124,New York Jets @ Chicago Bears,2026-10-04T17:00:00Z,2026-10-02T17:51+00:00
Kenyon Sadiq,rec_yds,42.0,-110,New York Jets @ Chicago Bears,2026-10-04T17:00:00Z,2026-10-02T17:51+00:00
Kenyon Sadiq,rec_yds,50.0,136,New York Jets @ Chicago Bears,2026-10-04T17:00:00Z,2026-10-02T17:51+00:00
Kenyon Sadiq,rec_yds,60.0,221,New York Jets @ Chicago Bears,2026-10-04T17:00:00Z,2026-10-02T17:51+00:00
Kenyon Sadiq,rec_yds,70.0,352,New York Jets @ Chicago Bears,2026-10-04T17:00:00Z,2026-10-02T17:51+00:00
Kenyon Sadiq,rec_yds,80.0,543,New York Jets @ Chicago Bears,2026-10-04T17:00:00Z,2026-10-02T17:51+00:00
Kenyon Sadiq,rec_yds,90.0,850,New York Jets @ Chicago Bears,2026-10-04T17:00:00Z,2026-10-02T17:51+00:00
Kenyon Sadiq,rec_yds,100.0,1300,New York Jets @ Chicago Bears,2026-10-04T17:00:00Z,2026-10-02T17:51+00:00
Kenyon Sadiq,rec_yds,110.0,1880,New York Jets @ Chicago Bears,2026-10-04T17:00:00Z,2026-10-02T17:51+00:00
Kenyon Sadiq,rec_yds,120.0,2700,New York Jets @ Chicago Bears,2026-10-04T17:00:00Z,2026-10-02T17:51+00:00
Kenyon Sadiq,rec_yds,130.0,3800,New York Jets @ Chicago Bears,2026-10-04T17:00:00Z,2026-10-02T17:51+00:00
Colston Loveland,rec_yds,15.0,-497,New York Jets @ Chicago Bears,2026-10-04T17:00:00Z,2026-10-02T17:51+00:00
Colston Loveland,rec_yds,25.0,-208,New York Jets @ Chicago Bears,2026-10-04T17:00:00Z,2026-10-02T17:51+00:00
Colston Loveland,rec_yds,34.0,-114,New York Jets @ Chicago Bears,2026-10-04T17:00:00Z,2026-10-02T17:51+00:00
Colston Loveland,rec_yds,40.0,125,New York Jets @ Chicago Bears,2026-10-04T17:00:00Z,2026-10-02T17:51+00:00
Colston Loveland,rec_yds,50.0,216,New York Jets @ Chicago Bears,2026-10-04T17:00:00Z,2026-10-02T17:51+00:00
Colston Loveland,rec_yds,60.0,356,New York Jets @ Chicago Bears,2026-10-04T17:00:00Z,2026-10-02T17:51+00:00
Colston Loveland,rec_yds,70.0,567,New York Jets @ Chicago Bears,2026-10-04T17:00:00Z,2026-10-02T17:51+00:00
Colston Loveland,rec_yds,80.0,890,New York Jets @ Chicago Bears,2026-10-04T17:00:00Z,2026-10-02T17:51+00:00
Colston Loveland,rec_yds,90.0,1400,New York Jets @ Chicago Bears,2026-10-04T17:00:00Z,2026-10-02T17:51+00:00
Colston Loveland,rec_yds,100.0,2100,New York Jets @ Chicago Bears,2026-10-04T17:00:00Z,2026-10-02T17:51+00:00
Colston Loveland,rec_yds,110.0,2900,New York Jets @ Chicago Bears,2026-10-04T17:00:00Z,2026-10-02T17:51+00:00
Colston Loveland,rec_yds,120.0,4000,New York Jets @ Chicago Bears,2026-10-04T17:00:00Z,2026-10-02T17:51+00:00
Rome Odunze,rec_yds,15.0,-406,New York Jets @ Chicago Bears,2026-10-04T17:00:00Z,2026-10-02T17:51+00:00
Rome Odunze,rec_yds,25.0,-181,New York Jets @ Chicago Bears,2026-10-04T17:00:00Z,2026-10-02T17:51+00:00
Rome Odunze,rec_yds,32.0,-115,New York Jets @ Chicago Bears,2026-10-04T17:00:00Z,2026-10-02T17:51+00:00
Rome Odunze,rec_yds,40.0,137,New York Jets @ Chicago Bears,2026-10-04T17:00:00Z,2026-10-02T17:51+00:00
Rome Odunze,rec_yds,50.0,227,New York Jets @ Chicago Bears,2026-10-04T17:00:00Z,2026-10-02T17:51+00:00
Rome Odunze,rec_yds,60.0,369,New York Jets @ Chicago Bears,2026-10-04T17:00:00Z,2026-10-02T17:51+00:00
Rome Odunze,rec_yds,70.0,593,New York Jets @ Chicago Bears,2026-10-04T17:00:00Z,2026-10-02T17:51+00:00
Rome Odunze,rec_yds,80.0,930,New York Jets @ Chicago Bears,2026-10-04T17:00:00Z,2026-10-02T17:51+00:00
Rome Odunze,rec_yds,90.0,1440,New York Jets @ Chicago Bears,2026-10-04T17:00:00Z,2026-10-02T17:51+00:00
Rome Odunze,rec_yds,100.0,2100,New York Jets @ Chicago Bears,2026-10-04T17:00:00Z,2026-10-02T17:51+00:00
Rome Odunze,rec_yds,110.0,3200,New York Jets @ Chicago Bears,2026-10-04T17:00:00Z,2026-10-02T17:51+00:00
Kalif Raymond,rec_yds,15.0,-434,New York Jets @ Chicago Bears,2026-10-04T17:00:00Z,2026-10-02T17:51+00:00
Kalif Raymond,rec_yds,25.0,-181,New York Jets @ Chicago Bears,2026-10-04T17:00:00Z,2026-10-02T17:51+00:00
Kalif Raymond,rec_yds,32.0,-110,New York Jets @ Chicago Bears,2026-10-04T17:00:00Z,2026-10-02T17:51+00:00
Kalif Raymond,rec_yds,40.0,148,New York Jets @ Chicago Bears,2026-10-04T17:00:00Z,2026-10-02T17:51+00:00
Kalif Raymond,rec_yds,50.0,253,New York Jets @ Chicago Bears,2026-10-04T17:00:00Z,2026-10-02T17:51+00:00
Kalif Raymond,rec_yds,60.0,420,New York Jets @ Chicago Bears,2026-10-04T17:00:00Z,2026-10-02T17:51+00:00
Kalif Raymond,rec_yds,70.0,700,New York Jets @ Chicago Bears,2026-10-04T17:00:00Z,2026-10-02T17:51+00:00
Kalif Raymond,rec_yds,80.0,1140,New York Jets @ Chicago Bears,2026-10-04T17:00:00Z,2026-10-02T17:51+00:00
Kalif Raymond,rec_yds,90.0,1780,New York Jets @ Chicago Bears,2026-10-04T17:00:00Z,2026-10-02T17:51+00:00
Kalif Raymond,rec_yds,100.0,2600,New York Jets @ Chicago Bears,2026-10-04T17:00:00Z,2026-10-02T17:51+00:00
Kalif Raymond,rec_yds,110.0,3800,New York Jets @ Chicago Bears,2026-10-04T17:00:00Z,2026-10-02T17:51+00:00
Isaiah Williams,rec_yds,15.0,-227,New York Jets @ Chicago Bears,2026-10-04T17:00:00Z,2026-10-02T17:51+00:00
Isaiah Williams,rec_yds,23.0,-115,New York Jets @ Chicago Bears,2026-10-04T17:00:00Z,2026-10-02T17:51+00:00
Isaiah Williams,rec_yds,25.0,101,New York Jets @ Chicago Bears,2026-10-04T17:00:00Z,2026-10-02T17:51+00:00
Isaiah Williams,rec_yds,40.0,268,New York Jets @ Chicago Bears,2026-10-04T17:00:00Z,2026-10-02T17:51+00:00
Isaiah Williams,rec_yds,50.0,477,New York Jets @ Chicago Bears,2026-10-04T17:00:00Z,2026-10-02T17:51+00:00
Isaiah Williams,rec_yds,60.0,770,New York Jets @ Chicago Bears,2026-10-04T17:00:00Z,2026-10-02T17:51+00:00
Isaiah Williams,rec_yds,70.0,1240,New York Jets @ Chicago Bears,2026-10-04T17:00:00Z,2026-10-02T17:51+00:00
Isaiah Williams,rec_yds,80.0,2000,New York Jets @ Chicago Bears,2026-10-04T17:00:00Z,2026-10-02T17:51+00:00
Isaiah Williams,rec_yds,90.0,2900,New York Jets @ Chicago Bears,2026-10-04T17:00:00Z,2026-10-02T17:51+00:00
Cole Kmet,rec_yds,11.0,-107,New York Jets @ Chicago Bears,2026-10-04T17:00:00Z,2026-10-02T17:51+00:00
Cole Kmet,rec_yds,15.0,136,New York Jets @ Chicago Bears,2026-10-04T17:00:00Z,2026-10-02T17:51+00:00
Cole Kmet,rec_yds,25.0,310,New York Jets @ Chicago Bears,2026-10-04T17:00:00Z,2026-10-02T17:51+00:00
Cole Kmet,rec_yds,40.0,810,New York Jets @ Chicago Bears,2026-10-04T17:00:00Z,2026-10-02T17:51+00:00
Cole Kmet,rec_yds,50.0,1400,New York Jets @ Chicago Bears,2026-10-04T17:00:00Z,2026-10-02T17:51+00:00
Cole Kmet,rec_yds,60.0,2200,New York Jets @ Chicago Bears,2026-10-04T17:00:00Z,2026-10-02T17:51+00:00
Cole Kmet,rec_yds,70.0,3400,New York Jets @ Chicago Bears,2026-10-04T17:00:00Z,2026-10-02T17:51+00:00
Braelon Allen,rec_yds,13.0,-115,New York Jets @ Chicago Bears,2026-10-04T17:00:00Z,2026-10-02T17:51+00:00
Braelon Allen,rec_yds,15.0,107,New York Jets @ Chicago Bears,2026-10-04T17:00:00Z,2026-10-02T17:51+00:00
Braelon Allen,rec_yds,25.0,251,New York Jets @ Chicago Bears,2026-10-04T17:00:00Z,2026-10-02T17:51+00:00
Braelon Allen,rec_yds,40.0,700,New York Jets @ Chicago Bears,2026-10-04T17:00:00Z,2026-10-02T17:51+00:00
Braelon Allen,rec_yds,50.0,1300,New York Jets @ Chicago Bears,2026-10-04T17:00:00Z,2026-10-02T17:51+00:00
Braelon Allen,rec_yds,60.0,2300,New York Jets @ Chicago Bears,2026-10-04T17:00:00Z,2026-10-02T17:51+00:00
Braelon Allen,rec_yds,70.0,3600,New York Jets @ Chicago Bears,2026-10-04T17:00:00Z,2026-10-02T17:51+00:00
Isaiah Davis,rec_yds,10.0,-113,New York Jets @ Chicago Bears,2026-10-04T17:00:00Z,2026-10-02T17:51+00:00
Isaiah Davis,rec_yds,15.0,152,New York Jets @ Chicago Bears,2026-10-04T17:00:00Z,2026-10-02T17:51+00:00
Isaiah Davis,rec_yds,25.0,356,New York Jets @ Chicago Bears,2026-10-04T17:00:00Z,2026-10-02T17:51+00:00
Isaiah Davis,rec_yds,40.0,990,New York Jets @ Chicago Bears,2026-10-04T17:00:00Z,2026-10-02T17:51+00:00
Isaiah Davis,rec_yds,50.0,1780,New York Jets @ Chicago Bears,2026-10-04T17:00:00Z,2026-10-02T17:51+00:00
Isaiah Davis,rec_yds,60.0,2700,New York Jets @ Chicago Bears,2026-10-04T17:00:00Z,2026-10-02T17:51+00:00
Isaiah Davis,rec_yds,70.0,4000,New York Jets @ Chicago Bears,2026-10-04T17:00:00Z,2026-10-02T17:51+00:00
Garrett Wilson,receptions,4.0,-1020,New York Jets @ Chicago Bears,2026-10-04T17:00:00Z,2026-10-02T17:51+00:00
Garrett Wilson,receptions,5.0,-398,New York Jets @ Chicago Bears,2026-10-04T17:00:00Z,2026-10-02T17:51+00:00
Garrett Wilson,receptions,6.0,-192,New York Jets @ Chicago Bears,2026-10-04T17:00:00Z,2026-10-02T17:51+00:00
Garrett Wilson,receptions,7.0,-102,New York Jets @ Chicago Bears,2026-10-04T17:00:00Z,2026-10-02T17:51+00:00
Garrett Wilson,receptions,8.0,178,New York Jets @ Chicago Bears,2026-10-04T17:00:00Z,2026-10-02T17:51+00:00
Garrett Wilson,receptions,9.0,309,New York Jets @ Chicago Bears,2026-10-04T17:00:00Z,2026-10-02T17:51+00:00
Garrett Wilson,receptions,10.0,526,New York Jets @ Chicago Bears,2026-10-04T17:00:00Z,2026-10-02T17:51+00:00
Garrett Wilson,receptions,11.0,890,New York Jets @ Chicago Bears,2026-10-04T17:00:00Z,2026-10-02T17:51+00:00
Garrett Wilson,receptions,12.0,1480,New York Jets @ Chicago Bears,2026-10-04T17:00:00Z,2026-10-02T17:51+00:00
Garrett Wilson,receptions,13.0,2200,New York Jets @ Chicago Bears,2026-10-04T17:00:00Z,2026-10-02T17:51+00:00
Luther Burden III,receptions,2.0,-2900,New York Jets @ Chicago Bears,2026-10-04T17:00:00Z,2026-10-02T17:51+00:00
Luther Burden III,receptions,3.0,-620,New York Jets @ Chicago Bears,2026-10-04T17:00:00Z,2026-10-02T17:51+00:00
Luther Burden III,receptions,4.0,-233,New York Jets @ Chicago Bears,2026-10-04T17:00:00Z,2026-10-02T17:51+00:00
Luther Burden III,receptions,5.0,-106,New York Jets @ Chicago Bears,2026-10-04T17:00:00Z,2026-10-02T17:51+00:00
Luther Burden III,receptions,6.0,188,New York Jets @ Chicago Bears,2026-10-04T17:00:00Z,2026-10-02T17:51+00:00
Luther Burden III,receptions,7.0,371,New York Jets @ Chicago Bears,2026-10-04T17:00:00Z,2026-10-02T17:51+00:00
Luther Burden III,receptions,8.0,710,New York Jets @ Chicago Bears,2026-10-04T17:00:00Z,2026-10-02T17:51+00:00
Luther Burden III,receptions,9.0,1320,New York Jets @ Chicago Bears,2026-10-04T17:00:00Z,2026-10-02T17:51+00:00
Luther Burden III,receptions,10.0,2100,New York Jets @ Chicago Bears,2026-10-04T17:00:00Z,2026-10-02T17:51+00:00
Kenyon Sadiq,receptions,2.0,-1640,New York Jets @ Chicago Bears,2026-10-04T17:00:00Z,2026-10-02T17:51+00:00
Kenyon Sadiq,receptions,3.0,-438,New York Jets @ Chicago Bears,2026-10-04T17:00:00Z,2026-10-02T17:51+00:00
Kenyon Sadiq,receptions,4.0,-174,New York Jets @ Chicago Bears,2026-10-04T17:00:00Z,2026-10-02T17:51+00:00
Kenyon Sadiq,receptions,5.0,123,New York Jets @ Chicago Bears,2026-10-04T17:00:00Z,2026-10-02T17:51+00:00
Kenyon Sadiq,receptions,6.0,253,New York Jets @ Chicago Bears,2026-10-04T17:00:00Z,2026-10-02T17:51+00:00
Kenyon Sadiq,receptions,7.0,496,New York Jets @ Chicago Bears,2026-10-04T17:00:00Z,2026-10-02T17:51+00:00
Kenyon Sadiq,receptions,8.0,970,New York Jets @ Chicago Bears,2026-10-04T17:00:00Z,2026-10-02T17:51+00:00
Kenyon Sadiq,receptions,9.0,1680,New York Jets @ Chicago Bears,2026-10-04T17:00:00Z,2026-10-02T17:51+00:00
Kenyon Sadiq,receptions,10.0,2600,New York Jets @ Chicago Bears,2026-10-04T17:00:00Z,2026-10-02T17:51+00:00
Colston Loveland,receptions,2.0,-870,New York Jets @ Chicago Bears,2026-10-04T17:00:00Z,2026-10-02T17:51+00:00
Colston Loveland,receptions,3.0,-255,New York Jets @ Chicago Bears,2026-10-04T17:00:00Z,2026-10-02T17:51+00:00
Colston Loveland,receptions,4.0,-103,New York Jets @ Chicago Bears,2026-10-04T17:00:00Z,2026-10-02T17:51+00:00
Colston Loveland,receptions,5.0,219,New York Jets @ Chicago Bears,2026-10-04T17:00:00Z,2026-10-02T17:51+00:00
Colston Loveland,receptions,6.0,452,New York Jets @ Chicago Bears,2026-10-04T17:00:00Z,2026-10-02T17:51+00:00
Colston Loveland,receptions,7.0,910,New York Jets @ Chicago Bears,2026-10-04T17:00:00Z,2026-10-02T17:51+00:00
Colston Loveland,receptions,8.0,1680,New York Jets @ Chicago Bears,2026-10-04T17:00:00Z,2026-10-02T17:51+00:00
Colston Loveland,receptions,9.0,2700,New York Jets @ Chicago Bears,2026-10-04T17:00:00Z,2026-10-02T17:51+00:00
Kalif Raymond,receptions,2.0,-770,New York Jets @ Chicago Bears,2026-10-04T17:00:00Z,2026-10-02T17:51+00:00
Kalif Raymond,receptions,3.0,-227,New York Jets @ Chicago Bears,2026-10-04T17:00:00Z,2026-10-02T17:51+00:00
Kalif Raymond,receptions,4.0,110,New York Jets @ Chicago Bears,2026-10-04T17:00:00Z,2026-10-02T17:51+00:00
Kalif Raymond,receptions,5.0,244,New York Jets @ Chicago Bears,2026-10-04T17:00:00Z,2026-10-02T17:51+00:00
Kalif Raymond,receptions,6.0,509,New York Jets @ Chicago Bears,2026-10-04T17:00:00Z,2026-10-02T17:51+00:00
Kalif Raymond,receptions,7.0,1020,New York Jets @ Chicago Bears,2026-10-04T17:00:00Z,2026-10-02T17:51+00:00
Kalif Raymond,receptions,8.0,1980,New York Jets @ Chicago Bears,2026-10-04T17:00:00Z,2026-10-02T17:51+00:00
Isaiah Williams,receptions,2.0,-335,New York Jets @ Chicago Bears,2026-10-04T17:00:00Z,2026-10-02T17:51+00:00
Isaiah Williams,receptions,3.0,-112,New York Jets @ Chicago Bears,2026-10-04T17:00:00Z,2026-10-02T17:51+00:00
Isaiah Williams,receptions,4.0,223,New York Jets @ Chicago Bears,2026-10-04T17:00:00Z,2026-10-02T17:51+00:00
Isaiah Williams,receptions,5.0,510,New York Jets @ Chicago Bears,2026-10-04T17:00:00Z,2026-10-02T17:51+00:00
Isaiah Williams,receptions,6.0,1100,New York Jets @ Chicago Bears,2026-10-04T17:00:00Z,2026-10-02T17:51+00:00
Isaiah Williams,receptions,7.0,2000,New York Jets @ Chicago Bears,2026-10-04T17:00:00Z,2026-10-02T17:51+00:00
Rome Odunze,receptions,2.0,-378,New York Jets @ Chicago Bears,2026-10-04T17:00:00Z,2026-10-02T17:51+00:00
Rome Odunze,receptions,3.0,-125,New York Jets @ Chicago Bears,2026-10-04T17:00:00Z,2026-10-02T17:51+00:00
Rome Odunze,receptions,4.0,201,New York Jets @ Chicago Bears,2026-10-04T17:00:00Z,2026-10-02T17:51+00:00
Rome Odunze,receptions,5.0,457,New York Jets @ Chicago Bears,2026-10-04T17:00:00Z,2026-10-02T17:51+00:00
Rome Odunze,receptions,6.0,1000,New York Jets @ Chicago Bears,2026-10-04T17:00:00Z,2026-10-02T17:51+00:00
Rome Odunze,receptions,7.0,2000,New York Jets @ Chicago Bears,2026-10-04T17:00:00Z,2026-10-02T17:51+00:00
Braelon Allen,receptions,2.0,-155,New York Jets @ Chicago Bears,2026-10-04T17:00:00Z,2026-10-02T17:51+00:00
Braelon Allen,receptions,3.0,194,New York Jets @ Chicago Bears,2026-10-04T17:00:00Z,2026-10-02T17:51+00:00
Braelon Allen,receptions,4.0,507,New York Jets @ Chicago Bears,2026-10-04T17:00:00Z,2026-10-02T17:51+00:00
Braelon Allen,receptions,5.0,1180,New York Jets @ Chicago Bears,2026-10-04T17:00:00Z,2026-10-02T17:51+00:00
Braelon Allen,receptions,6.0,2500,New York Jets @ Chicago Bears,2026-10-04T17:00:00Z,2026-10-02T17:51+00:00
Isaiah Davis,receptions,2.0,-103,New York Jets @ Chicago Bears,2026-10-04T17:00:00Z,2026-10-02T17:51+00:00
Isaiah Davis,receptions,3.0,303,New York Jets @ Chicago Bears,2026-10-04T17:00:00Z,2026-10-02T17:51+00:00
Isaiah Davis,receptions,4.0,820,New York Jets @ Chicago Bears,2026-10-04T17:00:00Z,2026-10-02T17:51+00:00
Isaiah Davis,receptions,5.0,1980,New York Jets @ Chicago Bears,2026-10-04T17:00:00Z,2026-10-02T17:51+00:00
Cole Kmet,receptions,2.0,154,New York Jets @ Chicago Bears,2026-10-04T17:00:00Z,2026-10-02T17:51+00:00
Cole Kmet,receptions,3.0,511,New York Jets @ Chicago Bears,2026-10-04T17:00:00Z,2026-10-02T17:51+00:00
Cole Kmet,receptions,4.0,1420,New York Jets @ Chicago Bears,2026-10-04T17:00:00Z,2026-10-02T17:51+00:00
Braelon Allen,rush_att,8.0,-2300,New York Jets @ Chicago Bears,2026-10-04T17:00:00Z,2026-10-02T17:51+00:00
Braelon Allen,rush_att,10.0,-650,New York Jets @ Chicago Bears,2026-10-04T17:00:00Z,2026-10-02T17:51+00:00
Braelon Allen,rush_att,12.0,-274,New York Jets @ Chicago Bears,2026-10-04T17:00:00Z,2026-10-02T17:51+00:00
Braelon Allen,rush_att,14.0,-135,New York Jets @ Chicago Bears,2026-10-04T17:00:00Z,2026-10-02T17:51+00:00
Braelon Allen,rush_att,15.0,103,New York Jets @ Chicago Bears,2026-10-04T17:00:00Z,2026-10-02T17:51+00:00
Braelon Allen,rush_att,16.0,141,New York Jets @ Chicago Bears,2026-10-04T17:00:00Z,2026-10-02T17:51+00:00
Braelon Allen,rush_att,18.0,259,New York Jets @ Chicago Bears,2026-10-04T17:00:00Z,2026-10-02T17:51+00:00
Braelon Allen,rush_att,20.0,466,New York Jets @ Chicago Bears,2026-10-04T17:00:00Z,2026-10-02T17:51+00:00
Braelon Allen,rush_att,22.0,860,New York Jets @ Chicago Bears,2026-10-04T17:00:00Z,2026-10-02T17:51+00:00
Braelon Allen,rush_att,24.0,1520,New York Jets @ Chicago Bears,2026-10-04T17:00:00Z,2026-10-02T17:51+00:00
Braelon Allen,rush_yds,25.0,-1400,New York Jets @ Chicago Bears,2026-10-04T17:00:00Z,2026-10-02T17:51+00:00
Braelon Allen,rush_yds,30.0,-780,New York Jets @ Chicago Bears,2026-10-04T17:00:00Z,2026-10-02T17:51+00:00
Braelon Allen,rush_yds,40.0,-327,New York Jets @ Chicago Bears,2026-10-04T17:00:00Z,2026-10-02T17:51+00:00
Braelon Allen,rush_yds,50.0,-165,New York Jets @ Chicago Bears,2026-10-04T17:00:00Z,2026-10-02T17:51+00:00
Braelon Allen,rush_yds,57.0,-109,New York Jets @ Chicago Bears,2026-10-04T17:00:00Z,2026-10-02T17:51+00:00
Braelon Allen,rush_yds,60.0,108,New York Jets @ Chicago Bears,2026-10-04T17:00:00Z,2026-10-02T17:51+00:00
Braelon Allen,rush_yds,70.0,180,New York Jets @ Chicago Bears,2026-10-04T17:00:00Z,2026-10-02T17:51+00:00
Braelon Allen,rush_yds,80.0,286,New York Jets @ Chicago Bears,2026-10-04T17:00:00Z,2026-10-02T17:51+00:00
Braelon Allen,rush_yds,90.0,439,New York Jets @ Chicago Bears,2026-10-04T17:00:00Z,2026-10-02T17:51+00:00
Braelon Allen,rush_yds,100.0,670,New York Jets @ Chicago Bears,2026-10-04T17:00:00Z,2026-10-02T17:51+00:00
Braelon Allen,rush_yds,110.0,1040,New York Jets @ Chicago Bears,2026-10-04T17:00:00Z,2026-10-02T17:51+00:00
Braelon Allen,rush_yds,120.0,1560,New York Jets @ Chicago Bears,2026-10-04T17:00:00Z,2026-10-02T17:51+00:00
Braelon Allen,rush_yds,130.0,2300,New York Jets @ Chicago Bears,2026-10-04T17:00:00Z,2026-10-02T17:51+00:00
Braelon Allen,rush_yds,140.0,3200,New York Jets @ Chicago Bears,2026-10-04T17:00:00Z,2026-10-02T17:51+00:00
Isaiah Davis,rush_yds,10.0,-490,New York Jets @ Chicago Bears,2026-10-04T17:00:00Z,2026-10-02T17:51+00:00
Isaiah Davis,rush_yds,15.0,-242,New York Jets @ Chicago Bears,2026-10-04T17:00:00Z,2026-10-02T17:51+00:00
Isaiah Davis,rush_yds,20.0,-137,New York Jets @ Chicago Bears,2026-10-04T17:00:00Z,2026-10-02T17:51+00:00
Isaiah Davis,rush_yds,22.0,-112,New York Jets @ Chicago Bears,2026-10-04T17:00:00Z,2026-10-02T17:51+00:00
Isaiah Davis,rush_yds,25.0,117,New York Jets @ Chicago Bears,2026-10-04T17:00:00Z,2026-10-02T17:51+00:00
Isaiah Davis,rush_yds,30.0,176,New York Jets @ Chicago Bears,2026-10-04T17:00:00Z,2026-10-02T17:51+00:00
Isaiah Davis,rush_yds,40.0,354,New York Jets @ Chicago Bears,2026-10-04T17:00:00Z,2026-10-02T17:51+00:00
Isaiah Davis,rush_yds,50.0,650,New York Jets @ Chicago Bears,2026-10-04T17:00:00Z,2026-10-02T17:51+00:00
Isaiah Davis,rush_yds,60.0,1120,New York Jets @ Chicago Bears,2026-10-04T17:00:00Z,2026-10-02T17:51+00:00
Isaiah Davis,rush_yds,70.0,1780,New York Jets @ Chicago Bears,2026-10-04T17:00:00Z,2026-10-02T17:51+00:00
Isaiah Davis,rush_yds,80.0,2600,New York Jets @ Chicago Bears,2026-10-04T17:00:00Z,2026-10-02T17:51+00:00
Isaiah Davis,rush_yds,90.0,3800,New York Jets @ Chicago Bears,2026-10-04T17:00:00Z,2026-10-02T17:51+00:00
Geno Smith,rush_yds,10.0,-134,New York Jets @ Chicago Bears,2026-10-04T17:00:00Z,2026-10-02T17:51+00:00
Geno Smith,rush_yds,11.0,-118,New York Jets @ Chicago Bears,2026-10-04T17:00:00Z,2026-10-02T17:51+00:00
Geno Smith,rush_yds,15.0,137,New York Jets @ Chicago Bears,2026-10-04T17:00:00Z,2026-10-02T17:51+00:00
Geno Smith,rush_yds,20.0,234,New York Jets @ Chicago Bears,2026-10-04T17:00:00Z,2026-10-02T17:51+00:00
Geno Smith,rush_yds,25.0,374,New York Jets @ Chicago Bears,2026-10-04T17:00:00Z,2026-10-02T17:51+00:00
Geno Smith,rush_yds,30.0,587,New York Jets @ Chicago Bears,2026-10-04T17:00:00Z,2026-10-02T17:51+00:00
Geno Smith,rush_yds,40.0,1400,New York Jets @ Chicago Bears,2026-10-04T17:00:00Z,2026-10-02T17:51+00:00
Geno Smith,rush_yds,50.0,2800,New York Jets @ Chicago Bears,2026-10-04T17:00:00Z,2026-10-02T17:51+00:00
Joe Burrow,pass_att,28.0,-1480,Jacksonville Jaguars @ Cincinnati Bengals,2026-10-04T17:00:00Z,2026-10-02T17:51+00:00
Joe Burrow,pass_att,30.0,-670,Jacksonville Jaguars @ Cincinnati Bengals,2026-10-04T17:00:00Z,2026-10-02T17:51+00:00
Joe Burrow,pass_att,32.0,-347,Jacksonville Jaguars @ Cincinnati Bengals,2026-10-04T17:00:00Z,2026-10-02T17:51+00:00
Joe Burrow,pass_att,34.0,-192,Jacksonville Jaguars @ Cincinnati Bengals,2026-10-04T17:00:00Z,2026-10-02T17:51+00:00
Joe Burrow,pass_att,36.0,-116,Jacksonville Jaguars @ Cincinnati Bengals,2026-10-04T17:00:00Z,2026-10-02T17:51+00:00
Joe Burrow,pass_att,38.0,138,Jacksonville Jaguars @ Cincinnati Bengals,2026-10-04T17:00:00Z,2026-10-02T17:51+00:00
Joe Burrow,pass_att,40.0,221,Jacksonville Jaguars @ Cincinnati Bengals,2026-10-04T17:00:00Z,2026-10-02T17:51+00:00
Joe Burrow,pass_att,42.0,343,Jacksonville Jaguars @ Cincinnati Bengals,2026-10-04T17:00:00Z,2026-10-02T17:51+00:00
Joe Burrow,pass_att,44.0,526,Jacksonville Jaguars @ Cincinnati Bengals,2026-10-04T17:00:00Z,2026-10-02T17:51+00:00
Joe Burrow,pass_att,46.0,790,Jacksonville Jaguars @ Cincinnati Bengals,2026-10-04T17:00:00Z,2026-10-02T17:51+00:00
Joe Burrow,pass_att,48.0,1180,Jacksonville Jaguars @ Cincinnati Bengals,2026-10-04T17:00:00Z,2026-10-02T17:51+00:00
Joe Burrow,pass_att,50.0,1700,Jacksonville Jaguars @ Cincinnati Bengals,2026-10-04T17:00:00Z,2026-10-02T17:51+00:00
Trevor Lawrence,pass_att,26.0,-2500,Jacksonville Jaguars @ Cincinnati Bengals,2026-10-04T17:00:00Z,2026-10-02T17:51+00:00
Trevor Lawrence,pass_att,28.0,-960,Jacksonville Jaguars @ Cincinnati Bengals,2026-10-04T17:00:00Z,2026-10-02T17:51+00:00
Trevor Lawrence,pass_att,30.0,-463,Jacksonville Jaguars @ Cincinnati Bengals,2026-10-04T17:00:00Z,2026-10-02T17:51+00:00
Trevor Lawrence,pass_att,32.0,-252,Jacksonville Jaguars @ Cincinnati Bengals,2026-10-04T17:00:00Z,2026-10-02T17:51+00:00
Trevor Lawrence,pass_att,34.0,-147,Jacksonville Jaguars @ Cincinnati Bengals,2026-10-04T17:00:00Z,2026-10-02T17:51+00:00
Trevor Lawrence,pass_att,35.0,-115,Jacksonville Jaguars @ Cincinnati Bengals,2026-10-04T17:00:00Z,2026-10-02T17:51+00:00
Trevor Lawrence,pass_att,36.0,110,Jacksonville Jaguars @ Cincinnati Bengals,2026-10-04T17:00:00Z,2026-10-02T17:51+00:00
Trevor Lawrence,pass_att,38.0,175,Jacksonville Jaguars @ Cincinnati Bengals,2026-10-04T17:00:00Z,2026-10-02T17:51+00:00
Trevor Lawrence,pass_att,40.0,274,Jacksonville Jaguars @ Cincinnati Bengals,2026-10-04T17:00:00Z,2026-10-02T17:51+00:00
Trevor Lawrence,pass_att,42.0,427,Jacksonville Jaguars @ Cincinnati Bengals,2026-10-04T17:00:00Z,2026-10-02T17:51+00:00
Trevor Lawrence,pass_att,44.0,680,Jacksonville Jaguars @ Cincinnati Bengals,2026-10-04T17:00:00Z,2026-10-02T17:51+00:00
Trevor Lawrence,pass_att,46.0,1000,Jacksonville Jaguars @ Cincinnati Bengals,2026-10-04T17:00:00Z,2026-10-02T17:51+00:00
Trevor Lawrence,pass_att,48.0,1480,Jacksonville Jaguars @ Cincinnati Bengals,2026-10-04T17:00:00Z,2026-10-02T17:51+00:00
Joe Burrow,pass_cmps,18.0,-2700,Jacksonville Jaguars @ Cincinnati Bengals,2026-10-04T17:00:00Z,2026-10-02T17:51+00:00
Joe Burrow,pass_cmps,20.0,-810,Jacksonville Jaguars @ Cincinnati Bengals,2026-10-04T17:00:00Z,2026-10-02T17:51+00:00
Joe Burrow,pass_cmps,22.0,-344,Jacksonville Jaguars @ Cincinnati Bengals,2026-10-04T17:00:00Z,2026-10-02T17:51+00:00
Joe Burrow,pass_cmps,24.0,-164,Jacksonville Jaguars @ Cincinnati Bengals,2026-10-04T17:00:00Z,2026-10-02T17:51+00:00
Joe Burrow,pass_cmps,25.0,-117,Jacksonville Jaguars @ Cincinnati Bengals,2026-10-04T17:00:00Z,2026-10-02T17:51+00:00
Joe Burrow,pass_cmps,26.0,119,Jacksonville Jaguars @ Cincinnati Bengals,2026-10-04T17:00:00Z,2026-10-02T17:51+00:00
Joe Burrow,pass_cmps,28.0,224,Jacksonville Jaguars @ Cincinnati Bengals,2026-10-04T17:00:00Z,2026-10-02T17:51+00:00
Joe Burrow,pass_cmps,30.0,417,Jacksonville Jaguars @ Cincinnati Bengals,2026-10-04T17:00:00Z,2026-10-02T17:51+00:00
Joe Burrow,pass_cmps,32.0,740,Jacksonville Jaguars @ Cincinnati Bengals,2026-10-04T17:00:00Z,2026-10-02T17:51+00:00
Joe Burrow,pass_cmps,34.0,1280,Jacksonville Jaguars @ Cincinnati Bengals,2026-10-04T17:00:00Z,2026-10-02T17:51+00:00
Trevor Lawrence,pass_cmps,16.0,-1780,Jacksonville Jaguars @ Cincinnati Bengals,2026-10-04T17:00:00Z,2026-10-02T17:51+00:00
Trevor Lawrence,pass_cmps,18.0,-582,Jacksonville Jaguars @ Cincinnati Bengals,2026-10-04T17:00:00Z,2026-10-02T17:51+00:00
Trevor Lawrence,pass_cmps,20.0,-245,Jacksonville Jaguars @ Cincinnati Bengals,2026-10-04T17:00:00Z,2026-10-02T17:51+00:00
Trevor Lawrence,pass_cmps,22.0,-116,Jacksonville Jaguars @ Cincinnati Bengals,2026-10-04T17:00:00Z,2026-10-02T17:51+00:00
Trevor Lawrence,pass_cmps,24.0,173,Jacksonville Jaguars @ Cincinnati Bengals,2026-10-04T17:00:00Z,2026-10-02T17:51+00:00
Trevor Lawrence,pass_cmps,26.0,338,Jacksonville Jaguars @ Cincinnati Bengals,2026-10-04T17:00:00Z,2026-10-02T17:51+00:00
Trevor Lawrence,pass_cmps,28.0,660,Jacksonville Jaguars @ Cincinnati Bengals,2026-10-04T17:00:00Z,2026-10-02T17:51+00:00
Trevor Lawrence,pass_cmps,30.0,1240,Jacksonville Jaguars @ Cincinnati Bengals,2026-10-04T17:00:00Z,2026-10-02T17:51+00:00
Joe Burrow,pass_yds,190.0,-1100,Jacksonville Jaguars @ Cincinnati Bengals,2026-10-04T17:00:00Z,2026-10-02T17:51+00:00
Joe Burrow,pass_yds,200.0,-770,Jacksonville Jaguars @ Cincinnati Bengals,2026-10-04T17:00:00Z,2026-10-02T17:51+00:00
Joe Burrow,pass_yds,210.0,-550,Jacksonville Jaguars @ Cincinnati Bengals,2026-10-04T17:00:00Z,2026-10-02T17:51+00:00
Joe Burrow,pass_yds,220.0,-403,Jacksonville Jaguars @ Cincinnati Bengals,2026-10-04T17:00:00Z,2026-10-02T17:51+00:00
Joe Burrow,pass_yds,230.0,-296,Jacksonville Jaguars @ Cincinnati Bengals,2026-10-04T17:00:00Z,2026-10-02T17:51+00:00
Joe Burrow,pass_yds,240.0,-225,Jacksonville Jaguars @ Cincinnati Bengals,2026-10-04T17:00:00Z,2026-10-02T17:51+00:00
Joe Burrow,pass_yds,250.0,-173,Jacksonville Jaguars @ Cincinnati Bengals,2026-10-04T17:00:00Z,2026-10-02T17:51+00:00
Joe Burrow,pass_yds,260.0,-135,Jacksonville Jaguars @ Cincinnati Bengals,2026-10-04T17:00:00Z,2026-10-02T17:51+00:00
Joe Burrow,pass_yds,268.0,-111,Jacksonville Jaguars @ Cincinnati Bengals,2026-10-04T17:00:00Z,2026-10-02T17:51+00:00
Joe Burrow,pass_yds,270.0,-105,Jacksonville Jaguars @ Cincinnati Bengals,2026-10-04T17:00:00Z,2026-10-02T17:51+00:00
Joe Burrow,pass_yds,280.0,121,Jacksonville Jaguars @ Cincinnati Bengals,2026-10-04T17:00:00Z,2026-10-02T17:51+00:00
Joe Burrow,pass_yds,290.0,154,Jacksonville Jaguars @ Cincinnati Bengals,2026-10-04T17:00:00Z,2026-10-02T17:51+00:00
Joe Burrow,pass_yds,300.0,194,Jacksonville Jaguars @ Cincinnati Bengals,2026-10-04T17:00:00Z,2026-10-02T17:51+00:00
Joe Burrow,pass_yds,310.0,245,Jacksonville Jaguars @ Cincinnati Bengals,2026-10-04T17:00:00Z,2026-10-02T17:51+00:00
Joe Burrow,pass_yds,320.0,310,Jacksonville Jaguars @ Cincinnati Bengals,2026-10-04T17:00:00Z,2026-10-02T17:51+00:00
Joe Burrow,pass_yds,330.0,393,Jacksonville Jaguars @ Cincinnati Bengals,2026-10-04T17:00:00Z,2026-10-02T17:51+00:00
Joe Burrow,pass_yds,340.0,498,Jacksonville Jaguars @ Cincinnati Bengals,2026-10-04T17:00:00Z,2026-10-02T17:51+00:00
Joe Burrow,pass_yds,350.0,640,Jacksonville Jaguars @ Cincinnati Bengals,2026-10-04T17:00:00Z,2026-10-02T17:51+00:00
Joe Burrow,pass_yds,360.0,820,Jacksonville Jaguars @ Cincinnati Bengals,2026-10-04T17:00:00Z,2026-10-02T17:51+00:00
Joe Burrow,pass_yds,370.0,1040,Jacksonville Jaguars @ Cincinnati Bengals,2026-10-04T17:00:00Z,2026-10-02T17:51+00:00
Joe Burrow,pass_yds,380.0,1300,Jacksonville Jaguars @ Cincinnati Bengals,2026-10-04T17:00:00Z,2026-10-02T17:51+00:00
Joe Burrow,pass_yds,390.0,1660,Jacksonville Jaguars @ Cincinnati Bengals,2026-10-04T17:00:00Z,2026-10-02T17:51+00:00
Joe Burrow,pass_yds,400.0,2000,Jacksonville Jaguars @ Cincinnati Bengals,2026-10-04T17:00:00Z,2026-10-02T17:51+00:00
Joe Burrow,pass_yds,410.0,2600,Jacksonville Jaguars @ Cincinnati Bengals,2026-10-04T17:00:00Z,2026-10-02T17:51+00:00
Joe Burrow,pass_yds,420.0,3100,Jacksonville Jaguars @ Cincinnati Bengals,2026-10-04T17:00:00Z,2026-10-02T17:51+00:00
Joe Burrow,pass_yds,430.0,3700,Jacksonville Jaguars @ Cincinnati Bengals,2026-10-04T17:00:00Z,2026-10-02T17:51+00:00
Trevor Lawrence,pass_yds,180.0,-1100,Jacksonville Jaguars @ Cincinnati Bengals,2026-10-04T17:00:00Z,2026-10-02T17:51+00:00
Trevor Lawrence,pass_yds,190.0,-760,Jacksonville Jaguars @ Cincinnati Bengals,2026-10-04T17:00:00Z,2026-10-02T17:51+00:00
Trevor Lawrence,pass_yds,200.0,-555,Jacksonville Jaguars @ Cincinnati Bengals,2026-10-04T17:00:00Z,2026-10-02T17:51+00:00
Trevor Lawrence,pass_yds,210.0,-414,Jacksonville Jaguars @ Cincinnati Bengals,2026-10-04T17:00:00Z,2026-10-02T17:51+00:00
Trevor Lawrence,pass_yds,220.0,-310,Jacksonville Jaguars @ Cincinnati Bengals,2026-10-04T17:00:00Z,2026-10-02T17:51+00:00
Trevor Lawrence,pass_yds,230.0,-241,Jacksonville Jaguars @ Cincinnati Bengals,2026-10-04T17:00:00Z,2026-10-02T17:51+00:00
Trevor Lawrence,pass_yds,240.0,-187,Jacksonville Jaguars @ Cincinnati Bengals,2026-10-04T17:00:00Z,2026-10-02T17:51+00:00
Trevor Lawrence,pass_yds,250.0,-147,Jacksonville Jaguars @ Cincinnati Bengals,2026-10-04T17:00:00Z,2026-10-02T17:51+00:00
Trevor Lawrence,pass_yds,260.0,-116,Jacksonville Jaguars @ Cincinnati Bengals,2026-10-04T17:00:00Z,2026-10-02T17:51+00:00
Trevor Lawrence,pass_yds,261.0,-113,Jacksonville Jaguars @ Cincinnati Bengals,2026-10-04T17:00:00Z,2026-10-02T17:51+00:00
Trevor Lawrence,pass_yds,270.0,110,Jacksonville Jaguars @ Cincinnati Bengals,2026-10-04T17:00:00Z,2026-10-02T17:51+00:00
Trevor Lawrence,pass_yds,280.0,140,Jacksonville Jaguars @ Cincinnati Bengals,2026-10-04T17:00:00Z,2026-10-02T17:51+00:00
Trevor Lawrence,pass_yds,290.0,176,Jacksonville Jaguars @ Cincinnati Bengals,2026-10-04T17:00:00Z,2026-10-02T17:51+00:00
Trevor Lawrence,pass_yds,300.0,221,Jacksonville Jaguars @ Cincinnati Bengals,2026-10-04T17:00:00Z,2026-10-02T17:51+00:00
Trevor Lawrence,pass_yds,310.0,277,Jacksonville Jaguars @ Cincinnati Bengals,2026-10-04T17:00:00Z,2026-10-02T17:51+00:00
Trevor Lawrence,pass_yds,320.0,346,Jacksonville Jaguars @ Cincinnati Bengals,2026-10-04T17:00:00Z,2026-10-02T17:51+00:00
Trevor Lawrence,pass_yds,330.0,430,Jacksonville Jaguars @ Cincinnati Bengals,2026-10-04T17:00:00Z,2026-10-02T17:51+00:00
Trevor Lawrence,pass_yds,340.0,532,Jacksonville Jaguars @ Cincinnati Bengals,2026-10-04T17:00:00Z,2026-10-02T17:51+00:00
Trevor Lawrence,pass_yds,350.0,670,Jacksonville Jaguars @ Cincinnati Bengals,2026-10-04T17:00:00Z,2026-10-02T17:51+00:00
Trevor Lawrence,pass_yds,360.0,860,Jacksonville Jaguars @ Cincinnati Bengals,2026-10-04T17:00:00Z,2026-10-02T17:51+00:00
Trevor Lawrence,pass_yds,370.0,1080,Jacksonville Jaguars @ Cincinnati Bengals,2026-10-04T17:00:00Z,2026-10-02T17:51+00:00
Trevor Lawrence,pass_yds,380.0,1360,Jacksonville Jaguars @ Cincinnati Bengals,2026-10-04T17:00:00Z,2026-10-02T17:51+00:00
Trevor Lawrence,pass_yds,390.0,1740,Jacksonville Jaguars @ Cincinnati Bengals,2026-10-04T17:00:00Z,2026-10-02T17:51+00:00
Trevor Lawrence,pass_yds,400.0,2200,Jacksonville Jaguars @ Cincinnati Bengals,2026-10-04T17:00:00Z,2026-10-02T17:51+00:00
Trevor Lawrence,pass_yds,410.0,2600,Jacksonville Jaguars @ Cincinnati Bengals,2026-10-04T17:00:00Z,2026-10-02T17:51+00:00
Trevor Lawrence,pass_yds,420.0,3300,Jacksonville Jaguars @ Cincinnati Bengals,2026-10-04T17:00:00Z,2026-10-02T17:51+00:00
Ja'Marr Chase,rec_yds,25.0,-2400,Jacksonville Jaguars @ Cincinnati Bengals,2026-10-04T17:00:00Z,2026-10-02T17:51+00:00
Ja'Marr Chase,rec_yds,40.0,-780,Jacksonville Jaguars @ Cincinnati Bengals,2026-10-04T17:00:00Z,2026-10-02T17:51+00:00
Ja'Marr Chase,rec_yds,50.0,-447,Jacksonville Jaguars @ Cincinnati Bengals,2026-10-04T17:00:00Z,2026-10-02T17:51+00:00
Ja'Marr Chase,rec_yds,60.0,-283,Jacksonville Jaguars @ Cincinnati Bengals,2026-10-04T17:00:00Z,2026-10-02T17:51+00:00
Ja'Marr Chase,rec_yds,70.0,-186,Jacksonville Jaguars @ Cincinnati Bengals,2026-10-04T17:00:00Z,2026-10-02T17:51+00:00
Ja'Marr Chase,rec_yds,80.0,-129,Jacksonville Jaguars @ Cincinnati Bengals,2026-10-04T17:00:00Z,2026-10-02T17:51+00:00
Ja'Marr Chase,rec_yds,84.0,-112,Jacksonville Jaguars @ Cincinnati Bengals,2026-10-04T17:00:00Z,2026-10-02T17:51+00:00
Ja'Marr Chase,rec_yds,90.0,110,Jacksonville Jaguars @ Cincinnati Bengals,2026-10-04T17:00:00Z,2026-10-02T17:51+00:00
Ja'Marr Chase,rec_yds,100.0,155,Jacksonville Jaguars @ Cincinnati Bengals,2026-10-04T17:00:00Z,2026-10-02T17:51+00:00
Ja'Marr Chase,rec_yds,110.0,211,Jacksonville Jaguars @ Cincinnati Bengals,2026-10-04T17:00:00Z,2026-10-02T17:51+00:00
Ja'Marr Chase,rec_yds,120.0,299,Jacksonville Jaguars @ Cincinnati Bengals,2026-10-04T17:00:00Z,2026-10-02T17:51+00:00
Ja'Marr Chase,rec_yds,130.0,400,Jacksonville Jaguars @ Cincinnati Bengals,2026-10-04T17:00:00Z,2026-10-02T17:51+00:00
Ja'Marr Chase,rec_yds,140.0,536,Jacksonville Jaguars @ Cincinnati Bengals,2026-10-04T17:00:00Z,2026-10-02T17:51+00:00
Ja'Marr Chase,rec_yds,150.0,730,Jacksonville Jaguars @ Cincinnati Bengals,2026-10-04T17:00:00Z,2026-10-02T17:51+00:00
Ja'Marr Chase,rec_yds,160.0,980,Jacksonville Jaguars @ Cincinnati Bengals,2026-10-04T17:00:00Z,2026-10-02T17:51+00:00
Ja'Marr Chase,rec_yds,170.0,1300,Jacksonville Jaguars @ Cincinnati Bengals,2026-10-04T17:00:00Z,2026-10-02T17:51+00:00
Ja'Marr Chase,rec_yds,180.0,1760,Jacksonville Jaguars @ Cincinnati Bengals,2026-10-04T17:00:00Z,2026-10-02T17:51+00:00
Ja'Marr Chase,rec_yds,190.0,2300,Jacksonville Jaguars @ Cincinnati Bengals,2026-10-04T17:00:00Z,2026-10-02T17:51+00:00
Ja'Marr Chase,rec_yds,200.0,3000,Jacksonville Jaguars @ Cincinnati Bengals,2026-10-04T17:00:00Z,2026-10-02T17:51+00:00
Parker Washington,rec_yds,25.0,-1680,Jacksonville Jaguars @ Cincinnati Bengals,2026-10-04T17:00:00Z,2026-10-02T17:51+00:00
Parker Washington,rec_yds,40.0,-577,Jacksonville Jaguars @ Cincinnati Bengals,2026-10-04T17:00:00Z,2026-10-02T17:51+00:00
Parker Washington,rec_yds,50.0,-336,Jacksonville Jaguars @ Cincinnati Bengals,2026-10-04T17:00:00Z,2026-10-02T17:51+00:00
Parker Washington,rec_yds,60.0,-205,Jacksonville Jaguars @ Cincinnati Bengals,2026-10-04T17:00:00Z,2026-10-02T17:51+00:00
Parker Washington,rec_yds,70.0,-136,Jacksonville Jaguars @ Cincinnati Bengals,2026-10-04T17:00:00Z,2026-10-02T17:51+00:00
Parker Washington,rec_yds,75.0,-112,Jacksonville Jaguars @ Cincinnati Bengals,2026-10-04T17:00:00Z,2026-10-02T17:51+00:00
Parker Washington,rec_yds,80.0,107,Jacksonville Jaguars @ Cincinnati Bengals,2026-10-04T17:00:00Z,2026-10-02T17:51+00:00
Parker Washington,rec_yds,90.0,152,Jacksonville Jaguars @ Cincinnati Bengals,2026-10-04T17:00:00Z,2026-10-02T17:51+00:00
Parker Washington,rec_yds,100.0,213,Jacksonville Jaguars @ Cincinnati Bengals,2026-10-04T17:00:00Z,2026-10-02T17:51+00:00
Parker Washington,rec_yds,110.0,301,Jacksonville Jaguars @ Cincinnati Bengals,2026-10-04T17:00:00Z,2026-10-02T17:51+00:00
Parker Washington,rec_yds,120.0,420,Jacksonville Jaguars @ Cincinnati Bengals,2026-10-04T17:00:00Z,2026-10-02T17:51+00:00
Parker Washington,rec_yds,130.0,587,Jacksonville Jaguars @ Cincinnati Bengals,2026-10-04T17:00:00Z,2026-10-02T17:51+00:00
Parker Washington,rec_yds,140.0,820,Jacksonville Jaguars @ Cincinnati Bengals,2026-10-04T17:00:00Z,2026-10-02T17:51+00:00
Parker Washington,rec_yds,150.0,1120,Jacksonville Jaguars @ Cincinnati Bengals,2026-10-04T17:00:00Z,2026-10-02T17:51+00:00
Parker Washington,rec_yds,160.0,1580,Jacksonville Jaguars @ Cincinnati Bengals,2026-10-04T17:00:00Z,2026-10-02T17:51+00:00
Parker Washington,rec_yds,170.0,2100,Jacksonville Jaguars @ Cincinnati Bengals,2026-10-04T17:00:00Z,2026-10-02T17:51+00:00
Parker Washington,rec_yds,180.0,2900,Jacksonville Jaguars @ Cincinnati Bengals,2026-10-04T17:00:00Z,2026-10-02T17:51+00:00
Parker Washington,rec_yds,190.0,3800,Jacksonville Jaguars @ Cincinnati Bengals,2026-10-04T17:00:00Z,2026-10-02T17:51+00:00
Tee Higgins,rec_yds,15.0,-2300,Jacksonville Jaguars @ Cincinnati Bengals,2026-10-04T17:00:00Z,2026-10-02T17:51+00:00
Tee Higgins,rec_yds,25.0,-810,Jacksonville Jaguars @ Cincinnati Bengals,2026-10-04T17:00:00Z,2026-10-02T17:51+00:00
Tee Higgins,rec_yds,40.0,-318,Jacksonville Jaguars @ Cincinnati Bengals,2026-10-04T17:00:00Z,2026-10-02T17:51+00:00
Tee Higgins,rec_yds,50.0,-195,Jacksonville Jaguars @ Cincinnati Bengals,2026-10-04T17:00:00Z,2026-10-02T17:51+00:00
Tee Higgins,rec_yds,60.0,-126,Jacksonville Jaguars @ Cincinnati Bengals,2026-10-04T17:00:00Z,2026-10-02T17:51+00:00
Tee Higgins,rec_yds,63.0,-111,Jacksonville Jaguars @ Cincinnati Bengals,2026-10-04T17:00:00Z,2026-10-02T17:51+00:00
Tee Higgins,rec_yds,70.0,120,Jacksonville Jaguars @ Cincinnati Bengals,2026-10-04T17:00:00Z,2026-10-02T17:51+00:00
Tee Higgins,rec_yds,80.0,178,Jacksonville Jaguars @ Cincinnati Bengals,2026-10-04T17:00:00Z,2026-10-02T17:51+00:00
Tee Higgins,rec_yds,90.0,258,Jacksonville Jaguars @ Cincinnati Bengals,2026-10-04T17:00:00Z,2026-10-02T17:51+00:00
Tee Higgins,rec_yds,100.0,371,Jacksonville Jaguars @ Cincinnati Bengals,2026-10-04T17:00:00Z,2026-10-02T17:51+00:00
Tee Higgins,rec_yds,110.0,527,Jacksonville Jaguars @ Cincinnati Bengals,2026-10-04T17:00:00Z,2026-10-02T17:51+00:00
Tee Higgins,rec_yds,120.0,750,Jacksonville Jaguars @ Cincinnati Bengals,2026-10-04T17:00:00Z,2026-10-02T17:51+00:00
Tee Higgins,rec_yds,130.0,1040,Jacksonville Jaguars @ Cincinnati Bengals,2026-10-04T17:00:00Z,2026-10-02T17:51+00:00
Tee Higgins,rec_yds,140.0,1460,Jacksonville Jaguars @ Cincinnati Bengals,2026-10-04T17:00:00Z,2026-10-02T17:51+00:00
Tee Higgins,rec_yds,150.0,2000,Jacksonville Jaguars @ Cincinnati Bengals,2026-10-04T17:00:00Z,2026-10-02T17:51+00:00
Tee Higgins,rec_yds,160.0,2600,Jacksonville Jaguars @ Cincinnati Bengals,2026-10-04T17:00:00Z,2026-10-02T17:51+00:00
Tee Higgins,rec_yds,170.0,3400,Jacksonville Jaguars @ Cincinnati Bengals,2026-10-04T17:00:00Z,2026-10-02T17:51+00:00
Jakobi Meyers,rec_yds,15.0,-700,Jacksonville Jaguars @ Cincinnati Bengals,2026-10-04T17:00:00Z,2026-10-02T17:51+00:00
Jakobi Meyers,rec_yds,25.0,-295,Jacksonville Jaguars @ Cincinnati Bengals,2026-10-04T17:00:00Z,2026-10-02T17:51+00:00
Jakobi Meyers,rec_yds,40.0,-115,Jacksonville Jaguars @ Cincinnati Bengals,2026-10-04T17:00:00Z,2026-10-02T17:51+00:00
Jakobi Meyers,rec_yds,50.0,147,Jacksonville Jaguars @ Cincinnati Bengals,2026-10-04T17:00:00Z,2026-10-02T17:51+00:00
Jakobi Meyers,rec_yds,60.0,235,Jacksonville Jaguars @ Cincinnati Bengals,2026-10-04T17:00:00Z,2026-10-02T17:51+00:00
Jakobi Meyers,rec_yds,70.0,369,Jacksonville Jaguars @ Cincinnati Bengals,2026-10-04T17:00:00Z,2026-10-02T17:51+00:00
Jakobi Meyers,rec_yds,80.0,580,Jacksonville Jaguars @ Cincinnati Bengals,2026-10-04T17:00:00Z,2026-10-02T17:51+00:00
Jakobi Meyers,rec_yds,90.0,870,Jacksonville Jaguars @ Cincinnati Bengals,2026-10-04T17:00:00Z,2026-10-02T17:51+00:00
Jakobi Meyers,rec_yds,100.0,1300,Jacksonville Jaguars @ Cincinnati Bengals,2026-10-04T17:00:00Z,2026-10-02T17:51+00:00
Jakobi Meyers,rec_yds,110.0,1920,Jacksonville Jaguars @ Cincinnati Bengals,2026-10-04T17:00:00Z,2026-10-02T17:51+00:00
Jakobi Meyers,rec_yds,120.0,2600,Jacksonville Jaguars @ Cincinnati Bengals,2026-10-04T17:00:00Z,2026-10-02T17:51+00:00
Jakobi Meyers,rec_yds,130.0,3700,Jacksonville Jaguars @ Cincinnati Bengals,2026-10-04T17:00:00Z,2026-10-02T17:51+00:00
Brenton Strange,rec_yds,15.0,-513,Jacksonville Jaguars @ Cincinnati Bengals,2026-10-04T17:00:00Z,2026-10-02T17:51+00:00
Brenton Strange,rec_yds,25.0,-218,Jacksonville Jaguars @ Cincinnati Bengals,2026-10-04T17:00:00Z,2026-10-02T17:51+00:00
Brenton Strange,rec_yds,35.0,-113,Jacksonville Jaguars @ Cincinnati Bengals,2026-10-04T17:00:00Z,2026-10-02T17:51+00:00
Brenton Strange,rec_yds,40.0,117,Jacksonville Jaguars @ Cincinnati Bengals,2026-10-04T17:00:00Z,2026-10-02T17:51+00:00
Brenton Strange,rec_yds,50.0,197,Jacksonville Jaguars @ Cincinnati Bengals,2026-10-04T17:00:00Z,2026-10-02T17:51+00:00
Brenton Strange,rec_yds,60.0,320,Jacksonville Jaguars @ Cincinnati Bengals,2026-10-04T17:00:00Z,2026-10-02T17:51+00:00
Brenton Strange,rec_yds,70.0,513,Jacksonville Jaguars @ Cincinnati Bengals,2026-10-04T17:00:00Z,2026-10-02T17:51+00:00
Brenton Strange,rec_yds,80.0,800,Jacksonville Jaguars @ Cincinnati Bengals,2026-10-04T17:00:00Z,2026-10-02T17:51+00:00
Brenton Strange,rec_yds,90.0,1220,Jacksonville Jaguars @ Cincinnati Bengals,2026-10-04T17:00:00Z,2026-10-02T17:51+00:00
Brenton Strange,rec_yds,100.0,1820,Jacksonville Jaguars @ Cincinnati Bengals,2026-10-04T17:00:00Z,2026-10-02T17:51+00:00
Brenton Strange,rec_yds,110.0,2700,Jacksonville Jaguars @ Cincinnati Bengals,2026-10-04T17:00:00Z,2026-10-02T17:51+00:00
Brenton Strange,rec_yds,120.0,3700,Jacksonville Jaguars @ Cincinnati Bengals,2026-10-04T17:00:00Z,2026-10-02T17:51+00:00
Brian Thomas Jr,rec_yds,15.0,-281,Jacksonville Jaguars @ Cincinnati Bengals,2026-10-04T17:00:00Z,2026-10-02T17:51+00:00
Brian Thomas Jr,rec_yds,25.0,-130,Jacksonville Jaguars @ Cincinnati Bengals,2026-10-04T17:00:00Z,2026-10-02T17:51+00:00
Brian Thomas Jr,rec_yds,27.0,-115,Jacksonville Jaguars @ Cincinnati Bengals,2026-10-04T17:00:00Z,2026-10-02T17:51+00:00
Brian Thomas Jr,rec_yds,40.0,179,Jacksonville Jaguars @ Cincinnati Bengals,2026-10-04T17:00:00Z,2026-10-02T17:51+00:00
Brian Thomas Jr,rec_yds,50.0,295,Jacksonville Jaguars @ Cincinnati Bengals,2026-10-04T17:00:00Z,2026-10-02T17:51+00:00
Brian Thomas Jr,rec_yds,60.0,458,Jacksonville Jaguars @ Cincinnati Bengals,2026-10-04T17:00:00Z,2026-10-02T17:51+00:00
Brian Thomas Jr,rec_yds,70.0,720,Jacksonville Jaguars @ Cincinnati Bengals,2026-10-04T17:00:00Z,2026-10-02T17:51+00:00
Brian Thomas Jr,rec_yds,80.0,1100,Jacksonville Jaguars @ Cincinnati Bengals,2026-10-04T17:00:00Z,2026-10-02T17:51+00:00
Brian Thomas Jr,rec_yds,90.0,1640,Jacksonville Jaguars @ Cincinnati Bengals,2026-10-04T17:00:00Z,2026-10-02T17:51+00:00
Brian Thomas Jr,rec_yds,100.0,2300,Jacksonville Jaguars @ Cincinnati Bengals,2026-10-04T17:00:00Z,2026-10-02T17:51+00:00
Brian Thomas Jr,rec_yds,110.0,3300,Jacksonville Jaguars @ Cincinnati Bengals,2026-10-04T17:00:00Z,2026-10-02T17:51+00:00
Mike Gesicki,rec_yds,15.0,-322,Jacksonville Jaguars @ Cincinnati Bengals,2026-10-04T17:00:00Z,2026-10-02T17:51+00:00
Mike Gesicki,rec_yds,25.0,-145,Jacksonville Jaguars @ Cincinnati Bengals,2026-10-04T17:00:00Z,2026-10-02T17:51+00:00
Mike Gesicki,rec_yds,29.0,-112,Jacksonville Jaguars @ Cincinnati Bengals,2026-10-04T17:00:00Z,2026-10-02T17:51+00:00
Mike Gesicki,rec_yds,40.0,168,Jacksonville Jaguars @ Cincinnati Bengals,2026-10-04T17:00:00Z,2026-10-02T17:51+00:00
Mike Gesicki,rec_yds,50.0,288,Jacksonville Jaguars @ Cincinnati Bengals,2026-10-04T17:00:00Z,2026-10-02T17:51+00:00
Mike Gesicki,rec_yds,60.0,464,Jacksonville Jaguars @ Cincinnati Bengals,2026-10-04T17:00:00Z,2026-10-02T17:51+00:00
Mike Gesicki,rec_yds,70.0,750,Jacksonville Jaguars @ Cincinnati Bengals,2026-10-04T17:00:00Z,2026-10-02T17:51+00:00
Mike Gesicki,rec_yds,80.0,1200,Jacksonville Jaguars @ Cincinnati Bengals,2026-10-04T17:00:00Z,2026-10-02T17:51+00:00
Mike Gesicki,rec_yds,90.0,1840,Jacksonville Jaguars @ Cincinnati Bengals,2026-10-04T17:00:00Z,2026-10-02T17:51+00:00
Mike Gesicki,rec_yds,100.0,2700,Jacksonville Jaguars @ Cincinnati Bengals,2026-10-04T17:00:00Z,2026-10-02T17:51+00:00
Mike Gesicki,rec_yds,110.0,3700,Jacksonville Jaguars @ Cincinnati Bengals,2026-10-04T17:00:00Z,2026-10-02T17:51+00:00
Dohnte Meyers,rec_yds,15.0,-171,Jacksonville Jaguars @ Cincinnati Bengals,2026-10-04T17:00:00Z,2026-10-02T17:51+00:00
Dohnte Meyers,rec_yds,21.0,-111,Jacksonville Jaguars @ Cincinnati Bengals,2026-10-04T17:00:00Z,2026-10-02T17:51+00:00
Dohnte Meyers,rec_yds,25.0,116,Jacksonville Jaguars @ Cincinnati Bengals,2026-10-04T17:00:00Z,2026-10-02T17:51+00:00
Dohnte Meyers,rec_yds,40.0,270,Jacksonville Jaguars @ Cincinnati Bengals,2026-10-04T17:00:00Z,2026-10-02T17:51+00:00
Dohnte Meyers,rec_yds,50.0,448,Jacksonville Jaguars @ Cincinnati Bengals,2026-10-04T17:00:00Z,2026-10-02T17:51+00:00
Dohnte Meyers,rec_yds,60.0,710,Jacksonville Jaguars @ Cincinnati Bengals,2026-10-04T17:00:00Z,2026-10-02T17:51+00:00
Dohnte Meyers,rec_yds,70.0,1120,Jacksonville Jaguars @ Cincinnati Bengals,2026-10-04T17:00:00Z,2026-10-02T17:51+00:00
Dohnte Meyers,rec_yds,80.0,1700,Jacksonville Jaguars @ Cincinnati Bengals,2026-10-04T17:00:00Z,2026-10-02T17:51+00:00
Dohnte Meyers,rec_yds,90.0,2500,Jacksonville Jaguars @ Cincinnati Bengals,2026-10-04T17:00:00Z,2026-10-02T17:51+00:00
Dohnte Meyers,rec_yds,100.0,3600,Jacksonville Jaguars @ Cincinnati Bengals,2026-10-04T17:00:00Z,2026-10-02T17:51+00:00
Chase Brown,rec_yds,15.0,-188,Jacksonville Jaguars @ Cincinnati Bengals,2026-10-04T17:00:00Z,2026-10-02T17:51+00:00
Chase Brown,rec_yds,20.0,-112,Jacksonville Jaguars @ Cincinnati Bengals,2026-10-04T17:00:00Z,2026-10-02T17:51+00:00
Chase Brown,rec_yds,25.0,140,Jacksonville Jaguars @ Cincinnati Bengals,2026-10-04T17:00:00Z,2026-10-02T17:51+00:00
Chase Brown,rec_yds,40.0,430,Jacksonville Jaguars @ Cincinnati Bengals,2026-10-04T17:00:00Z,2026-10-02T17:51+00:00
Chase Brown,rec_yds,50.0,800,Jacksonville Jaguars @ Cincinnati Bengals,2026-10-04T17:00:00Z,2026-10-02T17:51+00:00
Chase Brown,rec_yds,60.0,1400,Jacksonville Jaguars @ Cincinnati Bengals,2026-10-04T17:00:00Z,2026-10-02T17:51+00:00
Chase Brown,rec_yds,70.0,2200,Jacksonville Jaguars @ Cincinnati Bengals,2026-10-04T17:00:00Z,2026-10-02T17:51+00:00
Chase Brown,rec_yds,80.0,3300,Jacksonville Jaguars @ Cincinnati Bengals,2026-10-04T17:00:00Z,2026-10-02T17:51+00:00
Bhayshul Tuten,rec_yds,11.0,-113,Jacksonville Jaguars @ Cincinnati Bengals,2026-10-04T17:00:00Z,2026-10-02T17:51+00:00
Bhayshul Tuten,rec_yds,15.0,139,Jacksonville Jaguars @ Cincinnati Bengals,2026-10-04T17:00:00Z,2026-10-02T17:51+00:00
Bhayshul Tuten,rec_yds,25.0,329,Jacksonville Jaguars @ Cincinnati Bengals,2026-10-04T17:00:00Z,2026-10-02T17:51+00:00
Bhayshul Tuten,rec_yds,40.0,960,Jacksonville Jaguars @ Cincinnati Bengals,2026-10-04T17:00:00Z,2026-10-02T17:51+00:00
Bhayshul Tuten,rec_yds,50.0,1660,Jacksonville Jaguars @ Cincinnati Bengals,2026-10-04T17:00:00Z,2026-10-02T17:51+00:00
Bhayshul Tuten,rec_yds,60.0,2600,Jacksonville Jaguars @ Cincinnati Bengals,2026-10-04T17:00:00Z,2026-10-02T17:51+00:00
Bhayshul Tuten,rec_yds,70.0,3700,Jacksonville Jaguars @ Cincinnati Bengals,2026-10-04T17:00:00Z,2026-10-02T17:51+00:00
Josh Cameron,rec_yds,10.0,-108,Jacksonville Jaguars @ Cincinnati Bengals,2026-10-04T17:00:00Z,2026-10-02T17:51+00:00
Josh Cameron,rec_yds,15.0,156,Jacksonville Jaguars @ Cincinnati Bengals,2026-10-04T17:00:00Z,2026-10-02T17:51+00:00
Josh Cameron,rec_yds,25.0,335,Jacksonville Jaguars @ Cincinnati Bengals,2026-10-04T17:00:00Z,2026-10-02T17:51+00:00
Josh Cameron,rec_yds,40.0,840,Jacksonville Jaguars @ Cincinnati Bengals,2026-10-04T17:00:00Z,2026-10-02T17:51+00:00
Josh Cameron,rec_yds,50.0,1460,Jacksonville Jaguars @ Cincinnati Bengals,2026-10-04T17:00:00Z,2026-10-02T17:51+00:00
Josh Cameron,rec_yds,60.0,2500,Jacksonville Jaguars @ Cincinnati Bengals,2026-10-04T17:00:00Z,2026-10-02T17:51+00:00
Josh Cameron,rec_yds,70.0,3800,Jacksonville Jaguars @ Cincinnati Bengals,2026-10-04T17:00:00Z,2026-10-02T17:51+00:00
Samaje Perine,rec_yds,10.0,-115,Jacksonville Jaguars @ Cincinnati Bengals,2026-10-04T17:00:00Z,2026-10-02T17:51+00:00
Samaje Perine,rec_yds,15.0,151,Jacksonville Jaguars @ Cincinnati Bengals,2026-10-04T17:00:00Z,2026-10-02T17:51+00:00
Samaje Perine,rec_yds,25.0,348,Jacksonville Jaguars @ Cincinnati Bengals,2026-10-04T17:00:00Z,2026-10-02T17:51+00:00
Samaje Perine,rec_yds,40.0,1040,Jacksonville Jaguars @ Cincinnati Bengals,2026-10-04T17:00:00Z,2026-10-02T17:51+00:00
Samaje Perine,rec_yds,50.0,1820,Jacksonville Jaguars @ Cincinnati Bengals,2026-10-04T17:00:00Z,2026-10-02T17:51+00:00
Samaje Perine,rec_yds,60.0,3000,Jacksonville Jaguars @ Cincinnati Bengals,2026-10-04T17:00:00Z,2026-10-02T17:51+00:00
Drew Sample,rec_yds,8.0,-108,Jacksonville Jaguars @ Cincinnati Bengals,2026-10-04T17:00:00Z,2026-10-02T17:51+00:00
Drew Sample,rec_yds,15.0,218,Jacksonville Jaguars @ Cincinnati Bengals,2026-10-04T17:00:00Z,2026-10-02T17:51+00:00
Drew Sample,rec_yds,25.0,500,Jacksonville Jaguars @ Cincinnati Bengals,2026-10-04T17:00:00Z,2026-10-02T17:51+00:00
Drew Sample,rec_yds,40.0,1520,Jacksonville Jaguars @ Cincinnati Bengals,2026-10-04T17:00:00Z,2026-10-02T17:51+00:00
Drew Sample,rec_yds,50.0,2400,Jacksonville Jaguars @ Cincinnati Bengals,2026-10-04T17:00:00Z,2026-10-02T17:51+00:00
Drew Sample,rec_yds,60.0,3600,Jacksonville Jaguars @ Cincinnati Bengals,2026-10-04T17:00:00Z,2026-10-02T17:51+00:00
Ja'Marr Chase,receptions,4.0,-1860,Jacksonville Jaguars @ Cincinnati Bengals,2026-10-04T17:00:00Z,2026-10-02T17:51+00:00
Ja'Marr Chase,receptions,5.0,-620,Jacksonville Jaguars @ Cincinnati Bengals,2026-10-04T17:00:00Z,2026-10-02T17:51+00:00
Ja'Marr Chase,receptions,6.0,-279,Jacksonville Jaguars @ Cincinnati Bengals,2026-10-04T17:00:00Z,2026-10-02T17:51+00:00
Ja'Marr Chase,receptions,7.0,-144,Jacksonville Jaguars @ Cincinnati Bengals,2026-10-04T17:00:00Z,2026-10-02T17:51+00:00
Ja'Marr Chase,receptions,8.0,126,Jacksonville Jaguars @ Cincinnati Bengals,2026-10-04T17:00:00Z,2026-10-02T17:51+00:00
Ja'Marr Chase,receptions,9.0,225,Jacksonville Jaguars @ Cincinnati Bengals,2026-10-04T17:00:00Z,2026-10-02T17:51+00:00
Ja'Marr Chase,receptions,10.0,391,Jacksonville Jaguars @ Cincinnati Bengals,2026-10-04T17:00:00Z,2026-10-02T17:51+00:00
Ja'Marr Chase,receptions,11.0,650,Jacksonville Jaguars @ Cincinnati Bengals,2026-10-04T17:00:00Z,2026-10-02T17:51+00:00
Ja'Marr Chase,receptions,12.0,1100,Jacksonville Jaguars @ Cincinnati Bengals,2026-10-04T17:00:00Z,2026-10-02T17:51+00:00
Ja'Marr Chase,receptions,13.0,1720,Jacksonville Jaguars @ Cincinnati Bengals,2026-10-04T17:00:00Z,2026-10-02T17:51+00:00
Ja'Marr Chase,receptions,14.0,2500,Jacksonville Jaguars @ Cincinnati Bengals,2026-10-04T17:00:00Z,2026-10-02T17:51+00:00
Parker Washington,receptions,3.0,-1320,Jacksonville Jaguars @ Cincinnati Bengals,2026-10-04T17:00:00Z,2026-10-02T17:51+00:00
Parker Washington,receptions,4.0,-441,Jacksonville Jaguars @ Cincinnati Bengals,2026-10-04T17:00:00Z,2026-10-02T17:51+00:00
Parker Washington,receptions,5.0,-189,Jacksonville Jaguars @ Cincinnati Bengals,2026-10-04T17:00:00Z,2026-10-02T17:51+00:00
Parker Washington,receptions,6.0,107,Jacksonville Jaguars @ Cincinnati Bengals,2026-10-04T17:00:00Z,2026-10-02T17:51+00:00
Parker Washington,receptions,7.0,207,Jacksonville Jaguars @ Cincinnati Bengals,2026-10-04T17:00:00Z,2026-10-02T17:51+00:00
Parker Washington,receptions,8.0,392,Jacksonville Jaguars @ Cincinnati Bengals,2026-10-04T17:00:00Z,2026-10-02T17:51+00:00
Parker Washington,receptions,9.0,720,Jacksonville Jaguars @ Cincinnati Bengals,2026-10-04T17:00:00Z,2026-10-02T17:51+00:00
Parker Washington,receptions,10.0,1280,Jacksonville Jaguars @ Cincinnati Bengals,2026-10-04T17:00:00Z,2026-10-02T17:51+00:00
Parker Washington,receptions,11.0,2100,Jacksonville Jaguars @ Cincinnati Bengals,2026-10-04T17:00:00Z,2026-10-02T17:51+00:00
Tee Higgins,receptions,2.0,-2600,Jacksonville Jaguars @ Cincinnati Bengals,2026-10-04T17:00:00Z,2026-10-02T17:51+00:00
Tee Higgins,receptions,3.0,-565,Jacksonville Jaguars @ Cincinnati Bengals,2026-10-04T17:00:00Z,2026-10-02T17:51+00:00
Tee Higgins,receptions,4.0,-214,Jacksonville Jaguars @ Cincinnati Bengals,2026-10-04T17:00:00Z,2026-10-02T17:51+00:00
Tee Higgins,receptions,5.0,105,Jacksonville Jaguars @ Cincinnati Bengals,2026-10-04T17:00:00Z,2026-10-02T17:51+00:00
Tee Higgins,receptions,6.0,209,Jacksonville Jaguars @ Cincinnati Bengals,2026-10-04T17:00:00Z,2026-10-02T17:51+00:00
Tee Higgins,receptions,7.0,427,Jacksonville Jaguars @ Cincinnati Bengals,2026-10-04T17:00:00Z,2026-10-02T17:51+00:00
Tee Higgins,receptions,8.0,810,Jacksonville Jaguars @ Cincinnati Bengals,2026-10-04T17:00:00Z,2026-10-02T17:51+00:00
Tee Higgins,receptions,9.0,1500,Jacksonville Jaguars @ Cincinnati Bengals,2026-10-04T17:00:00Z,2026-10-02T17:51+00:00
Tee Higgins,receptions,10.0,2500,Jacksonville Jaguars @ Cincinnati Bengals,2026-10-04T17:00:00Z,2026-10-02T17:51+00:00
Jakobi Meyers,receptions,2.0,-1240,Jacksonville Jaguars @ Cincinnati Bengals,2026-10-04T17:00:00Z,2026-10-02T17:51+00:00
Jakobi Meyers,receptions,3.0,-348,Jacksonville Jaguars @ Cincinnati Bengals,2026-10-04T17:00:00Z,2026-10-02T17:51+00:00
Jakobi Meyers,receptions,4.0,-135,Jacksonville Jaguars @ Cincinnati Bengals,2026-10-04T17:00:00Z,2026-10-02T17:51+00:00
Jakobi Meyers,receptions,5.0,161,Jacksonville Jaguars @ Cincinnati Bengals,2026-10-04T17:00:00Z,2026-10-02T17:51+00:00
Jakobi Meyers,receptions,6.0,336,Jacksonville Jaguars @ Cincinnati Bengals,2026-10-04T17:00:00Z,2026-10-02T17:51+00:00
Jakobi Meyers,receptions,7.0,670,Jacksonville Jaguars @ Cincinnati Bengals,2026-10-04T17:00:00Z,2026-10-02T17:51+00:00
Jakobi Meyers,receptions,8.0,1300,Jacksonville Jaguars @ Cincinnati Bengals,2026-10-04T17:00:00Z,2026-10-02T17:51+00:00
Jakobi Meyers,receptions,9.0,2300,Jacksonville Jaguars @ Cincinnati Bengals,2026-10-04T17:00:00Z,2026-10-02T17:51+00:00
Brenton Strange,receptions,2.0,-910,Jacksonville Jaguars @ Cincinnati Bengals,2026-10-04T17:00:00Z,2026-10-02T17:51+00:00
Brenton Strange,receptions,3.0,-268,Jacksonville Jaguars @ Cincinnati Bengals,2026-10-04T17:00:00Z,2026-10-02T17:51+00:00
Brenton Strange,receptions,4.0,-107,Jacksonville Jaguars @ Cincinnati Bengals,2026-10-04T17:00:00Z,2026-10-02T17:51+00:00
Brenton Strange,receptions,5.0,212,Jacksonville Jaguars @ Cincinnati Bengals,2026-10-04T17:00:00Z,2026-10-02T17:51+00:00
Brenton Strange,receptions,6.0,453,Jacksonville Jaguars @ Cincinnati Bengals,2026-10-04T17:00:00Z,2026-10-02T17:51+00:00
Brenton Strange,receptions,7.0,910,Jacksonville Jaguars @ Cincinnati Bengals,2026-10-04T17:00:00Z,2026-10-02T17:51+00:00
Brenton Strange,receptions,8.0,1680,Jacksonville Jaguars @ Cincinnati Bengals,2026-10-04T17:00:00Z,2026-10-02T17:51+00:00
Brenton Strange,receptions,9.0,2700,Jacksonville Jaguars @ Cincinnati Bengals,2026-10-04T17:00:00Z,2026-10-02T17:51+00:00
Chase Brown,receptions,2.0,-760,Jacksonville Jaguars @ Cincinnati Bengals,2026-10-04T17:00:00Z,2026-10-02T17:51+00:00
Chase Brown,receptions,3.0,-227,Jacksonville Jaguars @ Cincinnati Bengals,2026-10-04T17:00:00Z,2026-10-02T17:51+00:00
Chase Brown,receptions,4.0,108,Jacksonville Jaguars @ Cincinnati Bengals,2026-10-04T17:00:00Z,2026-10-02T17:51+00:00
Chase Brown,receptions,5.0,234,Jacksonville Jaguars @ Cincinnati Bengals,2026-10-04T17:00:00Z,2026-10-02T17:51+00:00
Chase Brown,receptions,6.0,471,Jacksonville Jaguars @ Cincinnati Bengals,2026-10-04T17:00:00Z,2026-10-02T17:51+00:00
Chase Brown,receptions,7.0,940,Jacksonville Jaguars @ Cincinnati Bengals,2026-10-04T17:00:00Z,2026-10-02T17:51+00:00
Chase Brown,receptions,8.0,1720,Jacksonville Jaguars @ Cincinnati Bengals,2026-10-04T17:00:00Z,2026-10-02T17:51+00:00
Chase Brown,receptions,9.0,2800,Jacksonville Jaguars @ Cincinnati Bengals,2026-10-04T17:00:00Z,2026-10-02T17:51+00:00
Mike Gesicki,receptions,2.0,-385,Jacksonville Jaguars @ Cincinnati Bengals,2026-10-04T17:00:00Z,2026-10-02T17:51+00:00
Mike Gesicki,receptions,3.0,-123,Jacksonville Jaguars @ Cincinnati Bengals,2026-10-04T17:00:00Z,2026-10-02T17:51+00:00
Mike Gesicki,receptions,4.0,204,Jacksonville Jaguars @ Cincinnati Bengals,2026-10-04T17:00:00Z,2026-10-02T17:51+00:00
Mike Gesicki,receptions,5.0,472,Jacksonville Jaguars @ Cincinnati Bengals,2026-10-04T17:00:00Z,2026-10-02T17:51+00:00
Mike Gesicki,receptions,6.0,1040,Jacksonville Jaguars @ Cincinnati Bengals,2026-10-04T17:00:00Z,2026-10-02T17:51+00:00
Mike Gesicki,receptions,7.0,1960,Jacksonville Jaguars @ Cincinnati Bengals,2026-10-04T17:00:00Z,2026-10-02T17:51+00:00
Brian Thomas Jr,receptions,2.0,-256,Jacksonville Jaguars @ Cincinnati Bengals,2026-10-04T17:00:00Z,2026-10-02T17:51+00:00
Brian Thomas Jr,receptions,3.0,120,Jacksonville Jaguars @ Cincinnati Bengals,2026-10-04T17:00:00Z,2026-10-02T17:51+00:00
Brian Thomas Jr,receptions,4.0,311,Jacksonville Jaguars @ Cincinnati Bengals,2026-10-04T17:00:00Z,2026-10-02T17:51+00:00
Brian Thomas Jr,receptions,5.0,740,Jacksonville Jaguars @ Cincinnati Bengals,2026-10-04T17:00:00Z,2026-10-02T17:51+00:00
Brian Thomas Jr,receptions,6.0,1580,Jacksonville Jaguars @ Cincinnati Bengals,2026-10-04T17:00:00Z,2026-10-02T17:51+00:00
Brian Thomas Jr,receptions,7.0,2700,Jacksonville Jaguars @ Cincinnati Bengals,2026-10-04T17:00:00Z,2026-10-02T17:51+00:00
Dohnte Meyers,receptions,2.0,-204,Jacksonville Jaguars @ Cincinnati Bengals,2026-10-04T17:00:00Z,2026-10-02T17:51+00:00
Dohnte Meyers,receptions,3.0,148,Jacksonville Jaguars @ Cincinnati Bengals,2026-10-04T17:00:00Z,2026-10-02T17:51+00:00
Dohnte Meyers,receptions,4.0,388,Jacksonville Jaguars @ Cincinnati Bengals,2026-10-04T17:00:00Z,2026-10-02T17:51+00:00
Dohnte Meyers,receptions,5.0,910,Jacksonville Jaguars @ Cincinnati Bengals,2026-10-04T17:00:00Z,2026-10-02T17:51+00:00
Dohnte Meyers,receptions,6.0,1860,Jacksonville Jaguars @ Cincinnati Bengals,2026-10-04T17:00:00Z,2026-10-02T17:51+00:00
Bhayshul Tuten,receptions,2.0,-151,Jacksonville Jaguars @ Cincinnati Bengals,2026-10-04T17:00:00Z,2026-10-02T17:51+00:00
Bhayshul Tuten,receptions,3.0,201,Jacksonville Jaguars @ Cincinnati Bengals,2026-10-04T17:00:00Z,2026-10-02T17:51+00:00
Bhayshul Tuten,receptions,4.0,538,Jacksonville Jaguars @ Cincinnati Bengals,2026-10-04T17:00:00Z,2026-10-02T17:51+00:00
Bhayshul Tuten,receptions,5.0,1300,Jacksonville Jaguars @ Cincinnati Bengals,2026-10-04T17:00:00Z,2026-10-02T17:51+00:00
Bhayshul Tuten,receptions,6.0,2500,Jacksonville Jaguars @ Cincinnati Bengals,2026-10-04T17:00:00Z,2026-10-02T17:51+00:00
Samaje Perine,receptions,2.0,-123,Jacksonville Jaguars @ Cincinnati Bengals,2026-10-04T17:00:00Z,2026-10-02T17:51+00:00
Samaje Perine,receptions,3.0,250,Jacksonville Jaguars @ Cincinnati Bengals,2026-10-04T17:00:00Z,2026-10-02T17:51+00:00
Samaje Perine,receptions,4.0,660,Jacksonville Jaguars @ Cincinnati Bengals,2026-10-04T17:00:00Z,2026-10-02T17:51+00:00
Samaje Perine,receptions,5.0,1580,Jacksonville Jaguars @ Cincinnati Bengals,2026-10-04T17:00:00Z,2026-10-02T17:51+00:00
Samaje Perine,receptions,6.0,2900,Jacksonville Jaguars @ Cincinnati Bengals,2026-10-04T17:00:00Z,2026-10-02T17:51+00:00
Drew Sample,receptions,2.0,117,Jacksonville Jaguars @ Cincinnati Bengals,2026-10-04T17:00:00Z,2026-10-02T17:51+00:00
Drew Sample,receptions,3.0,372,Jacksonville Jaguars @ Cincinnati Bengals,2026-10-04T17:00:00Z,2026-10-02T17:51+00:00
Drew Sample,receptions,4.0,1020,Jacksonville Jaguars @ Cincinnati Bengals,2026-10-04T17:00:00Z,2026-10-02T17:51+00:00
Drew Sample,receptions,5.0,2300,Jacksonville Jaguars @ Cincinnati Bengals,2026-10-04T17:00:00Z,2026-10-02T17:51+00:00
Josh Cameron,receptions,2.0,157,Jacksonville Jaguars @ Cincinnati Bengals,2026-10-04T17:00:00Z,2026-10-02T17:51+00:00
Josh Cameron,receptions,3.0,519,Jacksonville Jaguars @ Cincinnati Bengals,2026-10-04T17:00:00Z,2026-10-02T17:51+00:00
Josh Cameron,receptions,4.0,1480,Jacksonville Jaguars @ Cincinnati Bengals,2026-10-04T17:00:00Z,2026-10-02T17:51+00:00
Josh Cameron,receptions,5.0,2900,Jacksonville Jaguars @ Cincinnati Bengals,2026-10-04T17:00:00Z,2026-10-02T17:51+00:00
Chase Brown,rush_att,10.0,-2400,Jacksonville Jaguars @ Cincinnati Bengals,2026-10-04T17:00:00Z,2026-10-02T17:51+00:00
Chase Brown,rush_att,12.0,-740,Jacksonville Jaguars @ Cincinnati Bengals,2026-10-04T17:00:00Z,2026-10-02T17:51+00:00
Chase Brown,rush_att,14.0,-318,Jacksonville Jaguars @ Cincinnati Bengals,2026-10-04T17:00:00Z,2026-10-02T17:51+00:00
Chase Brown,rush_att,16.0,-156,Jacksonville Jaguars @ Cincinnati Bengals,2026-10-04T17:00:00Z,2026-10-02T17:51+00:00
Chase Brown,rush_att,17.0,-114,Jacksonville Jaguars @ Cincinnati Bengals,2026-10-04T17:00:00Z,2026-10-02T17:51+00:00
Chase Brown,rush_att,18.0,121,Jacksonville Jaguars @ Cincinnati Bengals,2026-10-04T17:00:00Z,2026-10-02T17:51+00:00
Chase Brown,rush_att,20.0,227,Jacksonville Jaguars @ Cincinnati Bengals,2026-10-04T17:00:00Z,2026-10-02T17:51+00:00
Chase Brown,rush_att,22.0,427,Jacksonville Jaguars @ Cincinnati Bengals,2026-10-04T17:00:00Z,2026-10-02T17:51+00:00
Chase Brown,rush_att,24.0,810,Jacksonville Jaguars @ Cincinnati Bengals,2026-10-04T17:00:00Z,2026-10-02T17:51+00:00
Chase Brown,rush_att,26.0,1500,Jacksonville Jaguars @ Cincinnati Bengals,2026-10-04T17:00:00Z,2026-10-02T17:51+00:00
Bhayshul Tuten,rush_att,8.0,-1220,Jacksonville Jaguars @ Cincinnati Bengals,2026-10-04T17:00:00Z,2026-10-02T17:51+00:00
Bhayshul Tuten,rush_att,10.0,-409,Jacksonville Jaguars @ Cincinnati Bengals,2026-10-04T17:00:00Z,2026-10-02T17:51+00:00
Bhayshul Tuten,rush_att,12.0,-178,Jacksonville Jaguars @ Cincinnati Bengals,2026-10-04T17:00:00Z,2026-10-02T17:51+00:00
Bhayshul Tuten,rush_att,13.0,-122,Jacksonville Jaguars @ Cincinnati Bengals,2026-10-04T17:00:00Z,2026-10-02T17:51+00:00
Bhayshul Tuten,rush_att,14.0,115,Jacksonville Jaguars @ Cincinnati Bengals,2026-10-04T17:00:00Z,2026-10-02T17:51+00:00
Bhayshul Tuten,rush_att,16.0,226,Jacksonville Jaguars @ Cincinnati Bengals,2026-10-04T17:00:00Z,2026-10-02T17:51+00:00
Bhayshul Tuten,rush_att,18.0,450,Jacksonville Jaguars @ Cincinnati Bengals,2026-10-04T17:00:00Z,2026-10-02T17:51+00:00
Bhayshul Tuten,rush_att,20.0,890,Jacksonville Jaguars @ Cincinnati Bengals,2026-10-04T17:00:00Z,2026-10-02T17:51+00:00
Bhayshul Tuten,rush_att,22.0,1680,Jacksonville Jaguars @ Cincinnati Bengals,2026-10-04T17:00:00Z,2026-10-02T17:51+00:00
Trevor Lawrence,rush_att,2.0,-770,Jacksonville Jaguars @ Cincinnati Bengals,2026-10-04T17:00:00Z,2026-10-02T17:51+00:00
Trevor Lawrence,rush_att,4.0,-108,Jacksonville Jaguars @ Cincinnati Bengals,2026-10-04T17:00:00Z,2026-10-02T17:51+00:00
Trevor Lawrence,rush_att,6.0,366,Jacksonville Jaguars @ Cincinnati Bengals,2026-10-04T17:00:00Z,2026-10-02T17:51+00:00
Trevor Lawrence,rush_att,8.0,1260,Jacksonville Jaguars @ Cincinnati Bengals,2026-10-04T17:00:00Z,2026-10-02T17:51+00:00
Chase Brown,rush_yds,25.0,-1660,Jacksonville Jaguars @ Cincinnati Bengals,2026-10-04T17:00:00Z,2026-10-02T17:51+00:00
Chase Brown,rush_yds,30.0,-910,Jacksonville Jaguars @ Cincinnati Bengals,2026-10-04T17:00:00Z,2026-10-02T17:51+00:00
Chase Brown,rush_yds,40.0,-388,Jacksonville Jaguars @ Cincinnati Bengals,2026-10-04T17:00:00Z,2026-10-02T17:51+00:00
Chase Brown,rush_yds,50.0,-196,Jacksonville Jaguars @ Cincinnati Bengals,2026-10-04T17:00:00Z,2026-10-02T17:51+00:00
Chase Brown,rush_yds,60.0,-113,Jacksonville Jaguars @ Cincinnati Bengals,2026-10-04T17:00:00Z,2026-10-02T17:51+00:00
Chase Brown,rush_yds,70.0,144,Jacksonville Jaguars @ Cincinnati Bengals,2026-10-04T17:00:00Z,2026-10-02T17:51+00:00
Chase Brown,rush_yds,80.0,225,Jacksonville Jaguars @ Cincinnati Bengals,2026-10-04T17:00:00Z,2026-10-02T17:51+00:00
Chase Brown,rush_yds,90.0,350,Jacksonville Jaguars @ Cincinnati Bengals,2026-10-04T17:00:00Z,2026-10-02T17:51+00:00
Chase Brown,rush_yds,100.0,524,Jacksonville Jaguars @ Cincinnati Bengals,2026-10-04T17:00:00Z,2026-10-02T17:51+00:00
Chase Brown,rush_yds,110.0,770,Jacksonville Jaguars @ Cincinnati Bengals,2026-10-04T17:00:00Z,2026-10-02T17:51+00:00
Chase Brown,rush_yds,120.0,1120,Jacksonville Jaguars @ Cincinnati Bengals,2026-10-04T17:00:00Z,2026-10-02T17:51+00:00
Chase Brown,rush_yds,130.0,1620,Jacksonville Jaguars @ Cincinnati Bengals,2026-10-04T17:00:00Z,2026-10-02T17:51+00:00
Chase Brown,rush_yds,140.0,2300,Jacksonville Jaguars @ Cincinnati Bengals,2026-10-04T17:00:00Z,2026-10-02T17:51+00:00
Chase Brown,rush_yds,150.0,3100,Jacksonville Jaguars @ Cincinnati Bengals,2026-10-04T17:00:00Z,2026-10-02T17:51+00:00
Bhayshul Tuten,rush_yds,20.0,-2200,Jacksonville Jaguars @ Cincinnati Bengals,2026-10-04T17:00:00Z,2026-10-02T17:51+00:00
Bhayshul Tuten,rush_yds,25.0,-1060,Jacksonville Jaguars @ Cincinnati Bengals,2026-10-04T17:00:00Z,2026-10-02T17:51+00:00
Bhayshul Tuten,rush_yds,30.0,-630,Jacksonville Jaguars @ Cincinnati Bengals,2026-10-04T17:00:00Z,2026-10-02T17:51+00:00
Bhayshul Tuten,rush_yds,40.0,-274,Jacksonville Jaguars @ Cincinnati Bengals,2026-10-04T17:00:00Z,2026-10-02T17:51+00:00
Bhayshul Tuten,rush_yds,50.0,-140,Jacksonville Jaguars @ Cincinnati Bengals,2026-10-04T17:00:00Z,2026-10-02T17:51+00:00
Bhayshul Tuten,rush_yds,54.0,-112,Jacksonville Jaguars @ Cincinnati Bengals,2026-10-04T17:00:00Z,2026-10-02T17:51+00:00
Bhayshul Tuten,rush_yds,60.0,123,Jacksonville Jaguars @ Cincinnati Bengals,2026-10-04T17:00:00Z,2026-10-02T17:51+00:00
Bhayshul Tuten,rush_yds,70.0,200,Jacksonville Jaguars @ Cincinnati Bengals,2026-10-04T17:00:00Z,2026-10-02T17:51+00:00
Bhayshul Tuten,rush_yds,80.0,315,Jacksonville Jaguars @ Cincinnati Bengals,2026-10-04T17:00:00Z,2026-10-02T17:51+00:00
Bhayshul Tuten,rush_yds,90.0,487,Jacksonville Jaguars @ Cincinnati Bengals,2026-10-04T17:00:00Z,2026-10-02T17:51+00:00
Bhayshul Tuten,rush_yds,100.0,740,Jacksonville Jaguars @ Cincinnati Bengals,2026-10-04T17:00:00Z,2026-10-02T17:51+00:00
Bhayshul Tuten,rush_yds,110.0,1140,Jacksonville Jaguars @ Cincinnati Bengals,2026-10-04T17:00:00Z,2026-10-02T17:51+00:00
Bhayshul Tuten,rush_yds,120.0,1620,Jacksonville Jaguars @ Cincinnati Bengals,2026-10-04T17:00:00Z,2026-10-02T17:51+00:00
Bhayshul Tuten,rush_yds,130.0,2300,Jacksonville Jaguars @ Cincinnati Bengals,2026-10-04T17:00:00Z,2026-10-02T17:51+00:00
Bhayshul Tuten,rush_yds,140.0,3200,Jacksonville Jaguars @ Cincinnati Bengals,2026-10-04T17:00:00Z,2026-10-02T17:51+00:00
Chris Rodriguez Jr.,rush_yds,10.0,-390,Jacksonville Jaguars @ Cincinnati Bengals,2026-10-04T17:00:00Z,2026-10-02T17:51+00:00
Chris Rodriguez Jr.,rush_yds,15.0,-197,Jacksonville Jaguars @ Cincinnati Bengals,2026-10-04T17:00:00Z,2026-10-02T17:51+00:00
Chris Rodriguez Jr.,rush_yds,20.0,-113,Jacksonville Jaguars @ Cincinnati Bengals,2026-10-04T17:00:00Z,2026-10-02T17:51+00:00
Chris Rodriguez Jr.,rush_yds,25.0,138,Jacksonville Jaguars @ Cincinnati Bengals,2026-10-04T17:00:00Z,2026-10-02T17:51+00:00
Chris Rodriguez Jr.,rush_yds,30.0,208,Jacksonville Jaguars @ Cincinnati Bengals,2026-10-04T17:00:00Z,2026-10-02T17:51+00:00
Chris Rodriguez Jr.,rush_yds,40.0,426,Jacksonville Jaguars @ Cincinnati Bengals,2026-10-04T17:00:00Z,2026-10-02T17:51+00:00
Chris Rodriguez Jr.,rush_yds,50.0,770,Jacksonville Jaguars @ Cincinnati Bengals,2026-10-04T17:00:00Z,2026-10-02T17:51+00:00
Chris Rodriguez Jr.,rush_yds,60.0,1300,Jacksonville Jaguars @ Cincinnati Bengals,2026-10-04T17:00:00Z,2026-10-02T17:51+00:00
Chris Rodriguez Jr.,rush_yds,70.0,2100,Jacksonville Jaguars @ Cincinnati Bengals,2026-10-04T17:00:00Z,2026-10-02T17:51+00:00
Chris Rodriguez Jr.,rush_yds,80.0,3200,Jacksonville Jaguars @ Cincinnati Bengals,2026-10-04T17:00:00Z,2026-10-02T17:51+00:00
Samaje Perine,rush_yds,10.0,-239,Jacksonville Jaguars @ Cincinnati Bengals,2026-10-04T17:00:00Z,2026-10-02T17:51+00:00
Samaje Perine,rush_yds,15.0,-120,Jacksonville Jaguars @ Cincinnati Bengals,2026-10-04T17:00:00Z,2026-10-02T17:51+00:00
Samaje Perine,rush_yds,16.0,-107,Jacksonville Jaguars @ Cincinnati Bengals,2026-10-04T17:00:00Z,2026-10-02T17:51+00:00
Samaje Perine,rush_yds,20.0,142,Jacksonville Jaguars @ Cincinnati Bengals,2026-10-04T17:00:00Z,2026-10-02T17:51+00:00
Samaje Perine,rush_yds,25.0,227,Jacksonville Jaguars @ Cincinnati Bengals,2026-10-04T17:00:00Z,2026-10-02T17:51+00:00
Samaje Perine,rush_yds,30.0,345,Jacksonville Jaguars @ Cincinnati Bengals,2026-10-04T17:00:00Z,2026-10-02T17:51+00:00
Samaje Perine,rush_yds,40.0,710,Jacksonville Jaguars @ Cincinnati Bengals,2026-10-04T17:00:00Z,2026-10-02T17:51+00:00
Samaje Perine,rush_yds,50.0,1240,Jacksonville Jaguars @ Cincinnati Bengals,2026-10-04T17:00:00Z,2026-10-02T17:51+00:00
Samaje Perine,rush_yds,60.0,2100,Jacksonville Jaguars @ Cincinnati Bengals,2026-10-04T17:00:00Z,2026-10-02T17:51+00:00
Samaje Perine,rush_yds,70.0,3000,Jacksonville Jaguars @ Cincinnati Bengals,2026-10-04T17:00:00Z,2026-10-02T17:51+00:00
Trevor Lawrence,rush_yds,10.0,-204,Jacksonville Jaguars @ Cincinnati Bengals,2026-10-04T17:00:00Z,2026-10-02T17:51+00:00
Trevor Lawrence,rush_yds,15.0,-105,Jacksonville Jaguars @ Cincinnati Bengals,2026-10-04T17:00:00Z,2026-10-02T17:51+00:00
Trevor Lawrence,rush_yds,20.0,168,Jacksonville Jaguars @ Cincinnati Bengals,2026-10-04T17:00:00Z,2026-10-02T17:51+00:00
Trevor Lawrence,rush_yds,25.0,275,Jacksonville Jaguars @ Cincinnati Bengals,2026-10-04T17:00:00Z,2026-10-02T17:51+00:00
Trevor Lawrence,rush_yds,30.0,431,Jacksonville Jaguars @ Cincinnati Bengals,2026-10-04T17:00:00Z,2026-10-02T17:51+00:00
Trevor Lawrence,rush_yds,40.0,960,Jacksonville Jaguars @ Cincinnati Bengals,2026-10-04T17:00:00Z,2026-10-02T17:51+00:00
Trevor Lawrence,rush_yds,50.0,1780,Jacksonville Jaguars @ Cincinnati Bengals,2026-10-04T17:00:00Z,2026-10-02T17:51+00:00
Trevor Lawrence,rush_yds,60.0,2900,Jacksonville Jaguars @ Cincinnati Bengals,2026-10-04T17:00:00Z,2026-10-02T17:51+00:00
Joe Burrow,rush_yds,9.0,-116,Jacksonville Jaguars @ Cincinnati Bengals,2026-10-04T17:00:00Z,2026-10-02T17:51+00:00
Joe Burrow,rush_yds,10.0,-101,Jacksonville Jaguars @ Cincinnati Bengals,2026-10-04T17:00:00Z,2026-10-02T17:51+00:00
Joe Burrow,rush_yds,15.0,177,Jacksonville Jaguars @ Cincinnati Bengals,2026-10-04T17:00:00Z,2026-10-02T17:51+00:00
Joe Burrow,rush_yds,20.0,283,Jacksonville Jaguars @ Cincinnati Bengals,2026-10-04T17:00:00Z,2026-10-02T17:51+00:00
Joe Burrow,rush_yds,25.0,446,Jacksonville Jaguars @ Cincinnati Bengals,2026-10-04T17:00:00Z,2026-10-02T17:51+00:00
Joe Burrow,rush_yds,30.0,680,Jacksonville Jaguars @ Cincinnati Bengals,2026-10-04T17:00:00Z,2026-10-02T17:51+00:00
Joe Burrow,rush_yds,40.0,1560,Jacksonville Jaguars @ Cincinnati Bengals,2026-10-04T17:00:00Z,2026-10-02T17:51+00:00
Joe Burrow,rush_yds,50.0,3000,Jacksonville Jaguars @ Cincinnati Bengals,2026-10-04T17:00:00Z,2026-10-02T17:51+00:00
Dak Prescott,pass_att,28.0,-1240,Dallas Cowboys @ Houston Texans,2026-10-04T17:00:00Z,2026-10-02T17:51+00:00
Dak Prescott,pass_att,30.0,-580,Dallas Cowboys @ Houston Texans,2026-10-04T17:00:00Z,2026-10-02T17:51+00:00
Dak Prescott,pass_att,32.0,-313,Dallas Cowboys @ Houston Texans,2026-10-04T17:00:00Z,2026-10-02T17:51+00:00
Dak Prescott,pass_att,34.0,-178,Dallas Cowboys @ Houston Texans,2026-10-04T17:00:00Z,2026-10-02T17:51+00:00
Dak Prescott,pass_att,36.0,-107,Dallas Cowboys @ Houston Texans,2026-10-04T17:00:00Z,2026-10-02T17:51+00:00
Dak Prescott,pass_att,38.0,149,Dallas Cowboys @ Houston Texans,2026-10-04T17:00:00Z,2026-10-02T17:51+00:00
Dak Prescott,pass_att,40.0,237,Dallas Cowboys @ Houston Texans,2026-10-04T17:00:00Z,2026-10-02T17:51+00:00
Dak Prescott,pass_att,42.0,372,Dallas Cowboys @ Houston Texans,2026-10-04T17:00:00Z,2026-10-02T17:51+00:00
Dak Prescott,pass_att,44.0,580,Dallas Cowboys @ Houston Texans,2026-10-04T17:00:00Z,2026-10-02T17:51+00:00
Dak Prescott,pass_att,46.0,920,Dallas Cowboys @ Houston Texans,2026-10-04T17:00:00Z,2026-10-02T17:51+00:00
Dak Prescott,pass_att,48.0,1400,Dallas Cowboys @ Houston Texans,2026-10-04T17:00:00Z,2026-10-02T17:51+00:00
C.J. Stroud,pass_att,24.0,-2900,Dallas Cowboys @ Houston Texans,2026-10-04T17:00:00Z,2026-10-02T17:51+00:00
C.J. Stroud,pass_att,26.0,-1040,Dallas Cowboys @ Houston Texans,2026-10-04T17:00:00Z,2026-10-02T17:51+00:00
C.J. Stroud,pass_att,28.0,-468,Dallas Cowboys @ Houston Texans,2026-10-04T17:00:00Z,2026-10-02T17:51+00:00
C.J. Stroud,pass_att,30.0,-251,Dallas Cowboys @ Houston Texans,2026-10-04T17:00:00Z,2026-10-02T17:51+00:00
C.J. Stroud,pass_att,32.0,-144,Dallas Cowboys @ Houston Texans,2026-10-04T17:00:00Z,2026-10-02T17:51+00:00
C.J. Stroud,pass_att,33.0,-112,Dallas Cowboys @ Houston Texans,2026-10-04T17:00:00Z,2026-10-02T17:51+00:00
C.J. Stroud,pass_att,34.0,115,Dallas Cowboys @ Houston Texans,2026-10-04T17:00:00Z,2026-10-02T17:51+00:00
C.J. Stroud,pass_att,36.0,188,Dallas Cowboys @ Houston Texans,2026-10-04T17:00:00Z,2026-10-02T17:51+00:00
C.J. Stroud,pass_att,38.0,301,Dallas Cowboys @ Houston Texans,2026-10-04T17:00:00Z,2026-10-02T17:51+00:00
C.J. Stroud,pass_att,40.0,474,Dallas Cowboys @ Houston Texans,2026-10-04T17:00:00Z,2026-10-02T17:51+00:00
C.J. Stroud,pass_att,42.0,740,Dallas Cowboys @ Houston Texans,2026-10-04T17:00:00Z,2026-10-02T17:51+00:00
C.J. Stroud,pass_att,44.0,1140,Dallas Cowboys @ Houston Texans,2026-10-04T17:00:00Z,2026-10-02T17:51+00:00
C.J. Stroud,pass_att,46.0,1700,Dallas Cowboys @ Houston Texans,2026-10-04T17:00:00Z,2026-10-02T17:51+00:00
Dak Prescott,pass_cmps,18.0,-1820,Dallas Cowboys @ Houston Texans,2026-10-04T17:00:00Z,2026-10-02T17:51+00:00
Dak Prescott,pass_cmps,20.0,-640,Dallas Cowboys @ Houston Texans,2026-10-04T17:00:00Z,2026-10-02T17:51+00:00
Dak Prescott,pass_cmps,22.0,-295,Dallas Cowboys @ Houston Texans,2026-10-04T17:00:00Z,2026-10-02T17:51+00:00
Dak Prescott,pass_cmps,24.0,-150,Dallas Cowboys @ Houston Texans,2026-10-04T17:00:00Z,2026-10-02T17:51+00:00
Dak Prescott,pass_cmps,25.0,-108,Dallas Cowboys @ Houston Texans,2026-10-04T17:00:00Z,2026-10-02T17:51+00:00
Dak Prescott,pass_cmps,26.0,125,Dallas Cowboys @ Houston Texans,2026-10-04T17:00:00Z,2026-10-02T17:51+00:00
Dak Prescott,pass_cmps,28.0,229,Dallas Cowboys @ Houston Texans,2026-10-04T17:00:00Z,2026-10-02T17:51+00:00
Dak Prescott,pass_cmps,30.0,419,Dallas Cowboys @ Houston Texans,2026-10-04T17:00:00Z,2026-10-02T17:51+00:00
Dak Prescott,pass_cmps,32.0,750,Dallas Cowboys @ Houston Texans,2026-10-04T17:00:00Z,2026-10-02T17:51+00:00
Dak Prescott,pass_cmps,34.0,1240,Dallas Cowboys @ Houston Texans,2026-10-04T17:00:00Z,2026-10-02T17:51+00:00
C.J. Stroud,pass_cmps,16.0,-1560,Dallas Cowboys @ Houston Texans,2026-10-04T17:00:00Z,2026-10-02T17:51+00:00
C.J. Stroud,pass_cmps,18.0,-523,Dallas Cowboys @ Houston Texans,2026-10-04T17:00:00Z,2026-10-02T17:51+00:00
C.J. Stroud,pass_cmps,20.0,-229,Dallas Cowboys @ Houston Texans,2026-10-04T17:00:00Z,2026-10-02T17:51+00:00
C.J. Stroud,pass_cmps,22.0,-110,Dallas Cowboys @ Houston Texans,2026-10-04T17:00:00Z,2026-10-02T17:51+00:00
C.J. Stroud,pass_cmps,24.0,186,Dallas Cowboys @ Houston Texans,2026-10-04T17:00:00Z,2026-10-02T17:51+00:00
C.J. Stroud,pass_cmps,26.0,360,Dallas Cowboys @ Houston Texans,2026-10-04T17:00:00Z,2026-10-02T17:51+00:00
C.J. Stroud,pass_cmps,28.0,700,Dallas Cowboys @ Houston Texans,2026-10-04T17:00:00Z,2026-10-02T17:51+00:00
C.J. Stroud,pass_cmps,30.0,1280,Dallas Cowboys @ Houston Texans,2026-10-04T17:00:00Z,2026-10-02T17:51+00:00
Dak Prescott,pass_yds,180.0,-1440,Dallas Cowboys @ Houston Texans,2026-10-04T17:00:00Z,2026-10-02T17:51+00:00
Dak Prescott,pass_yds,190.0,-980,Dallas Cowboys @ Houston Texans,2026-10-04T17:00:00Z,2026-10-02T17:51+00:00
Dak Prescott,pass_yds,200.0,-690,Dallas Cowboys @ Houston Texans,2026-10-04T17:00:00Z,2026-10-02T17:51+00:00
Dak Prescott,pass_yds,210.0,-505,Dallas Cowboys @ Houston Texans,2026-10-04T17:00:00Z,2026-10-02T17:51+00:00
Dak Prescott,pass_yds,220.0,-376,Dallas Cowboys @ Houston Texans,2026-10-04T17:00:00Z,2026-10-02T17:51+00:00
Dak Prescott,pass_yds,230.0,-282,Dallas Cowboys @ Houston Texans,2026-10-04T17:00:00Z,2026-10-02T17:51+00:00
Dak Prescott,pass_yds,240.0,-216,Dallas Cowboys @ Houston Texans,2026-10-04T17:00:00Z,2026-10-02T17:51+00:00
Dak Prescott,pass_yds,250.0,-169,Dallas Cowboys @ Houston Texans,2026-10-04T17:00:00Z,2026-10-02T17:51+00:00
Dak Prescott,pass_yds,260.0,-132,Dallas Cowboys @ Houston Texans,2026-10-04T17:00:00Z,2026-10-02T17:51+00:00
Dak Prescott,pass_yds,267.0,-112,Dallas Cowboys @ Houston Texans,2026-10-04T17:00:00Z,2026-10-02T17:51+00:00
Dak Prescott,pass_yds,270.0,-104,Dallas Cowboys @ Houston Texans,2026-10-04T17:00:00Z,2026-10-02T17:51+00:00
Dak Prescott,pass_yds,280.0,122,Dallas Cowboys @ Houston Texans,2026-10-04T17:00:00Z,2026-10-02T17:51+00:00
Dak Prescott,pass_yds,290.0,154,Dallas Cowboys @ Houston Texans,2026-10-04T17:00:00Z,2026-10-02T17:51+00:00
Dak Prescott,pass_yds,300.0,193,Dallas Cowboys @ Houston Texans,2026-10-04T17:00:00Z,2026-10-02T17:51+00:00
Dak Prescott,pass_yds,310.0,239,Dallas Cowboys @ Houston Texans,2026-10-04T17:00:00Z,2026-10-02T17:51+00:00
Dak Prescott,pass_yds,320.0,300,Dallas Cowboys @ Houston Texans,2026-10-04T17:00:00Z,2026-10-02T17:51+00:00
Dak Prescott,pass_yds,330.0,384,Dallas Cowboys @ Houston Texans,2026-10-04T17:00:00Z,2026-10-02T17:51+00:00
Dak Prescott,pass_yds,340.0,481,Dallas Cowboys @ Houston Texans,2026-10-04T17:00:00Z,2026-10-02T17:51+00:00
Dak Prescott,pass_yds,350.0,620,Dallas Cowboys @ Houston Texans,2026-10-04T17:00:00Z,2026-10-02T17:51+00:00
Dak Prescott,pass_yds,360.0,790,Dallas Cowboys @ Houston Texans,2026-10-04T17:00:00Z,2026-10-02T17:51+00:00
Dak Prescott,pass_yds,370.0,1020,Dallas Cowboys @ Houston Texans,2026-10-04T17:00:00Z,2026-10-02T17:51+00:00
Dak Prescott,pass_yds,380.0,1280,Dallas Cowboys @ Houston Texans,2026-10-04T17:00:00Z,2026-10-02T17:51+00:00
Dak Prescott,pass_yds,390.0,1600,Dallas Cowboys @ Houston Texans,2026-10-04T17:00:00Z,2026-10-02T17:51+00:00
Dak Prescott,pass_yds,400.0,1940,Dallas Cowboys @ Houston Texans,2026-10-04T17:00:00Z,2026-10-02T17:51+00:00
Dak Prescott,pass_yds,410.0,2300,Dallas Cowboys @ Houston Texans,2026-10-04T17:00:00Z,2026-10-02T17:51+00:00
Dak Prescott,pass_yds,420.0,2900,Dallas Cowboys @ Houston Texans,2026-10-04T17:00:00Z,2026-10-02T17:51+00:00
Dak Prescott,pass_yds,430.0,3500,Dallas Cowboys @ Houston Texans,2026-10-04T17:00:00Z,2026-10-02T17:51+00:00
C.J. Stroud,pass_yds,160.0,-1520,Dallas Cowboys @ Houston Texans,2026-10-04T17:00:00Z,2026-10-02T17:51+00:00
C.J. Stroud,pass_yds,170.0,-1020,Dallas Cowboys @ Houston Texans,2026-10-04T17:00:00Z,2026-10-02T17:51+00:00
C.J. Stroud,pass_yds,180.0,-720,Dallas Cowboys @ Houston Texans,2026-10-04T17:00:00Z,2026-10-02T17:51+00:00
C.J. Stroud,pass_yds,190.0,-520,Dallas Cowboys @ Houston Texans,2026-10-04T17:00:00Z,2026-10-02T17:51+00:00
C.J. Stroud,pass_yds,200.0,-380,Dallas Cowboys @ Houston Texans,2026-10-04T17:00:00Z,2026-10-02T17:51+00:00
C.J. Stroud,pass_yds,210.0,-283,Dallas Cowboys @ Houston Texans,2026-10-04T17:00:00Z,2026-10-02T17:51+00:00
C.J. Stroud,pass_yds,220.0,-216,Dallas Cowboys @ Houston Texans,2026-10-04T17:00:00Z,2026-10-02T17:51+00:00
C.J. Stroud,pass_yds,230.0,-168,Dallas Cowboys @ Houston Texans,2026-10-04T17:00:00Z,2026-10-02T17:51+00:00
C.J. Stroud,pass_yds,240.0,-130,Dallas Cowboys @ Houston Texans,2026-10-04T17:00:00Z,2026-10-02T17:51+00:00
C.J. Stroud,pass_yds,246.0,-111,Dallas Cowboys @ Houston Texans,2026-10-04T17:00:00Z,2026-10-02T17:51+00:00
C.J. Stroud,pass_yds,250.0,-101,Dallas Cowboys @ Houston Texans,2026-10-04T17:00:00Z,2026-10-02T17:51+00:00
C.J. Stroud,pass_yds,260.0,126,Dallas Cowboys @ Houston Texans,2026-10-04T17:00:00Z,2026-10-02T17:51+00:00
C.J. Stroud,pass_yds,270.0,161,Dallas Cowboys @ Houston Texans,2026-10-04T17:00:00Z,2026-10-02T17:51+00:00
C.J. Stroud,pass_yds,280.0,202,Dallas Cowboys @ Houston Texans,2026-10-04T17:00:00Z,2026-10-02T17:51+00:00
C.J. Stroud,pass_yds,290.0,255,Dallas Cowboys @ Houston Texans,2026-10-04T17:00:00Z,2026-10-02T17:51+00:00
C.J. Stroud,pass_yds,300.0,323,Dallas Cowboys @ Houston Texans,2026-10-04T17:00:00Z,2026-10-02T17:51+00:00
C.J. Stroud,pass_yds,310.0,410,Dallas Cowboys @ Houston Texans,2026-10-04T17:00:00Z,2026-10-02T17:51+00:00
C.J. Stroud,pass_yds,320.0,515,Dallas Cowboys @ Houston Texans,2026-10-04T17:00:00Z,2026-10-02T17:51+00:00
C.J. Stroud,pass_yds,330.0,660,Dallas Cowboys @ Houston Texans,2026-10-04T17:00:00Z,2026-10-02T17:51+00:00
C.J. Stroud,pass_yds,340.0,830,Dallas Cowboys @ Houston Texans,2026-10-04T17:00:00Z,2026-10-02T17:51+00:00
C.J. Stroud,pass_yds,350.0,1040,Dallas Cowboys @ Houston Texans,2026-10-04T17:00:00Z,2026-10-02T17:51+00:00
C.J. Stroud,pass_yds,360.0,1320,Dallas Cowboys @ Houston Texans,2026-10-04T17:00:00Z,2026-10-02T17:51+00:00
C.J. Stroud,pass_yds,370.0,1680,Dallas Cowboys @ Houston Texans,2026-10-04T17:00:00Z,2026-10-02T17:51+00:00
C.J. Stroud,pass_yds,380.0,2100,Dallas Cowboys @ Houston Texans,2026-10-04T17:00:00Z,2026-10-02T17:51+00:00
C.J. Stroud,pass_yds,390.0,2800,Dallas Cowboys @ Houston Texans,2026-10-04T17:00:00Z,2026-10-02T17:51+00:00
C.J. Stroud,pass_yds,400.0,3300,Dallas Cowboys @ Houston Texans,2026-10-04T17:00:00Z,2026-10-02T17:51+00:00
C.J. Stroud,pass_yds,410.0,4000,Dallas Cowboys @ Houston Texans,2026-10-04T17:00:00Z,2026-10-02T17:51+00:00
CeeDee Lamb,rec_yds,25.0,-2000,Dallas Cowboys @ Houston Texans,2026-10-04T17:00:00Z,2026-10-02T17:51+00:00
CeeDee Lamb,rec_yds,40.0,-640,Dallas Cowboys @ Houston Texans,2026-10-04T17:00:00Z,2026-10-02T17:51+00:00
CeeDee Lamb,rec_yds,50.0,-362,Dallas Cowboys @ Houston Texans,2026-10-04T17:00:00Z,2026-10-02T17:51+00:00
CeeDee Lamb,rec_yds,60.0,-221,Dallas Cowboys @ Houston Texans,2026-10-04T17:00:00Z,2026-10-02T17:51+00:00
CeeDee Lamb,rec_yds,70.0,-145,Dallas Cowboys @ Houston Texans,2026-10-04T17:00:00Z,2026-10-02T17:51+00:00
CeeDee Lamb,rec_yds,77.0,-110,Dallas Cowboys @ Houston Texans,2026-10-04T17:00:00Z,2026-10-02T17:51+00:00
CeeDee Lamb,rec_yds,80.0,101,Dallas Cowboys @ Houston Texans,2026-10-04T17:00:00Z,2026-10-02T17:51+00:00
CeeDee Lamb,rec_yds,90.0,146,Dallas Cowboys @ Houston Texans,2026-10-04T17:00:00Z,2026-10-02T17:51+00:00
CeeDee Lamb,rec_yds,100.0,210,Dallas Cowboys @ Houston Texans,2026-10-04T17:00:00Z,2026-10-02T17:51+00:00
CeeDee Lamb,rec_yds,110.0,294,Dallas Cowboys @ Houston Texans,2026-10-04T17:00:00Z,2026-10-02T17:51+00:00
CeeDee Lamb,rec_yds,120.0,416,Dallas Cowboys @ Houston Texans,2026-10-04T17:00:00Z,2026-10-02T17:51+00:00
CeeDee Lamb,rec_yds,130.0,595,Dallas Cowboys @ Houston Texans,2026-10-04T17:00:00Z,2026-10-02T17:51+00:00
CeeDee Lamb,rec_yds,140.0,830,Dallas Cowboys @ Houston Texans,2026-10-04T17:00:00Z,2026-10-02T17:51+00:00
CeeDee Lamb,rec_yds,150.0,1120,Dallas Cowboys @ Houston Texans,2026-10-04T17:00:00Z,2026-10-02T17:51+00:00
CeeDee Lamb,rec_yds,160.0,1560,Dallas Cowboys @ Houston Texans,2026-10-04T17:00:00Z,2026-10-02T17:51+00:00
CeeDee Lamb,rec_yds,170.0,2100,Dallas Cowboys @ Houston Texans,2026-10-04T17:00:00Z,2026-10-02T17:51+00:00
CeeDee Lamb,rec_yds,180.0,2700,Dallas Cowboys @ Houston Texans,2026-10-04T17:00:00Z,2026-10-02T17:51+00:00
CeeDee Lamb,rec_yds,190.0,3500,Dallas Cowboys @ Houston Texans,2026-10-04T17:00:00Z,2026-10-02T17:51+00:00
Nico Collins,rec_yds,15.0,-5000,Dallas Cowboys @ Houston Texans,2026-10-04T17:00:00Z,2026-10-02T17:51+00:00
Nico Collins,rec_yds,25.0,-1640,Dallas Cowboys @ Houston Texans,2026-10-04T17:00:00Z,2026-10-02T17:51+00:00
Nico Collins,rec_yds,40.0,-558,Dallas Cowboys @ Houston Texans,2026-10-04T17:00:00Z,2026-10-02T17:51+00:00
Nico Collins,rec_yds,50.0,-327,Dallas Cowboys @ Houston Texans,2026-10-04T17:00:00Z,2026-10-02T17:51+00:00
Nico Collins,rec_yds,60.0,-200,Dallas Cowboys @ Houston Texans,2026-10-04T17:00:00Z,2026-10-02T17:51+00:00
Nico Collins,rec_yds,70.0,-134,Dallas Cowboys @ Houston Texans,2026-10-04T17:00:00Z,2026-10-02T17:51+00:00
Nico Collins,rec_yds,75.0,-111,Dallas Cowboys @ Houston Texans,2026-10-04T17:00:00Z,2026-10-02T17:51+00:00
Nico Collins,rec_yds,80.0,110,Dallas Cowboys @ Houston Texans,2026-10-04T17:00:00Z,2026-10-02T17:51+00:00
Nico Collins,rec_yds,90.0,159,Dallas Cowboys @ Houston Texans,2026-10-04T17:00:00Z,2026-10-02T17:51+00:00
Nico Collins,rec_yds,100.0,225,Dallas Cowboys @ Houston Texans,2026-10-04T17:00:00Z,2026-10-02T17:51+00:00
Nico Collins,rec_yds,110.0,314,Dallas Cowboys @ Houston Texans,2026-10-04T17:00:00Z,2026-10-02T17:51+00:00
Nico Collins,rec_yds,120.0,444,Dallas Cowboys @ Houston Texans,2026-10-04T17:00:00Z,2026-10-02T17:51+00:00
Nico Collins,rec_yds,130.0,620,Dallas Cowboys @ Houston Texans,2026-10-04T17:00:00Z,2026-10-02T17:51+00:00
Nico Collins,rec_yds,140.0,860,Dallas Cowboys @ Houston Texans,2026-10-04T17:00:00Z,2026-10-02T17:51+00:00
Nico Collins,rec_yds,150.0,1140,Dallas Cowboys @ Houston Texans,2026-10-04T17:00:00Z,2026-10-02T17:51+00:00
Nico Collins,rec_yds,160.0,1580,Dallas Cowboys @ Houston Texans,2026-10-04T17:00:00Z,2026-10-02T17:51+00:00
Nico Collins,rec_yds,170.0,2100,Dallas Cowboys @ Houston Texans,2026-10-04T17:00:00Z,2026-10-02T17:51+00:00
Nico Collins,rec_yds,180.0,2900,Dallas Cowboys @ Houston Texans,2026-10-04T17:00:00Z,2026-10-02T17:51+00:00
Nico Collins,rec_yds,190.0,3700,Dallas Cowboys @ Houston Texans,2026-10-04T17:00:00Z,2026-10-02T17:51+00:00
George Pickens,rec_yds,25.0,-1160,Dallas Cowboys @ Houston Texans,2026-10-04T17:00:00Z,2026-10-02T17:51+00:00
George Pickens,rec_yds,40.0,-407,Dallas Cowboys @ Houston Texans,2026-10-04T17:00:00Z,2026-10-02T17:51+00:00
George Pickens,rec_yds,50.0,-246,Dallas Cowboys @ Houston Texans,2026-10-04T17:00:00Z,2026-10-02T17:51+00:00
George Pickens,rec_yds,60.0,-155,Dallas Cowboys @ Houston Texans,2026-10-04T17:00:00Z,2026-10-02T17:51+00:00
George Pickens,rec_yds,68.0,-110,Dallas Cowboys @ Houston Texans,2026-10-04T17:00:00Z,2026-10-02T17:51+00:00
George Pickens,rec_yds,70.0,-102,Dallas Cowboys @ Houston Texans,2026-10-04T17:00:00Z,2026-10-02T17:51+00:00
George Pickens,rec_yds,80.0,143,Dallas Cowboys @ Houston Texans,2026-10-04T17:00:00Z,2026-10-02T17:51+00:00
George Pickens,rec_yds,90.0,206,Dallas Cowboys @ Houston Texans,2026-10-04T17:00:00Z,2026-10-02T17:51+00:00
George Pickens,rec_yds,100.0,290,Dallas Cowboys @ Houston Texans,2026-10-04T17:00:00Z,2026-10-02T17:51+00:00
George Pickens,rec_yds,110.0,419,Dallas Cowboys @ Houston Texans,2026-10-04T17:00:00Z,2026-10-02T17:51+00:00
George Pickens,rec_yds,120.0,592,Dallas Cowboys @ Houston Texans,2026-10-04T17:00:00Z,2026-10-02T17:51+00:00
George Pickens,rec_yds,130.0,810,Dallas Cowboys @ Houston Texans,2026-10-04T17:00:00Z,2026-10-02T17:51+00:00
George Pickens,rec_yds,140.0,1140,Dallas Cowboys @ Houston Texans,2026-10-04T17:00:00Z,2026-10-02T17:51+00:00
George Pickens,rec_yds,150.0,1560,Dallas Cowboys @ Houston Texans,2026-10-04T17:00:00Z,2026-10-02T17:51+00:00
George Pickens,rec_yds,160.0,2200,Dallas Cowboys @ Houston Texans,2026-10-04T17:00:00Z,2026-10-02T17:51+00:00
George Pickens,rec_yds,170.0,2900,Dallas Cowboys @ Houston Texans,2026-10-04T17:00:00Z,2026-10-02T17:51+00:00
George Pickens,rec_yds,180.0,3600,Dallas Cowboys @ Houston Texans,2026-10-04T17:00:00Z,2026-10-02T17:51+00:00
Dalton Schultz,rec_yds,15.0,-740,Dallas Cowboys @ Houston Texans,2026-10-04T17:00:00Z,2026-10-02T17:51+00:00
Dalton Schultz,rec_yds,25.0,-295,Dallas Cowboys @ Houston Texans,2026-10-04T17:00:00Z,2026-10-02T17:51+00:00
Dalton Schultz,rec_yds,40.0,-113,Dallas Cowboys @ Houston Texans,2026-10-04T17:00:00Z,2026-10-02T17:51+00:00
Dalton Schultz,rec_yds,50.0,147,Dallas Cowboys @ Houston Texans,2026-10-04T17:00:00Z,2026-10-02T17:51+00:00
Dalton Schultz,rec_yds,60.0,233,Dallas Cowboys @ Houston Texans,2026-10-04T17:00:00Z,2026-10-02T17:51+00:00
Dalton Schultz,rec_yds,70.0,356,Dallas Cowboys @ Houston Texans,2026-10-04T17:00:00Z,2026-10-02T17:51+00:00
Dalton Schultz,rec_yds,80.0,537,Dallas Cowboys @ Houston Texans,2026-10-04T17:00:00Z,2026-10-02T17:51+00:00
Dalton Schultz,rec_yds,90.0,800,Dallas Cowboys @ Houston Texans,2026-10-04T17:00:00Z,2026-10-02T17:51+00:00
Dalton Schultz,rec_yds,100.0,1180,Dallas Cowboys @ Houston Texans,2026-10-04T17:00:00Z,2026-10-02T17:51+00:00
Dalton Schultz,rec_yds,110.0,1720,Dallas Cowboys @ Houston Texans,2026-10-04T17:00:00Z,2026-10-02T17:51+00:00
Dalton Schultz,rec_yds,120.0,2300,Dallas Cowboys @ Houston Texans,2026-10-04T17:00:00Z,2026-10-02T17:51+00:00
Dalton Schultz,rec_yds,130.0,3300,Dallas Cowboys @ Houston Texans,2026-10-04T17:00:00Z,2026-10-02T17:51+00:00
Ryan Flournoy,rec_yds,15.0,-466,Dallas Cowboys @ Houston Texans,2026-10-04T17:00:00Z,2026-10-02T17:51+00:00
Ryan Flournoy,rec_yds,25.0,-193,Dallas Cowboys @ Houston Texans,2026-10-04T17:00:00Z,2026-10-02T17:51+00:00
Ryan Flournoy,rec_yds,33.0,-113,Dallas Cowboys @ Houston Texans,2026-10-04T17:00:00Z,2026-10-02T17:51+00:00
Ryan Flournoy,rec_yds,40.0,131,Dallas Cowboys @ Houston Texans,2026-10-04T17:00:00Z,2026-10-02T17:51+00:00
Ryan Flournoy,rec_yds,50.0,226,Dallas Cowboys @ Houston Texans,2026-10-04T17:00:00Z,2026-10-02T17:51+00:00
Ryan Flournoy,rec_yds,60.0,377,Dallas Cowboys @ Houston Texans,2026-10-04T17:00:00Z,2026-10-02T17:51+00:00
Ryan Flournoy,rec_yds,70.0,600,Dallas Cowboys @ Houston Texans,2026-10-04T17:00:00Z,2026-10-02T17:51+00:00
Ryan Flournoy,rec_yds,80.0,930,Dallas Cowboys @ Houston Texans,2026-10-04T17:00:00Z,2026-10-02T17:51+00:00
Ryan Flournoy,rec_yds,90.0,1400,Dallas Cowboys @ Houston Texans,2026-10-04T17:00:00Z,2026-10-02T17:51+00:00
Ryan Flournoy,rec_yds,100.0,2100,Dallas Cowboys @ Houston Texans,2026-10-04T17:00:00Z,2026-10-02T17:51+00:00
Ryan Flournoy,rec_yds,110.0,3000,Dallas Cowboys @ Houston Texans,2026-10-04T17:00:00Z,2026-10-02T17:51+00:00
Ryan Flournoy,rec_yds,120.0,4000,Dallas Cowboys @ Houston Texans,2026-10-04T17:00:00Z,2026-10-02T17:51+00:00
Xavier Hutchinson,rec_yds,15.0,-298,Dallas Cowboys @ Houston Texans,2026-10-04T17:00:00Z,2026-10-02T17:51+00:00
Xavier Hutchinson,rec_yds,25.0,-142,Dallas Cowboys @ Houston Texans,2026-10-04T17:00:00Z,2026-10-02T17:51+00:00
Xavier Hutchinson,rec_yds,29.0,-112,Dallas Cowboys @ Houston Texans,2026-10-04T17:00:00Z,2026-10-02T17:51+00:00
Xavier Hutchinson,rec_yds,40.0,163,Dallas Cowboys @ Houston Texans,2026-10-04T17:00:00Z,2026-10-02T17:51+00:00
Xavier Hutchinson,rec_yds,50.0,267,Dallas Cowboys @ Houston Texans,2026-10-04T17:00:00Z,2026-10-02T17:51+00:00
Xavier Hutchinson,rec_yds,60.0,429,Dallas Cowboys @ Houston Texans,2026-10-04T17:00:00Z,2026-10-02T17:51+00:00
Xavier Hutchinson,rec_yds,70.0,650,Dallas Cowboys @ Houston Texans,2026-10-04T17:00:00Z,2026-10-02T17:51+00:00
Xavier Hutchinson,rec_yds,80.0,1000,Dallas Cowboys @ Houston Texans,2026-10-04T17:00:00Z,2026-10-02T17:51+00:00
Xavier Hutchinson,rec_yds,90.0,1500,Dallas Cowboys @ Houston Texans,2026-10-04T17:00:00Z,2026-10-02T17:51+00:00
Xavier Hutchinson,rec_yds,100.0,2200,Dallas Cowboys @ Houston Texans,2026-10-04T17:00:00Z,2026-10-02T17:51+00:00
Xavier Hutchinson,rec_yds,110.0,3000,Dallas Cowboys @ Houston Texans,2026-10-04T17:00:00Z,2026-10-02T17:51+00:00
Kayshon Boutte,rec_yds,15.0,-221,Dallas Cowboys @ Houston Texans,2026-10-04T17:00:00Z,2026-10-02T17:51+00:00
Kayshon Boutte,rec_yds,24.0,-114,Dallas Cowboys @ Houston Texans,2026-10-04T17:00:00Z,2026-10-02T17:51+00:00
Kayshon Boutte,rec_yds,25.0,-108,Dallas Cowboys @ Houston Texans,2026-10-04T17:00:00Z,2026-10-02T17:51+00:00
Kayshon Boutte,rec_yds,40.0,203,Dallas Cowboys @ Houston Texans,2026-10-04T17:00:00Z,2026-10-02T17:51+00:00
Kayshon Boutte,rec_yds,50.0,324,Dallas Cowboys @ Houston Texans,2026-10-04T17:00:00Z,2026-10-02T17:51+00:00
Kayshon Boutte,rec_yds,60.0,501,Dallas Cowboys @ Houston Texans,2026-10-04T17:00:00Z,2026-10-02T17:51+00:00
Kayshon Boutte,rec_yds,70.0,770,Dallas Cowboys @ Houston Texans,2026-10-04T17:00:00Z,2026-10-02T17:51+00:00
Kayshon Boutte,rec_yds,80.0,1160,Dallas Cowboys @ Houston Texans,2026-10-04T17:00:00Z,2026-10-02T17:51+00:00
Kayshon Boutte,rec_yds,90.0,1680,Dallas Cowboys @ Houston Texans,2026-10-04T17:00:00Z,2026-10-02T17:51+00:00
Kayshon Boutte,rec_yds,100.0,2300,Dallas Cowboys @ Houston Texans,2026-10-04T17:00:00Z,2026-10-02T17:51+00:00
Kayshon Boutte,rec_yds,110.0,3200,Dallas Cowboys @ Houston Texans,2026-10-04T17:00:00Z,2026-10-02T17:51+00:00
Jake Ferguson,rec_yds,15.0,-280,Dallas Cowboys @ Houston Texans,2026-10-04T17:00:00Z,2026-10-02T17:51+00:00
Jake Ferguson,rec_yds,25.0,-112,Dallas Cowboys @ Houston Texans,2026-10-04T17:00:00Z,2026-10-02T17:51+00:00
Jake Ferguson,rec_yds,40.0,249,Dallas Cowboys @ Houston Texans,2026-10-04T17:00:00Z,2026-10-02T17:51+00:00
Jake Ferguson,rec_yds,50.0,440,Dallas Cowboys @ Houston Texans,2026-10-04T17:00:00Z,2026-10-02T17:51+00:00
Jake Ferguson,rec_yds,60.0,750,Dallas Cowboys @ Houston Texans,2026-10-04T17:00:00Z,2026-10-02T17:51+00:00
Jake Ferguson,rec_yds,70.0,1180,Dallas Cowboys @ Houston Texans,2026-10-04T17:00:00Z,2026-10-02T17:51+00:00
Jake Ferguson,rec_yds,80.0,1800,Dallas Cowboys @ Houston Texans,2026-10-04T17:00:00Z,2026-10-02T17:51+00:00
Jake Ferguson,rec_yds,90.0,2700,Dallas Cowboys @ Houston Texans,2026-10-04T17:00:00Z,2026-10-02T17:51+00:00
Jake Ferguson,rec_yds,100.0,3900,Dallas Cowboys @ Houston Texans,2026-10-04T17:00:00Z,2026-10-02T17:51+00:00
Jaylin Noel,rec_yds,12.0,-116,Dallas Cowboys @ Houston Texans,2026-10-04T17:00:00Z,2026-10-02T17:51+00:00
Jaylin Noel,rec_yds,15.0,114,Dallas Cowboys @ Houston Texans,2026-10-04T17:00:00Z,2026-10-02T17:51+00:00
Jaylin Noel,rec_yds,25.0,233,Dallas Cowboys @ Houston Texans,2026-10-04T17:00:00Z,2026-10-02T17:51+00:00
Jaylin Noel,rec_yds,40.0,536,Dallas Cowboys @ Houston Texans,2026-10-04T17:00:00Z,2026-10-02T17:51+00:00
Jaylin Noel,rec_yds,50.0,890,Dallas Cowboys @ Houston Texans,2026-10-04T17:00:00Z,2026-10-02T17:51+00:00
Jaylin Noel,rec_yds,60.0,1420,Dallas Cowboys @ Houston Texans,2026-10-04T17:00:00Z,2026-10-02T17:51+00:00
Jaylin Noel,rec_yds,70.0,2200,Dallas Cowboys @ Houston Texans,2026-10-04T17:00:00Z,2026-10-02T17:51+00:00
Jaylin Noel,rec_yds,80.0,3300,Dallas Cowboys @ Houston Texans,2026-10-04T17:00:00Z,2026-10-02T17:51+00:00
David Montgomery,rec_yds,12.0,-111,Dallas Cowboys @ Houston Texans,2026-10-04T17:00:00Z,2026-10-02T17:51+00:00
David Montgomery,rec_yds,15.0,123,Dallas Cowboys @ Houston Texans,2026-10-04T17:00:00Z,2026-10-02T17:51+00:00
David Montgomery,rec_yds,25.0,275,Dallas Cowboys @ Houston Texans,2026-10-04T17:00:00Z,2026-10-02T17:51+00:00
David Montgomery,rec_yds,40.0,730,Dallas Cowboys @ Houston Texans,2026-10-04T17:00:00Z,2026-10-02T17:51+00:00
David Montgomery,rec_yds,50.0,1260,Dallas Cowboys @ Houston Texans,2026-10-04T17:00:00Z,2026-10-02T17:51+00:00
David Montgomery,rec_yds,60.0,1940,Dallas Cowboys @ Houston Texans,2026-10-04T17:00:00Z,2026-10-02T17:51+00:00
David Montgomery,rec_yds,70.0,2800,Dallas Cowboys @ Houston Texans,2026-10-04T17:00:00Z,2026-10-02T17:51+00:00
David Montgomery,rec_yds,80.0,4000,Dallas Cowboys @ Houston Texans,2026-10-04T17:00:00Z,2026-10-02T17:51+00:00
Javonte Williams,rec_yds,14.0,-109,Dallas Cowboys @ Houston Texans,2026-10-04T17:00:00Z,2026-10-02T17:51+00:00
Javonte Williams,rec_yds,15.0,103,Dallas Cowboys @ Houston Texans,2026-10-04T17:00:00Z,2026-10-02T17:51+00:00
Javonte Williams,rec_yds,25.0,277,Dallas Cowboys @ Houston Texans,2026-10-04T17:00:00Z,2026-10-02T17:51+00:00
Javonte Williams,rec_yds,40.0,840,Dallas Cowboys @ Houston Texans,2026-10-04T17:00:00Z,2026-10-02T17:51+00:00
Javonte Williams,rec_yds,50.0,1420,Dallas Cowboys @ Houston Texans,2026-10-04T17:00:00Z,2026-10-02T17:51+00:00
Javonte Williams,rec_yds,60.0,2300,Dallas Cowboys @ Houston Texans,2026-10-04T17:00:00Z,2026-10-02T17:51+00:00
Javonte Williams,rec_yds,70.0,3300,Dallas Cowboys @ Houston Texans,2026-10-04T17:00:00Z,2026-10-02T17:51+00:00
Woody Marks,rec_yds,11.0,-108,Dallas Cowboys @ Houston Texans,2026-10-04T17:00:00Z,2026-10-02T17:51+00:00
Woody Marks,rec_yds,15.0,142,Dallas Cowboys @ Houston Texans,2026-10-04T17:00:00Z,2026-10-02T17:51+00:00
Woody Marks,rec_yds,25.0,338,Dallas Cowboys @ Houston Texans,2026-10-04T17:00:00Z,2026-10-02T17:51+00:00
Woody Marks,rec_yds,40.0,980,Dallas Cowboys @ Houston Texans,2026-10-04T17:00:00Z,2026-10-02T17:51+00:00
Woody Marks,rec_yds,50.0,1660,Dallas Cowboys @ Houston Texans,2026-10-04T17:00:00Z,2026-10-02T17:51+00:00
Woody Marks,rec_yds,60.0,2600,Dallas Cowboys @ Houston Texans,2026-10-04T17:00:00Z,2026-10-02T17:51+00:00
Woody Marks,rec_yds,70.0,3800,Dallas Cowboys @ Houston Texans,2026-10-04T17:00:00Z,2026-10-02T17:51+00:00
Foster Moreau,rec_yds,8.0,-111,Dallas Cowboys @ Houston Texans,2026-10-04T17:00:00Z,2026-10-02T17:51+00:00
Foster Moreau,rec_yds,15.0,194,Dallas Cowboys @ Houston Texans,2026-10-04T17:00:00Z,2026-10-02T17:51+00:00
Foster Moreau,rec_yds,25.0,405,Dallas Cowboys @ Houston Texans,2026-10-04T17:00:00Z,2026-10-02T17:51+00:00
Foster Moreau,rec_yds,40.0,1060,Dallas Cowboys @ Houston Texans,2026-10-04T17:00:00Z,2026-10-02T17:51+00:00
Foster Moreau,rec_yds,50.0,1840,Dallas Cowboys @ Houston Texans,2026-10-04T17:00:00Z,2026-10-02T17:51+00:00
Foster Moreau,rec_yds,60.0,2700,Dallas Cowboys @ Houston Texans,2026-10-04T17:00:00Z,2026-10-02T17:51+00:00
Foster Moreau,rec_yds,70.0,3900,Dallas Cowboys @ Houston Texans,2026-10-04T17:00:00Z,2026-10-02T17:51+00:00
CeeDee Lamb,receptions,3.0,-2700,Dallas Cowboys @ Houston Texans,2026-10-04T17:00:00Z,2026-10-02T17:51+00:00
CeeDee Lamb,receptions,4.0,-700,Dallas Cowboys @ Houston Texans,2026-10-04T17:00:00Z,2026-10-02T17:51+00:00
CeeDee Lamb,receptions,5.0,-290,Dallas Cowboys @ Houston Texans,2026-10-04T17:00:00Z,2026-10-02T17:51+00:00
CeeDee Lamb,receptions,6.0,-141,Dallas Cowboys @ Houston Texans,2026-10-04T17:00:00Z,2026-10-02T17:51+00:00
CeeDee Lamb,receptions,7.0,135,Dallas Cowboys @ Houston Texans,2026-10-04T17:00:00Z,2026-10-02T17:51+00:00
CeeDee Lamb,receptions,8.0,251,Dallas Cowboys @ Houston Texans,2026-10-04T17:00:00Z,2026-10-02T17:51+00:00
CeeDee Lamb,receptions,9.0,457,Dallas Cowboys @ Houston Texans,2026-10-04T17:00:00Z,2026-10-02T17:51+00:00
CeeDee Lamb,receptions,10.0,840,Dallas Cowboys @ Houston Texans,2026-10-04T17:00:00Z,2026-10-02T17:51+00:00
CeeDee Lamb,receptions,11.0,1400,Dallas Cowboys @ Houston Texans,2026-10-04T17:00:00Z,2026-10-02T17:51+00:00
CeeDee Lamb,receptions,12.0,2200,Dallas Cowboys @ Houston Texans,2026-10-04T17:00:00Z,2026-10-02T17:51+00:00
Nico Collins,receptions,2.0,-10000,Dallas Cowboys @ Houston Texans,2026-10-04T17:00:00Z,2026-10-02T17:51+00:00
Nico Collins,receptions,3.0,-1300,Dallas Cowboys @ Houston Texans,2026-10-04T17:00:00Z,2026-10-02T17:51+00:00
Nico Collins,receptions,4.0,-442,Dallas Cowboys @ Houston Texans,2026-10-04T17:00:00Z,2026-10-02T17:51+00:00
Nico Collins,receptions,5.0,-190,Dallas Cowboys @ Houston Texans,2026-10-04T17:00:00Z,2026-10-02T17:51+00:00
Nico Collins,receptions,6.0,107,Dallas Cowboys @ Houston Texans,2026-10-04T17:00:00Z,2026-10-02T17:51+00:00
Nico Collins,receptions,7.0,208,Dallas Cowboys @ Houston Texans,2026-10-04T17:00:00Z,2026-10-02T17:51+00:00
Nico Collins,receptions,8.0,389,Dallas Cowboys @ Houston Texans,2026-10-04T17:00:00Z,2026-10-02T17:51+00:00
Nico Collins,receptions,9.0,720,Dallas Cowboys @ Houston Texans,2026-10-04T17:00:00Z,2026-10-02T17:51+00:00
Nico Collins,receptions,10.0,1280,Dallas Cowboys @ Houston Texans,2026-10-04T17:00:00Z,2026-10-02T17:51+00:00
Nico Collins,receptions,11.0,2100,Dallas Cowboys @ Houston Texans,2026-10-04T17:00:00Z,2026-10-02T17:51+00:00
George Pickens,receptions,3.0,-870,Dallas Cowboys @ Houston Texans,2026-10-04T17:00:00Z,2026-10-02T17:51+00:00
George Pickens,receptions,4.0,-302,Dallas Cowboys @ Houston Texans,2026-10-04T17:00:00Z,2026-10-02T17:51+00:00
George Pickens,receptions,5.0,-134,Dallas Cowboys @ Houston Texans,2026-10-04T17:00:00Z,2026-10-02T17:51+00:00
George Pickens,receptions,6.0,153,Dallas Cowboys @ Houston Texans,2026-10-04T17:00:00Z,2026-10-02T17:51+00:00
George Pickens,receptions,7.0,298,Dallas Cowboys @ Houston Texans,2026-10-04T17:00:00Z,2026-10-02T17:51+00:00
George Pickens,receptions,8.0,580,Dallas Cowboys @ Houston Texans,2026-10-04T17:00:00Z,2026-10-02T17:51+00:00
George Pickens,receptions,9.0,1100,Dallas Cowboys @ Houston Texans,2026-10-04T17:00:00Z,2026-10-02T17:51+00:00
George Pickens,receptions,10.0,1820,Dallas Cowboys @ Houston Texans,2026-10-04T17:00:00Z,2026-10-02T17:51+00:00
George Pickens,receptions,11.0,2800,Dallas Cowboys @ Houston Texans,2026-10-04T17:00:00Z,2026-10-02T17:51+00:00
Dalton Schultz,receptions,2.0,-2100,Dallas Cowboys @ Houston Texans,2026-10-04T17:00:00Z,2026-10-02T17:51+00:00
Dalton Schultz,receptions,3.0,-495,Dallas Cowboys @ Houston Texans,2026-10-04T17:00:00Z,2026-10-02T17:51+00:00
Dalton Schultz,receptions,4.0,-196,Dallas Cowboys @ Houston Texans,2026-10-04T17:00:00Z,2026-10-02T17:51+00:00
Dalton Schultz,receptions,5.0,109,Dallas Cowboys @ Houston Texans,2026-10-04T17:00:00Z,2026-10-02T17:51+00:00
Dalton Schultz,receptions,6.0,212,Dallas Cowboys @ Houston Texans,2026-10-04T17:00:00Z,2026-10-02T17:51+00:00
Dalton Schultz,receptions,7.0,402,Dallas Cowboys @ Houston Texans,2026-10-04T17:00:00Z,2026-10-02T17:51+00:00
Dalton Schultz,receptions,8.0,760,Dallas Cowboys @ Houston Texans,2026-10-04T17:00:00Z,2026-10-02T17:51+00:00
Dalton Schultz,receptions,9.0,1340,Dallas Cowboys @ Houston Texans,2026-10-04T17:00:00Z,2026-10-02T17:51+00:00
Dalton Schultz,receptions,10.0,2100,Dallas Cowboys @ Houston Texans,2026-10-04T17:00:00Z,2026-10-02T17:51+00:00
Dalton Schultz,receptions,11.0,2900,Dallas Cowboys @ Houston Texans,2026-10-04T17:00:00Z,2026-10-02T17:51+00:00
Jake Ferguson,receptions,2.0,-850,Dallas Cowboys @ Houston Texans,2026-10-04T17:00:00Z,2026-10-02T17:51+00:00
Jake Ferguson,receptions,3.0,-257,Dallas Cowboys @ Houston Texans,2026-10-04T17:00:00Z,2026-10-02T17:51+00:00
Jake Ferguson,receptions,4.0,-105,Dallas Cowboys @ Houston Texans,2026-10-04T17:00:00Z,2026-10-02T17:51+00:00
Jake Ferguson,receptions,5.0,207,Dallas Cowboys @ Houston Texans,2026-10-04T17:00:00Z,2026-10-02T17:51+00:00
Jake Ferguson,receptions,6.0,431,Dallas Cowboys @ Houston Texans,2026-10-04T17:00:00Z,2026-10-02T17:51+00:00
Jake Ferguson,receptions,7.0,850,Dallas Cowboys @ Houston Texans,2026-10-04T17:00:00Z,2026-10-02T17:51+00:00
Jake Ferguson,receptions,8.0,1640,Dallas Cowboys @ Houston Texans,2026-10-04T17:00:00Z,2026-10-02T17:51+00:00
Jake Ferguson,receptions,9.0,2700,Dallas Cowboys @ Houston Texans,2026-10-04T17:00:00Z,2026-10-02T17:51+00:00
Ryan Flournoy,receptions,2.0,-830,Dallas Cowboys @ Houston Texans,2026-10-04T17:00:00Z,2026-10-02T17:51+00:00
Ryan Flournoy,receptions,3.0,-243,Dallas Cowboys @ Houston Texans,2026-10-04T17:00:00Z,2026-10-02T17:51+00:00
Ryan Flournoy,receptions,4.0,103,Dallas Cowboys @ Houston Texans,2026-10-04T17:00:00Z,2026-10-02T17:51+00:00
Ryan Flournoy,receptions,5.0,229,Dallas Cowboys @ Houston Texans,2026-10-04T17:00:00Z,2026-10-02T17:51+00:00
Ryan Flournoy,receptions,6.0,476,Dallas Cowboys @ Houston Texans,2026-10-04T17:00:00Z,2026-10-02T17:51+00:00
Ryan Flournoy,receptions,7.0,970,Dallas Cowboys @ Houston Texans,2026-10-04T17:00:00Z,2026-10-02T17:51+00:00
Ryan Flournoy,receptions,8.0,1820,Dallas Cowboys @ Houston Texans,2026-10-04T17:00:00Z,2026-10-02T17:51+00:00
Ryan Flournoy,receptions,9.0,2900,Dallas Cowboys @ Houston Texans,2026-10-04T17:00:00Z,2026-10-02T17:51+00:00
Xavier Hutchinson,receptions,2.0,-366,Dallas Cowboys @ Houston Texans,2026-10-04T17:00:00Z,2026-10-02T17:51+00:00
Xavier Hutchinson,receptions,3.0,-125,Dallas Cowboys @ Houston Texans,2026-10-04T17:00:00Z,2026-10-02T17:51+00:00
Xavier Hutchinson,receptions,4.0,192,Dallas Cowboys @ Houston Texans,2026-10-04T17:00:00Z,2026-10-02T17:51+00:00
Xavier Hutchinson,receptions,5.0,441,Dallas Cowboys @ Houston Texans,2026-10-04T17:00:00Z,2026-10-02T17:51+00:00
Xavier Hutchinson,receptions,6.0,900,Dallas Cowboys @ Houston Texans,2026-10-04T17:00:00Z,2026-10-02T17:51+00:00
Xavier Hutchinson,receptions,7.0,1680,Dallas Cowboys @ Houston Texans,2026-10-04T17:00:00Z,2026-10-02T17:51+00:00
Xavier Hutchinson,receptions,8.0,2700,Dallas Cowboys @ Houston Texans,2026-10-04T17:00:00Z,2026-10-02T17:51+00:00
Javonte Williams,receptions,2.0,-377,Dallas Cowboys @ Houston Texans,2026-10-04T17:00:00Z,2026-10-02T17:51+00:00
Javonte Williams,receptions,3.0,-127,Dallas Cowboys @ Houston Texans,2026-10-04T17:00:00Z,2026-10-02T17:51+00:00
Javonte Williams,receptions,4.0,195,Dallas Cowboys @ Houston Texans,2026-10-04T17:00:00Z,2026-10-02T17:51+00:00
Javonte Williams,receptions,5.0,449,Dallas Cowboys @ Houston Texans,2026-10-04T17:00:00Z,2026-10-02T17:51+00:00
Javonte Williams,receptions,6.0,970,Dallas Cowboys @ Houston Texans,2026-10-04T17:00:00Z,2026-10-02T17:51+00:00
Javonte Williams,receptions,7.0,1860,Dallas Cowboys @ Houston Texans,2026-10-04T17:00:00Z,2026-10-02T17:51+00:00
Kayshon Boutte,receptions,2.0,-181,Dallas Cowboys @ Houston Texans,2026-10-04T17:00:00Z,2026-10-02T17:51+00:00
Kayshon Boutte,receptions,3.0,162,Dallas Cowboys @ Houston Texans,2026-10-04T17:00:00Z,2026-10-02T17:51+00:00
Kayshon Boutte,receptions,4.0,416,Dallas Cowboys @ Houston Texans,2026-10-04T17:00:00Z,2026-10-02T17:51+00:00
Kayshon Boutte,receptions,5.0,960,Dallas Cowboys @ Houston Texans,2026-10-04T17:00:00Z,2026-10-02T17:51+00:00
Kayshon Boutte,receptions,6.0,1940,Dallas Cowboys @ Houston Texans,2026-10-04T17:00:00Z,2026-10-02T17:51+00:00
David Montgomery,receptions,2.0,-134,Dallas Cowboys @ Houston Texans,2026-10-04T17:00:00Z,2026-10-02T17:51+00:00
David Montgomery,receptions,3.0,228,Dallas Cowboys @ Houston Texans,2026-10-04T17:00:00Z,2026-10-02T17:51+00:00
David Montgomery,receptions,4.0,610,Dallas Cowboys @ Houston Texans,2026-10-04T17:00:00Z,2026-10-02T17:51+00:00
David Montgomery,receptions,5.0,1420,Dallas Cowboys @ Houston Texans,2026-10-04T17:00:00Z,2026-10-02T17:51+00:00
David Montgomery,receptions,6.0,2800,Dallas Cowboys @ Houston Texans,2026-10-04T17:00:00Z,2026-10-02T17:51+00:00
Woody Marks,receptions,2.0,-140,Dallas Cowboys @ Houston Texans,2026-10-04T17:00:00Z,2026-10-02T17:51+00:00
Woody Marks,receptions,3.0,224,Dallas Cowboys @ Houston Texans,2026-10-04T17:00:00Z,2026-10-02T17:51+00:00
Woody Marks,receptions,4.0,591,Dallas Cowboys @ Houston Texans,2026-10-04T17:00:00Z,2026-10-02T17:51+00:00
Woody Marks,receptions,5.0,1440,Dallas Cowboys @ Houston Texans,2026-10-04T17:00:00Z,2026-10-02T17:51+00:00
Woody Marks,receptions,6.0,2800,Dallas Cowboys @ Houston Texans,2026-10-04T17:00:00Z,2026-10-02T17:51+00:00
Jaylin Noel,receptions,2.0,144,Dallas Cowboys @ Houston Texans,2026-10-04T17:00:00Z,2026-10-02T17:51+00:00
Jaylin Noel,receptions,3.0,458,Dallas Cowboys @ Houston Texans,2026-10-04T17:00:00Z,2026-10-02T17:51+00:00
Jaylin Noel,receptions,4.0,1260,Dallas Cowboys @ Houston Texans,2026-10-04T17:00:00Z,2026-10-02T17:51+00:00
Jaylin Noel,receptions,5.0,2700,Dallas Cowboys @ Houston Texans,2026-10-04T17:00:00Z,2026-10-02T17:51+00:00
Foster Moreau,receptions,2.0,161,Dallas Cowboys @ Houston Texans,2026-10-04T17:00:00Z,2026-10-02T17:51+00:00
Foster Moreau,receptions,3.0,539,Dallas Cowboys @ Houston Texans,2026-10-04T17:00:00Z,2026-10-02T17:51+00:00
Foster Moreau,receptions,4.0,1480,Dallas Cowboys @ Houston Texans,2026-10-04T17:00:00Z,2026-10-02T17:51+00:00
Foster Moreau,receptions,5.0,2900,Dallas Cowboys @ Houston Texans,2026-10-04T17:00:00Z,2026-10-02T17:51+00:00
Javonte Williams,rush_att,10.0,-1260,Dallas Cowboys @ Houston Texans,2026-10-04T17:00:00Z,2026-10-02T17:51+00:00
Javonte Williams,rush_att,12.0,-461,Dallas Cowboys @ Houston Texans,2026-10-04T17:00:00Z,2026-10-02T17:51+00:00
Javonte Williams,rush_att,14.0,-216,Dallas Cowboys @ Houston Texans,2026-10-04T17:00:00Z,2026-10-02T17:51+00:00
Javonte Williams,rush_att,16.0,-112,Dallas Cowboys @ Houston Texans,2026-10-04T17:00:00Z,2026-10-02T17:51+00:00
Javonte Williams,rush_att,18.0,163,Dallas Cowboys @ Houston Texans,2026-10-04T17:00:00Z,2026-10-02T17:51+00:00
Javonte Williams,rush_att,20.0,287,Dallas Cowboys @ Houston Texans,2026-10-04T17:00:00Z,2026-10-02T17:51+00:00
Javonte Williams,rush_att,22.0,522,Dallas Cowboys @ Houston Texans,2026-10-04T17:00:00Z,2026-10-02T17:51+00:00
Javonte Williams,rush_att,24.0,930,Dallas Cowboys @ Houston Texans,2026-10-04T17:00:00Z,2026-10-02T17:51+00:00
Javonte Williams,rush_att,26.0,1640,Dallas Cowboys @ Houston Texans,2026-10-04T17:00:00Z,2026-10-02T17:51+00:00
David Montgomery,rush_att,8.0,-1040,Dallas Cowboys @ Houston Texans,2026-10-04T17:00:00Z,2026-10-02T17:51+00:00
David Montgomery,rush_att,10.0,-334,Dallas Cowboys @ Houston Texans,2026-10-04T17:00:00Z,2026-10-02T17:51+00:00
David Montgomery,rush_att,12.0,-138,Dallas Cowboys @ Houston Texans,2026-10-04T17:00:00Z,2026-10-02T17:51+00:00
David Montgomery,rush_att,14.0,162,Dallas Cowboys @ Houston Texans,2026-10-04T17:00:00Z,2026-10-02T17:51+00:00
David Montgomery,rush_att,16.0,360,Dallas Cowboys @ Houston Texans,2026-10-04T17:00:00Z,2026-10-02T17:51+00:00
David Montgomery,rush_att,18.0,780,Dallas Cowboys @ Houston Texans,2026-10-04T17:00:00Z,2026-10-02T17:51+00:00
David Montgomery,rush_att,20.0,1640,Dallas Cowboys @ Houston Texans,2026-10-04T17:00:00Z,2026-10-02T17:51+00:00
Woody Marks,rush_att,6.0,-1040,Dallas Cowboys @ Houston Texans,2026-10-04T17:00:00Z,2026-10-02T17:51+00:00
Woody Marks,rush_att,8.0,-279,Dallas Cowboys @ Houston Texans,2026-10-04T17:00:00Z,2026-10-02T17:51+00:00
Woody Marks,rush_att,10.0,-105,Dallas Cowboys @ Houston Texans,2026-10-04T17:00:00Z,2026-10-02T17:51+00:00
Woody Marks,rush_att,12.0,230,Dallas Cowboys @ Houston Texans,2026-10-04T17:00:00Z,2026-10-02T17:51+00:00
Woody Marks,rush_att,14.0,538,Dallas Cowboys @ Houston Texans,2026-10-04T17:00:00Z,2026-10-02T17:51+00:00
Woody Marks,rush_att,16.0,1180,Dallas Cowboys @ Houston Texans,2026-10-04T17:00:00Z,2026-10-02T17:51+00:00
C.J. Stroud,rush_att,2.0,-660,Dallas Cowboys @ Houston Texans,2026-10-04T17:00:00Z,2026-10-02T17:51+00:00
C.J. Stroud,rush_att,4.0,-101,Dallas Cowboys @ Houston Texans,2026-10-04T17:00:00Z,2026-10-02T17:51+00:00
C.J. Stroud,rush_att,6.0,420,Dallas Cowboys @ Houston Texans,2026-10-04T17:00:00Z,2026-10-02T17:51+00:00
C.J. Stroud,rush_att,8.0,1560,Dallas Cowboys @ Houston Texans,2026-10-04T17:00:00Z,2026-10-02T17:51+00:00
Dak Prescott,rush_att,2.0,-453,Dallas Cowboys @ Houston Texans,2026-10-04T17:00:00Z,2026-10-02T17:51+00:00
Dak Prescott,rush_att,3.0,-159,Dallas Cowboys @ Houston Texans,2026-10-04T17:00:00Z,2026-10-02T17:51+00:00
Dak Prescott,rush_att,4.0,141,Dallas Cowboys @ Houston Texans,2026-10-04T17:00:00Z,2026-10-02T17:51+00:00
Dak Prescott,rush_att,6.0,556,Dallas Cowboys @ Houston Texans,2026-10-04T17:00:00Z,2026-10-02T17:51+00:00
Javonte Williams,rush_yds,25.0,-2300,Dallas Cowboys @ Houston Texans,2026-10-04T17:00:00Z,2026-10-02T17:51+00:00
Javonte Williams,rush_yds,30.0,-1160,Dallas Cowboys @ Houston Texans,2026-10-04T17:00:00Z,2026-10-02T17:51+00:00
Javonte Williams,rush_yds,40.0,-443,Dallas Cowboys @ Houston Texans,2026-10-04T17:00:00Z,2026-10-02T17:51+00:00
Javonte Williams,rush_yds,50.0,-218,Dallas Cowboys @ Houston Texans,2026-10-04T17:00:00Z,2026-10-02T17:51+00:00
Javonte Williams,rush_yds,60.0,-120,Dallas Cowboys @ Houston Texans,2026-10-04T17:00:00Z,2026-10-02T17:51+00:00
Javonte Williams,rush_yds,61.0,-113,Dallas Cowboys @ Houston Texans,2026-10-04T17:00:00Z,2026-10-02T17:51+00:00
Javonte Williams,rush_yds,70.0,142,Dallas Cowboys @ Houston Texans,2026-10-04T17:00:00Z,2026-10-02T17:51+00:00
Javonte Williams,rush_yds,80.0,230,Dallas Cowboys @ Houston Texans,2026-10-04T17:00:00Z,2026-10-02T17:51+00:00
Javonte Williams,rush_yds,90.0,360,Dallas Cowboys @ Houston Texans,2026-10-04T17:00:00Z,2026-10-02T17:51+00:00
Javonte Williams,rush_yds,100.0,560,Dallas Cowboys @ Houston Texans,2026-10-04T17:00:00Z,2026-10-02T17:51+00:00
Javonte Williams,rush_yds,110.0,870,Dallas Cowboys @ Houston Texans,2026-10-04T17:00:00Z,2026-10-02T17:51+00:00
Javonte Williams,rush_yds,120.0,1280,Dallas Cowboys @ Houston Texans,2026-10-04T17:00:00Z,2026-10-02T17:51+00:00
Javonte Williams,rush_yds,130.0,1880,Dallas Cowboys @ Houston Texans,2026-10-04T17:00:00Z,2026-10-02T17:51+00:00
Javonte Williams,rush_yds,140.0,2700,Dallas Cowboys @ Houston Texans,2026-10-04T17:00:00Z,2026-10-02T17:51+00:00
Javonte Williams,rush_yds,150.0,3600,Dallas Cowboys @ Houston Texans,2026-10-04T17:00:00Z,2026-10-02T17:51+00:00
David Montgomery,rush_yds,15.0,-2300,Dallas Cowboys @ Houston Texans,2026-10-04T17:00:00Z,2026-10-02T17:51+00:00
David Montgomery,rush_yds,20.0,-1020,Dallas Cowboys @ Houston Texans,2026-10-04T17:00:00Z,2026-10-02T17:51+00:00
David Montgomery,rush_yds,25.0,-554,Dallas Cowboys @ Houston Texans,2026-10-04T17:00:00Z,2026-10-02T17:51+00:00
David Montgomery,rush_yds,30.0,-341,Dallas Cowboys @ Houston Texans,2026-10-04T17:00:00Z,2026-10-02T17:51+00:00
David Montgomery,rush_yds,40.0,-157,Dallas Cowboys @ Houston Texans,2026-10-04T17:00:00Z,2026-10-02T17:51+00:00
David Montgomery,rush_yds,45.0,-113,Dallas Cowboys @ Houston Texans,2026-10-04T17:00:00Z,2026-10-02T17:51+00:00
David Montgomery,rush_yds,50.0,122,Dallas Cowboys @ Houston Texans,2026-10-04T17:00:00Z,2026-10-02T17:51+00:00
David Montgomery,rush_yds,60.0,214,Dallas Cowboys @ Houston Texans,2026-10-04T17:00:00Z,2026-10-02T17:51+00:00
David Montgomery,rush_yds,70.0,353,Dallas Cowboys @ Houston Texans,2026-10-04T17:00:00Z,2026-10-02T17:51+00:00
David Montgomery,rush_yds,80.0,568,Dallas Cowboys @ Houston Texans,2026-10-04T17:00:00Z,2026-10-02T17:51+00:00
David Montgomery,rush_yds,90.0,880,Dallas Cowboys @ Houston Texans,2026-10-04T17:00:00Z,2026-10-02T17:51+00:00
David Montgomery,rush_yds,100.0,1380,Dallas Cowboys @ Houston Texans,2026-10-04T17:00:00Z,2026-10-02T17:51+00:00
David Montgomery,rush_yds,110.0,2000,Dallas Cowboys @ Houston Texans,2026-10-04T17:00:00Z,2026-10-02T17:51+00:00
David Montgomery,rush_yds,120.0,2900,Dallas Cowboys @ Houston Texans,2026-10-04T17:00:00Z,2026-10-02T17:51+00:00
David Montgomery,rush_yds,130.0,4000,Dallas Cowboys @ Houston Texans,2026-10-04T17:00:00Z,2026-10-02T17:51+00:00
Woody Marks,rush_yds,10.0,-2200,Dallas Cowboys @ Houston Texans,2026-10-04T17:00:00Z,2026-10-02T17:51+00:00
Woody Marks,rush_yds,15.0,-850,Dallas Cowboys @ Houston Texans,2026-10-04T17:00:00Z,2026-10-02T17:51+00:00
Woody Marks,rush_yds,20.0,-438,Dallas Cowboys @ Houston Texans,2026-10-04T17:00:00Z,2026-10-02T17:51+00:00
Woody Marks,rush_yds,25.0,-254,Dallas Cowboys @ Houston Texans,2026-10-04T17:00:00Z,2026-10-02T17:51+00:00
Woody Marks,rush_yds,30.0,-163,Dallas Cowboys @ Houston Texans,2026-10-04T17:00:00Z,2026-10-02T17:51+00:00
Woody Marks,rush_yds,35.0,-109,Dallas Cowboys @ Houston Texans,2026-10-04T17:00:00Z,2026-10-02T17:51+00:00
Woody Marks,rush_yds,40.0,131,Dallas Cowboys @ Houston Texans,2026-10-04T17:00:00Z,2026-10-02T17:51+00:00
Woody Marks,rush_yds,50.0,248,Dallas Cowboys @ Houston Texans,2026-10-04T17:00:00Z,2026-10-02T17:51+00:00
Woody Marks,rush_yds,60.0,439,Dallas Cowboys @ Houston Texans,2026-10-04T17:00:00Z,2026-10-02T17:51+00:00
Woody Marks,rush_yds,70.0,750,Dallas Cowboys @ Houston Texans,2026-10-04T17:00:00Z,2026-10-02T17:51+00:00
Woody Marks,rush_yds,80.0,1160,Dallas Cowboys @ Houston Texans,2026-10-04T17:00:00Z,2026-10-02T17:51+00:00
Woody Marks,rush_yds,90.0,1840,Dallas Cowboys @ Houston Texans,2026-10-04T17:00:00Z,2026-10-02T17:51+00:00
Woody Marks,rush_yds,100.0,2700,Dallas Cowboys @ Houston Texans,2026-10-04T17:00:00Z,2026-10-02T17:51+00:00
Woody Marks,rush_yds,110.0,3800,Dallas Cowboys @ Houston Texans,2026-10-04T17:00:00Z,2026-10-02T17:51+00:00
C.J. Stroud,rush_yds,10.0,-139,Dallas Cowboys @ Houston Texans,2026-10-04T17:00:00Z,2026-10-02T17:51+00:00
C.J. Stroud,rush_yds,12.0,-112,Dallas Cowboys @ Houston Texans,2026-10-04T17:00:00Z,2026-10-02T17:51+00:00
C.J. Stroud,rush_yds,15.0,120,Dallas Cowboys @ Houston Texans,2026-10-04T17:00:00Z,2026-10-02T17:51+00:00
C.J. Stroud,rush_yds,20.0,191,Dallas Cowboys @ Houston Texans,2026-10-04T17:00:00Z,2026-10-02T17:51+00:00
C.J. Stroud,rush_yds,25.0,294,Dallas Cowboys @ Houston Texans,2026-10-04T17:00:00Z,2026-10-02T17:51+00:00
C.J. Stroud,rush_yds,30.0,447,Dallas Cowboys @ Houston Texans,2026-10-04T17:00:00Z,2026-10-02T17:51+00:00
C.J. Stroud,rush_yds,40.0,960,Dallas Cowboys @ Houston Texans,2026-10-04T17:00:00Z,2026-10-02T17:51+00:00
C.J. Stroud,rush_yds,50.0,1940,Dallas Cowboys @ Houston Texans,2026-10-04T17:00:00Z,2026-10-02T17:51+00:00
C.J. Stroud,rush_yds,60.0,3400,Dallas Cowboys @ Houston Texans,2026-10-04T17:00:00Z,2026-10-02T17:51+00:00
Dak Prescott,rush_yds,10.0,-134,Dallas Cowboys @ Houston Texans,2026-10-04T17:00:00Z,2026-10-02T17:51+00:00
Dak Prescott,rush_yds,11.0,-119,Dallas Cowboys @ Houston Texans,2026-10-04T17:00:00Z,2026-10-02T17:51+00:00
Dak Prescott,rush_yds,15.0,131,Dallas Cowboys @ Houston Texans,2026-10-04T17:00:00Z,2026-10-02T17:51+00:00
Dak Prescott,rush_yds,20.0,209,Dallas Cowboys @ Houston Texans,2026-10-04T17:00:00Z,2026-10-02T17:51+00:00
Dak Prescott,rush_yds,25.0,328,Dallas Cowboys @ Houston Texans,2026-10-04T17:00:00Z,2026-10-02T17:51+00:00
Dak Prescott,rush_yds,30.0,487,Dallas Cowboys @ Houston Texans,2026-10-04T17:00:00Z,2026-10-02T17:51+00:00
Dak Prescott,rush_yds,40.0,1060,Dallas Cowboys @ Houston Texans,2026-10-04T17:00:00Z,2026-10-02T17:51+00:00
Dak Prescott,rush_yds,50.0,1980,Dallas Cowboys @ Houston Texans,2026-10-04T17:00:00Z,2026-10-02T17:51+00:00
Dak Prescott,rush_yds,60.0,3400,Dallas Cowboys @ Houston Texans,2026-10-04T17:00:00Z,2026-10-02T17:51+00:00
Jordan Love,pass_att,26.0,-3200,Green Bay Packers @ Tampa Bay Buccaneers,2026-10-04T17:00:00Z,2026-10-02T17:51+00:00
Jordan Love,pass_att,28.0,-1120,Green Bay Packers @ Tampa Bay Buccaneers,2026-10-04T17:00:00Z,2026-10-02T17:51+00:00
Jordan Love,pass_att,30.0,-534,Green Bay Packers @ Tampa Bay Buccaneers,2026-10-04T17:00:00Z,2026-10-02T17:51+00:00
Jordan Love,pass_att,32.0,-284,Green Bay Packers @ Tampa Bay Buccaneers,2026-10-04T17:00:00Z,2026-10-02T17:51+00:00
Jordan Love,pass_att,34.0,-161,Green Bay Packers @ Tampa Bay Buccaneers,2026-10-04T17:00:00Z,2026-10-02T17:51+00:00
Jordan Love,pass_att,35.0,-127,Green Bay Packers @ Tampa Bay Buccaneers,2026-10-04T17:00:00Z,2026-10-02T17:51+00:00
Jordan Love,pass_att,36.0,102,Green Bay Packers @ Tampa Bay Buccaneers,2026-10-04T17:00:00Z,2026-10-02T17:51+00:00
Jordan Love,pass_att,38.0,162,Green Bay Packers @ Tampa Bay Buccaneers,2026-10-04T17:00:00Z,2026-10-02T17:51+00:00
Jordan Love,pass_att,40.0,250,Green Bay Packers @ Tampa Bay Buccaneers,2026-10-04T17:00:00Z,2026-10-02T17:51+00:00
Jordan Love,pass_att,42.0,386,Green Bay Packers @ Tampa Bay Buccaneers,2026-10-04T17:00:00Z,2026-10-02T17:51+00:00
Jordan Love,pass_att,44.0,600,Green Bay Packers @ Tampa Bay Buccaneers,2026-10-04T17:00:00Z,2026-10-02T17:51+00:00
Jordan Love,pass_att,46.0,910,Green Bay Packers @ Tampa Bay Buccaneers,2026-10-04T17:00:00Z,2026-10-02T17:51+00:00
Jordan Love,pass_att,48.0,1380,Green Bay Packers @ Tampa Bay Buccaneers,2026-10-04T17:00:00Z,2026-10-02T17:51+00:00
Jalon Daniels,pass_att,20.0,-1920,Green Bay Packers @ Tampa Bay Buccaneers,2026-10-04T17:00:00Z,2026-10-02T17:51+00:00
Jalon Daniels,pass_att,22.0,-740,Green Bay Packers @ Tampa Bay Buccaneers,2026-10-04T17:00:00Z,2026-10-02T17:51+00:00
Jalon Daniels,pass_att,24.0,-374,Green Bay Packers @ Tampa Bay Buccaneers,2026-10-04T17:00:00Z,2026-10-02T17:51+00:00
Jalon Daniels,pass_att,26.0,-205,Green Bay Packers @ Tampa Bay Buccaneers,2026-10-04T17:00:00Z,2026-10-02T17:51+00:00
Jalon Daniels,pass_att,28.0,-120,Green Bay Packers @ Tampa Bay Buccaneers,2026-10-04T17:00:00Z,2026-10-02T17:51+00:00
Jalon Daniels,pass_att,30.0,140,Green Bay Packers @ Tampa Bay Buccaneers,2026-10-04T17:00:00Z,2026-10-02T17:51+00:00
Jalon Daniels,pass_att,32.0,228,Green Bay Packers @ Tampa Bay Buccaneers,2026-10-04T17:00:00Z,2026-10-02T17:51+00:00
Jalon Daniels,pass_att,34.0,368,Green Bay Packers @ Tampa Bay Buccaneers,2026-10-04T17:00:00Z,2026-10-02T17:51+00:00
Jalon Daniels,pass_att,36.0,582,Green Bay Packers @ Tampa Bay Buccaneers,2026-10-04T17:00:00Z,2026-10-02T17:51+00:00
Jalon Daniels,pass_att,38.0,930,Green Bay Packers @ Tampa Bay Buccaneers,2026-10-04T17:00:00Z,2026-10-02T17:51+00:00
Jalon Daniels,pass_att,40.0,1420,Green Bay Packers @ Tampa Bay Buccaneers,2026-10-04T17:00:00Z,2026-10-02T17:51+00:00
Jordan Love,pass_cmps,16.0,-1220,Green Bay Packers @ Tampa Bay Buccaneers,2026-10-04T17:00:00Z,2026-10-02T17:51+00:00
Jordan Love,pass_cmps,18.0,-430,Green Bay Packers @ Tampa Bay Buccaneers,2026-10-04T17:00:00Z,2026-10-02T17:51+00:00
Jordan Love,pass_cmps,20.0,-189,Green Bay Packers @ Tampa Bay Buccaneers,2026-10-04T17:00:00Z,2026-10-02T17:51+00:00
Jordan Love,pass_cmps,21.0,-133,Green Bay Packers @ Tampa Bay Buccaneers,2026-10-04T17:00:00Z,2026-10-02T17:51+00:00
Jordan Love,pass_cmps,22.0,107,Green Bay Packers @ Tampa Bay Buccaneers,2026-10-04T17:00:00Z,2026-10-02T17:51+00:00
Jordan Love,pass_cmps,24.0,210,Green Bay Packers @ Tampa Bay Buccaneers,2026-10-04T17:00:00Z,2026-10-02T17:51+00:00
Jordan Love,pass_cmps,26.0,414,Green Bay Packers @ Tampa Bay Buccaneers,2026-10-04T17:00:00Z,2026-10-02T17:51+00:00
Jordan Love,pass_cmps,28.0,790,Green Bay Packers @ Tampa Bay Buccaneers,2026-10-04T17:00:00Z,2026-10-02T17:51+00:00
Jordan Love,pass_cmps,30.0,1460,Green Bay Packers @ Tampa Bay Buccaneers,2026-10-04T17:00:00Z,2026-10-02T17:51+00:00
Jalon Daniels,pass_cmps,12.0,-1660,Green Bay Packers @ Tampa Bay Buccaneers,2026-10-04T17:00:00Z,2026-10-02T17:51+00:00
Jalon Daniels,pass_cmps,14.0,-527,Green Bay Packers @ Tampa Bay Buccaneers,2026-10-04T17:00:00Z,2026-10-02T17:51+00:00
Jalon Daniels,pass_cmps,16.0,-220,Green Bay Packers @ Tampa Bay Buccaneers,2026-10-04T17:00:00Z,2026-10-02T17:51+00:00
Jalon Daniels,pass_cmps,18.0,-107,Green Bay Packers @ Tampa Bay Buccaneers,2026-10-04T17:00:00Z,2026-10-02T17:51+00:00
Jalon Daniels,pass_cmps,20.0,184,Green Bay Packers @ Tampa Bay Buccaneers,2026-10-04T17:00:00Z,2026-10-02T17:51+00:00
Jalon Daniels,pass_cmps,22.0,357,Green Bay Packers @ Tampa Bay Buccaneers,2026-10-04T17:00:00Z,2026-10-02T17:51+00:00
Jalon Daniels,pass_cmps,24.0,700,Green Bay Packers @ Tampa Bay Buccaneers,2026-10-04T17:00:00Z,2026-10-02T17:51+00:00
Jalon Daniels,pass_cmps,26.0,1240,Green Bay Packers @ Tampa Bay Buccaneers,2026-10-04T17:00:00Z,2026-10-02T17:51+00:00
Jordan Love,pass_yds,160.0,-1540,Green Bay Packers @ Tampa Bay Buccaneers,2026-10-04T17:00:00Z,2026-10-02T17:51+00:00
Jordan Love,pass_yds,170.0,-1020,Green Bay Packers @ Tampa Bay Buccaneers,2026-10-04T17:00:00Z,2026-10-02T17:51+00:00
Jordan Love,pass_yds,180.0,-720,Green Bay Packers @ Tampa Bay Buccaneers,2026-10-04T17:00:00Z,2026-10-02T17:51+00:00
Jordan Love,pass_yds,190.0,-535,Green Bay Packers @ Tampa Bay Buccaneers,2026-10-04T17:00:00Z,2026-10-02T17:51+00:00
Jordan Love,pass_yds,200.0,-399,Green Bay Packers @ Tampa Bay Buccaneers,2026-10-04T17:00:00Z,2026-10-02T17:51+00:00
Jordan Love,pass_yds,210.0,-303,Green Bay Packers @ Tampa Bay Buccaneers,2026-10-04T17:00:00Z,2026-10-02T17:51+00:00
Jordan Love,pass_yds,220.0,-230,Green Bay Packers @ Tampa Bay Buccaneers,2026-10-04T17:00:00Z,2026-10-02T17:51+00:00
Jordan Love,pass_yds,230.0,-178,Green Bay Packers @ Tampa Bay Buccaneers,2026-10-04T17:00:00Z,2026-10-02T17:51+00:00
Jordan Love,pass_yds,240.0,-140,Green Bay Packers @ Tampa Bay Buccaneers,2026-10-04T17:00:00Z,2026-10-02T17:51+00:00
Jordan Love,pass_yds,249.0,-112,Green Bay Packers @ Tampa Bay Buccaneers,2026-10-04T17:00:00Z,2026-10-02T17:51+00:00
Jordan Love,pass_yds,250.0,-110,Green Bay Packers @ Tampa Bay Buccaneers,2026-10-04T17:00:00Z,2026-10-02T17:51+00:00
Jordan Love,pass_yds,260.0,114,Green Bay Packers @ Tampa Bay Buccaneers,2026-10-04T17:00:00Z,2026-10-02T17:51+00:00
Jordan Love,pass_yds,270.0,142,Green Bay Packers @ Tampa Bay Buccaneers,2026-10-04T17:00:00Z,2026-10-02T17:51+00:00
Jordan Love,pass_yds,280.0,179,Green Bay Packers @ Tampa Bay Buccaneers,2026-10-04T17:00:00Z,2026-10-02T17:51+00:00
Jordan Love,pass_yds,290.0,226,Green Bay Packers @ Tampa Bay Buccaneers,2026-10-04T17:00:00Z,2026-10-02T17:51+00:00
Jordan Love,pass_yds,300.0,281,Green Bay Packers @ Tampa Bay Buccaneers,2026-10-04T17:00:00Z,2026-10-02T17:51+00:00
Jordan Love,pass_yds,310.0,354,Green Bay Packers @ Tampa Bay Buccaneers,2026-10-04T17:00:00Z,2026-10-02T17:51+00:00
Jordan Love,pass_yds,320.0,438,Green Bay Packers @ Tampa Bay Buccaneers,2026-10-04T17:00:00Z,2026-10-02T17:51+00:00
Jordan Love,pass_yds,330.0,548,Green Bay Packers @ Tampa Bay Buccaneers,2026-10-04T17:00:00Z,2026-10-02T17:51+00:00
Jordan Love,pass_yds,340.0,680,Green Bay Packers @ Tampa Bay Buccaneers,2026-10-04T17:00:00Z,2026-10-02T17:51+00:00
Jordan Love,pass_yds,350.0,870,Green Bay Packers @ Tampa Bay Buccaneers,2026-10-04T17:00:00Z,2026-10-02T17:51+00:00
Jordan Love,pass_yds,360.0,1080,Green Bay Packers @ Tampa Bay Buccaneers,2026-10-04T17:00:00Z,2026-10-02T17:51+00:00
Jordan Love,pass_yds,370.0,1360,Green Bay Packers @ Tampa Bay Buccaneers,2026-10-04T17:00:00Z,2026-10-02T17:51+00:00
Jordan Love,pass_yds,380.0,1660,Green Bay Packers @ Tampa Bay Buccaneers,2026-10-04T17:00:00Z,2026-10-02T17:51+00:00
Jordan Love,pass_yds,390.0,2100,Green Bay Packers @ Tampa Bay Buccaneers,2026-10-04T17:00:00Z,2026-10-02T17:51+00:00
Jordan Love,pass_yds,400.0,2600,Green Bay Packers @ Tampa Bay Buccaneers,2026-10-04T17:00:00Z,2026-10-02T17:51+00:00
Jordan Love,pass_yds,410.0,3200,Green Bay Packers @ Tampa Bay Buccaneers,2026-10-04T17:00:00Z,2026-10-02T17:51+00:00
Jordan Love,pass_yds,420.0,3900,Green Bay Packers @ Tampa Bay Buccaneers,2026-10-04T17:00:00Z,2026-10-02T17:51+00:00
Jalon Daniels,pass_yds,150.0,-243,Green Bay Packers @ Tampa Bay Buccaneers,2026-10-04T17:00:00Z,2026-10-02T17:51+00:00
Jalon Daniels,pass_yds,160.0,-181,Green Bay Packers @ Tampa Bay Buccaneers,2026-10-04T17:00:00Z,2026-10-02T17:51+00:00
Jalon Daniels,pass_yds,170.0,-136,Green Bay Packers @ Tampa Bay Buccaneers,2026-10-04T17:00:00Z,2026-10-02T17:51+00:00
Jalon Daniels,pass_yds,177.0,-112,Green Bay Packers @ Tampa Bay Buccaneers,2026-10-04T17:00:00Z,2026-10-02T17:51+00:00
Jalon Daniels,pass_yds,180.0,-103,Green Bay Packers @ Tampa Bay Buccaneers,2026-10-04T17:00:00Z,2026-10-02T17:51+00:00
Jalon Daniels,pass_yds,190.0,126,Green Bay Packers @ Tampa Bay Buccaneers,2026-10-04T17:00:00Z,2026-10-02T17:51+00:00
Jalon Daniels,pass_yds,200.0,161,Green Bay Packers @ Tampa Bay Buccaneers,2026-10-04T17:00:00Z,2026-10-02T17:51+00:00
Jalon Daniels,pass_yds,210.0,207,Green Bay Packers @ Tampa Bay Buccaneers,2026-10-04T17:00:00Z,2026-10-02T17:51+00:00
Jalon Daniels,pass_yds,220.0,266,Green Bay Packers @ Tampa Bay Buccaneers,2026-10-04T17:00:00Z,2026-10-02T17:51+00:00
Jalon Daniels,pass_yds,230.0,338,Green Bay Packers @ Tampa Bay Buccaneers,2026-10-04T17:00:00Z,2026-10-02T17:51+00:00
Jalon Daniels,pass_yds,240.0,438,Green Bay Packers @ Tampa Bay Buccaneers,2026-10-04T17:00:00Z,2026-10-02T17:51+00:00
Jalon Daniels,pass_yds,250.0,563,Green Bay Packers @ Tampa Bay Buccaneers,2026-10-04T17:00:00Z,2026-10-02T17:51+00:00
Jalon Daniels,pass_yds,260.0,710,Green Bay Packers @ Tampa Bay Buccaneers,2026-10-04T17:00:00Z,2026-10-02T17:51+00:00
Jalon Daniels,pass_yds,270.0,910,Green Bay Packers @ Tampa Bay Buccaneers,2026-10-04T17:00:00Z,2026-10-02T17:51+00:00
Jalon Daniels,pass_yds,280.0,1160,Green Bay Packers @ Tampa Bay Buccaneers,2026-10-04T17:00:00Z,2026-10-02T17:51+00:00
Jalon Daniels,pass_yds,290.0,1460,Green Bay Packers @ Tampa Bay Buccaneers,2026-10-04T17:00:00Z,2026-10-02T17:51+00:00
Jalon Daniels,pass_yds,300.0,1840,Green Bay Packers @ Tampa Bay Buccaneers,2026-10-04T17:00:00Z,2026-10-02T17:51+00:00
Jalon Daniels,pass_yds,310.0,2300,Green Bay Packers @ Tampa Bay Buccaneers,2026-10-04T17:00:00Z,2026-10-02T17:51+00:00
Jalon Daniels,pass_yds,320.0,2800,Green Bay Packers @ Tampa Bay Buccaneers,2026-10-04T17:00:00Z,2026-10-02T17:51+00:00
Jalon Daniels,pass_yds,330.0,3600,Green Bay Packers @ Tampa Bay Buccaneers,2026-10-04T17:00:00Z,2026-10-02T17:51+00:00
Christian Watson,rec_yds,25.0,-1060,Green Bay Packers @ Tampa Bay Buccaneers,2026-10-04T17:00:00Z,2026-10-02T17:51+00:00
Christian Watson,rec_yds,40.0,-394,Green Bay Packers @ Tampa Bay Buccaneers,2026-10-04T17:00:00Z,2026-10-02T17:51+00:00
Christian Watson,rec_yds,50.0,-238,Green Bay Packers @ Tampa Bay Buccaneers,2026-10-04T17:00:00Z,2026-10-02T17:51+00:00
Christian Watson,rec_yds,60.0,-154,Green Bay Packers @ Tampa Bay Buccaneers,2026-10-04T17:00:00Z,2026-10-02T17:51+00:00
Christian Watson,rec_yds,68.0,-110,Green Bay Packers @ Tampa Bay Buccaneers,2026-10-04T17:00:00Z,2026-10-02T17:51+00:00
Christian Watson,rec_yds,70.0,-102,Green Bay Packers @ Tampa Bay Buccaneers,2026-10-04T17:00:00Z,2026-10-02T17:51+00:00
Christian Watson,rec_yds,80.0,142,Green Bay Packers @ Tampa Bay Buccaneers,2026-10-04T17:00:00Z,2026-10-02T17:51+00:00
Christian Watson,rec_yds,90.0,202,Green Bay Packers @ Tampa Bay Buccaneers,2026-10-04T17:00:00Z,2026-10-02T17:51+00:00
Christian Watson,rec_yds,100.0,286,Green Bay Packers @ Tampa Bay Buccaneers,2026-10-04T17:00:00Z,2026-10-02T17:51+00:00
Christian Watson,rec_yds,110.0,397,Green Bay Packers @ Tampa Bay Buccaneers,2026-10-04T17:00:00Z,2026-10-02T17:51+00:00
Christian Watson,rec_yds,120.0,560,Green Bay Packers @ Tampa Bay Buccaneers,2026-10-04T17:00:00Z,2026-10-02T17:51+00:00
Christian Watson,rec_yds,130.0,770,Green Bay Packers @ Tampa Bay Buccaneers,2026-10-04T17:00:00Z,2026-10-02T17:51+00:00
Christian Watson,rec_yds,140.0,1060,Green Bay Packers @ Tampa Bay Buccaneers,2026-10-04T17:00:00Z,2026-10-02T17:51+00:00
Christian Watson,rec_yds,150.0,1440,Green Bay Packers @ Tampa Bay Buccaneers,2026-10-04T17:00:00Z,2026-10-02T17:51+00:00
Christian Watson,rec_yds,160.0,1900,Green Bay Packers @ Tampa Bay Buccaneers,2026-10-04T17:00:00Z,2026-10-02T17:51+00:00
Christian Watson,rec_yds,170.0,2500,Green Bay Packers @ Tampa Bay Buccaneers,2026-10-04T17:00:00Z,2026-10-02T17:51+00:00
Christian Watson,rec_yds,180.0,3300,Green Bay Packers @ Tampa Bay Buccaneers,2026-10-04T17:00:00Z,2026-10-02T17:51+00:00
Matthew Golden,rec_yds,15.0,-1900,Green Bay Packers @ Tampa Bay Buccaneers,2026-10-04T17:00:00Z,2026-10-02T17:51+00:00
Matthew Golden,rec_yds,25.0,-740,Green Bay Packers @ Tampa Bay Buccaneers,2026-10-04T17:00:00Z,2026-10-02T17:51+00:00
Matthew Golden,rec_yds,40.0,-285,Green Bay Packers @ Tampa Bay Buccaneers,2026-10-04T17:00:00Z,2026-10-02T17:51+00:00
Matthew Golden,rec_yds,50.0,-170,Green Bay Packers @ Tampa Bay Buccaneers,2026-10-04T17:00:00Z,2026-10-02T17:51+00:00
Matthew Golden,rec_yds,60.0,-110,Green Bay Packers @ Tampa Bay Buccaneers,2026-10-04T17:00:00Z,2026-10-02T17:51+00:00
Matthew Golden,rec_yds,70.0,135,Green Bay Packers @ Tampa Bay Buccaneers,2026-10-04T17:00:00Z,2026-10-02T17:51+00:00
Matthew Golden,rec_yds,80.0,201,Green Bay Packers @ Tampa Bay Buccaneers,2026-10-04T17:00:00Z,2026-10-02T17:51+00:00
Matthew Golden,rec_yds,90.0,290,Green Bay Packers @ Tampa Bay Buccaneers,2026-10-04T17:00:00Z,2026-10-02T17:51+00:00
Matthew Golden,rec_yds,100.0,408,Green Bay Packers @ Tampa Bay Buccaneers,2026-10-04T17:00:00Z,2026-10-02T17:51+00:00
Matthew Golden,rec_yds,110.0,576,Green Bay Packers @ Tampa Bay Buccaneers,2026-10-04T17:00:00Z,2026-10-02T17:51+00:00
Matthew Golden,rec_yds,120.0,810,Green Bay Packers @ Tampa Bay Buccaneers,2026-10-04T17:00:00Z,2026-10-02T17:51+00:00
Matthew Golden,rec_yds,130.0,1120,Green Bay Packers @ Tampa Bay Buccaneers,2026-10-04T17:00:00Z,2026-10-02T17:51+00:00
Matthew Golden,rec_yds,140.0,1560,Green Bay Packers @ Tampa Bay Buccaneers,2026-10-04T17:00:00Z,2026-10-02T17:51+00:00
Matthew Golden,rec_yds,150.0,2200,Green Bay Packers @ Tampa Bay Buccaneers,2026-10-04T17:00:00Z,2026-10-02T17:51+00:00
Matthew Golden,rec_yds,160.0,2900,Green Bay Packers @ Tampa Bay Buccaneers,2026-10-04T17:00:00Z,2026-10-02T17:51+00:00
Matthew Golden,rec_yds,170.0,3600,Green Bay Packers @ Tampa Bay Buccaneers,2026-10-04T17:00:00Z,2026-10-02T17:51+00:00
Tucker Kraft,rec_yds,15.0,-760,Green Bay Packers @ Tampa Bay Buccaneers,2026-10-04T17:00:00Z,2026-10-02T17:51+00:00
Tucker Kraft,rec_yds,25.0,-306,Green Bay Packers @ Tampa Bay Buccaneers,2026-10-04T17:00:00Z,2026-10-02T17:51+00:00
Tucker Kraft,rec_yds,40.0,-122,Green Bay Packers @ Tampa Bay Buccaneers,2026-10-04T17:00:00Z,2026-10-02T17:51+00:00
Tucker Kraft,rec_yds,42.0,-110,Green Bay Packers @ Tampa Bay Buccaneers,2026-10-04T17:00:00Z,2026-10-02T17:51+00:00
Tucker Kraft,rec_yds,50.0,134,Green Bay Packers @ Tampa Bay Buccaneers,2026-10-04T17:00:00Z,2026-10-02T17:51+00:00
Tucker Kraft,rec_yds,60.0,212,Green Bay Packers @ Tampa Bay Buccaneers,2026-10-04T17:00:00Z,2026-10-02T17:51+00:00
Tucker Kraft,rec_yds,70.0,324,Green Bay Packers @ Tampa Bay Buccaneers,2026-10-04T17:00:00Z,2026-10-02T17:51+00:00
Tucker Kraft,rec_yds,80.0,483,Green Bay Packers @ Tampa Bay Buccaneers,2026-10-04T17:00:00Z,2026-10-02T17:51+00:00
Tucker Kraft,rec_yds,90.0,720,Green Bay Packers @ Tampa Bay Buccaneers,2026-10-04T17:00:00Z,2026-10-02T17:51+00:00
Tucker Kraft,rec_yds,100.0,1060,Green Bay Packers @ Tampa Bay Buccaneers,2026-10-04T17:00:00Z,2026-10-02T17:51+00:00
Tucker Kraft,rec_yds,110.0,1540,Green Bay Packers @ Tampa Bay Buccaneers,2026-10-04T17:00:00Z,2026-10-02T17:51+00:00
Tucker Kraft,rec_yds,120.0,2200,Green Bay Packers @ Tampa Bay Buccaneers,2026-10-04T17:00:00Z,2026-10-02T17:51+00:00
Tucker Kraft,rec_yds,130.0,3100,Green Bay Packers @ Tampa Bay Buccaneers,2026-10-04T17:00:00Z,2026-10-02T17:51+00:00
Tucker Kraft,rec_yds,140.0,4000,Green Bay Packers @ Tampa Bay Buccaneers,2026-10-04T17:00:00Z,2026-10-02T17:51+00:00
Emeka Egbuka,rec_yds,15.0,-620,Green Bay Packers @ Tampa Bay Buccaneers,2026-10-04T17:00:00Z,2026-10-02T17:51+00:00
Emeka Egbuka,rec_yds,25.0,-261,Green Bay Packers @ Tampa Bay Buccaneers,2026-10-04T17:00:00Z,2026-10-02T17:51+00:00
Emeka Egbuka,rec_yds,39.0,-110,Green Bay Packers @ Tampa Bay Buccaneers,2026-10-04T17:00:00Z,2026-10-02T17:51+00:00
Emeka Egbuka,rec_yds,40.0,-105,Green Bay Packers @ Tampa Bay Buccaneers,2026-10-04T17:00:00Z,2026-10-02T17:51+00:00
Emeka Egbuka,rec_yds,50.0,156,Green Bay Packers @ Tampa Bay Buccaneers,2026-10-04T17:00:00Z,2026-10-02T17:51+00:00
Emeka Egbuka,rec_yds,60.0,249,Green Bay Packers @ Tampa Bay Buccaneers,2026-10-04T17:00:00Z,2026-10-02T17:51+00:00
Emeka Egbuka,rec_yds,70.0,389,Green Bay Packers @ Tampa Bay Buccaneers,2026-10-04T17:00:00Z,2026-10-02T17:51+00:00
Emeka Egbuka,rec_yds,80.0,589,Green Bay Packers @ Tampa Bay Buccaneers,2026-10-04T17:00:00Z,2026-10-02T17:51+00:00
Emeka Egbuka,rec_yds,90.0,870,Green Bay Packers @ Tampa Bay Buccaneers,2026-10-04T17:00:00Z,2026-10-02T17:51+00:00
Emeka Egbuka,rec_yds,100.0,1320,Green Bay Packers @ Tampa Bay Buccaneers,2026-10-04T17:00:00Z,2026-10-02T17:51+00:00
Emeka Egbuka,rec_yds,110.0,1980,Green Bay Packers @ Tampa Bay Buccaneers,2026-10-04T17:00:00Z,2026-10-02T17:51+00:00
Emeka Egbuka,rec_yds,120.0,2800,Green Bay Packers @ Tampa Bay Buccaneers,2026-10-04T17:00:00Z,2026-10-02T17:51+00:00
Emeka Egbuka,rec_yds,130.0,4000,Green Bay Packers @ Tampa Bay Buccaneers,2026-10-04T17:00:00Z,2026-10-02T17:51+00:00
Chris Godwin,rec_yds,15.0,-279,Green Bay Packers @ Tampa Bay Buccaneers,2026-10-04T17:00:00Z,2026-10-02T17:51+00:00
Chris Godwin,rec_yds,25.0,-128,Green Bay Packers @ Tampa Bay Buccaneers,2026-10-04T17:00:00Z,2026-10-02T17:51+00:00
Chris Godwin,rec_yds,27.0,-113,Green Bay Packers @ Tampa Bay Buccaneers,2026-10-04T17:00:00Z,2026-10-02T17:51+00:00
Chris Godwin,rec_yds,40.0,195,Green Bay Packers @ Tampa Bay Buccaneers,2026-10-04T17:00:00Z,2026-10-02T17:51+00:00
Chris Godwin,rec_yds,50.0,331,Green Bay Packers @ Tampa Bay Buccaneers,2026-10-04T17:00:00Z,2026-10-02T17:51+00:00
Chris Godwin,rec_yds,60.0,535,Green Bay Packers @ Tampa Bay Buccaneers,2026-10-04T17:00:00Z,2026-10-02T17:51+00:00
Chris Godwin,rec_yds,70.0,860,Green Bay Packers @ Tampa Bay Buccaneers,2026-10-04T17:00:00Z,2026-10-02T17:51+00:00
Chris Godwin,rec_yds,80.0,1340,Green Bay Packers @ Tampa Bay Buccaneers,2026-10-04T17:00:00Z,2026-10-02T17:51+00:00
Chris Godwin,rec_yds,90.0,2000,Green Bay Packers @ Tampa Bay Buccaneers,2026-10-04T17:00:00Z,2026-10-02T17:51+00:00
Chris Godwin,rec_yds,100.0,2900,Green Bay Packers @ Tampa Bay Buccaneers,2026-10-04T17:00:00Z,2026-10-02T17:51+00:00
Chris Godwin,rec_yds,110.0,4000,Green Bay Packers @ Tampa Bay Buccaneers,2026-10-04T17:00:00Z,2026-10-02T17:51+00:00
Cade Otton,rec_yds,15.0,-287,Green Bay Packers @ Tampa Bay Buccaneers,2026-10-04T17:00:00Z,2026-10-02T17:51+00:00
Cade Otton,rec_yds,25.0,-123,Green Bay Packers @ Tampa Bay Buccaneers,2026-10-04T17:00:00Z,2026-10-02T17:51+00:00
Cade Otton,rec_yds,26.0,-115,Green Bay Packers @ Tampa Bay Buccaneers,2026-10-04T17:00:00Z,2026-10-02T17:51+00:00
Cade Otton,rec_yds,40.0,209,Green Bay Packers @ Tampa Bay Buccaneers,2026-10-04T17:00:00Z,2026-10-02T17:51+00:00
Cade Otton,rec_yds,50.0,368,Green Bay Packers @ Tampa Bay Buccaneers,2026-10-04T17:00:00Z,2026-10-02T17:51+00:00
Cade Otton,rec_yds,60.0,600,Green Bay Packers @ Tampa Bay Buccaneers,2026-10-04T17:00:00Z,2026-10-02T17:51+00:00
Cade Otton,rec_yds,70.0,990,Green Bay Packers @ Tampa Bay Buccaneers,2026-10-04T17:00:00Z,2026-10-02T17:51+00:00
Cade Otton,rec_yds,80.0,1560,Green Bay Packers @ Tampa Bay Buccaneers,2026-10-04T17:00:00Z,2026-10-02T17:51+00:00
Cade Otton,rec_yds,90.0,2400,Green Bay Packers @ Tampa Bay Buccaneers,2026-10-04T17:00:00Z,2026-10-02T17:51+00:00
Cade Otton,rec_yds,100.0,3300,Green Bay Packers @ Tampa Bay Buccaneers,2026-10-04T17:00:00Z,2026-10-02T17:51+00:00
Ted Hurst III,rec_yds,15.0,-216,Green Bay Packers @ Tampa Bay Buccaneers,2026-10-04T17:00:00Z,2026-10-02T17:51+00:00
Ted Hurst III,rec_yds,23.0,-115,Green Bay Packers @ Tampa Bay Buccaneers,2026-10-04T17:00:00Z,2026-10-02T17:51+00:00
Ted Hurst III,rec_yds,25.0,-101,Green Bay Packers @ Tampa Bay Buccaneers,2026-10-04T17:00:00Z,2026-10-02T17:51+00:00
Ted Hurst III,rec_yds,40.0,233,Green Bay Packers @ Tampa Bay Buccaneers,2026-10-04T17:00:00Z,2026-10-02T17:51+00:00
Ted Hurst III,rec_yds,50.0,386,Green Bay Packers @ Tampa Bay Buccaneers,2026-10-04T17:00:00Z,2026-10-02T17:51+00:00
Ted Hurst III,rec_yds,60.0,630,Green Bay Packers @ Tampa Bay Buccaneers,2026-10-04T17:00:00Z,2026-10-02T17:51+00:00
Ted Hurst III,rec_yds,70.0,1000,Green Bay Packers @ Tampa Bay Buccaneers,2026-10-04T17:00:00Z,2026-10-02T17:51+00:00
Ted Hurst III,rec_yds,80.0,1500,Green Bay Packers @ Tampa Bay Buccaneers,2026-10-04T17:00:00Z,2026-10-02T17:51+00:00
Ted Hurst III,rec_yds,90.0,2300,Green Bay Packers @ Tampa Bay Buccaneers,2026-10-04T17:00:00Z,2026-10-02T17:51+00:00
Ted Hurst III,rec_yds,100.0,3300,Green Bay Packers @ Tampa Bay Buccaneers,2026-10-04T17:00:00Z,2026-10-02T17:51+00:00
Skyy Moore,rec_yds,15.0,-152,Green Bay Packers @ Tampa Bay Buccaneers,2026-10-04T17:00:00Z,2026-10-02T17:51+00:00
Skyy Moore,rec_yds,19.0,-109,Green Bay Packers @ Tampa Bay Buccaneers,2026-10-04T17:00:00Z,2026-10-02T17:51+00:00
Skyy Moore,rec_yds,25.0,137,Green Bay Packers @ Tampa Bay Buccaneers,2026-10-04T17:00:00Z,2026-10-02T17:51+00:00
Skyy Moore,rec_yds,40.0,321,Green Bay Packers @ Tampa Bay Buccaneers,2026-10-04T17:00:00Z,2026-10-02T17:51+00:00
Skyy Moore,rec_yds,50.0,543,Green Bay Packers @ Tampa Bay Buccaneers,2026-10-04T17:00:00Z,2026-10-02T17:51+00:00
Skyy Moore,rec_yds,60.0,880,Green Bay Packers @ Tampa Bay Buccaneers,2026-10-04T17:00:00Z,2026-10-02T17:51+00:00
Skyy Moore,rec_yds,70.0,1380,Green Bay Packers @ Tampa Bay Buccaneers,2026-10-04T17:00:00Z,2026-10-02T17:51+00:00
Skyy Moore,rec_yds,80.0,2100,Green Bay Packers @ Tampa Bay Buccaneers,2026-10-04T17:00:00Z,2026-10-02T17:51+00:00
Skyy Moore,rec_yds,90.0,3100,Green Bay Packers @ Tampa Bay Buccaneers,2026-10-04T17:00:00Z,2026-10-02T17:51+00:00
Bucky Irving,rec_yds,14.0,-114,Green Bay Packers @ Tampa Bay Buccaneers,2026-10-04T17:00:00Z,2026-10-02T17:51+00:00
Bucky Irving,rec_yds,15.0,-102,Green Bay Packers @ Tampa Bay Buccaneers,2026-10-04T17:00:00Z,2026-10-02T17:51+00:00
Bucky Irving,rec_yds,25.0,281,Green Bay Packers @ Tampa Bay Buccaneers,2026-10-04T17:00:00Z,2026-10-02T17:51+00:00
Bucky Irving,rec_yds,40.0,920,Green Bay Packers @ Tampa Bay Buccaneers,2026-10-04T17:00:00Z,2026-10-02T17:51+00:00
Bucky Irving,rec_yds,50.0,1640,Green Bay Packers @ Tampa Bay Buccaneers,2026-10-04T17:00:00Z,2026-10-02T17:51+00:00
Bucky Irving,rec_yds,60.0,2500,Green Bay Packers @ Tampa Bay Buccaneers,2026-10-04T17:00:00Z,2026-10-02T17:51+00:00
Bucky Irving,rec_yds,70.0,3600,Green Bay Packers @ Tampa Bay Buccaneers,2026-10-04T17:00:00Z,2026-10-02T17:51+00:00
Tez Johnson,rec_yds,10.0,-107,Green Bay Packers @ Tampa Bay Buccaneers,2026-10-04T17:00:00Z,2026-10-02T17:51+00:00
Tez Johnson,rec_yds,15.0,152,Green Bay Packers @ Tampa Bay Buccaneers,2026-10-04T17:00:00Z,2026-10-02T17:51+00:00
Tez Johnson,rec_yds,25.0,337,Green Bay Packers @ Tampa Bay Buccaneers,2026-10-04T17:00:00Z,2026-10-02T17:51+00:00
Tez Johnson,rec_yds,40.0,860,Green Bay Packers @ Tampa Bay Buccaneers,2026-10-04T17:00:00Z,2026-10-02T17:51+00:00
Tez Johnson,rec_yds,50.0,1460,Green Bay Packers @ Tampa Bay Buccaneers,2026-10-04T17:00:00Z,2026-10-02T17:51+00:00
Tez Johnson,rec_yds,60.0,2400,Green Bay Packers @ Tampa Bay Buccaneers,2026-10-04T17:00:00Z,2026-10-02T17:51+00:00
Tez Johnson,rec_yds,70.0,3700,Green Bay Packers @ Tampa Bay Buccaneers,2026-10-04T17:00:00Z,2026-10-02T17:51+00:00
Kenny Gainwell,rec_yds,11.0,-114,Green Bay Packers @ Tampa Bay Buccaneers,2026-10-04T17:00:00Z,2026-10-02T17:51+00:00
Kenny Gainwell,rec_yds,15.0,136,Green Bay Packers @ Tampa Bay Buccaneers,2026-10-04T17:00:00Z,2026-10-02T17:51+00:00
Kenny Gainwell,rec_yds,25.0,343,Green Bay Packers @ Tampa Bay Buccaneers,2026-10-04T17:00:00Z,2026-10-02T17:51+00:00
Kenny Gainwell,rec_yds,40.0,980,Green Bay Packers @ Tampa Bay Buccaneers,2026-10-04T17:00:00Z,2026-10-02T17:51+00:00
Kenny Gainwell,rec_yds,50.0,1700,Green Bay Packers @ Tampa Bay Buccaneers,2026-10-04T17:00:00Z,2026-10-02T17:51+00:00
Kenny Gainwell,rec_yds,60.0,2600,Green Bay Packers @ Tampa Bay Buccaneers,2026-10-04T17:00:00Z,2026-10-02T17:51+00:00
Kenny Gainwell,rec_yds,70.0,3900,Green Bay Packers @ Tampa Bay Buccaneers,2026-10-04T17:00:00Z,2026-10-02T17:51+00:00
Jonnu Smith,rec_yds,7.0,-117,Green Bay Packers @ Tampa Bay Buccaneers,2026-10-04T17:00:00Z,2026-10-02T17:51+00:00
Jonnu Smith,rec_yds,15.0,243,Green Bay Packers @ Tampa Bay Buccaneers,2026-10-04T17:00:00Z,2026-10-02T17:51+00:00
Jonnu Smith,rec_yds,25.0,538,Green Bay Packers @ Tampa Bay Buccaneers,2026-10-04T17:00:00Z,2026-10-02T17:51+00:00
Jonnu Smith,rec_yds,40.0,1460,Green Bay Packers @ Tampa Bay Buccaneers,2026-10-04T17:00:00Z,2026-10-02T17:51+00:00
Jonnu Smith,rec_yds,50.0,2300,Green Bay Packers @ Tampa Bay Buccaneers,2026-10-04T17:00:00Z,2026-10-02T17:51+00:00
Jonnu Smith,rec_yds,60.0,3300,Green Bay Packers @ Tampa Bay Buccaneers,2026-10-04T17:00:00Z,2026-10-02T17:51+00:00
MarShawn Lloyd,rec_yds,8.0,-103,Green Bay Packers @ Tampa Bay Buccaneers,2026-10-04T17:00:00Z,2026-10-02T17:51+00:00
MarShawn Lloyd,rec_yds,15.0,251,Green Bay Packers @ Tampa Bay Buccaneers,2026-10-04T17:00:00Z,2026-10-02T17:51+00:00
MarShawn Lloyd,rec_yds,25.0,610,Green Bay Packers @ Tampa Bay Buccaneers,2026-10-04T17:00:00Z,2026-10-02T17:51+00:00
MarShawn Lloyd,rec_yds,40.0,1760,Green Bay Packers @ Tampa Bay Buccaneers,2026-10-04T17:00:00Z,2026-10-02T17:51+00:00
MarShawn Lloyd,rec_yds,50.0,3000,Green Bay Packers @ Tampa Bay Buccaneers,2026-10-04T17:00:00Z,2026-10-02T17:51+00:00
Christian Watson,receptions,3.0,-1240,Green Bay Packers @ Tampa Bay Buccaneers,2026-10-04T17:00:00Z,2026-10-02T17:51+00:00
Christian Watson,receptions,4.0,-415,Green Bay Packers @ Tampa Bay Buccaneers,2026-10-04T17:00:00Z,2026-10-02T17:51+00:00
Christian Watson,receptions,5.0,-182,Green Bay Packers @ Tampa Bay Buccaneers,2026-10-04T17:00:00Z,2026-10-02T17:51+00:00
Christian Watson,receptions,6.0,111,Green Bay Packers @ Tampa Bay Buccaneers,2026-10-04T17:00:00Z,2026-10-02T17:51+00:00
Christian Watson,receptions,7.0,214,Green Bay Packers @ Tampa Bay Buccaneers,2026-10-04T17:00:00Z,2026-10-02T17:51+00:00
Christian Watson,receptions,8.0,401,Green Bay Packers @ Tampa Bay Buccaneers,2026-10-04T17:00:00Z,2026-10-02T17:51+00:00
Christian Watson,receptions,9.0,730,Green Bay Packers @ Tampa Bay Buccaneers,2026-10-04T17:00:00Z,2026-10-02T17:51+00:00
Christian Watson,receptions,10.0,1280,Green Bay Packers @ Tampa Bay Buccaneers,2026-10-04T17:00:00Z,2026-10-02T17:51+00:00
Christian Watson,receptions,11.0,2000,Green Bay Packers @ Tampa Bay Buccaneers,2026-10-04T17:00:00Z,2026-10-02T17:51+00:00
Matthew Golden,receptions,3.0,-890,Green Bay Packers @ Tampa Bay Buccaneers,2026-10-04T17:00:00Z,2026-10-02T17:51+00:00
Matthew Golden,receptions,4.0,-317,Green Bay Packers @ Tampa Bay Buccaneers,2026-10-04T17:00:00Z,2026-10-02T17:51+00:00
Matthew Golden,receptions,5.0,-145,Green Bay Packers @ Tampa Bay Buccaneers,2026-10-04T17:00:00Z,2026-10-02T17:51+00:00
Matthew Golden,receptions,6.0,138,Green Bay Packers @ Tampa Bay Buccaneers,2026-10-04T17:00:00Z,2026-10-02T17:51+00:00
Matthew Golden,receptions,7.0,259,Green Bay Packers @ Tampa Bay Buccaneers,2026-10-04T17:00:00Z,2026-10-02T17:51+00:00
Matthew Golden,receptions,8.0,474,Green Bay Packers @ Tampa Bay Buccaneers,2026-10-04T17:00:00Z,2026-10-02T17:51+00:00
Matthew Golden,receptions,9.0,870,Green Bay Packers @ Tampa Bay Buccaneers,2026-10-04T17:00:00Z,2026-10-02T17:51+00:00
Matthew Golden,receptions,10.0,1520,Green Bay Packers @ Tampa Bay Buccaneers,2026-10-04T17:00:00Z,2026-10-02T17:51+00:00
Matthew Golden,receptions,11.0,2400,Green Bay Packers @ Tampa Bay Buccaneers,2026-10-04T17:00:00Z,2026-10-02T17:51+00:00
Tucker Kraft,receptions,2.0,-1720,Green Bay Packers @ Tampa Bay Buccaneers,2026-10-04T17:00:00Z,2026-10-02T17:51+00:00
Tucker Kraft,receptions,3.0,-440,Green Bay Packers @ Tampa Bay Buccaneers,2026-10-04T17:00:00Z,2026-10-02T17:51+00:00
Tucker Kraft,receptions,4.0,-175,Green Bay Packers @ Tampa Bay Buccaneers,2026-10-04T17:00:00Z,2026-10-02T17:51+00:00
Tucker Kraft,receptions,5.0,123,Green Bay Packers @ Tampa Bay Buccaneers,2026-10-04T17:00:00Z,2026-10-02T17:51+00:00
Tucker Kraft,receptions,6.0,247,Green Bay Packers @ Tampa Bay Buccaneers,2026-10-04T17:00:00Z,2026-10-02T17:51+00:00
Tucker Kraft,receptions,7.0,479,Green Bay Packers @ Tampa Bay Buccaneers,2026-10-04T17:00:00Z,2026-10-02T17:51+00:00
Tucker Kraft,receptions,8.0,890,Green Bay Packers @ Tampa Bay Buccaneers,2026-10-04T17:00:00Z,2026-10-02T17:51+00:00
Tucker Kraft,receptions,9.0,1620,Green Bay Packers @ Tampa Bay Buccaneers,2026-10-04T17:00:00Z,2026-10-02T17:51+00:00
Tucker Kraft,receptions,10.0,2500,Green Bay Packers @ Tampa Bay Buccaneers,2026-10-04T17:00:00Z,2026-10-02T17:51+00:00
Emeka Egbuka,receptions,2.0,-810,Green Bay Packers @ Tampa Bay Buccaneers,2026-10-04T17:00:00Z,2026-10-02T17:51+00:00
Emeka Egbuka,receptions,3.0,-241,Green Bay Packers @ Tampa Bay Buccaneers,2026-10-04T17:00:00Z,2026-10-02T17:51+00:00
Emeka Egbuka,receptions,4.0,102,Green Bay Packers @ Tampa Bay Buccaneers,2026-10-04T17:00:00Z,2026-10-02T17:51+00:00
Emeka Egbuka,receptions,5.0,224,Green Bay Packers @ Tampa Bay Buccaneers,2026-10-04T17:00:00Z,2026-10-02T17:51+00:00
Emeka Egbuka,receptions,6.0,465,Green Bay Packers @ Tampa Bay Buccaneers,2026-10-04T17:00:00Z,2026-10-02T17:51+00:00
Emeka Egbuka,receptions,7.0,910,Green Bay Packers @ Tampa Bay Buccaneers,2026-10-04T17:00:00Z,2026-10-02T17:51+00:00
Emeka Egbuka,receptions,8.0,1720,Green Bay Packers @ Tampa Bay Buccaneers,2026-10-04T17:00:00Z,2026-10-02T17:51+00:00
Emeka Egbuka,receptions,9.0,2700,Green Bay Packers @ Tampa Bay Buccaneers,2026-10-04T17:00:00Z,2026-10-02T17:51+00:00
Chris Godwin,receptions,2.0,-414,Green Bay Packers @ Tampa Bay Buccaneers,2026-10-04T17:00:00Z,2026-10-02T17:51+00:00
Chris Godwin,receptions,3.0,-145,Green Bay Packers @ Tampa Bay Buccaneers,2026-10-04T17:00:00Z,2026-10-02T17:51+00:00
Chris Godwin,receptions,4.0,159,Green Bay Packers @ Tampa Bay Buccaneers,2026-10-04T17:00:00Z,2026-10-02T17:51+00:00
Chris Godwin,receptions,5.0,340,Green Bay Packers @ Tampa Bay Buccaneers,2026-10-04T17:00:00Z,2026-10-02T17:51+00:00
Chris Godwin,receptions,6.0,680,Green Bay Packers @ Tampa Bay Buccaneers,2026-10-04T17:00:00Z,2026-10-02T17:51+00:00
Chris Godwin,receptions,7.0,1300,Green Bay Packers @ Tampa Bay Buccaneers,2026-10-04T17:00:00Z,2026-10-02T17:51+00:00
Chris Godwin,receptions,8.0,2200,Green Bay Packers @ Tampa Bay Buccaneers,2026-10-04T17:00:00Z,2026-10-02T17:51+00:00
Cade Otton,receptions,2.0,-500,Green Bay Packers @ Tampa Bay Buccaneers,2026-10-04T17:00:00Z,2026-10-02T17:51+00:00
Cade Otton,receptions,3.0,-162,Green Bay Packers @ Tampa Bay Buccaneers,2026-10-04T17:00:00Z,2026-10-02T17:51+00:00
Cade Otton,receptions,4.0,150,Green Bay Packers @ Tampa Bay Buccaneers,2026-10-04T17:00:00Z,2026-10-02T17:51+00:00
Cade Otton,receptions,5.0,328,Green Bay Packers @ Tampa Bay Buccaneers,2026-10-04T17:00:00Z,2026-10-02T17:51+00:00
Cade Otton,receptions,6.0,660,Green Bay Packers @ Tampa Bay Buccaneers,2026-10-04T17:00:00Z,2026-10-02T17:51+00:00
Cade Otton,receptions,7.0,1340,Green Bay Packers @ Tampa Bay Buccaneers,2026-10-04T17:00:00Z,2026-10-02T17:51+00:00
Cade Otton,receptions,8.0,2300,Green Bay Packers @ Tampa Bay Buccaneers,2026-10-04T17:00:00Z,2026-10-02T17:51+00:00
Kenny Gainwell,receptions,2.0,-208,Green Bay Packers @ Tampa Bay Buccaneers,2026-10-04T17:00:00Z,2026-10-02T17:51+00:00
Kenny Gainwell,receptions,3.0,130,Green Bay Packers @ Tampa Bay Buccaneers,2026-10-04T17:00:00Z,2026-10-02T17:51+00:00
Kenny Gainwell,receptions,4.0,293,Green Bay Packers @ Tampa Bay Buccaneers,2026-10-04T17:00:00Z,2026-10-02T17:51+00:00
Kenny Gainwell,receptions,5.0,571,Green Bay Packers @ Tampa Bay Buccaneers,2026-10-04T17:00:00Z,2026-10-02T17:51+00:00
Kenny Gainwell,receptions,6.0,1040,Green Bay Packers @ Tampa Bay Buccaneers,2026-10-04T17:00:00Z,2026-10-02T17:51+00:00
Kenny Gainwell,receptions,7.0,1680,Green Bay Packers @ Tampa Bay Buccaneers,2026-10-04T17:00:00Z,2026-10-02T17:51+00:00
Kenny Gainwell,receptions,8.0,2400,Green Bay Packers @ Tampa Bay Buccaneers,2026-10-04T17:00:00Z,2026-10-02T17:51+00:00
Bucky Irving,receptions,2.0,-394,Green Bay Packers @ Tampa Bay Buccaneers,2026-10-04T17:00:00Z,2026-10-02T17:51+00:00
Bucky Irving,receptions,3.0,-137,Green Bay Packers @ Tampa Bay Buccaneers,2026-10-04T17:00:00Z,2026-10-02T17:51+00:00
Bucky Irving,receptions,4.0,174,Green Bay Packers @ Tampa Bay Buccaneers,2026-10-04T17:00:00Z,2026-10-02T17:51+00:00
Bucky Irving,receptions,5.0,393,Green Bay Packers @ Tampa Bay Buccaneers,2026-10-04T17:00:00Z,2026-10-02T17:51+00:00
Bucky Irving,receptions,6.0,850,Green Bay Packers @ Tampa Bay Buccaneers,2026-10-04T17:00:00Z,2026-10-02T17:51+00:00
Bucky Irving,receptions,7.0,1600,Green Bay Packers @ Tampa Bay Buccaneers,2026-10-04T17:00:00Z,2026-10-02T17:51+00:00
Bucky Irving,receptions,8.0,2600,Green Bay Packers @ Tampa Bay Buccaneers,2026-10-04T17:00:00Z,2026-10-02T17:51+00:00
Ted Hurst III,receptions,2.0,-188,Green Bay Packers @ Tampa Bay Buccaneers,2026-10-04T17:00:00Z,2026-10-02T17:51+00:00
Ted Hurst III,receptions,3.0,160,Green Bay Packers @ Tampa Bay Buccaneers,2026-10-04T17:00:00Z,2026-10-02T17:51+00:00
Ted Hurst III,receptions,4.0,421,Green Bay Packers @ Tampa Bay Buccaneers,2026-10-04T17:00:00Z,2026-10-02T17:51+00:00
Ted Hurst III,receptions,5.0,1020,Green Bay Packers @ Tampa Bay Buccaneers,2026-10-04T17:00:00Z,2026-10-02T17:51+00:00
Ted Hurst III,receptions,6.0,2000,Green Bay Packers @ Tampa Bay Buccaneers,2026-10-04T17:00:00Z,2026-10-02T17:51+00:00
Skyy Moore,receptions,2.0,-168,Green Bay Packers @ Tampa Bay Buccaneers,2026-10-04T17:00:00Z,2026-10-02T17:51+00:00
Skyy Moore,receptions,3.0,177,Green Bay Packers @ Tampa Bay Buccaneers,2026-10-04T17:00:00Z,2026-10-02T17:51+00:00
Skyy Moore,receptions,4.0,464,Green Bay Packers @ Tampa Bay Buccaneers,2026-10-04T17:00:00Z,2026-10-02T17:51+00:00
Skyy Moore,receptions,5.0,1100,Green Bay Packers @ Tampa Bay Buccaneers,2026-10-04T17:00:00Z,2026-10-02T17:51+00:00
Skyy Moore,receptions,6.0,2300,Green Bay Packers @ Tampa Bay Buccaneers,2026-10-04T17:00:00Z,2026-10-02T17:51+00:00
MarShawn Lloyd,receptions,2.0,131,Green Bay Packers @ Tampa Bay Buccaneers,2026-10-04T17:00:00Z,2026-10-02T17:51+00:00
MarShawn Lloyd,receptions,3.0,420,Green Bay Packers @ Tampa Bay Buccaneers,2026-10-04T17:00:00Z,2026-10-02T17:51+00:00
MarShawn Lloyd,receptions,4.0,1160,Green Bay Packers @ Tampa Bay Buccaneers,2026-10-04T17:00:00Z,2026-10-02T17:51+00:00
MarShawn Lloyd,receptions,5.0,2600,Green Bay Packers @ Tampa Bay Buccaneers,2026-10-04T17:00:00Z,2026-10-02T17:51+00:00
Jonnu Smith,receptions,2.0,161,Green Bay Packers @ Tampa Bay Buccaneers,2026-10-04T17:00:00Z,2026-10-02T17:51+00:00
Jonnu Smith,receptions,3.0,526,Green Bay Packers @ Tampa Bay Buccaneers,2026-10-04T17:00:00Z,2026-10-02T17:51+00:00
Jonnu Smith,receptions,4.0,1440,Green Bay Packers @ Tampa Bay Buccaneers,2026-10-04T17:00:00Z,2026-10-02T17:51+00:00
Tez Johnson,receptions,2.0,179,Green Bay Packers @ Tampa Bay Buccaneers,2026-10-04T17:00:00Z,2026-10-02T17:51+00:00
Tez Johnson,receptions,3.0,610,Green Bay Packers @ Tampa Bay Buccaneers,2026-10-04T17:00:00Z,2026-10-02T17:51+00:00
Tez Johnson,receptions,4.0,1620,Green Bay Packers @ Tampa Bay Buccaneers,2026-10-04T17:00:00Z,2026-10-02T17:51+00:00
Bucky Irving,rush_att,8.0,-3100,Green Bay Packers @ Tampa Bay Buccaneers,2026-10-04T17:00:00Z,2026-10-02T17:51+00:00
Bucky Irving,rush_att,10.0,-750,Green Bay Packers @ Tampa Bay Buccaneers,2026-10-04T17:00:00Z,2026-10-02T17:51+00:00
Bucky Irving,rush_att,12.0,-285,Green Bay Packers @ Tampa Bay Buccaneers,2026-10-04T17:00:00Z,2026-10-02T17:51+00:00
Bucky Irving,rush_att,14.0,-128,Green Bay Packers @ Tampa Bay Buccaneers,2026-10-04T17:00:00Z,2026-10-02T17:51+00:00
Bucky Irving,rush_att,16.0,156,Green Bay Packers @ Tampa Bay Buccaneers,2026-10-04T17:00:00Z,2026-10-02T17:51+00:00
Bucky Irving,rush_att,18.0,310,Green Bay Packers @ Tampa Bay Buccaneers,2026-10-04T17:00:00Z,2026-10-02T17:51+00:00
Bucky Irving,rush_att,20.0,600,Green Bay Packers @ Tampa Bay Buccaneers,2026-10-04T17:00:00Z,2026-10-02T17:51+00:00
Bucky Irving,rush_att,22.0,1140,Green Bay Packers @ Tampa Bay Buccaneers,2026-10-04T17:00:00Z,2026-10-02T17:51+00:00
Kaleb Johnson,rush_att,6.0,-690,Green Bay Packers @ Tampa Bay Buccaneers,2026-10-04T17:00:00Z,2026-10-02T17:51+00:00
Kaleb Johnson,rush_att,8.0,-209,Green Bay Packers @ Tampa Bay Buccaneers,2026-10-04T17:00:00Z,2026-10-02T17:51+00:00
Kaleb Johnson,rush_att,9.0,-128,Green Bay Packers @ Tampa Bay Buccaneers,2026-10-04T17:00:00Z,2026-10-02T17:51+00:00
Kaleb Johnson,rush_att,10.0,125,Green Bay Packers @ Tampa Bay Buccaneers,2026-10-04T17:00:00Z,2026-10-02T17:51+00:00
Kaleb Johnson,rush_att,12.0,300,Green Bay Packers @ Tampa Bay Buccaneers,2026-10-04T17:00:00Z,2026-10-02T17:51+00:00
Kaleb Johnson,rush_att,14.0,710,Green Bay Packers @ Tampa Bay Buccaneers,2026-10-04T17:00:00Z,2026-10-02T17:51+00:00
Kaleb Johnson,rush_att,16.0,1640,Green Bay Packers @ Tampa Bay Buccaneers,2026-10-04T17:00:00Z,2026-10-02T17:51+00:00
Jalon Daniels,rush_att,4.0,-1160,Green Bay Packers @ Tampa Bay Buccaneers,2026-10-04T17:00:00Z,2026-10-02T17:51+00:00
Jalon Daniels,rush_att,6.0,-246,Green Bay Packers @ Tampa Bay Buccaneers,2026-10-04T17:00:00Z,2026-10-02T17:51+00:00
Jalon Daniels,rush_att,7.0,-137,Green Bay Packers @ Tampa Bay Buccaneers,2026-10-04T17:00:00Z,2026-10-02T17:51+00:00
Jalon Daniels,rush_att,8.0,124,Green Bay Packers @ Tampa Bay Buccaneers,2026-10-04T17:00:00Z,2026-10-02T17:51+00:00
Jalon Daniels,rush_att,10.0,340,Green Bay Packers @ Tampa Bay Buccaneers,2026-10-04T17:00:00Z,2026-10-02T17:51+00:00
Jalon Daniels,rush_att,12.0,910,Green Bay Packers @ Tampa Bay Buccaneers,2026-10-04T17:00:00Z,2026-10-02T17:51+00:00
Bucky Irving,rush_yds,20.0,-2600,Green Bay Packers @ Tampa Bay Buccaneers,2026-10-04T17:00:00Z,2026-10-02T17:51+00:00
Bucky Irving,rush_yds,25.0,-1240,Green Bay Packers @ Tampa Bay Buccaneers,2026-10-04T17:00:00Z,2026-10-02T17:51+00:00
Bucky Irving,rush_yds,30.0,-720,Green Bay Packers @ Tampa Bay Buccaneers,2026-10-04T17:00:00Z,2026-10-02T17:51+00:00
Bucky Irving,rush_yds,40.0,-300,Green Bay Packers @ Tampa Bay Buccaneers,2026-10-04T17:00:00Z,2026-10-02T17:51+00:00
Bucky Irving,rush_yds,50.0,-150,Green Bay Packers @ Tampa Bay Buccaneers,2026-10-04T17:00:00Z,2026-10-02T17:51+00:00
Bucky Irving,rush_yds,55.0,-114,Green Bay Packers @ Tampa Bay Buccaneers,2026-10-04T17:00:00Z,2026-10-02T17:51+00:00
Bucky Irving,rush_yds,60.0,115,Green Bay Packers @ Tampa Bay Buccaneers,2026-10-04T17:00:00Z,2026-10-02T17:51+00:00
Bucky Irving,rush_yds,70.0,192,Green Bay Packers @ Tampa Bay Buccaneers,2026-10-04T17:00:00Z,2026-10-02T17:51+00:00
Bucky Irving,rush_yds,80.0,307,Green Bay Packers @ Tampa Bay Buccaneers,2026-10-04T17:00:00Z,2026-10-02T17:51+00:00
Bucky Irving,rush_yds,90.0,476,Green Bay Packers @ Tampa Bay Buccaneers,2026-10-04T17:00:00Z,2026-10-02T17:51+00:00
Bucky Irving,rush_yds,100.0,740,Green Bay Packers @ Tampa Bay Buccaneers,2026-10-04T17:00:00Z,2026-10-02T17:51+00:00
Bucky Irving,rush_yds,110.0,1100,Green Bay Packers @ Tampa Bay Buccaneers,2026-10-04T17:00:00Z,2026-10-02T17:51+00:00
Bucky Irving,rush_yds,120.0,1700,Green Bay Packers @ Tampa Bay Buccaneers,2026-10-04T17:00:00Z,2026-10-02T17:51+00:00
Bucky Irving,rush_yds,130.0,2400,Green Bay Packers @ Tampa Bay Buccaneers,2026-10-04T17:00:00Z,2026-10-02T17:51+00:00
Bucky Irving,rush_yds,140.0,3400,Green Bay Packers @ Tampa Bay Buccaneers,2026-10-04T17:00:00Z,2026-10-02T17:51+00:00
Jalon Daniels,rush_yds,10.0,-1640,Green Bay Packers @ Tampa Bay Buccaneers,2026-10-04T17:00:00Z,2026-10-02T17:51+00:00
Jalon Daniels,rush_yds,15.0,-760,Green Bay Packers @ Tampa Bay Buccaneers,2026-10-04T17:00:00Z,2026-10-02T17:51+00:00
Jalon Daniels,rush_yds,20.0,-429,Green Bay Packers @ Tampa Bay Buccaneers,2026-10-04T17:00:00Z,2026-10-02T17:51+00:00
Jalon Daniels,rush_yds,25.0,-264,Green Bay Packers @ Tampa Bay Buccaneers,2026-10-04T17:00:00Z,2026-10-02T17:51+00:00
Jalon Daniels,rush_yds,30.0,-175,Green Bay Packers @ Tampa Bay Buccaneers,2026-10-04T17:00:00Z,2026-10-02T17:51+00:00
Jalon Daniels,rush_yds,36.0,-112,Green Bay Packers @ Tampa Bay Buccaneers,2026-10-04T17:00:00Z,2026-10-02T17:51+00:00
Jalon Daniels,rush_yds,40.0,118,Green Bay Packers @ Tampa Bay Buccaneers,2026-10-04T17:00:00Z,2026-10-02T17:51+00:00
Jalon Daniels,rush_yds,50.0,225,Green Bay Packers @ Tampa Bay Buccaneers,2026-10-04T17:00:00Z,2026-10-02T17:51+00:00
Jalon Daniels,rush_yds,60.0,401,Green Bay Packers @ Tampa Bay Buccaneers,2026-10-04T17:00:00Z,2026-10-02T17:51+00:00
Jalon Daniels,rush_yds,70.0,700,Green Bay Packers @ Tampa Bay Buccaneers,2026-10-04T17:00:00Z,2026-10-02T17:51+00:00
Jalon Daniels,rush_yds,80.0,1180,Green Bay Packers @ Tampa Bay Buccaneers,2026-10-04T17:00:00Z,2026-10-02T17:51+00:00
Jalon Daniels,rush_yds,90.0,1980,Green Bay Packers @ Tampa Bay Buccaneers,2026-10-04T17:00:00Z,2026-10-02T17:51+00:00
Jalon Daniels,rush_yds,100.0,3000,Green Bay Packers @ Tampa Bay Buccaneers,2026-10-04T17:00:00Z,2026-10-02T17:51+00:00
Kaleb Johnson,rush_yds,10.0,-1300,Green Bay Packers @ Tampa Bay Buccaneers,2026-10-04T17:00:00Z,2026-10-02T17:51+00:00
Kaleb Johnson,rush_yds,15.0,-570,Green Bay Packers @ Tampa Bay Buccaneers,2026-10-04T17:00:00Z,2026-10-02T17:51+00:00
Kaleb Johnson,rush_yds,20.0,-299,Green Bay Packers @ Tampa Bay Buccaneers,2026-10-04T17:00:00Z,2026-10-02T17:51+00:00
Kaleb Johnson,rush_yds,25.0,-183,Green Bay Packers @ Tampa Bay Buccaneers,2026-10-04T17:00:00Z,2026-10-02T17:51+00:00
Kaleb Johnson,rush_yds,30.0,-120,Green Bay Packers @ Tampa Bay Buccaneers,2026-10-04T17:00:00Z,2026-10-02T17:51+00:00
Kaleb Johnson,rush_yds,31.0,-110,Green Bay Packers @ Tampa Bay Buccaneers,2026-10-04T17:00:00Z,2026-10-02T17:51+00:00
Kaleb Johnson,rush_yds,40.0,175,Green Bay Packers @ Tampa Bay Buccaneers,2026-10-04T17:00:00Z,2026-10-02T17:51+00:00
Kaleb Johnson,rush_yds,50.0,337,Green Bay Packers @ Tampa Bay Buccaneers,2026-10-04T17:00:00Z,2026-10-02T17:51+00:00
Kaleb Johnson,rush_yds,60.0,610,Green Bay Packers @ Tampa Bay Buccaneers,2026-10-04T17:00:00Z,2026-10-02T17:51+00:00
Kaleb Johnson,rush_yds,70.0,1000,Green Bay Packers @ Tampa Bay Buccaneers,2026-10-04T17:00:00Z,2026-10-02T17:51+00:00
Kaleb Johnson,rush_yds,80.0,1560,Green Bay Packers @ Tampa Bay Buccaneers,2026-10-04T17:00:00Z,2026-10-02T17:51+00:00
Kaleb Johnson,rush_yds,90.0,2400,Green Bay Packers @ Tampa Bay Buccaneers,2026-10-04T17:00:00Z,2026-10-02T17:51+00:00
Kaleb Johnson,rush_yds,100.0,3500,Green Bay Packers @ Tampa Bay Buccaneers,2026-10-04T17:00:00Z,2026-10-02T17:51+00:00
MarShawn Lloyd,rush_yds,10.0,-518,Green Bay Packers @ Tampa Bay Buccaneers,2026-10-04T17:00:00Z,2026-10-02T17:51+00:00
MarShawn Lloyd,rush_yds,15.0,-260,Green Bay Packers @ Tampa Bay Buccaneers,2026-10-04T17:00:00Z,2026-10-02T17:51+00:00
MarShawn Lloyd,rush_yds,20.0,-155,Green Bay Packers @ Tampa Bay Buccaneers,2026-10-04T17:00:00Z,2026-10-02T17:51+00:00
MarShawn Lloyd,rush_yds,23.0,-117,Green Bay Packers @ Tampa Bay Buccaneers,2026-10-04T17:00:00Z,2026-10-02T17:51+00:00
MarShawn Lloyd,rush_yds,25.0,103,Green Bay Packers @ Tampa Bay Buccaneers,2026-10-04T17:00:00Z,2026-10-02T17:51+00:00
MarShawn Lloyd,rush_yds,30.0,152,Green Bay Packers @ Tampa Bay Buccaneers,2026-10-04T17:00:00Z,2026-10-02T17:51+00:00
MarShawn Lloyd,rush_yds,40.0,310,Green Bay Packers @ Tampa Bay Buccaneers,2026-10-04T17:00:00Z,2026-10-02T17:51+00:00
MarShawn Lloyd,rush_yds,50.0,580,Green Bay Packers @ Tampa Bay Buccaneers,2026-10-04T17:00:00Z,2026-10-02T17:51+00:00
MarShawn Lloyd,rush_yds,60.0,970,Green Bay Packers @ Tampa Bay Buccaneers,2026-10-04T17:00:00Z,2026-10-02T17:51+00:00
MarShawn Lloyd,rush_yds,70.0,1560,Green Bay Packers @ Tampa Bay Buccaneers,2026-10-04T17:00:00Z,2026-10-02T17:51+00:00
MarShawn Lloyd,rush_yds,80.0,2300,Green Bay Packers @ Tampa Bay Buccaneers,2026-10-04T17:00:00Z,2026-10-02T17:51+00:00
MarShawn Lloyd,rush_yds,90.0,3200,Green Bay Packers @ Tampa Bay Buccaneers,2026-10-04T17:00:00Z,2026-10-02T17:51+00:00
Kenny Gainwell,rush_yds,10.0,-289,Green Bay Packers @ Tampa Bay Buccaneers,2026-10-04T17:00:00Z,2026-10-02T17:51+00:00
Kenny Gainwell,rush_yds,15.0,-138,Green Bay Packers @ Tampa Bay Buccaneers,2026-10-04T17:00:00Z,2026-10-02T17:51+00:00
Kenny Gainwell,rush_yds,17.0,-110,Green Bay Packers @ Tampa Bay Buccaneers,2026-10-04T17:00:00Z,2026-10-02T17:51+00:00
Kenny Gainwell,rush_yds,20.0,127,Green Bay Packers @ Tampa Bay Buccaneers,2026-10-04T17:00:00Z,2026-10-02T17:51+00:00
Kenny Gainwell,rush_yds,25.0,200,Green Bay Packers @ Tampa Bay Buccaneers,2026-10-04T17:00:00Z,2026-10-02T17:51+00:00
Kenny Gainwell,rush_yds,30.0,288,Green Bay Packers @ Tampa Bay Buccaneers,2026-10-04T17:00:00Z,2026-10-02T17:51+00:00
Kenny Gainwell,rush_yds,40.0,496,Green Bay Packers @ Tampa Bay Buccaneers,2026-10-04T17:00:00Z,2026-10-02T17:51+00:00
Kenny Gainwell,rush_yds,50.0,780,Green Bay Packers @ Tampa Bay Buccaneers,2026-10-04T17:00:00Z,2026-10-02T17:51+00:00
Kenny Gainwell,rush_yds,60.0,1140,Green Bay Packers @ Tampa Bay Buccaneers,2026-10-04T17:00:00Z,2026-10-02T17:51+00:00
Kenny Gainwell,rush_yds,70.0,1680,Green Bay Packers @ Tampa Bay Buccaneers,2026-10-04T17:00:00Z,2026-10-02T17:51+00:00
Kenny Gainwell,rush_yds,80.0,2400,Green Bay Packers @ Tampa Bay Buccaneers,2026-10-04T17:00:00Z,2026-10-02T17:51+00:00
Kenny Gainwell,rush_yds,90.0,3400,Green Bay Packers @ Tampa Bay Buccaneers,2026-10-04T17:00:00Z,2026-10-02T17:51+00:00
Jordan Love,rush_yds,5.0,-115,Green Bay Packers @ Tampa Bay Buccaneers,2026-10-04T17:00:00Z,2026-10-02T17:51+00:00
Jordan Love,rush_yds,10.0,199,Green Bay Packers @ Tampa Bay Buccaneers,2026-10-04T17:00:00Z,2026-10-02T17:51+00:00
Jordan Love,rush_yds,15.0,390,Green Bay Packers @ Tampa Bay Buccaneers,2026-10-04T17:00:00Z,2026-10-02T17:51+00:00
Jordan Love,rush_yds,20.0,690,Green Bay Packers @ Tampa Bay Buccaneers,2026-10-04T17:00:00Z,2026-10-02T17:51+00:00
Jordan Love,rush_yds,25.0,1200,Green Bay Packers @ Tampa Bay Buccaneers,2026-10-04T17:00:00Z,2026-10-02T17:51+00:00
Jordan Love,rush_yds,30.0,1880,Green Bay Packers @ Tampa Bay Buccaneers,2026-10-04T17:00:00Z,2026-10-02T17:51+00:00
Jordan Love,rush_yds,40.0,3600,Green Bay Packers @ Tampa Bay Buccaneers,2026-10-04T17:00:00Z,2026-10-02T17:51+00:00
Matthew Stafford,pass_att,26.0,-2800,Los Angeles Rams @ Philadelphia Eagles,2026-10-04T17:00:00Z,2026-10-02T17:51+00:00
Matthew Stafford,pass_att,28.0,-1040,Los Angeles Rams @ Philadelphia Eagles,2026-10-04T17:00:00Z,2026-10-02T17:51+00:00
Matthew Stafford,pass_att,30.0,-503,Los Angeles Rams @ Philadelphia Eagles,2026-10-04T17:00:00Z,2026-10-02T17:51+00:00
Matthew Stafford,pass_att,32.0,-274,Los Angeles Rams @ Philadelphia Eagles,2026-10-04T17:00:00Z,2026-10-02T17:51+00:00
Matthew Stafford,pass_att,34.0,-162,Los Angeles Rams @ Philadelphia Eagles,2026-10-04T17:00:00Z,2026-10-02T17:51+00:00
Matthew Stafford,pass_att,35.0,-127,Los Angeles Rams @ Philadelphia Eagles,2026-10-04T17:00:00Z,2026-10-02T17:51+00:00
Matthew Stafford,pass_att,36.0,100,Los Angeles Rams @ Philadelphia Eagles,2026-10-04T17:00:00Z,2026-10-02T17:51+00:00
Matthew Stafford,pass_att,38.0,160,Los Angeles Rams @ Philadelphia Eagles,2026-10-04T17:00:00Z,2026-10-02T17:51+00:00
Matthew Stafford,pass_att,40.0,250,Los Angeles Rams @ Philadelphia Eagles,2026-10-04T17:00:00Z,2026-10-02T17:51+00:00
Matthew Stafford,pass_att,42.0,386,Los Angeles Rams @ Philadelphia Eagles,2026-10-04T17:00:00Z,2026-10-02T17:51+00:00
Matthew Stafford,pass_att,44.0,587,Los Angeles Rams @ Philadelphia Eagles,2026-10-04T17:00:00Z,2026-10-02T17:51+00:00
Matthew Stafford,pass_att,46.0,890,Los Angeles Rams @ Philadelphia Eagles,2026-10-04T17:00:00Z,2026-10-02T17:51+00:00
Matthew Stafford,pass_att,48.0,1320,Los Angeles Rams @ Philadelphia Eagles,2026-10-04T17:00:00Z,2026-10-02T17:51+00:00
Jalen Hurts,pass_att,22.0,-1560,Los Angeles Rams @ Philadelphia Eagles,2026-10-04T17:00:00Z,2026-10-02T17:51+00:00
Jalen Hurts,pass_att,24.0,-660,Los Angeles Rams @ Philadelphia Eagles,2026-10-04T17:00:00Z,2026-10-02T17:51+00:00
Jalen Hurts,pass_att,26.0,-328,Los Angeles Rams @ Philadelphia Eagles,2026-10-04T17:00:00Z,2026-10-02T17:51+00:00
Jalen Hurts,pass_att,28.0,-184,Los Angeles Rams @ Philadelphia Eagles,2026-10-04T17:00:00Z,2026-10-02T17:51+00:00
Jalen Hurts,pass_att,30.0,-109,Los Angeles Rams @ Philadelphia Eagles,2026-10-04T17:00:00Z,2026-10-02T17:51+00:00
Jalen Hurts,pass_att,32.0,149,Los Angeles Rams @ Philadelphia Eagles,2026-10-04T17:00:00Z,2026-10-02T17:51+00:00
Jalen Hurts,pass_att,34.0,239,Los Angeles Rams @ Philadelphia Eagles,2026-10-04T17:00:00Z,2026-10-02T17:51+00:00
Jalen Hurts,pass_att,36.0,379,Los Angeles Rams @ Philadelphia Eagles,2026-10-04T17:00:00Z,2026-10-02T17:51+00:00
Jalen Hurts,pass_att,38.0,610,Los Angeles Rams @ Philadelphia Eagles,2026-10-04T17:00:00Z,2026-10-02T17:51+00:00
Jalen Hurts,pass_att,40.0,960,Los Angeles Rams @ Philadelphia Eagles,2026-10-04T17:00:00Z,2026-10-02T17:51+00:00
Jalen Hurts,pass_att,42.0,1440,Los Angeles Rams @ Philadelphia Eagles,2026-10-04T17:00:00Z,2026-10-02T17:51+00:00
Matthew Stafford,pass_cmps,16.0,-1240,Los Angeles Rams @ Philadelphia Eagles,2026-10-04T17:00:00Z,2026-10-02T17:51+00:00
Matthew Stafford,pass_cmps,18.0,-447,Los Angeles Rams @ Philadelphia Eagles,2026-10-04T17:00:00Z,2026-10-02T17:51+00:00
Matthew Stafford,pass_cmps,20.0,-197,Los Angeles Rams @ Philadelphia Eagles,2026-10-04T17:00:00Z,2026-10-02T17:51+00:00
Matthew Stafford,pass_cmps,22.0,104,Los Angeles Rams @ Philadelphia Eagles,2026-10-04T17:00:00Z,2026-10-02T17:51+00:00
Matthew Stafford,pass_cmps,24.0,205,Los Angeles Rams @ Philadelphia Eagles,2026-10-04T17:00:00Z,2026-10-02T17:51+00:00
Matthew Stafford,pass_cmps,26.0,401,Los Angeles Rams @ Philadelphia Eagles,2026-10-04T17:00:00Z,2026-10-02T17:51+00:00
Matthew Stafford,pass_cmps,28.0,750,Los Angeles Rams @ Philadelphia Eagles,2026-10-04T17:00:00Z,2026-10-02T17:51+00:00
Matthew Stafford,pass_cmps,30.0,1380,Los Angeles Rams @ Philadelphia Eagles,2026-10-04T17:00:00Z,2026-10-02T17:51+00:00
Jalen Hurts,pass_cmps,12.0,-1800,Los Angeles Rams @ Philadelphia Eagles,2026-10-04T17:00:00Z,2026-10-02T17:51+00:00
Jalen Hurts,pass_cmps,14.0,-525,Los Angeles Rams @ Philadelphia Eagles,2026-10-04T17:00:00Z,2026-10-02T17:51+00:00
Jalen Hurts,pass_cmps,16.0,-223,Los Angeles Rams @ Philadelphia Eagles,2026-10-04T17:00:00Z,2026-10-02T17:51+00:00
Jalen Hurts,pass_cmps,18.0,-105,Los Angeles Rams @ Philadelphia Eagles,2026-10-04T17:00:00Z,2026-10-02T17:51+00:00
Jalen Hurts,pass_cmps,20.0,194,Los Angeles Rams @ Philadelphia Eagles,2026-10-04T17:00:00Z,2026-10-02T17:51+00:00
Jalen Hurts,pass_cmps,22.0,383,Los Angeles Rams @ Philadelphia Eagles,2026-10-04T17:00:00Z,2026-10-02T17:51+00:00
Jalen Hurts,pass_cmps,24.0,730,Los Angeles Rams @ Philadelphia Eagles,2026-10-04T17:00:00Z,2026-10-02T17:51+00:00
Jalen Hurts,pass_cmps,26.0,1340,Los Angeles Rams @ Philadelphia Eagles,2026-10-04T17:00:00Z,2026-10-02T17:51+00:00
Matthew Stafford,pass_yds,170.0,-1180,Los Angeles Rams @ Philadelphia Eagles,2026-10-04T17:00:00Z,2026-10-02T17:51+00:00
Matthew Stafford,pass_yds,180.0,-810,Los Angeles Rams @ Philadelphia Eagles,2026-10-04T17:00:00Z,2026-10-02T17:51+00:00
Matthew Stafford,pass_yds,190.0,-582,Los Angeles Rams @ Philadelphia Eagles,2026-10-04T17:00:00Z,2026-10-02T17:51+00:00
Matthew Stafford,pass_yds,200.0,-424,Los Angeles Rams @ Philadelphia Eagles,2026-10-04T17:00:00Z,2026-10-02T17:51+00:00
Matthew Stafford,pass_yds,210.0,-315,Los Angeles Rams @ Philadelphia Eagles,2026-10-04T17:00:00Z,2026-10-02T17:51+00:00
Matthew Stafford,pass_yds,220.0,-240,Los Angeles Rams @ Philadelphia Eagles,2026-10-04T17:00:00Z,2026-10-02T17:51+00:00
Matthew Stafford,pass_yds,230.0,-182,Los Angeles Rams @ Philadelphia Eagles,2026-10-04T17:00:00Z,2026-10-02T17:51+00:00
Matthew Stafford,pass_yds,240.0,-143,Los Angeles Rams @ Philadelphia Eagles,2026-10-04T17:00:00Z,2026-10-02T17:51+00:00
Matthew Stafford,pass_yds,250.0,-111,Los Angeles Rams @ Philadelphia Eagles,2026-10-04T17:00:00Z,2026-10-02T17:51+00:00
Matthew Stafford,pass_yds,260.0,115,Los Angeles Rams @ Philadelphia Eagles,2026-10-04T17:00:00Z,2026-10-02T17:51+00:00
Matthew Stafford,pass_yds,270.0,145,Los Angeles Rams @ Philadelphia Eagles,2026-10-04T17:00:00Z,2026-10-02T17:51+00:00
Matthew Stafford,pass_yds,280.0,184,Los Angeles Rams @ Philadelphia Eagles,2026-10-04T17:00:00Z,2026-10-02T17:51+00:00
Matthew Stafford,pass_yds,290.0,235,Los Angeles Rams @ Philadelphia Eagles,2026-10-04T17:00:00Z,2026-10-02T17:51+00:00
Matthew Stafford,pass_yds,300.0,298,Los Angeles Rams @ Philadelphia Eagles,2026-10-04T17:00:00Z,2026-10-02T17:51+00:00
Matthew Stafford,pass_yds,310.0,381,Los Angeles Rams @ Philadelphia Eagles,2026-10-04T17:00:00Z,2026-10-02T17:51+00:00
Matthew Stafford,pass_yds,320.0,483,Los Angeles Rams @ Philadelphia Eagles,2026-10-04T17:00:00Z,2026-10-02T17:51+00:00
Matthew Stafford,pass_yds,330.0,620,Los Angeles Rams @ Philadelphia Eagles,2026-10-04T17:00:00Z,2026-10-02T17:51+00:00
Matthew Stafford,pass_yds,340.0,780,Los Angeles Rams @ Philadelphia Eagles,2026-10-04T17:00:00Z,2026-10-02T17:51+00:00
Matthew Stafford,pass_yds,350.0,990,Los Angeles Rams @ Philadelphia Eagles,2026-10-04T17:00:00Z,2026-10-02T17:51+00:00
Matthew Stafford,pass_yds,360.0,1260,Los Angeles Rams @ Philadelphia Eagles,2026-10-04T17:00:00Z,2026-10-02T17:51+00:00
Matthew Stafford,pass_yds,370.0,1620,Los Angeles Rams @ Philadelphia Eagles,2026-10-04T17:00:00Z,2026-10-02T17:51+00:00
Matthew Stafford,pass_yds,380.0,2000,Los Angeles Rams @ Philadelphia Eagles,2026-10-04T17:00:00Z,2026-10-02T17:51+00:00
Matthew Stafford,pass_yds,390.0,2600,Los Angeles Rams @ Philadelphia Eagles,2026-10-04T17:00:00Z,2026-10-02T17:51+00:00
Matthew Stafford,pass_yds,400.0,3200,Los Angeles Rams @ Philadelphia Eagles,2026-10-04T17:00:00Z,2026-10-02T17:51+00:00
Matthew Stafford,pass_yds,410.0,3800,Los Angeles Rams @ Philadelphia Eagles,2026-10-04T17:00:00Z,2026-10-02T17:51+00:00
Jalen Hurts,pass_yds,150.0,-307,Los Angeles Rams @ Philadelphia Eagles,2026-10-04T17:00:00Z,2026-10-02T17:51+00:00
Jalen Hurts,pass_yds,160.0,-224,Los Angeles Rams @ Philadelphia Eagles,2026-10-04T17:00:00Z,2026-10-02T17:51+00:00
Jalen Hurts,pass_yds,170.0,-166,Los Angeles Rams @ Philadelphia Eagles,2026-10-04T17:00:00Z,2026-10-02T17:51+00:00
Jalen Hurts,pass_yds,180.0,-125,Los Angeles Rams @ Philadelphia Eagles,2026-10-04T17:00:00Z,2026-10-02T17:51+00:00
Jalen Hurts,pass_yds,184.0,-111,Los Angeles Rams @ Philadelphia Eagles,2026-10-04T17:00:00Z,2026-10-02T17:51+00:00
Jalen Hurts,pass_yds,190.0,107,Los Angeles Rams @ Philadelphia Eagles,2026-10-04T17:00:00Z,2026-10-02T17:51+00:00
Jalen Hurts,pass_yds,200.0,139,Los Angeles Rams @ Philadelphia Eagles,2026-10-04T17:00:00Z,2026-10-02T17:51+00:00
Jalen Hurts,pass_yds,210.0,182,Los Angeles Rams @ Philadelphia Eagles,2026-10-04T17:00:00Z,2026-10-02T17:51+00:00
Jalen Hurts,pass_yds,220.0,239,Los Angeles Rams @ Philadelphia Eagles,2026-10-04T17:00:00Z,2026-10-02T17:51+00:00
Jalen Hurts,pass_yds,230.0,312,Los Angeles Rams @ Philadelphia Eagles,2026-10-04T17:00:00Z,2026-10-02T17:51+00:00
Jalen Hurts,pass_yds,240.0,405,Los Angeles Rams @ Philadelphia Eagles,2026-10-04T17:00:00Z,2026-10-02T17:51+00:00
Jalen Hurts,pass_yds,250.0,526,Los Angeles Rams @ Philadelphia Eagles,2026-10-04T17:00:00Z,2026-10-02T17:51+00:00
Jalen Hurts,pass_yds,260.0,690,Los Angeles Rams @ Philadelphia Eagles,2026-10-04T17:00:00Z,2026-10-02T17:51+00:00
Jalen Hurts,pass_yds,270.0,900,Los Angeles Rams @ Philadelphia Eagles,2026-10-04T17:00:00Z,2026-10-02T17:51+00:00
Jalen Hurts,pass_yds,280.0,1180,Los Angeles Rams @ Philadelphia Eagles,2026-10-04T17:00:00Z,2026-10-02T17:51+00:00
Jalen Hurts,pass_yds,290.0,1560,Los Angeles Rams @ Philadelphia Eagles,2026-10-04T17:00:00Z,2026-10-02T17:51+00:00
Jalen Hurts,pass_yds,300.0,2000,Los Angeles Rams @ Philadelphia Eagles,2026-10-04T17:00:00Z,2026-10-02T17:51+00:00
Jalen Hurts,pass_yds,310.0,2600,Los Angeles Rams @ Philadelphia Eagles,2026-10-04T17:00:00Z,2026-10-02T17:51+00:00
Jalen Hurts,pass_yds,320.0,3200,Los Angeles Rams @ Philadelphia Eagles,2026-10-04T17:00:00Z,2026-10-02T17:51+00:00
Jalen Hurts,pass_yds,330.0,4000,Los Angeles Rams @ Philadelphia Eagles,2026-10-04T17:00:00Z,2026-10-02T17:51+00:00
Puka Nacua,rec_yds,25.0,-2300,Los Angeles Rams @ Philadelphia Eagles,2026-10-04T17:00:00Z,2026-10-02T17:51+00:00
Puka Nacua,rec_yds,40.0,-700,Los Angeles Rams @ Philadelphia Eagles,2026-10-04T17:00:00Z,2026-10-02T17:51+00:00
Puka Nacua,rec_yds,50.0,-391,Los Angeles Rams @ Philadelphia Eagles,2026-10-04T17:00:00Z,2026-10-02T17:51+00:00
Puka Nacua,rec_yds,60.0,-241,Los Angeles Rams @ Philadelphia Eagles,2026-10-04T17:00:00Z,2026-10-02T17:51+00:00
Puka Nacua,rec_yds,70.0,-159,Los Angeles Rams @ Philadelphia Eagles,2026-10-04T17:00:00Z,2026-10-02T17:51+00:00
Puka Nacua,rec_yds,79.0,-111,Los Angeles Rams @ Philadelphia Eagles,2026-10-04T17:00:00Z,2026-10-02T17:51+00:00
Puka Nacua,rec_yds,80.0,-107,Los Angeles Rams @ Philadelphia Eagles,2026-10-04T17:00:00Z,2026-10-02T17:51+00:00
Puka Nacua,rec_yds,90.0,134,Los Angeles Rams @ Philadelphia Eagles,2026-10-04T17:00:00Z,2026-10-02T17:51+00:00
Puka Nacua,rec_yds,100.0,190,Los Angeles Rams @ Philadelphia Eagles,2026-10-04T17:00:00Z,2026-10-02T17:51+00:00
Puka Nacua,rec_yds,110.0,269,Los Angeles Rams @ Philadelphia Eagles,2026-10-04T17:00:00Z,2026-10-02T17:51+00:00
Puka Nacua,rec_yds,120.0,376,Los Angeles Rams @ Philadelphia Eagles,2026-10-04T17:00:00Z,2026-10-02T17:51+00:00
Puka Nacua,rec_yds,130.0,517,Los Angeles Rams @ Philadelphia Eagles,2026-10-04T17:00:00Z,2026-10-02T17:51+00:00
Puka Nacua,rec_yds,140.0,720,Los Angeles Rams @ Philadelphia Eagles,2026-10-04T17:00:00Z,2026-10-02T17:51+00:00
Puka Nacua,rec_yds,150.0,990,Los Angeles Rams @ Philadelphia Eagles,2026-10-04T17:00:00Z,2026-10-02T17:51+00:00
Puka Nacua,rec_yds,160.0,1340,Los Angeles Rams @ Philadelphia Eagles,2026-10-04T17:00:00Z,2026-10-02T17:51+00:00
Puka Nacua,rec_yds,170.0,1800,Los Angeles Rams @ Philadelphia Eagles,2026-10-04T17:00:00Z,2026-10-02T17:51+00:00
Puka Nacua,rec_yds,180.0,2300,Los Angeles Rams @ Philadelphia Eagles,2026-10-04T17:00:00Z,2026-10-02T17:51+00:00
Puka Nacua,rec_yds,190.0,3000,Los Angeles Rams @ Philadelphia Eagles,2026-10-04T17:00:00Z,2026-10-02T17:51+00:00
Puka Nacua,rec_yds,200.0,4000,Los Angeles Rams @ Philadelphia Eagles,2026-10-04T17:00:00Z,2026-10-02T17:51+00:00
Davante Adams,rec_yds,15.0,-2700,Los Angeles Rams @ Philadelphia Eagles,2026-10-04T17:00:00Z,2026-10-02T17:51+00:00
Davante Adams,rec_yds,25.0,-960,Los Angeles Rams @ Philadelphia Eagles,2026-10-04T17:00:00Z,2026-10-02T17:51+00:00
Davante Adams,rec_yds,40.0,-362,Los Angeles Rams @ Philadelphia Eagles,2026-10-04T17:00:00Z,2026-10-02T17:51+00:00
Davante Adams,rec_yds,50.0,-218,Los Angeles Rams @ Philadelphia Eagles,2026-10-04T17:00:00Z,2026-10-02T17:51+00:00
Davante Adams,rec_yds,60.0,-141,Los Angeles Rams @ Philadelphia Eagles,2026-10-04T17:00:00Z,2026-10-02T17:51+00:00
Davante Adams,rec_yds,66.0,-111,Los Angeles Rams @ Philadelphia Eagles,2026-10-04T17:00:00Z,2026-10-02T17:51+00:00
Davante Adams,rec_yds,70.0,105,Los Angeles Rams @ Philadelphia Eagles,2026-10-04T17:00:00Z,2026-10-02T17:51+00:00
Davante Adams,rec_yds,80.0,151,Los Angeles Rams @ Philadelphia Eagles,2026-10-04T17:00:00Z,2026-10-02T17:51+00:00
Davante Adams,rec_yds,90.0,213,Los Angeles Rams @ Philadelphia Eagles,2026-10-04T17:00:00Z,2026-10-02T17:51+00:00
Davante Adams,rec_yds,100.0,304,Los Angeles Rams @ Philadelphia Eagles,2026-10-04T17:00:00Z,2026-10-02T17:51+00:00
Davante Adams,rec_yds,110.0,429,Los Angeles Rams @ Philadelphia Eagles,2026-10-04T17:00:00Z,2026-10-02T17:51+00:00
Davante Adams,rec_yds,120.0,596,Los Angeles Rams @ Philadelphia Eagles,2026-10-04T17:00:00Z,2026-10-02T17:51+00:00
Davante Adams,rec_yds,130.0,840,Los Angeles Rams @ Philadelphia Eagles,2026-10-04T17:00:00Z,2026-10-02T17:51+00:00
Davante Adams,rec_yds,140.0,1140,Los Angeles Rams @ Philadelphia Eagles,2026-10-04T17:00:00Z,2026-10-02T17:51+00:00
Davante Adams,rec_yds,150.0,1540,Los Angeles Rams @ Philadelphia Eagles,2026-10-04T17:00:00Z,2026-10-02T17:51+00:00
Davante Adams,rec_yds,160.0,2000,Los Angeles Rams @ Philadelphia Eagles,2026-10-04T17:00:00Z,2026-10-02T17:51+00:00
Davante Adams,rec_yds,170.0,2600,Los Angeles Rams @ Philadelphia Eagles,2026-10-04T17:00:00Z,2026-10-02T17:51+00:00
Davante Adams,rec_yds,180.0,3500,Los Angeles Rams @ Philadelphia Eagles,2026-10-04T17:00:00Z,2026-10-02T17:51+00:00
Dontayvion Wicks,rec_yds,15.0,-1320,Los Angeles Rams @ Philadelphia Eagles,2026-10-04T17:00:00Z,2026-10-02T17:51+00:00
Dontayvion Wicks,rec_yds,25.0,-562,Los Angeles Rams @ Philadelphia Eagles,2026-10-04T17:00:00Z,2026-10-02T17:51+00:00
Dontayvion Wicks,rec_yds,40.0,-224,Los Angeles Rams @ Philadelphia Eagles,2026-10-04T17:00:00Z,2026-10-02T17:51+00:00
Dontayvion Wicks,rec_yds,50.0,-137,Los Angeles Rams @ Philadelphia Eagles,2026-10-04T17:00:00Z,2026-10-02T17:51+00:00
Dontayvion Wicks,rec_yds,55.0,-110,Los Angeles Rams @ Philadelphia Eagles,2026-10-04T17:00:00Z,2026-10-02T17:51+00:00
Dontayvion Wicks,rec_yds,60.0,115,Los Angeles Rams @ Philadelphia Eagles,2026-10-04T17:00:00Z,2026-10-02T17:51+00:00
Dontayvion Wicks,rec_yds,70.0,173,Los Angeles Rams @ Philadelphia Eagles,2026-10-04T17:00:00Z,2026-10-02T17:51+00:00
Dontayvion Wicks,rec_yds,80.0,256,Los Angeles Rams @ Philadelphia Eagles,2026-10-04T17:00:00Z,2026-10-02T17:51+00:00
Dontayvion Wicks,rec_yds,90.0,374,Los Angeles Rams @ Philadelphia Eagles,2026-10-04T17:00:00Z,2026-10-02T17:51+00:00
Dontayvion Wicks,rec_yds,100.0,550,Los Angeles Rams @ Philadelphia Eagles,2026-10-04T17:00:00Z,2026-10-02T17:51+00:00
Dontayvion Wicks,rec_yds,110.0,780,Los Angeles Rams @ Philadelphia Eagles,2026-10-04T17:00:00Z,2026-10-02T17:51+00:00
Dontayvion Wicks,rec_yds,120.0,1100,Los Angeles Rams @ Philadelphia Eagles,2026-10-04T17:00:00Z,2026-10-02T17:51+00:00
Dontayvion Wicks,rec_yds,130.0,1540,Los Angeles Rams @ Philadelphia Eagles,2026-10-04T17:00:00Z,2026-10-02T17:51+00:00
Dontayvion Wicks,rec_yds,140.0,2200,Los Angeles Rams @ Philadelphia Eagles,2026-10-04T17:00:00Z,2026-10-02T17:51+00:00
Dontayvion Wicks,rec_yds,150.0,3000,Los Angeles Rams @ Philadelphia Eagles,2026-10-04T17:00:00Z,2026-10-02T17:51+00:00
Dontayvion Wicks,rec_yds,160.0,3900,Los Angeles Rams @ Philadelphia Eagles,2026-10-04T17:00:00Z,2026-10-02T17:51+00:00
Makai Lemon,rec_yds,15.0,-384,Los Angeles Rams @ Philadelphia Eagles,2026-10-04T17:00:00Z,2026-10-02T17:51+00:00
Makai Lemon,rec_yds,25.0,-202,Los Angeles Rams @ Philadelphia Eagles,2026-10-04T17:00:00Z,2026-10-02T17:51+00:00
Makai Lemon,rec_yds,37.0,-111,Los Angeles Rams @ Philadelphia Eagles,2026-10-04T17:00:00Z,2026-10-02T17:51+00:00
Makai Lemon,rec_yds,40.0,103,Los Angeles Rams @ Philadelphia Eagles,2026-10-04T17:00:00Z,2026-10-02T17:51+00:00
Makai Lemon,rec_yds,50.0,161,Los Angeles Rams @ Philadelphia Eagles,2026-10-04T17:00:00Z,2026-10-02T17:51+00:00
Makai Lemon,rec_yds,60.0,234,Los Angeles Rams @ Philadelphia Eagles,2026-10-04T17:00:00Z,2026-10-02T17:51+00:00
Makai Lemon,rec_yds,70.0,349,Los Angeles Rams @ Philadelphia Eagles,2026-10-04T17:00:00Z,2026-10-02T17:51+00:00
Makai Lemon,rec_yds,80.0,516,Los Angeles Rams @ Philadelphia Eagles,2026-10-04T17:00:00Z,2026-10-02T17:51+00:00
Makai Lemon,rec_yds,90.0,740,Los Angeles Rams @ Philadelphia Eagles,2026-10-04T17:00:00Z,2026-10-02T17:51+00:00
Makai Lemon,rec_yds,100.0,1060,Los Angeles Rams @ Philadelphia Eagles,2026-10-04T17:00:00Z,2026-10-02T17:51+00:00
Makai Lemon,rec_yds,110.0,1520,Los Angeles Rams @ Philadelphia Eagles,2026-10-04T17:00:00Z,2026-10-02T17:51+00:00
Makai Lemon,rec_yds,120.0,2100,Los Angeles Rams @ Philadelphia Eagles,2026-10-04T17:00:00Z,2026-10-02T17:51+00:00
Makai Lemon,rec_yds,130.0,2700,Los Angeles Rams @ Philadelphia Eagles,2026-10-04T17:00:00Z,2026-10-02T17:51+00:00
Makai Lemon,rec_yds,140.0,3600,Los Angeles Rams @ Philadelphia Eagles,2026-10-04T17:00:00Z,2026-10-02T17:51+00:00
Zach Ertz,rec_yds,15.0,-134,Los Angeles Rams @ Philadelphia Eagles,2026-10-04T17:00:00Z,2026-10-02T17:51+00:00
Zach Ertz,rec_yds,17.0,-112,Los Angeles Rams @ Philadelphia Eagles,2026-10-04T17:00:00Z,2026-10-02T17:51+00:00
Zach Ertz,rec_yds,25.0,164,Los Angeles Rams @ Philadelphia Eagles,2026-10-04T17:00:00Z,2026-10-02T17:51+00:00
Zach Ertz,rec_yds,40.0,418,Los Angeles Rams @ Philadelphia Eagles,2026-10-04T17:00:00Z,2026-10-02T17:51+00:00
Zach Ertz,rec_yds,50.0,710,Los Angeles Rams @ Philadelphia Eagles,2026-10-04T17:00:00Z,2026-10-02T17:51+00:00
Zach Ertz,rec_yds,60.0,1140,Los Angeles Rams @ Philadelphia Eagles,2026-10-04T17:00:00Z,2026-10-02T17:51+00:00
Zach Ertz,rec_yds,70.0,1780,Los Angeles Rams @ Philadelphia Eagles,2026-10-04T17:00:00Z,2026-10-02T17:51+00:00
Zach Ertz,rec_yds,80.0,2700,Los Angeles Rams @ Philadelphia Eagles,2026-10-04T17:00:00Z,2026-10-02T17:51+00:00
Zach Ertz,rec_yds,90.0,3800,Los Angeles Rams @ Philadelphia Eagles,2026-10-04T17:00:00Z,2026-10-02T17:51+00:00
Darius Cooper,rec_yds,14.0,-116,Los Angeles Rams @ Philadelphia Eagles,2026-10-04T17:00:00Z,2026-10-02T17:51+00:00
Darius Cooper,rec_yds,15.0,-105,Los Angeles Rams @ Philadelphia Eagles,2026-10-04T17:00:00Z,2026-10-02T17:51+00:00
Darius Cooper,rec_yds,25.0,199,Los Angeles Rams @ Philadelphia Eagles,2026-10-04T17:00:00Z,2026-10-02T17:51+00:00
Darius Cooper,rec_yds,40.0,486,Los Angeles Rams @ Philadelphia Eagles,2026-10-04T17:00:00Z,2026-10-02T17:51+00:00
Darius Cooper,rec_yds,50.0,810,Los Angeles Rams @ Philadelphia Eagles,2026-10-04T17:00:00Z,2026-10-02T17:51+00:00
Darius Cooper,rec_yds,60.0,1340,Los Angeles Rams @ Philadelphia Eagles,2026-10-04T17:00:00Z,2026-10-02T17:51+00:00
Darius Cooper,rec_yds,70.0,2100,Los Angeles Rams @ Philadelphia Eagles,2026-10-04T17:00:00Z,2026-10-02T17:51+00:00
Darius Cooper,rec_yds,80.0,3200,Los Angeles Rams @ Philadelphia Eagles,2026-10-04T17:00:00Z,2026-10-02T17:51+00:00
Saquon Barkley,rec_yds,14.0,-115,Los Angeles Rams @ Philadelphia Eagles,2026-10-04T17:00:00Z,2026-10-02T17:51+00:00
Saquon Barkley,rec_yds,15.0,-106,Los Angeles Rams @ Philadelphia Eagles,2026-10-04T17:00:00Z,2026-10-02T17:51+00:00
Saquon Barkley,rec_yds,25.0,224,Los Angeles Rams @ Philadelphia Eagles,2026-10-04T17:00:00Z,2026-10-02T17:51+00:00
Saquon Barkley,rec_yds,40.0,600,Los Angeles Rams @ Philadelphia Eagles,2026-10-04T17:00:00Z,2026-10-02T17:51+00:00
Saquon Barkley,rec_yds,50.0,1000,Los Angeles Rams @ Philadelphia Eagles,2026-10-04T17:00:00Z,2026-10-02T17:51+00:00
Saquon Barkley,rec_yds,60.0,1580,Los Angeles Rams @ Philadelphia Eagles,2026-10-04T17:00:00Z,2026-10-02T17:51+00:00
Saquon Barkley,rec_yds,70.0,2500,Los Angeles Rams @ Philadelphia Eagles,2026-10-04T17:00:00Z,2026-10-02T17:51+00:00
Saquon Barkley,rec_yds,80.0,3700,Los Angeles Rams @ Philadelphia Eagles,2026-10-04T17:00:00Z,2026-10-02T17:51+00:00
Kyren Williams,rec_yds,14.0,-114,Los Angeles Rams @ Philadelphia Eagles,2026-10-04T17:00:00Z,2026-10-02T17:51+00:00
Kyren Williams,rec_yds,15.0,-102,Los Angeles Rams @ Philadelphia Eagles,2026-10-04T17:00:00Z,2026-10-02T17:51+00:00
Kyren Williams,rec_yds,25.0,238,Los Angeles Rams @ Philadelphia Eagles,2026-10-04T17:00:00Z,2026-10-02T17:51+00:00
Kyren Williams,rec_yds,40.0,680,Los Angeles Rams @ Philadelphia Eagles,2026-10-04T17:00:00Z,2026-10-02T17:51+00:00
Kyren Williams,rec_yds,50.0,1180,Los Angeles Rams @ Philadelphia Eagles,2026-10-04T17:00:00Z,2026-10-02T17:51+00:00
Kyren Williams,rec_yds,60.0,1880,Los Angeles Rams @ Philadelphia Eagles,2026-10-04T17:00:00Z,2026-10-02T17:51+00:00
Kyren Williams,rec_yds,70.0,2800,Los Angeles Rams @ Philadelphia Eagles,2026-10-04T17:00:00Z,2026-10-02T17:51+00:00
Kyren Williams,rec_yds,80.0,3900,Los Angeles Rams @ Philadelphia Eagles,2026-10-04T17:00:00Z,2026-10-02T17:51+00:00
Johnny Mundt,rec_yds,8.0,-111,Los Angeles Rams @ Philadelphia Eagles,2026-10-04T17:00:00Z,2026-10-02T17:51+00:00
Johnny Mundt,rec_yds,15.0,190,Los Angeles Rams @ Philadelphia Eagles,2026-10-04T17:00:00Z,2026-10-02T17:51+00:00
Johnny Mundt,rec_yds,25.0,404,Los Angeles Rams @ Philadelphia Eagles,2026-10-04T17:00:00Z,2026-10-02T17:51+00:00
Johnny Mundt,rec_yds,40.0,1040,Los Angeles Rams @ Philadelphia Eagles,2026-10-04T17:00:00Z,2026-10-02T17:51+00:00
Johnny Mundt,rec_yds,50.0,1700,Los Angeles Rams @ Philadelphia Eagles,2026-10-04T17:00:00Z,2026-10-02T17:51+00:00
Johnny Mundt,rec_yds,60.0,2700,Los Angeles Rams @ Philadelphia Eagles,2026-10-04T17:00:00Z,2026-10-02T17:51+00:00
Puka Nacua,receptions,3.0,-3400,Los Angeles Rams @ Philadelphia Eagles,2026-10-04T17:00:00Z,2026-10-02T17:51+00:00
Puka Nacua,receptions,4.0,-890,Los Angeles Rams @ Philadelphia Eagles,2026-10-04T17:00:00Z,2026-10-02T17:51+00:00
Puka Nacua,receptions,5.0,-353,Los Angeles Rams @ Philadelphia Eagles,2026-10-04T17:00:00Z,2026-10-02T17:51+00:00
Puka Nacua,receptions,6.0,-170,Los Angeles Rams @ Philadelphia Eagles,2026-10-04T17:00:00Z,2026-10-02T17:51+00:00
Puka Nacua,receptions,7.0,112,Los Angeles Rams @ Philadelphia Eagles,2026-10-04T17:00:00Z,2026-10-02T17:51+00:00
Puka Nacua,receptions,8.0,207,Los Angeles Rams @ Philadelphia Eagles,2026-10-04T17:00:00Z,2026-10-02T17:51+00:00
Puka Nacua,receptions,9.0,364,Los Angeles Rams @ Philadelphia Eagles,2026-10-04T17:00:00Z,2026-10-02T17:51+00:00
Puka Nacua,receptions,10.0,630,Los Angeles Rams @ Philadelphia Eagles,2026-10-04T17:00:00Z,2026-10-02T17:51+00:00
Puka Nacua,receptions,11.0,1060,Los Angeles Rams @ Philadelphia Eagles,2026-10-04T17:00:00Z,2026-10-02T17:51+00:00
Puka Nacua,receptions,12.0,1740,Los Angeles Rams @ Philadelphia Eagles,2026-10-04T17:00:00Z,2026-10-02T17:51+00:00
Puka Nacua,receptions,13.0,2600,Los Angeles Rams @ Philadelphia Eagles,2026-10-04T17:00:00Z,2026-10-02T17:51+00:00
Davante Adams,receptions,3.0,-760,Los Angeles Rams @ Philadelphia Eagles,2026-10-04T17:00:00Z,2026-10-02T17:51+00:00
Davante Adams,receptions,4.0,-276,Los Angeles Rams @ Philadelphia Eagles,2026-10-04T17:00:00Z,2026-10-02T17:51+00:00
Davante Adams,receptions,5.0,-124,Los Angeles Rams @ Philadelphia Eagles,2026-10-04T17:00:00Z,2026-10-02T17:51+00:00
Davante Adams,receptions,6.0,161,Los Angeles Rams @ Philadelphia Eagles,2026-10-04T17:00:00Z,2026-10-02T17:51+00:00
Davante Adams,receptions,7.0,309,Los Angeles Rams @ Philadelphia Eagles,2026-10-04T17:00:00Z,2026-10-02T17:51+00:00
Davante Adams,receptions,8.0,596,Los Angeles Rams @ Philadelphia Eagles,2026-10-04T17:00:00Z,2026-10-02T17:51+00:00
Davante Adams,receptions,9.0,1080,Los Angeles Rams @ Philadelphia Eagles,2026-10-04T17:00:00Z,2026-10-02T17:51+00:00
Davante Adams,receptions,10.0,1820,Los Angeles Rams @ Philadelphia Eagles,2026-10-04T17:00:00Z,2026-10-02T17:51+00:00
Davante Adams,receptions,11.0,2700,Los Angeles Rams @ Philadelphia Eagles,2026-10-04T17:00:00Z,2026-10-02T17:51+00:00
Dontayvion Wicks,receptions,2.0,-1400,Los Angeles Rams @ Philadelphia Eagles,2026-10-04T17:00:00Z,2026-10-02T17:51+00:00
Dontayvion Wicks,receptions,3.0,-382,Los Angeles Rams @ Philadelphia Eagles,2026-10-04T17:00:00Z,2026-10-02T17:51+00:00
Dontayvion Wicks,receptions,4.0,-150,Los Angeles Rams @ Philadelphia Eagles,2026-10-04T17:00:00Z,2026-10-02T17:51+00:00
Dontayvion Wicks,receptions,5.0,148,Los Angeles Rams @ Philadelphia Eagles,2026-10-04T17:00:00Z,2026-10-02T17:51+00:00
Dontayvion Wicks,receptions,6.0,302,Los Angeles Rams @ Philadelphia Eagles,2026-10-04T17:00:00Z,2026-10-02T17:51+00:00
Dontayvion Wicks,receptions,7.0,610,Los Angeles Rams @ Philadelphia Eagles,2026-10-04T17:00:00Z,2026-10-02T17:51+00:00
Dontayvion Wicks,receptions,8.0,1180,Los Angeles Rams @ Philadelphia Eagles,2026-10-04T17:00:00Z,2026-10-02T17:51+00:00
Dontayvion Wicks,receptions,9.0,2100,Los Angeles Rams @ Philadelphia Eagles,2026-10-04T17:00:00Z,2026-10-02T17:51+00:00
Makai Lemon,receptions,2.0,-950,Los Angeles Rams @ Philadelphia Eagles,2026-10-04T17:00:00Z,2026-10-02T17:51+00:00
Makai Lemon,receptions,3.0,-279,Los Angeles Rams @ Philadelphia Eagles,2026-10-04T17:00:00Z,2026-10-02T17:51+00:00
Makai Lemon,receptions,4.0,-113,Los Angeles Rams @ Philadelphia Eagles,2026-10-04T17:00:00Z,2026-10-02T17:51+00:00
Makai Lemon,receptions,5.0,192,Los Angeles Rams @ Philadelphia Eagles,2026-10-04T17:00:00Z,2026-10-02T17:51+00:00
Makai Lemon,receptions,6.0,400,Los Angeles Rams @ Philadelphia Eagles,2026-10-04T17:00:00Z,2026-10-02T17:51+00:00
Makai Lemon,receptions,7.0,820,Los Angeles Rams @ Philadelphia Eagles,2026-10-04T17:00:00Z,2026-10-02T17:51+00:00
Makai Lemon,receptions,8.0,1560,Los Angeles Rams @ Philadelphia Eagles,2026-10-04T17:00:00Z,2026-10-02T17:51+00:00
Makai Lemon,receptions,9.0,2600,Los Angeles Rams @ Philadelphia Eagles,2026-10-04T17:00:00Z,2026-10-02T17:51+00:00
Saquon Barkley,receptions,2.0,-223,Los Angeles Rams @ Philadelphia Eagles,2026-10-04T17:00:00Z,2026-10-02T17:51+00:00
Saquon Barkley,receptions,3.0,134,Los Angeles Rams @ Philadelphia Eagles,2026-10-04T17:00:00Z,2026-10-02T17:51+00:00
Saquon Barkley,receptions,4.0,343,Los Angeles Rams @ Philadelphia Eagles,2026-10-04T17:00:00Z,2026-10-02T17:51+00:00
Saquon Barkley,receptions,5.0,810,Los Angeles Rams @ Philadelphia Eagles,2026-10-04T17:00:00Z,2026-10-02T17:51+00:00
Saquon Barkley,receptions,6.0,1720,Los Angeles Rams @ Philadelphia Eagles,2026-10-04T17:00:00Z,2026-10-02T17:51+00:00
Saquon Barkley,receptions,7.0,2900,Los Angeles Rams @ Philadelphia Eagles,2026-10-04T17:00:00Z,2026-10-02T17:51+00:00
Zach Ertz,receptions,2.0,-221,Los Angeles Rams @ Philadelphia Eagles,2026-10-04T17:00:00Z,2026-10-02T17:51+00:00
Zach Ertz,receptions,3.0,135,Los Angeles Rams @ Philadelphia Eagles,2026-10-04T17:00:00Z,2026-10-02T17:51+00:00
Zach Ertz,receptions,4.0,337,Los Angeles Rams @ Philadelphia Eagles,2026-10-04T17:00:00Z,2026-10-02T17:51+00:00
Zach Ertz,receptions,5.0,790,Los Angeles Rams @ Philadelphia Eagles,2026-10-04T17:00:00Z,2026-10-02T17:51+00:00
Zach Ertz,receptions,6.0,1660,Los Angeles Rams @ Philadelphia Eagles,2026-10-04T17:00:00Z,2026-10-02T17:51+00:00
Kyren Williams,receptions,2.0,-224,Los Angeles Rams @ Philadelphia Eagles,2026-10-04T17:00:00Z,2026-10-02T17:51+00:00
Kyren Williams,receptions,3.0,132,Los Angeles Rams @ Philadelphia Eagles,2026-10-04T17:00:00Z,2026-10-02T17:51+00:00
Kyren Williams,receptions,4.0,336,Los Angeles Rams @ Philadelphia Eagles,2026-10-04T17:00:00Z,2026-10-02T17:51+00:00
Kyren Williams,receptions,5.0,790,Los Angeles Rams @ Philadelphia Eagles,2026-10-04T17:00:00Z,2026-10-02T17:51+00:00
Kyren Williams,receptions,6.0,1740,Los Angeles Rams @ Philadelphia Eagles,2026-10-04T17:00:00Z,2026-10-02T17:51+00:00
Darius Cooper,receptions,2.0,-120,Los Angeles Rams @ Philadelphia Eagles,2026-10-04T17:00:00Z,2026-10-02T17:51+00:00
Darius Cooper,receptions,3.0,257,Los Angeles Rams @ Philadelphia Eagles,2026-10-04T17:00:00Z,2026-10-02T17:51+00:00
Darius Cooper,receptions,4.0,700,Los Angeles Rams @ Philadelphia Eagles,2026-10-04T17:00:00Z,2026-10-02T17:51+00:00
Darius Cooper,receptions,5.0,1640,Los Angeles Rams @ Philadelphia Eagles,2026-10-04T17:00:00Z,2026-10-02T17:51+00:00
Darius Cooper,receptions,6.0,2900,Los Angeles Rams @ Philadelphia Eagles,2026-10-04T17:00:00Z,2026-10-02T17:51+00:00
Johnny Mundt,receptions,2.0,167,Los Angeles Rams @ Philadelphia Eagles,2026-10-04T17:00:00Z,2026-10-02T17:51+00:00
Johnny Mundt,receptions,3.0,558,Los Angeles Rams @ Philadelphia Eagles,2026-10-04T17:00:00Z,2026-10-02T17:51+00:00
Johnny Mundt,receptions,4.0,1560,Los Angeles Rams @ Philadelphia Eagles,2026-10-04T17:00:00Z,2026-10-02T17:51+00:00
Saquon Barkley,rush_att,12.0,-1160,Los Angeles Rams @ Philadelphia Eagles,2026-10-04T17:00:00Z,2026-10-02T17:51+00:00
Saquon Barkley,rush_att,14.0,-446,Los Angeles Rams @ Philadelphia Eagles,2026-10-04T17:00:00Z,2026-10-02T17:51+00:00
Saquon Barkley,rush_att,16.0,-214,Los Angeles Rams @ Philadelphia Eagles,2026-10-04T17:00:00Z,2026-10-02T17:51+00:00
Saquon Barkley,rush_att,18.0,-112,Los Angeles Rams @ Philadelphia Eagles,2026-10-04T17:00:00Z,2026-10-02T17:51+00:00
Saquon Barkley,rush_att,20.0,167,Los Angeles Rams @ Philadelphia Eagles,2026-10-04T17:00:00Z,2026-10-02T17:51+00:00
Saquon Barkley,rush_att,22.0,308,Los Angeles Rams @ Philadelphia Eagles,2026-10-04T17:00:00Z,2026-10-02T17:51+00:00
Saquon Barkley,rush_att,24.0,566,Los Angeles Rams @ Philadelphia Eagles,2026-10-04T17:00:00Z,2026-10-02T17:51+00:00
Saquon Barkley,rush_att,26.0,1000,Los Angeles Rams @ Philadelphia Eagles,2026-10-04T17:00:00Z,2026-10-02T17:51+00:00
Kyren Williams,rush_att,8.0,-2100,Los Angeles Rams @ Philadelphia Eagles,2026-10-04T17:00:00Z,2026-10-02T17:51+00:00
Kyren Williams,rush_att,10.0,-600,Los Angeles Rams @ Philadelphia Eagles,2026-10-04T17:00:00Z,2026-10-02T17:51+00:00
Kyren Williams,rush_att,12.0,-245,Los Angeles Rams @ Philadelphia Eagles,2026-10-04T17:00:00Z,2026-10-02T17:51+00:00
Kyren Williams,rush_att,14.0,-117,Los Angeles Rams @ Philadelphia Eagles,2026-10-04T17:00:00Z,2026-10-02T17:51+00:00
Kyren Williams,rush_att,16.0,168,Los Angeles Rams @ Philadelphia Eagles,2026-10-04T17:00:00Z,2026-10-02T17:51+00:00
Kyren Williams,rush_att,18.0,332,Los Angeles Rams @ Philadelphia Eagles,2026-10-04T17:00:00Z,2026-10-02T17:51+00:00
Kyren Williams,rush_att,20.0,670,Los Angeles Rams @ Philadelphia Eagles,2026-10-04T17:00:00Z,2026-10-02T17:51+00:00
Kyren Williams,rush_att,22.0,1300,Los Angeles Rams @ Philadelphia Eagles,2026-10-04T17:00:00Z,2026-10-02T17:51+00:00
Blake Corum,rush_att,6.0,-1100,Los Angeles Rams @ Philadelphia Eagles,2026-10-04T17:00:00Z,2026-10-02T17:51+00:00
Blake Corum,rush_att,8.0,-307,Los Angeles Rams @ Philadelphia Eagles,2026-10-04T17:00:00Z,2026-10-02T17:51+00:00
Blake Corum,rush_att,10.0,-120,Los Angeles Rams @ Philadelphia Eagles,2026-10-04T17:00:00Z,2026-10-02T17:51+00:00
Blake Corum,rush_att,12.0,185,Los Angeles Rams @ Philadelphia Eagles,2026-10-04T17:00:00Z,2026-10-02T17:51+00:00
Blake Corum,rush_att,14.0,400,Los Angeles Rams @ Philadelphia Eagles,2026-10-04T17:00:00Z,2026-10-02T17:51+00:00
Blake Corum,rush_att,16.0,860,Los Angeles Rams @ Philadelphia Eagles,2026-10-04T17:00:00Z,2026-10-02T17:51+00:00
Blake Corum,rush_att,18.0,1700,Los Angeles Rams @ Philadelphia Eagles,2026-10-04T17:00:00Z,2026-10-02T17:51+00:00
Jalen Hurts,rush_att,4.0,-750,Los Angeles Rams @ Philadelphia Eagles,2026-10-04T17:00:00Z,2026-10-02T17:51+00:00
Jalen Hurts,rush_att,6.0,-162,Los Angeles Rams @ Philadelphia Eagles,2026-10-04T17:00:00Z,2026-10-02T17:51+00:00
Jalen Hurts,rush_att,7.0,115,Los Angeles Rams @ Philadelphia Eagles,2026-10-04T17:00:00Z,2026-10-02T17:51+00:00
Jalen Hurts,rush_att,8.0,196,Los Angeles Rams @ Philadelphia Eagles,2026-10-04T17:00:00Z,2026-10-02T17:51+00:00
Jalen Hurts,rush_att,10.0,558,Los Angeles Rams @ Philadelphia Eagles,2026-10-04T17:00:00Z,2026-10-02T17:51+00:00
Jalen Hurts,rush_att,12.0,1500,Los Angeles Rams @ Philadelphia Eagles,2026-10-04T17:00:00Z,2026-10-02T17:51+00:00
Saquon Barkley,rush_yds,30.0,-2400,Los Angeles Rams @ Philadelphia Eagles,2026-10-04T17:00:00Z,2026-10-02T17:51+00:00
Saquon Barkley,rush_yds,40.0,-800,Los Angeles Rams @ Philadelphia Eagles,2026-10-04T17:00:00Z,2026-10-02T17:51+00:00
Saquon Barkley,rush_yds,50.0,-359,Los Angeles Rams @ Philadelphia Eagles,2026-10-04T17:00:00Z,2026-10-02T17:51+00:00
Saquon Barkley,rush_yds,60.0,-189,Los Angeles Rams @ Philadelphia Eagles,2026-10-04T17:00:00Z,2026-10-02T17:51+00:00
Saquon Barkley,rush_yds,70.0,-110,Los Angeles Rams @ Philadelphia Eagles,2026-10-04T17:00:00Z,2026-10-02T17:51+00:00
Saquon Barkley,rush_yds,80.0,146,Los Angeles Rams @ Philadelphia Eagles,2026-10-04T17:00:00Z,2026-10-02T17:51+00:00
Saquon Barkley,rush_yds,90.0,227,Los Angeles Rams @ Philadelphia Eagles,2026-10-04T17:00:00Z,2026-10-02T17:51+00:00
Saquon Barkley,rush_yds,100.0,346,Los Angeles Rams @ Philadelphia Eagles,2026-10-04T17:00:00Z,2026-10-02T17:51+00:00
Saquon Barkley,rush_yds,110.0,523,Los Angeles Rams @ Philadelphia Eagles,2026-10-04T17:00:00Z,2026-10-02T17:51+00:00
Saquon Barkley,rush_yds,120.0,780,Los Angeles Rams @ Philadelphia Eagles,2026-10-04T17:00:00Z,2026-10-02T17:51+00:00
Saquon Barkley,rush_yds,130.0,1140,Los Angeles Rams @ Philadelphia Eagles,2026-10-04T17:00:00Z,2026-10-02T17:51+00:00
Saquon Barkley,rush_yds,140.0,1700,Los Angeles Rams @ Philadelphia Eagles,2026-10-04T17:00:00Z,2026-10-02T17:51+00:00
Saquon Barkley,rush_yds,150.0,2400,Los Angeles Rams @ Philadelphia Eagles,2026-10-04T17:00:00Z,2026-10-02T17:51+00:00
Saquon Barkley,rush_yds,160.0,3500,Los Angeles Rams @ Philadelphia Eagles,2026-10-04T17:00:00Z,2026-10-02T17:51+00:00
Kyren Williams,rush_yds,20.0,-2700,Los Angeles Rams @ Philadelphia Eagles,2026-10-04T17:00:00Z,2026-10-02T17:51+00:00
Kyren Williams,rush_yds,25.0,-1340,Los Angeles Rams @ Philadelphia Eagles,2026-10-04T17:00:00Z,2026-10-02T17:51+00:00
Kyren Williams,rush_yds,30.0,-790,Los Angeles Rams @ Philadelphia Eagles,2026-10-04T17:00:00Z,2026-10-02T17:51+00:00
Kyren Williams,rush_yds,40.0,-349,Los Angeles Rams @ Philadelphia Eagles,2026-10-04T17:00:00Z,2026-10-02T17:51+00:00
Kyren Williams,rush_yds,50.0,-186,Los Angeles Rams @ Philadelphia Eagles,2026-10-04T17:00:00Z,2026-10-02T17:51+00:00
Kyren Williams,rush_yds,59.0,-114,Los Angeles Rams @ Philadelphia Eagles,2026-10-04T17:00:00Z,2026-10-02T17:51+00:00
Kyren Williams,rush_yds,60.0,-108,Los Angeles Rams @ Philadelphia Eagles,2026-10-04T17:00:00Z,2026-10-02T17:51+00:00
Kyren Williams,rush_yds,70.0,148,Los Angeles Rams @ Philadelphia Eagles,2026-10-04T17:00:00Z,2026-10-02T17:51+00:00
Kyren Williams,rush_yds,80.0,231,Los Angeles Rams @ Philadelphia Eagles,2026-10-04T17:00:00Z,2026-10-02T17:51+00:00
Kyren Williams,rush_yds,90.0,355,Los Angeles Rams @ Philadelphia Eagles,2026-10-04T17:00:00Z,2026-10-02T17:51+00:00
Kyren Williams,rush_yds,100.0,542,Los Angeles Rams @ Philadelphia Eagles,2026-10-04T17:00:00Z,2026-10-02T17:51+00:00
Kyren Williams,rush_yds,110.0,800,Los Angeles Rams @ Philadelphia Eagles,2026-10-04T17:00:00Z,2026-10-02T17:51+00:00
Kyren Williams,rush_yds,120.0,1140,Los Angeles Rams @ Philadelphia Eagles,2026-10-04T17:00:00Z,2026-10-02T17:51+00:00
Kyren Williams,rush_yds,130.0,1640,Los Angeles Rams @ Philadelphia Eagles,2026-10-04T17:00:00Z,2026-10-02T17:51+00:00
Kyren Williams,rush_yds,140.0,2200,Los Angeles Rams @ Philadelphia Eagles,2026-10-04T17:00:00Z,2026-10-02T17:51+00:00
Kyren Williams,rush_yds,150.0,3100,Los Angeles Rams @ Philadelphia Eagles,2026-10-04T17:00:00Z,2026-10-02T17:51+00:00
Blake Corum,rush_yds,15.0,-1440,Los Angeles Rams @ Philadelphia Eagles,2026-10-04T17:00:00Z,2026-10-02T17:51+00:00
Blake Corum,rush_yds,20.0,-670,Los Angeles Rams @ Philadelphia Eagles,2026-10-04T17:00:00Z,2026-10-02T17:51+00:00
Blake Corum,rush_yds,25.0,-373,Los Angeles Rams @ Philadelphia Eagles,2026-10-04T17:00:00Z,2026-10-02T17:51+00:00
Blake Corum,rush_yds,30.0,-238,Los Angeles Rams @ Philadelphia Eagles,2026-10-04T17:00:00Z,2026-10-02T17:51+00:00
Blake Corum,rush_yds,40.0,-111,Los Angeles Rams @ Philadelphia Eagles,2026-10-04T17:00:00Z,2026-10-02T17:51+00:00
Blake Corum,rush_yds,50.0,170,Los Angeles Rams @ Philadelphia Eagles,2026-10-04T17:00:00Z,2026-10-02T17:51+00:00
Blake Corum,rush_yds,60.0,296,Los Angeles Rams @ Philadelphia Eagles,2026-10-04T17:00:00Z,2026-10-02T17:51+00:00
Blake Corum,rush_yds,70.0,491,Los Angeles Rams @ Philadelphia Eagles,2026-10-04T17:00:00Z,2026-10-02T17:51+00:00
Blake Corum,rush_yds,80.0,780,Los Angeles Rams @ Philadelphia Eagles,2026-10-04T17:00:00Z,2026-10-02T17:51+00:00
Blake Corum,rush_yds,90.0,1200,Los Angeles Rams @ Philadelphia Eagles,2026-10-04T17:00:00Z,2026-10-02T17:51+00:00
Blake Corum,rush_yds,100.0,1840,Los Angeles Rams @ Philadelphia Eagles,2026-10-04T17:00:00Z,2026-10-02T17:51+00:00
Blake Corum,rush_yds,110.0,2700,Los Angeles Rams @ Philadelphia Eagles,2026-10-04T17:00:00Z,2026-10-02T17:51+00:00
Blake Corum,rush_yds,120.0,3800,Los Angeles Rams @ Philadelphia Eagles,2026-10-04T17:00:00Z,2026-10-02T17:51+00:00
Jalen Hurts,rush_yds,10.0,-660,Los Angeles Rams @ Philadelphia Eagles,2026-10-04T17:00:00Z,2026-10-02T17:51+00:00
Jalen Hurts,rush_yds,15.0,-336,Los Angeles Rams @ Philadelphia Eagles,2026-10-04T17:00:00Z,2026-10-02T17:51+00:00
Jalen Hurts,rush_yds,20.0,-202,Los Angeles Rams @ Philadelphia Eagles,2026-10-04T17:00:00Z,2026-10-02T17:51+00:00
Jalen Hurts,rush_yds,25.0,-132,Los Angeles Rams @ Philadelphia Eagles,2026-10-04T17:00:00Z,2026-10-02T17:51+00:00
Jalen Hurts,rush_yds,27.0,-111,Los Angeles Rams @ Philadelphia Eagles,2026-10-04T17:00:00Z,2026-10-02T17:51+00:00
Jalen Hurts,rush_yds,30.0,111,Los Angeles Rams @ Philadelphia Eagles,2026-10-04T17:00:00Z,2026-10-02T17:51+00:00
Jalen Hurts,rush_yds,40.0,220,Los Angeles Rams @ Philadelphia Eagles,2026-10-04T17:00:00Z,2026-10-02T17:51+00:00
Jalen Hurts,rush_yds,50.0,408,Los Angeles Rams @ Philadelphia Eagles,2026-10-04T17:00:00Z,2026-10-02T17:51+00:00
Jalen Hurts,rush_yds,60.0,710,Los Angeles Rams @ Philadelphia Eagles,2026-10-04T17:00:00Z,2026-10-02T17:51+00:00
Jalen Hurts,rush_yds,70.0,1200,Los Angeles Rams @ Philadelphia Eagles,2026-10-04T17:00:00Z,2026-10-02T17:51+00:00
Jalen Hurts,rush_yds,80.0,1880,Los Angeles Rams @ Philadelphia Eagles,2026-10-04T17:00:00Z,2026-10-02T17:51+00:00
Jalen Hurts,rush_yds,90.0,2900,Los Angeles Rams @ Philadelphia Eagles,2026-10-04T17:00:00Z,2026-10-02T17:51+00:00
Tank Bigsby,rush_yds,10.0,-156,Los Angeles Rams @ Philadelphia Eagles,2026-10-04T17:00:00Z,2026-10-02T17:51+00:00
Tank Bigsby,rush_yds,12.0,-118,Los Angeles Rams @ Philadelphia Eagles,2026-10-04T17:00:00Z,2026-10-02T17:51+00:00
Tank Bigsby,rush_yds,15.0,125,Los Angeles Rams @ Philadelphia Eagles,2026-10-04T17:00:00Z,2026-10-02T17:51+00:00
Tank Bigsby,rush_yds,20.0,219,Los Angeles Rams @ Philadelphia Eagles,2026-10-04T17:00:00Z,2026-10-02T17:51+00:00
Tank Bigsby,rush_yds,25.0,360,Los Angeles Rams @ Philadelphia Eagles,2026-10-04T17:00:00Z,2026-10-02T17:51+00:00
Tank Bigsby,rush_yds,30.0,547,Los Angeles Rams @ Philadelphia Eagles,2026-10-04T17:00:00Z,2026-10-02T17:51+00:00
Tank Bigsby,rush_yds,40.0,1120,Los Angeles Rams @ Philadelphia Eagles,2026-10-04T17:00:00Z,2026-10-02T17:51+00:00
Tank Bigsby,rush_yds,50.0,2100,Los Angeles Rams @ Philadelphia Eagles,2026-10-04T17:00:00Z,2026-10-02T17:51+00:00
Tank Bigsby,rush_yds,60.0,3400,Los Angeles Rams @ Philadelphia Eagles,2026-10-04T17:00:00Z,2026-10-02T17:51+00:00
Matthew Stafford,rush_yds,1.0,-102,Los Angeles Rams @ Philadelphia Eagles,2026-10-04T17:00:00Z,2026-10-02T17:51+00:00
Matthew Stafford,rush_yds,10.0,407,Los Angeles Rams @ Philadelphia Eagles,2026-10-04T17:00:00Z,2026-10-02T17:51+00:00
Matthew Stafford,rush_yds,15.0,750,Los Angeles Rams @ Philadelphia Eagles,2026-10-04T17:00:00Z,2026-10-02T17:51+00:00
Matthew Stafford,rush_yds,20.0,1300,Los Angeles Rams @ Philadelphia Eagles,2026-10-04T17:00:00Z,2026-10-02T17:51+00:00
Matthew Stafford,rush_yds,25.0,2100,Los Angeles Rams @ Philadelphia Eagles,2026-10-04T17:00:00Z,2026-10-02T17:51+00:00
Matthew Stafford,rush_yds,30.0,3200,Los Angeles Rams @ Philadelphia Eagles,2026-10-04T17:00:00Z,2026-10-02T17:51+00:00
Kyler Murray,pass_att,22.0,-1840,Miami Dolphins @ Minnesota Vikings,2026-10-04T20:05:00Z,2026-10-02T17:51+00:00
Kyler Murray,pass_att,24.0,-710,Miami Dolphins @ Minnesota Vikings,2026-10-04T20:05:00Z,2026-10-02T17:51+00:00
Kyler Murray,pass_att,26.0,-332,Miami Dolphins @ Minnesota Vikings,2026-10-04T20:05:00Z,2026-10-02T17:51+00:00
Kyler Murray,pass_att,28.0,-174,Miami Dolphins @ Minnesota Vikings,2026-10-04T20:05:00Z,2026-10-02T17:51+00:00
Kyler Murray,pass_att,29.0,-130,Miami Dolphins @ Minnesota Vikings,2026-10-04T20:05:00Z,2026-10-02T17:51+00:00
Kyler Murray,pass_att,30.0,102,Miami Dolphins @ Minnesota Vikings,2026-10-04T20:05:00Z,2026-10-02T17:51+00:00
Kyler Murray,pass_att,32.0,178,Miami Dolphins @ Minnesota Vikings,2026-10-04T20:05:00Z,2026-10-02T17:51+00:00
Kyler Murray,pass_att,34.0,295,Miami Dolphins @ Minnesota Vikings,2026-10-04T20:05:00Z,2026-10-02T17:51+00:00
Kyler Murray,pass_att,36.0,489,Miami Dolphins @ Minnesota Vikings,2026-10-04T20:05:00Z,2026-10-02T17:51+00:00
Kyler Murray,pass_att,38.0,780,Miami Dolphins @ Minnesota Vikings,2026-10-04T20:05:00Z,2026-10-02T17:51+00:00
Kyler Murray,pass_att,40.0,1220,Miami Dolphins @ Minnesota Vikings,2026-10-04T20:05:00Z,2026-10-02T17:51+00:00
Malik Willis,pass_att,20.0,-3300,Miami Dolphins @ Minnesota Vikings,2026-10-04T20:05:00Z,2026-10-02T17:51+00:00
Malik Willis,pass_att,22.0,-1080,Miami Dolphins @ Minnesota Vikings,2026-10-04T20:05:00Z,2026-10-02T17:51+00:00
Malik Willis,pass_att,24.0,-493,Miami Dolphins @ Minnesota Vikings,2026-10-04T20:05:00Z,2026-10-02T17:51+00:00
Malik Willis,pass_att,26.0,-259,Miami Dolphins @ Minnesota Vikings,2026-10-04T20:05:00Z,2026-10-02T17:51+00:00
Malik Willis,pass_att,28.0,-147,Miami Dolphins @ Minnesota Vikings,2026-10-04T20:05:00Z,2026-10-02T17:51+00:00
Malik Willis,pass_att,29.0,-113,Miami Dolphins @ Minnesota Vikings,2026-10-04T20:05:00Z,2026-10-02T17:51+00:00
Malik Willis,pass_att,30.0,114,Miami Dolphins @ Minnesota Vikings,2026-10-04T20:05:00Z,2026-10-02T17:51+00:00
Malik Willis,pass_att,32.0,189,Miami Dolphins @ Minnesota Vikings,2026-10-04T20:05:00Z,2026-10-02T17:51+00:00
Malik Willis,pass_att,34.0,314,Miami Dolphins @ Minnesota Vikings,2026-10-04T20:05:00Z,2026-10-02T17:51+00:00
Malik Willis,pass_att,36.0,515,Miami Dolphins @ Minnesota Vikings,2026-10-04T20:05:00Z,2026-10-02T17:51+00:00
Malik Willis,pass_att,38.0,840,Miami Dolphins @ Minnesota Vikings,2026-10-04T20:05:00Z,2026-10-02T17:51+00:00
Malik Willis,pass_att,40.0,1280,Miami Dolphins @ Minnesota Vikings,2026-10-04T20:05:00Z,2026-10-02T17:51+00:00
Kyler Murray,pass_cmps,14.0,-1820,Miami Dolphins @ Minnesota Vikings,2026-10-04T20:05:00Z,2026-10-02T17:51+00:00
Kyler Murray,pass_cmps,16.0,-567,Miami Dolphins @ Minnesota Vikings,2026-10-04T20:05:00Z,2026-10-02T17:51+00:00
Kyler Murray,pass_cmps,18.0,-222,Miami Dolphins @ Minnesota Vikings,2026-10-04T20:05:00Z,2026-10-02T17:51+00:00
Kyler Murray,pass_cmps,20.0,102,Miami Dolphins @ Minnesota Vikings,2026-10-04T20:05:00Z,2026-10-02T17:51+00:00
Kyler Murray,pass_cmps,22.0,214,Miami Dolphins @ Minnesota Vikings,2026-10-04T20:05:00Z,2026-10-02T17:51+00:00
Kyler Murray,pass_cmps,24.0,440,Miami Dolphins @ Minnesota Vikings,2026-10-04T20:05:00Z,2026-10-02T17:51+00:00
Kyler Murray,pass_cmps,26.0,870,Miami Dolphins @ Minnesota Vikings,2026-10-04T20:05:00Z,2026-10-02T17:51+00:00
Kyler Murray,pass_cmps,28.0,1620,Miami Dolphins @ Minnesota Vikings,2026-10-04T20:05:00Z,2026-10-02T17:51+00:00
Malik Willis,pass_cmps,10.0,-3300,Miami Dolphins @ Minnesota Vikings,2026-10-04T20:05:00Z,2026-10-02T17:51+00:00
Malik Willis,pass_cmps,12.0,-720,Miami Dolphins @ Minnesota Vikings,2026-10-04T20:05:00Z,2026-10-02T17:51+00:00
Malik Willis,pass_cmps,14.0,-272,Miami Dolphins @ Minnesota Vikings,2026-10-04T20:05:00Z,2026-10-02T17:51+00:00
Malik Willis,pass_cmps,16.0,-121,Miami Dolphins @ Minnesota Vikings,2026-10-04T20:05:00Z,2026-10-02T17:51+00:00
Malik Willis,pass_cmps,18.0,174,Miami Dolphins @ Minnesota Vikings,2026-10-04T20:05:00Z,2026-10-02T17:51+00:00
Malik Willis,pass_cmps,20.0,365,Miami Dolphins @ Minnesota Vikings,2026-10-04T20:05:00Z,2026-10-02T17:51+00:00
Malik Willis,pass_cmps,22.0,750,Miami Dolphins @ Minnesota Vikings,2026-10-04T20:05:00Z,2026-10-02T17:51+00:00
Malik Willis,pass_cmps,24.0,1500,Miami Dolphins @ Minnesota Vikings,2026-10-04T20:05:00Z,2026-10-02T17:51+00:00
Kyler Murray,pass_yds,150.0,-640,Miami Dolphins @ Minnesota Vikings,2026-10-04T20:05:00Z,2026-10-02T17:51+00:00
Kyler Murray,pass_yds,160.0,-437,Miami Dolphins @ Minnesota Vikings,2026-10-04T20:05:00Z,2026-10-02T17:51+00:00
Kyler Murray,pass_yds,170.0,-315,Miami Dolphins @ Minnesota Vikings,2026-10-04T20:05:00Z,2026-10-02T17:51+00:00
Kyler Murray,pass_yds,180.0,-229,Miami Dolphins @ Minnesota Vikings,2026-10-04T20:05:00Z,2026-10-02T17:51+00:00
Kyler Murray,pass_yds,190.0,-171,Miami Dolphins @ Minnesota Vikings,2026-10-04T20:05:00Z,2026-10-02T17:51+00:00
Kyler Murray,pass_yds,200.0,-131,Miami Dolphins @ Minnesota Vikings,2026-10-04T20:05:00Z,2026-10-02T17:51+00:00
Kyler Murray,pass_yds,205.0,-113,Miami Dolphins @ Minnesota Vikings,2026-10-04T20:05:00Z,2026-10-02T17:51+00:00
Kyler Murray,pass_yds,210.0,100,Miami Dolphins @ Minnesota Vikings,2026-10-04T20:05:00Z,2026-10-02T17:51+00:00
Kyler Murray,pass_yds,220.0,129,Miami Dolphins @ Minnesota Vikings,2026-10-04T20:05:00Z,2026-10-02T17:51+00:00
Kyler Murray,pass_yds,230.0,170,Miami Dolphins @ Minnesota Vikings,2026-10-04T20:05:00Z,2026-10-02T17:51+00:00
Kyler Murray,pass_yds,240.0,218,Miami Dolphins @ Minnesota Vikings,2026-10-04T20:05:00Z,2026-10-02T17:51+00:00
Kyler Murray,pass_yds,250.0,281,Miami Dolphins @ Minnesota Vikings,2026-10-04T20:05:00Z,2026-10-02T17:51+00:00
Kyler Murray,pass_yds,260.0,356,Miami Dolphins @ Minnesota Vikings,2026-10-04T20:05:00Z,2026-10-02T17:51+00:00
Kyler Murray,pass_yds,270.0,460,Miami Dolphins @ Minnesota Vikings,2026-10-04T20:05:00Z,2026-10-02T17:51+00:00
Kyler Murray,pass_yds,280.0,597,Miami Dolphins @ Minnesota Vikings,2026-10-04T20:05:00Z,2026-10-02T17:51+00:00
Kyler Murray,pass_yds,290.0,760,Miami Dolphins @ Minnesota Vikings,2026-10-04T20:05:00Z,2026-10-02T17:51+00:00
Kyler Murray,pass_yds,300.0,970,Miami Dolphins @ Minnesota Vikings,2026-10-04T20:05:00Z,2026-10-02T17:51+00:00
Kyler Murray,pass_yds,310.0,1220,Miami Dolphins @ Minnesota Vikings,2026-10-04T20:05:00Z,2026-10-02T17:51+00:00
Kyler Murray,pass_yds,320.0,1580,Miami Dolphins @ Minnesota Vikings,2026-10-04T20:05:00Z,2026-10-02T17:51+00:00
Kyler Murray,pass_yds,330.0,2000,Miami Dolphins @ Minnesota Vikings,2026-10-04T20:05:00Z,2026-10-02T17:51+00:00
Kyler Murray,pass_yds,340.0,2500,Miami Dolphins @ Minnesota Vikings,2026-10-04T20:05:00Z,2026-10-02T17:51+00:00
Kyler Murray,pass_yds,350.0,3200,Miami Dolphins @ Minnesota Vikings,2026-10-04T20:05:00Z,2026-10-02T17:51+00:00
Kyler Murray,pass_yds,360.0,3800,Miami Dolphins @ Minnesota Vikings,2026-10-04T20:05:00Z,2026-10-02T17:51+00:00
Malik Willis,pass_yds,150.0,-191,Miami Dolphins @ Minnesota Vikings,2026-10-04T20:05:00Z,2026-10-02T17:51+00:00
Malik Willis,pass_yds,160.0,-144,Miami Dolphins @ Minnesota Vikings,2026-10-04T20:05:00Z,2026-10-02T17:51+00:00
Malik Willis,pass_yds,169.0,-112,Miami Dolphins @ Minnesota Vikings,2026-10-04T20:05:00Z,2026-10-02T17:51+00:00
Malik Willis,pass_yds,170.0,-109,Miami Dolphins @ Minnesota Vikings,2026-10-04T20:05:00Z,2026-10-02T17:51+00:00
Malik Willis,pass_yds,180.0,120,Miami Dolphins @ Minnesota Vikings,2026-10-04T20:05:00Z,2026-10-02T17:51+00:00
Malik Willis,pass_yds,190.0,157,Miami Dolphins @ Minnesota Vikings,2026-10-04T20:05:00Z,2026-10-02T17:51+00:00
Malik Willis,pass_yds,200.0,204,Miami Dolphins @ Minnesota Vikings,2026-10-04T20:05:00Z,2026-10-02T17:51+00:00
Malik Willis,pass_yds,210.0,268,Miami Dolphins @ Minnesota Vikings,2026-10-04T20:05:00Z,2026-10-02T17:51+00:00
Malik Willis,pass_yds,220.0,350,Miami Dolphins @ Minnesota Vikings,2026-10-04T20:05:00Z,2026-10-02T17:51+00:00
Malik Willis,pass_yds,230.0,448,Miami Dolphins @ Minnesota Vikings,2026-10-04T20:05:00Z,2026-10-02T17:51+00:00
Malik Willis,pass_yds,240.0,575,Miami Dolphins @ Minnesota Vikings,2026-10-04T20:05:00Z,2026-10-02T17:51+00:00
Malik Willis,pass_yds,250.0,730,Miami Dolphins @ Minnesota Vikings,2026-10-04T20:05:00Z,2026-10-02T17:51+00:00
Malik Willis,pass_yds,260.0,950,Miami Dolphins @ Minnesota Vikings,2026-10-04T20:05:00Z,2026-10-02T17:51+00:00
Malik Willis,pass_yds,270.0,1240,Miami Dolphins @ Minnesota Vikings,2026-10-04T20:05:00Z,2026-10-02T17:51+00:00
Malik Willis,pass_yds,280.0,1600,Miami Dolphins @ Minnesota Vikings,2026-10-04T20:05:00Z,2026-10-02T17:51+00:00
Malik Willis,pass_yds,290.0,2000,Miami Dolphins @ Minnesota Vikings,2026-10-04T20:05:00Z,2026-10-02T17:51+00:00
Malik Willis,pass_yds,300.0,2500,Miami Dolphins @ Minnesota Vikings,2026-10-04T20:05:00Z,2026-10-02T17:51+00:00
Malik Willis,pass_yds,310.0,3100,Miami Dolphins @ Minnesota Vikings,2026-10-04T20:05:00Z,2026-10-02T17:51+00:00
Malik Willis,pass_yds,320.0,4000,Miami Dolphins @ Minnesota Vikings,2026-10-04T20:05:00Z,2026-10-02T17:51+00:00
Jordan Addison,rec_yds,15.0,-1500,Miami Dolphins @ Minnesota Vikings,2026-10-04T20:05:00Z,2026-10-02T17:51+00:00
Jordan Addison,rec_yds,25.0,-610,Miami Dolphins @ Minnesota Vikings,2026-10-04T20:05:00Z,2026-10-02T17:51+00:00
Jordan Addison,rec_yds,40.0,-238,Miami Dolphins @ Minnesota Vikings,2026-10-04T20:05:00Z,2026-10-02T17:51+00:00
Jordan Addison,rec_yds,50.0,-146,Miami Dolphins @ Minnesota Vikings,2026-10-04T20:05:00Z,2026-10-02T17:51+00:00
Jordan Addison,rec_yds,56.0,-112,Miami Dolphins @ Minnesota Vikings,2026-10-04T20:05:00Z,2026-10-02T17:51+00:00
Jordan Addison,rec_yds,60.0,106,Miami Dolphins @ Minnesota Vikings,2026-10-04T20:05:00Z,2026-10-02T17:51+00:00
Jordan Addison,rec_yds,70.0,161,Miami Dolphins @ Minnesota Vikings,2026-10-04T20:05:00Z,2026-10-02T17:51+00:00
Jordan Addison,rec_yds,80.0,237,Miami Dolphins @ Minnesota Vikings,2026-10-04T20:05:00Z,2026-10-02T17:51+00:00
Jordan Addison,rec_yds,90.0,340,Miami Dolphins @ Minnesota Vikings,2026-10-04T20:05:00Z,2026-10-02T17:51+00:00
Jordan Addison,rec_yds,100.0,494,Miami Dolphins @ Minnesota Vikings,2026-10-04T20:05:00Z,2026-10-02T17:51+00:00
Jordan Addison,rec_yds,110.0,700,Miami Dolphins @ Minnesota Vikings,2026-10-04T20:05:00Z,2026-10-02T17:51+00:00
Jordan Addison,rec_yds,120.0,1000,Miami Dolphins @ Minnesota Vikings,2026-10-04T20:05:00Z,2026-10-02T17:51+00:00
Jordan Addison,rec_yds,130.0,1440,Miami Dolphins @ Minnesota Vikings,2026-10-04T20:05:00Z,2026-10-02T17:51+00:00
Jordan Addison,rec_yds,140.0,2000,Miami Dolphins @ Minnesota Vikings,2026-10-04T20:05:00Z,2026-10-02T17:51+00:00
Jordan Addison,rec_yds,150.0,2700,Miami Dolphins @ Minnesota Vikings,2026-10-04T20:05:00Z,2026-10-02T17:51+00:00
Jordan Addison,rec_yds,160.0,3600,Miami Dolphins @ Minnesota Vikings,2026-10-04T20:05:00Z,2026-10-02T17:51+00:00
Malik Washington,rec_yds,15.0,-700,Miami Dolphins @ Minnesota Vikings,2026-10-04T20:05:00Z,2026-10-02T17:51+00:00
Malik Washington,rec_yds,25.0,-298,Miami Dolphins @ Minnesota Vikings,2026-10-04T20:05:00Z,2026-10-02T17:51+00:00
Malik Washington,rec_yds,40.0,-115,Miami Dolphins @ Minnesota Vikings,2026-10-04T20:05:00Z,2026-10-02T17:51+00:00
Malik Washington,rec_yds,41.0,-110,Miami Dolphins @ Minnesota Vikings,2026-10-04T20:05:00Z,2026-10-02T17:51+00:00
Malik Washington,rec_yds,50.0,147,Miami Dolphins @ Minnesota Vikings,2026-10-04T20:05:00Z,2026-10-02T17:51+00:00
Malik Washington,rec_yds,60.0,234,Miami Dolphins @ Minnesota Vikings,2026-10-04T20:05:00Z,2026-10-02T17:51+00:00
Malik Washington,rec_yds,70.0,368,Miami Dolphins @ Minnesota Vikings,2026-10-04T20:05:00Z,2026-10-02T17:51+00:00
Malik Washington,rec_yds,80.0,561,Miami Dolphins @ Minnesota Vikings,2026-10-04T20:05:00Z,2026-10-02T17:51+00:00
Malik Washington,rec_yds,90.0,850,Miami Dolphins @ Minnesota Vikings,2026-10-04T20:05:00Z,2026-10-02T17:51+00:00
Malik Washington,rec_yds,100.0,1260,Miami Dolphins @ Minnesota Vikings,2026-10-04T20:05:00Z,2026-10-02T17:51+00:00
Malik Washington,rec_yds,110.0,1820,Miami Dolphins @ Minnesota Vikings,2026-10-04T20:05:00Z,2026-10-02T17:51+00:00
Malik Washington,rec_yds,120.0,2500,Miami Dolphins @ Minnesota Vikings,2026-10-04T20:05:00Z,2026-10-02T17:51+00:00
Malik Washington,rec_yds,130.0,3600,Miami Dolphins @ Minnesota Vikings,2026-10-04T20:05:00Z,2026-10-02T17:51+00:00
Chris Bell,rec_yds,15.0,-309,Miami Dolphins @ Minnesota Vikings,2026-10-04T20:05:00Z,2026-10-02T17:51+00:00
Chris Bell,rec_yds,25.0,-155,Miami Dolphins @ Minnesota Vikings,2026-10-04T20:05:00Z,2026-10-02T17:51+00:00
Chris Bell,rec_yds,31.0,-111,Miami Dolphins @ Minnesota Vikings,2026-10-04T20:05:00Z,2026-10-02T17:51+00:00
Chris Bell,rec_yds,40.0,141,Miami Dolphins @ Minnesota Vikings,2026-10-04T20:05:00Z,2026-10-02T17:51+00:00
Chris Bell,rec_yds,50.0,219,Miami Dolphins @ Minnesota Vikings,2026-10-04T20:05:00Z,2026-10-02T17:51+00:00
Chris Bell,rec_yds,60.0,336,Miami Dolphins @ Minnesota Vikings,2026-10-04T20:05:00Z,2026-10-02T17:51+00:00
Chris Bell,rec_yds,70.0,501,Miami Dolphins @ Minnesota Vikings,2026-10-04T20:05:00Z,2026-10-02T17:51+00:00
Chris Bell,rec_yds,80.0,730,Miami Dolphins @ Minnesota Vikings,2026-10-04T20:05:00Z,2026-10-02T17:51+00:00
Chris Bell,rec_yds,90.0,1080,Miami Dolphins @ Minnesota Vikings,2026-10-04T20:05:00Z,2026-10-02T17:51+00:00
Chris Bell,rec_yds,100.0,1640,Miami Dolphins @ Minnesota Vikings,2026-10-04T20:05:00Z,2026-10-02T17:51+00:00
Chris Bell,rec_yds,110.0,2200,Miami Dolphins @ Minnesota Vikings,2026-10-04T20:05:00Z,2026-10-02T17:51+00:00
Chris Bell,rec_yds,120.0,3100,Miami Dolphins @ Minnesota Vikings,2026-10-04T20:05:00Z,2026-10-02T17:51+00:00
Chris Bell,rec_yds,130.0,4000,Miami Dolphins @ Minnesota Vikings,2026-10-04T20:05:00Z,2026-10-02T17:51+00:00
T.J. Hockenson,rec_yds,15.0,-650,Miami Dolphins @ Minnesota Vikings,2026-10-04T20:05:00Z,2026-10-02T17:51+00:00
T.J. Hockenson,rec_yds,25.0,-245,Miami Dolphins @ Minnesota Vikings,2026-10-04T20:05:00Z,2026-10-02T17:51+00:00
T.J. Hockenson,rec_yds,36.0,-115,Miami Dolphins @ Minnesota Vikings,2026-10-04T20:05:00Z,2026-10-02T17:51+00:00
T.J. Hockenson,rec_yds,40.0,110,Miami Dolphins @ Minnesota Vikings,2026-10-04T20:05:00Z,2026-10-02T17:51+00:00
T.J. Hockenson,rec_yds,50.0,190,Miami Dolphins @ Minnesota Vikings,2026-10-04T20:05:00Z,2026-10-02T17:51+00:00
T.J. Hockenson,rec_yds,60.0,316,Miami Dolphins @ Minnesota Vikings,2026-10-04T20:05:00Z,2026-10-02T17:51+00:00
T.J. Hockenson,rec_yds,70.0,513,Miami Dolphins @ Minnesota Vikings,2026-10-04T20:05:00Z,2026-10-02T17:51+00:00
T.J. Hockenson,rec_yds,80.0,810,Miami Dolphins @ Minnesota Vikings,2026-10-04T20:05:00Z,2026-10-02T17:51+00:00
T.J. Hockenson,rec_yds,90.0,1280,Miami Dolphins @ Minnesota Vikings,2026-10-04T20:05:00Z,2026-10-02T17:51+00:00
T.J. Hockenson,rec_yds,100.0,1940,Miami Dolphins @ Minnesota Vikings,2026-10-04T20:05:00Z,2026-10-02T17:51+00:00
T.J. Hockenson,rec_yds,110.0,2800,Miami Dolphins @ Minnesota Vikings,2026-10-04T20:05:00Z,2026-10-02T17:51+00:00
T.J. Hockenson,rec_yds,120.0,3900,Miami Dolphins @ Minnesota Vikings,2026-10-04T20:05:00Z,2026-10-02T17:51+00:00
Greg Dulcich,rec_yds,15.0,-386,Miami Dolphins @ Minnesota Vikings,2026-10-04T20:05:00Z,2026-10-02T17:51+00:00
Greg Dulcich,rec_yds,25.0,-167,Miami Dolphins @ Minnesota Vikings,2026-10-04T20:05:00Z,2026-10-02T17:51+00:00
Greg Dulcich,rec_yds,31.0,-114,Miami Dolphins @ Minnesota Vikings,2026-10-04T20:05:00Z,2026-10-02T17:51+00:00
Greg Dulcich,rec_yds,40.0,153,Miami Dolphins @ Minnesota Vikings,2026-10-04T20:05:00Z,2026-10-02T17:51+00:00
Greg Dulcich,rec_yds,50.0,263,Miami Dolphins @ Minnesota Vikings,2026-10-04T20:05:00Z,2026-10-02T17:51+00:00
Greg Dulcich,rec_yds,60.0,437,Miami Dolphins @ Minnesota Vikings,2026-10-04T20:05:00Z,2026-10-02T17:51+00:00
Greg Dulcich,rec_yds,70.0,720,Miami Dolphins @ Minnesota Vikings,2026-10-04T20:05:00Z,2026-10-02T17:51+00:00
Greg Dulcich,rec_yds,80.0,1120,Miami Dolphins @ Minnesota Vikings,2026-10-04T20:05:00Z,2026-10-02T17:51+00:00
Greg Dulcich,rec_yds,90.0,1740,Miami Dolphins @ Minnesota Vikings,2026-10-04T20:05:00Z,2026-10-02T17:51+00:00
Greg Dulcich,rec_yds,100.0,2600,Miami Dolphins @ Minnesota Vikings,2026-10-04T20:05:00Z,2026-10-02T17:51+00:00
Greg Dulcich,rec_yds,110.0,3500,Miami Dolphins @ Minnesota Vikings,2026-10-04T20:05:00Z,2026-10-02T17:51+00:00
Kevin Coleman Jr.,rec_yds,15.0,-137,Miami Dolphins @ Minnesota Vikings,2026-10-04T20:05:00Z,2026-10-02T17:51+00:00
Kevin Coleman Jr.,rec_yds,17.0,-116,Miami Dolphins @ Minnesota Vikings,2026-10-04T20:05:00Z,2026-10-02T17:51+00:00
Kevin Coleman Jr.,rec_yds,25.0,156,Miami Dolphins @ Minnesota Vikings,2026-10-04T20:05:00Z,2026-10-02T17:51+00:00
Kevin Coleman Jr.,rec_yds,40.0,391,Miami Dolphins @ Minnesota Vikings,2026-10-04T20:05:00Z,2026-10-02T17:51+00:00
Kevin Coleman Jr.,rec_yds,50.0,700,Miami Dolphins @ Minnesota Vikings,2026-10-04T20:05:00Z,2026-10-02T17:51+00:00
Kevin Coleman Jr.,rec_yds,60.0,1160,Miami Dolphins @ Minnesota Vikings,2026-10-04T20:05:00Z,2026-10-02T17:51+00:00
Kevin Coleman Jr.,rec_yds,70.0,1940,Miami Dolphins @ Minnesota Vikings,2026-10-04T20:05:00Z,2026-10-02T17:51+00:00
Kevin Coleman Jr.,rec_yds,80.0,3100,Miami Dolphins @ Minnesota Vikings,2026-10-04T20:05:00Z,2026-10-02T17:51+00:00
Aaron Jones,rec_yds,15.0,-168,Miami Dolphins @ Minnesota Vikings,2026-10-04T20:05:00Z,2026-10-02T17:51+00:00
Aaron Jones,rec_yds,19.0,-112,Miami Dolphins @ Minnesota Vikings,2026-10-04T20:05:00Z,2026-10-02T17:51+00:00
Aaron Jones,rec_yds,25.0,152,Miami Dolphins @ Minnesota Vikings,2026-10-04T20:05:00Z,2026-10-02T17:51+00:00
Aaron Jones,rec_yds,40.0,466,Miami Dolphins @ Minnesota Vikings,2026-10-04T20:05:00Z,2026-10-02T17:51+00:00
Aaron Jones,rec_yds,50.0,890,Miami Dolphins @ Minnesota Vikings,2026-10-04T20:05:00Z,2026-10-02T17:51+00:00
Aaron Jones,rec_yds,60.0,1580,Miami Dolphins @ Minnesota Vikings,2026-10-04T20:05:00Z,2026-10-02T17:51+00:00
Aaron Jones,rec_yds,70.0,2400,Miami Dolphins @ Minnesota Vikings,2026-10-04T20:05:00Z,2026-10-02T17:51+00:00
Aaron Jones,rec_yds,80.0,3500,Miami Dolphins @ Minnesota Vikings,2026-10-04T20:05:00Z,2026-10-02T17:51+00:00
Ryan Miller,rec_yds,6.0,-115,Miami Dolphins @ Minnesota Vikings,2026-10-04T20:05:00Z,2026-10-02T17:51+00:00
Ryan Miller,rec_yds,15.0,182,Miami Dolphins @ Minnesota Vikings,2026-10-04T20:05:00Z,2026-10-02T17:51+00:00
Ryan Miller,rec_yds,25.0,432,Miami Dolphins @ Minnesota Vikings,2026-10-04T20:05:00Z,2026-10-02T17:51+00:00
Ryan Miller,rec_yds,40.0,1040,Miami Dolphins @ Minnesota Vikings,2026-10-04T20:05:00Z,2026-10-02T17:51+00:00
Ryan Miller,rec_yds,50.0,1740,Miami Dolphins @ Minnesota Vikings,2026-10-04T20:05:00Z,2026-10-02T17:51+00:00
Ryan Miller,rec_yds,60.0,2700,Miami Dolphins @ Minnesota Vikings,2026-10-04T20:05:00Z,2026-10-02T17:51+00:00
Jaylen Wright,rec_yds,6.0,-118,Miami Dolphins @ Minnesota Vikings,2026-10-04T20:05:00Z,2026-10-02T17:51+00:00
Jaylen Wright,rec_yds,15.0,277,Miami Dolphins @ Minnesota Vikings,2026-10-04T20:05:00Z,2026-10-02T17:51+00:00
Jaylen Wright,rec_yds,25.0,670,Miami Dolphins @ Minnesota Vikings,2026-10-04T20:05:00Z,2026-10-02T17:51+00:00
Jaylen Wright,rec_yds,40.0,1980,Miami Dolphins @ Minnesota Vikings,2026-10-04T20:05:00Z,2026-10-02T17:51+00:00
Jaylen Wright,rec_yds,50.0,3100,Miami Dolphins @ Minnesota Vikings,2026-10-04T20:05:00Z,2026-10-02T17:51+00:00
Ollie Gordon II,rec_yds,6.0,-123,Miami Dolphins @ Minnesota Vikings,2026-10-04T20:05:00Z,2026-10-02T17:51+00:00
Ollie Gordon II,rec_yds,15.0,300,Miami Dolphins @ Minnesota Vikings,2026-10-04T20:05:00Z,2026-10-02T17:51+00:00
Ollie Gordon II,rec_yds,25.0,800,Miami Dolphins @ Minnesota Vikings,2026-10-04T20:05:00Z,2026-10-02T17:51+00:00
Ollie Gordon II,rec_yds,40.0,2300,Miami Dolphins @ Minnesota Vikings,2026-10-04T20:05:00Z,2026-10-02T17:51+00:00
Ollie Gordon II,rec_yds,50.0,3500,Miami Dolphins @ Minnesota Vikings,2026-10-04T20:05:00Z,2026-10-02T17:51+00:00
Malik Washington,receptions,2.0,-1540,Miami Dolphins @ Minnesota Vikings,2026-10-04T20:05:00Z,2026-10-02T17:51+00:00
Malik Washington,receptions,3.0,-451,Miami Dolphins @ Minnesota Vikings,2026-10-04T20:05:00Z,2026-10-02T17:51+00:00
Malik Washington,receptions,4.0,-202,Miami Dolphins @ Minnesota Vikings,2026-10-04T20:05:00Z,2026-10-02T17:51+00:00
Malik Washington,receptions,5.0,-101,Miami Dolphins @ Minnesota Vikings,2026-10-04T20:05:00Z,2026-10-02T17:51+00:00
Malik Washington,receptions,6.0,180,Miami Dolphins @ Minnesota Vikings,2026-10-04T20:05:00Z,2026-10-02T17:51+00:00
Malik Washington,receptions,7.0,331,Miami Dolphins @ Minnesota Vikings,2026-10-04T20:05:00Z,2026-10-02T17:51+00:00
Malik Washington,receptions,8.0,588,Miami Dolphins @ Minnesota Vikings,2026-10-04T20:05:00Z,2026-10-02T17:51+00:00
Malik Washington,receptions,9.0,1020,Miami Dolphins @ Minnesota Vikings,2026-10-04T20:05:00Z,2026-10-02T17:51+00:00
Malik Washington,receptions,10.0,1600,Miami Dolphins @ Minnesota Vikings,2026-10-04T20:05:00Z,2026-10-02T17:51+00:00
Malik Washington,receptions,11.0,2300,Miami Dolphins @ Minnesota Vikings,2026-10-04T20:05:00Z,2026-10-02T17:51+00:00
T.J. Hockenson,receptions,2.0,-2100,Miami Dolphins @ Minnesota Vikings,2026-10-04T20:05:00Z,2026-10-02T17:51+00:00
T.J. Hockenson,receptions,3.0,-547,Miami Dolphins @ Minnesota Vikings,2026-10-04T20:05:00Z,2026-10-02T17:51+00:00
T.J. Hockenson,receptions,4.0,-216,Miami Dolphins @ Minnesota Vikings,2026-10-04T20:05:00Z,2026-10-02T17:51+00:00
T.J. Hockenson,receptions,5.0,-105,Miami Dolphins @ Minnesota Vikings,2026-10-04T20:05:00Z,2026-10-02T17:51+00:00
T.J. Hockenson,receptions,6.0,184,Miami Dolphins @ Minnesota Vikings,2026-10-04T20:05:00Z,2026-10-02T17:51+00:00
T.J. Hockenson,receptions,7.0,346,Miami Dolphins @ Minnesota Vikings,2026-10-04T20:05:00Z,2026-10-02T17:51+00:00
T.J. Hockenson,receptions,8.0,610,Miami Dolphins @ Minnesota Vikings,2026-10-04T20:05:00Z,2026-10-02T17:51+00:00
T.J. Hockenson,receptions,9.0,1060,Miami Dolphins @ Minnesota Vikings,2026-10-04T20:05:00Z,2026-10-02T17:51+00:00
T.J. Hockenson,receptions,10.0,1720,Miami Dolphins @ Minnesota Vikings,2026-10-04T20:05:00Z,2026-10-02T17:51+00:00
T.J. Hockenson,receptions,11.0,2600,Miami Dolphins @ Minnesota Vikings,2026-10-04T20:05:00Z,2026-10-02T17:51+00:00
Jordan Addison,receptions,2.0,-1660,Miami Dolphins @ Minnesota Vikings,2026-10-04T20:05:00Z,2026-10-02T17:51+00:00
Jordan Addison,receptions,3.0,-442,Miami Dolphins @ Minnesota Vikings,2026-10-04T20:05:00Z,2026-10-02T17:51+00:00
Jordan Addison,receptions,4.0,-186,Miami Dolphins @ Minnesota Vikings,2026-10-04T20:05:00Z,2026-10-02T17:51+00:00
Jordan Addison,receptions,5.0,114,Miami Dolphins @ Minnesota Vikings,2026-10-04T20:05:00Z,2026-10-02T17:51+00:00
Jordan Addison,receptions,6.0,216,Miami Dolphins @ Minnesota Vikings,2026-10-04T20:05:00Z,2026-10-02T17:51+00:00
Jordan Addison,receptions,7.0,403,Miami Dolphins @ Minnesota Vikings,2026-10-04T20:05:00Z,2026-10-02T17:51+00:00
Jordan Addison,receptions,8.0,710,Miami Dolphins @ Minnesota Vikings,2026-10-04T20:05:00Z,2026-10-02T17:51+00:00
Jordan Addison,receptions,9.0,1280,Miami Dolphins @ Minnesota Vikings,2026-10-04T20:05:00Z,2026-10-02T17:51+00:00
Jordan Addison,receptions,10.0,2100,Miami Dolphins @ Minnesota Vikings,2026-10-04T20:05:00Z,2026-10-02T17:51+00:00
Jordan Addison,receptions,11.0,2900,Miami Dolphins @ Minnesota Vikings,2026-10-04T20:05:00Z,2026-10-02T17:51+00:00
Greg Dulcich,receptions,2.0,-521,Miami Dolphins @ Minnesota Vikings,2026-10-04T20:05:00Z,2026-10-02T17:51+00:00
Greg Dulcich,receptions,3.0,-170,Miami Dolphins @ Minnesota Vikings,2026-10-04T20:05:00Z,2026-10-02T17:51+00:00
Greg Dulcich,receptions,4.0,142,Miami Dolphins @ Minnesota Vikings,2026-10-04T20:05:00Z,2026-10-02T17:51+00:00
Greg Dulcich,receptions,5.0,318,Miami Dolphins @ Minnesota Vikings,2026-10-04T20:05:00Z,2026-10-02T17:51+00:00
Greg Dulcich,receptions,6.0,660,Miami Dolphins @ Minnesota Vikings,2026-10-04T20:05:00Z,2026-10-02T17:51+00:00
Greg Dulcich,receptions,7.0,1320,Miami Dolphins @ Minnesota Vikings,2026-10-04T20:05:00Z,2026-10-02T17:51+00:00
Greg Dulcich,receptions,8.0,2300,Miami Dolphins @ Minnesota Vikings,2026-10-04T20:05:00Z,2026-10-02T17:51+00:00
Aaron Jones,receptions,2.0,-536,Miami Dolphins @ Minnesota Vikings,2026-10-04T20:05:00Z,2026-10-02T17:51+00:00
Aaron Jones,receptions,3.0,-172,Miami Dolphins @ Minnesota Vikings,2026-10-04T20:05:00Z,2026-10-02T17:51+00:00
Aaron Jones,receptions,4.0,142,Miami Dolphins @ Minnesota Vikings,2026-10-04T20:05:00Z,2026-10-02T17:51+00:00
Aaron Jones,receptions,5.0,327,Miami Dolphins @ Minnesota Vikings,2026-10-04T20:05:00Z,2026-10-02T17:51+00:00
Aaron Jones,receptions,6.0,690,Miami Dolphins @ Minnesota Vikings,2026-10-04T20:05:00Z,2026-10-02T17:51+00:00
Aaron Jones,receptions,7.0,1420,Miami Dolphins @ Minnesota Vikings,2026-10-04T20:05:00Z,2026-10-02T17:51+00:00
Aaron Jones,receptions,8.0,2500,Miami Dolphins @ Minnesota Vikings,2026-10-04T20:05:00Z,2026-10-02T17:51+00:00
Chris Bell,receptions,2.0,-282,Miami Dolphins @ Minnesota Vikings,2026-10-04T20:05:00Z,2026-10-02T17:51+00:00
Chris Bell,receptions,3.0,106,Miami Dolphins @ Minnesota Vikings,2026-10-04T20:05:00Z,2026-10-02T17:51+00:00
Chris Bell,receptions,4.0,261,Miami Dolphins @ Minnesota Vikings,2026-10-04T20:05:00Z,2026-10-02T17:51+00:00
Chris Bell,receptions,5.0,600,Miami Dolphins @ Minnesota Vikings,2026-10-04T20:05:00Z,2026-10-02T17:51+00:00
Chris Bell,receptions,6.0,1260,Miami Dolphins @ Minnesota Vikings,2026-10-04T20:05:00Z,2026-10-02T17:51+00:00
Chris Bell,receptions,7.0,2300,Miami Dolphins @ Minnesota Vikings,2026-10-04T20:05:00Z,2026-10-02T17:51+00:00
Kevin Coleman Jr.,receptions,2.0,-129,Miami Dolphins @ Minnesota Vikings,2026-10-04T20:05:00Z,2026-10-02T17:51+00:00
Kevin Coleman Jr.,receptions,3.0,231,Miami Dolphins @ Minnesota Vikings,2026-10-04T20:05:00Z,2026-10-02T17:51+00:00
Kevin Coleman Jr.,receptions,4.0,600,Miami Dolphins @ Minnesota Vikings,2026-10-04T20:05:00Z,2026-10-02T17:51+00:00
Kevin Coleman Jr.,receptions,5.0,1460,Miami Dolphins @ Minnesota Vikings,2026-10-04T20:05:00Z,2026-10-02T17:51+00:00
Kevin Coleman Jr.,receptions,6.0,2700,Miami Dolphins @ Minnesota Vikings,2026-10-04T20:05:00Z,2026-10-02T17:51+00:00
Ollie Gordon II,receptions,2.0,153,Miami Dolphins @ Minnesota Vikings,2026-10-04T20:05:00Z,2026-10-02T17:51+00:00
Ollie Gordon II,receptions,3.0,499,Miami Dolphins @ Minnesota Vikings,2026-10-04T20:05:00Z,2026-10-02T17:51+00:00
Ollie Gordon II,receptions,4.0,1400,Miami Dolphins @ Minnesota Vikings,2026-10-04T20:05:00Z,2026-10-02T17:51+00:00
Ollie Gordon II,receptions,5.0,2800,Miami Dolphins @ Minnesota Vikings,2026-10-04T20:05:00Z,2026-10-02T17:51+00:00
Jaylen Wright,receptions,2.0,173,Miami Dolphins @ Minnesota Vikings,2026-10-04T20:05:00Z,2026-10-02T17:51+00:00
Jaylen Wright,receptions,3.0,567,Miami Dolphins @ Minnesota Vikings,2026-10-04T20:05:00Z,2026-10-02T17:51+00:00
Jaylen Wright,receptions,4.0,1540,Miami Dolphins @ Minnesota Vikings,2026-10-04T20:05:00Z,2026-10-02T17:51+00:00
Ryan Miller,receptions,2.0,311,Miami Dolphins @ Minnesota Vikings,2026-10-04T20:05:00Z,2026-10-02T17:51+00:00
Ryan Miller,receptions,3.0,1060,Miami Dolphins @ Minnesota Vikings,2026-10-04T20:05:00Z,2026-10-02T17:51+00:00
Ryan Miller,receptions,4.0,2600,Miami Dolphins @ Minnesota Vikings,2026-10-04T20:05:00Z,2026-10-02T17:51+00:00
Aaron Jones,rush_att,12.0,-1220,Miami Dolphins @ Minnesota Vikings,2026-10-04T20:05:00Z,2026-10-02T17:51+00:00
Aaron Jones,rush_att,14.0,-419,Miami Dolphins @ Minnesota Vikings,2026-10-04T20:05:00Z,2026-10-02T17:51+00:00
Aaron Jones,rush_att,16.0,-183,Miami Dolphins @ Minnesota Vikings,2026-10-04T20:05:00Z,2026-10-02T17:51+00:00
Aaron Jones,rush_att,17.0,-125,Miami Dolphins @ Minnesota Vikings,2026-10-04T20:05:00Z,2026-10-02T17:51+00:00
Aaron Jones,rush_att,18.0,116,Miami Dolphins @ Minnesota Vikings,2026-10-04T20:05:00Z,2026-10-02T17:51+00:00
Aaron Jones,rush_att,20.0,232,Miami Dolphins @ Minnesota Vikings,2026-10-04T20:05:00Z,2026-10-02T17:51+00:00
Aaron Jones,rush_att,22.0,476,Miami Dolphins @ Minnesota Vikings,2026-10-04T20:05:00Z,2026-10-02T17:51+00:00
Aaron Jones,rush_att,24.0,950,Miami Dolphins @ Minnesota Vikings,2026-10-04T20:05:00Z,2026-10-02T17:51+00:00
Jaylen Wright,rush_att,4.0,-3800,Miami Dolphins @ Minnesota Vikings,2026-10-04T20:05:00Z,2026-10-02T17:51+00:00
Jaylen Wright,rush_att,6.0,-579,Miami Dolphins @ Minnesota Vikings,2026-10-04T20:05:00Z,2026-10-02T17:51+00:00
Jaylen Wright,rush_att,8.0,-192,Miami Dolphins @ Minnesota Vikings,2026-10-04T20:05:00Z,2026-10-02T17:51+00:00
Jaylen Wright,rush_att,9.0,-124,Miami Dolphins @ Minnesota Vikings,2026-10-04T20:05:00Z,2026-10-02T17:51+00:00
Jaylen Wright,rush_att,10.0,125,Miami Dolphins @ Minnesota Vikings,2026-10-04T20:05:00Z,2026-10-02T17:51+00:00
Jaylen Wright,rush_att,12.0,278,Miami Dolphins @ Minnesota Vikings,2026-10-04T20:05:00Z,2026-10-02T17:51+00:00
Jaylen Wright,rush_att,14.0,565,Miami Dolphins @ Minnesota Vikings,2026-10-04T20:05:00Z,2026-10-02T17:51+00:00
Jaylen Wright,rush_att,16.0,1060,Miami Dolphins @ Minnesota Vikings,2026-10-04T20:05:00Z,2026-10-02T17:51+00:00
Malik Willis,rush_att,4.0,-920,Miami Dolphins @ Minnesota Vikings,2026-10-04T20:05:00Z,2026-10-02T17:51+00:00
Malik Willis,rush_att,6.0,-198,Miami Dolphins @ Minnesota Vikings,2026-10-04T20:05:00Z,2026-10-02T17:51+00:00
Malik Willis,rush_att,7.0,-111,Miami Dolphins @ Minnesota Vikings,2026-10-04T20:05:00Z,2026-10-02T17:51+00:00
Malik Willis,rush_att,8.0,154,Miami Dolphins @ Minnesota Vikings,2026-10-04T20:05:00Z,2026-10-02T17:51+00:00
Malik Willis,rush_att,10.0,418,Miami Dolphins @ Minnesota Vikings,2026-10-04T20:05:00Z,2026-10-02T17:51+00:00
Malik Willis,rush_att,12.0,1040,Miami Dolphins @ Minnesota Vikings,2026-10-04T20:05:00Z,2026-10-02T17:51+00:00
Kyler Murray,rush_att,4.0,-331,Miami Dolphins @ Minnesota Vikings,2026-10-04T20:05:00Z,2026-10-02T17:51+00:00
Kyler Murray,rush_att,6.0,122,Miami Dolphins @ Minnesota Vikings,2026-10-04T20:05:00Z,2026-10-02T17:51+00:00
Kyler Murray,rush_att,8.0,419,Miami Dolphins @ Minnesota Vikings,2026-10-04T20:05:00Z,2026-10-02T17:51+00:00
Kyler Murray,rush_att,10.0,1380,Miami Dolphins @ Minnesota Vikings,2026-10-04T20:05:00Z,2026-10-02T17:51+00:00
Aaron Jones,rush_yds,30.0,-1640,Miami Dolphins @ Minnesota Vikings,2026-10-04T20:05:00Z,2026-10-02T17:51+00:00
Aaron Jones,rush_yds,40.0,-630,Miami Dolphins @ Minnesota Vikings,2026-10-04T20:05:00Z,2026-10-02T17:51+00:00
Aaron Jones,rush_yds,50.0,-297,Miami Dolphins @ Minnesota Vikings,2026-10-04T20:05:00Z,2026-10-02T17:51+00:00
Aaron Jones,rush_yds,60.0,-166,Miami Dolphins @ Minnesota Vikings,2026-10-04T20:05:00Z,2026-10-02T17:51+00:00
Aaron Jones,rush_yds,67.0,-114,Miami Dolphins @ Minnesota Vikings,2026-10-04T20:05:00Z,2026-10-02T17:51+00:00
Aaron Jones,rush_yds,70.0,101,Miami Dolphins @ Minnesota Vikings,2026-10-04T20:05:00Z,2026-10-02T17:51+00:00
Aaron Jones,rush_yds,80.0,161,Miami Dolphins @ Minnesota Vikings,2026-10-04T20:05:00Z,2026-10-02T17:51+00:00
Aaron Jones,rush_yds,90.0,257,Miami Dolphins @ Minnesota Vikings,2026-10-04T20:05:00Z,2026-10-02T17:51+00:00
Aaron Jones,rush_yds,100.0,401,Miami Dolphins @ Minnesota Vikings,2026-10-04T20:05:00Z,2026-10-02T17:51+00:00
Aaron Jones,rush_yds,110.0,600,Miami Dolphins @ Minnesota Vikings,2026-10-04T20:05:00Z,2026-10-02T17:51+00:00
Aaron Jones,rush_yds,120.0,880,Miami Dolphins @ Minnesota Vikings,2026-10-04T20:05:00Z,2026-10-02T17:51+00:00
Aaron Jones,rush_yds,130.0,1320,Miami Dolphins @ Minnesota Vikings,2026-10-04T20:05:00Z,2026-10-02T17:51+00:00
Aaron Jones,rush_yds,140.0,1840,Miami Dolphins @ Minnesota Vikings,2026-10-04T20:05:00Z,2026-10-02T17:51+00:00
Aaron Jones,rush_yds,150.0,2500,Miami Dolphins @ Minnesota Vikings,2026-10-04T20:05:00Z,2026-10-02T17:51+00:00
Aaron Jones,rush_yds,160.0,3500,Miami Dolphins @ Minnesota Vikings,2026-10-04T20:05:00Z,2026-10-02T17:51+00:00
Jaylen Wright,rush_yds,10.0,-900,Miami Dolphins @ Minnesota Vikings,2026-10-04T20:05:00Z,2026-10-02T17:51+00:00
Jaylen Wright,rush_yds,15.0,-452,Miami Dolphins @ Minnesota Vikings,2026-10-04T20:05:00Z,2026-10-02T17:51+00:00
Jaylen Wright,rush_yds,20.0,-261,Miami Dolphins @ Minnesota Vikings,2026-10-04T20:05:00Z,2026-10-02T17:51+00:00
Jaylen Wright,rush_yds,25.0,-169,Miami Dolphins @ Minnesota Vikings,2026-10-04T20:05:00Z,2026-10-02T17:51+00:00
Jaylen Wright,rush_yds,30.0,-114,Miami Dolphins @ Minnesota Vikings,2026-10-04T20:05:00Z,2026-10-02T17:51+00:00
Jaylen Wright,rush_yds,40.0,173,Miami Dolphins @ Minnesota Vikings,2026-10-04T20:05:00Z,2026-10-02T17:51+00:00
Jaylen Wright,rush_yds,50.0,312,Miami Dolphins @ Minnesota Vikings,2026-10-04T20:05:00Z,2026-10-02T17:51+00:00
Jaylen Wright,rush_yds,60.0,535,Miami Dolphins @ Minnesota Vikings,2026-10-04T20:05:00Z,2026-10-02T17:51+00:00
Jaylen Wright,rush_yds,70.0,840,Miami Dolphins @ Minnesota Vikings,2026-10-04T20:05:00Z,2026-10-02T17:51+00:00
Jaylen Wright,rush_yds,80.0,1320,Miami Dolphins @ Minnesota Vikings,2026-10-04T20:05:00Z,2026-10-02T17:51+00:00
Jaylen Wright,rush_yds,90.0,1960,Miami Dolphins @ Minnesota Vikings,2026-10-04T20:05:00Z,2026-10-02T17:51+00:00
Jaylen Wright,rush_yds,100.0,2900,Miami Dolphins @ Minnesota Vikings,2026-10-04T20:05:00Z,2026-10-02T17:51+00:00
Jaylen Wright,rush_yds,110.0,3900,Miami Dolphins @ Minnesota Vikings,2026-10-04T20:05:00Z,2026-10-02T17:51+00:00
Malik Willis,rush_yds,10.0,-1500,Miami Dolphins @ Minnesota Vikings,2026-10-04T20:05:00Z,2026-10-02T17:51+00:00
Malik Willis,rush_yds,15.0,-610,Miami Dolphins @ Minnesota Vikings,2026-10-04T20:05:00Z,2026-10-02T17:51+00:00
Malik Willis,rush_yds,20.0,-314,Miami Dolphins @ Minnesota Vikings,2026-10-04T20:05:00Z,2026-10-02T17:51+00:00
Malik Willis,rush_yds,25.0,-187,Miami Dolphins @ Minnesota Vikings,2026-10-04T20:05:00Z,2026-10-02T17:51+00:00
Malik Willis,rush_yds,30.0,-119,Miami Dolphins @ Minnesota Vikings,2026-10-04T20:05:00Z,2026-10-02T17:51+00:00
Malik Willis,rush_yds,31.0,-109,Miami Dolphins @ Minnesota Vikings,2026-10-04T20:05:00Z,2026-10-02T17:51+00:00
Malik Willis,rush_yds,40.0,185,Miami Dolphins @ Minnesota Vikings,2026-10-04T20:05:00Z,2026-10-02T17:51+00:00
Malik Willis,rush_yds,50.0,371,Miami Dolphins @ Minnesota Vikings,2026-10-04T20:05:00Z,2026-10-02T17:51+00:00
Malik Willis,rush_yds,60.0,680,Miami Dolphins @ Minnesota Vikings,2026-10-04T20:05:00Z,2026-10-02T17:51+00:00
Malik Willis,rush_yds,70.0,1260,Miami Dolphins @ Minnesota Vikings,2026-10-04T20:05:00Z,2026-10-02T17:51+00:00
Malik Willis,rush_yds,80.0,2100,Miami Dolphins @ Minnesota Vikings,2026-10-04T20:05:00Z,2026-10-02T17:51+00:00
Malik Willis,rush_yds,90.0,3100,Miami Dolphins @ Minnesota Vikings,2026-10-04T20:05:00Z,2026-10-02T17:51+00:00
Ollie Gordon II,rush_yds,10.0,-553,Miami Dolphins @ Minnesota Vikings,2026-10-04T20:05:00Z,2026-10-02T17:51+00:00
Ollie Gordon II,rush_yds,15.0,-282,Miami Dolphins @ Minnesota Vikings,2026-10-04T20:05:00Z,2026-10-02T17:51+00:00
Ollie Gordon II,rush_yds,20.0,-167,Miami Dolphins @ Minnesota Vikings,2026-10-04T20:05:00Z,2026-10-02T17:51+00:00
Ollie Gordon II,rush_yds,24.0,-116,Miami Dolphins @ Minnesota Vikings,2026-10-04T20:05:00Z,2026-10-02T17:51+00:00
Ollie Gordon II,rush_yds,25.0,-106,Miami Dolphins @ Minnesota Vikings,2026-10-04T20:05:00Z,2026-10-02T17:51+00:00
Ollie Gordon II,rush_yds,30.0,141,Miami Dolphins @ Minnesota Vikings,2026-10-04T20:05:00Z,2026-10-02T17:51+00:00
Ollie Gordon II,rush_yds,40.0,284,Miami Dolphins @ Minnesota Vikings,2026-10-04T20:05:00Z,2026-10-02T17:51+00:00
Ollie Gordon II,rush_yds,50.0,523,Miami Dolphins @ Minnesota Vikings,2026-10-04T20:05:00Z,2026-10-02T17:51+00:00
Ollie Gordon II,rush_yds,60.0,900,Miami Dolphins @ Minnesota Vikings,2026-10-04T20:05:00Z,2026-10-02T17:51+00:00
Ollie Gordon II,rush_yds,70.0,1420,Miami Dolphins @ Minnesota Vikings,2026-10-04T20:05:00Z,2026-10-02T17:51+00:00
Ollie Gordon II,rush_yds,80.0,2200,Miami Dolphins @ Minnesota Vikings,2026-10-04T20:05:00Z,2026-10-02T17:51+00:00
Ollie Gordon II,rush_yds,90.0,3100,Miami Dolphins @ Minnesota Vikings,2026-10-04T20:05:00Z,2026-10-02T17:51+00:00
Kyler Murray,rush_yds,10.0,-424,Miami Dolphins @ Minnesota Vikings,2026-10-04T20:05:00Z,2026-10-02T17:51+00:00
Kyler Murray,rush_yds,15.0,-230,Miami Dolphins @ Minnesota Vikings,2026-10-04T20:05:00Z,2026-10-02T17:51+00:00
Kyler Murray,rush_yds,20.0,-140,Miami Dolphins @ Minnesota Vikings,2026-10-04T20:05:00Z,2026-10-02T17:51+00:00
Kyler Murray,rush_yds,23.0,-108,Miami Dolphins @ Minnesota Vikings,2026-10-04T20:05:00Z,2026-10-02T17:51+00:00
Kyler Murray,rush_yds,25.0,109,Miami Dolphins @ Minnesota Vikings,2026-10-04T20:05:00Z,2026-10-02T17:51+00:00
Kyler Murray,rush_yds,30.0,161,Miami Dolphins @ Minnesota Vikings,2026-10-04T20:05:00Z,2026-10-02T17:51+00:00
Kyler Murray,rush_yds,40.0,330,Miami Dolphins @ Minnesota Vikings,2026-10-04T20:05:00Z,2026-10-02T17:51+00:00
Kyler Murray,rush_yds,50.0,650,Miami Dolphins @ Minnesota Vikings,2026-10-04T20:05:00Z,2026-10-02T17:51+00:00
Kyler Murray,rush_yds,60.0,1200,Miami Dolphins @ Minnesota Vikings,2026-10-04T20:05:00Z,2026-10-02T17:51+00:00
Kyler Murray,rush_yds,70.0,2200,Miami Dolphins @ Minnesota Vikings,2026-10-04T20:05:00Z,2026-10-02T17:51+00:00
Kyler Murray,rush_yds,80.0,3500,Miami Dolphins @ Minnesota Vikings,2026-10-04T20:05:00Z,2026-10-02T17:51+00:00
Malik Washington,rush_yds,6.0,-102,Miami Dolphins @ Minnesota Vikings,2026-10-04T20:05:00Z,2026-10-02T17:51+00:00
Malik Washington,rush_yds,10.0,203,Miami Dolphins @ Minnesota Vikings,2026-10-04T20:05:00Z,2026-10-02T17:51+00:00
Malik Washington,rush_yds,15.0,417,Miami Dolphins @ Minnesota Vikings,2026-10-04T20:05:00Z,2026-10-02T17:51+00:00
Malik Washington,rush_yds,20.0,740,Miami Dolphins @ Minnesota Vikings,2026-10-04T20:05:00Z,2026-10-02T17:51+00:00
Malik Washington,rush_yds,25.0,1200,Miami Dolphins @ Minnesota Vikings,2026-10-04T20:05:00Z,2026-10-02T17:51+00:00
Malik Washington,rush_yds,30.0,1860,Miami Dolphins @ Minnesota Vikings,2026-10-04T20:05:00Z,2026-10-02T17:51+00:00
Malik Washington,rush_yds,40.0,3200,Miami Dolphins @ Minnesota Vikings,2026-10-04T20:05:00Z,2026-10-02T17:51+00:00
Bo Nix,pass_att,26.0,-1980,Denver Broncos @ San Francisco 49ers,2026-10-04T20:25:00Z,2026-10-02T17:51+00:00
Bo Nix,pass_att,28.0,-840,Denver Broncos @ San Francisco 49ers,2026-10-04T20:25:00Z,2026-10-02T17:51+00:00
Bo Nix,pass_att,30.0,-431,Denver Broncos @ San Francisco 49ers,2026-10-04T20:25:00Z,2026-10-02T17:51+00:00
Bo Nix,pass_att,32.0,-249,Denver Broncos @ San Francisco 49ers,2026-10-04T20:25:00Z,2026-10-02T17:51+00:00
Bo Nix,pass_att,34.0,-150,Denver Broncos @ San Francisco 49ers,2026-10-04T20:25:00Z,2026-10-02T17:51+00:00
Bo Nix,pass_att,35.0,-118,Denver Broncos @ San Francisco 49ers,2026-10-04T20:25:00Z,2026-10-02T17:51+00:00
Bo Nix,pass_att,36.0,106,Denver Broncos @ San Francisco 49ers,2026-10-04T20:25:00Z,2026-10-02T17:51+00:00
Bo Nix,pass_att,38.0,162,Denver Broncos @ San Francisco 49ers,2026-10-04T20:25:00Z,2026-10-02T17:51+00:00
Bo Nix,pass_att,40.0,250,Denver Broncos @ San Francisco 49ers,2026-10-04T20:25:00Z,2026-10-02T17:51+00:00
Bo Nix,pass_att,42.0,384,Denver Broncos @ San Francisco 49ers,2026-10-04T20:25:00Z,2026-10-02T17:51+00:00
Bo Nix,pass_att,44.0,578,Denver Broncos @ San Francisco 49ers,2026-10-04T20:25:00Z,2026-10-02T17:51+00:00
Bo Nix,pass_att,46.0,870,Denver Broncos @ San Francisco 49ers,2026-10-04T20:25:00Z,2026-10-02T17:51+00:00
Bo Nix,pass_att,48.0,1280,Denver Broncos @ San Francisco 49ers,2026-10-04T20:25:00Z,2026-10-02T17:51+00:00
Brock Purdy,pass_att,24.0,-1500,Denver Broncos @ San Francisco 49ers,2026-10-04T20:25:00Z,2026-10-02T17:51+00:00
Brock Purdy,pass_att,26.0,-650,Denver Broncos @ San Francisco 49ers,2026-10-04T20:25:00Z,2026-10-02T17:51+00:00
Brock Purdy,pass_att,28.0,-324,Denver Broncos @ San Francisco 49ers,2026-10-04T20:25:00Z,2026-10-02T17:51+00:00
Brock Purdy,pass_att,30.0,-181,Denver Broncos @ San Francisco 49ers,2026-10-04T20:25:00Z,2026-10-02T17:51+00:00
Brock Purdy,pass_att,32.0,-106,Denver Broncos @ San Francisco 49ers,2026-10-04T20:25:00Z,2026-10-02T17:51+00:00
Brock Purdy,pass_att,34.0,154,Denver Broncos @ San Francisco 49ers,2026-10-04T20:25:00Z,2026-10-02T17:51+00:00
Brock Purdy,pass_att,36.0,248,Denver Broncos @ San Francisco 49ers,2026-10-04T20:25:00Z,2026-10-02T17:51+00:00
Brock Purdy,pass_att,38.0,392,Denver Broncos @ San Francisco 49ers,2026-10-04T20:25:00Z,2026-10-02T17:51+00:00
Brock Purdy,pass_att,40.0,620,Denver Broncos @ San Francisco 49ers,2026-10-04T20:25:00Z,2026-10-02T17:51+00:00
Brock Purdy,pass_att,42.0,950,Denver Broncos @ San Francisco 49ers,2026-10-04T20:25:00Z,2026-10-02T17:51+00:00
Brock Purdy,pass_att,44.0,1400,Denver Broncos @ San Francisco 49ers,2026-10-04T20:25:00Z,2026-10-02T17:51+00:00
Bo Nix,pass_cmps,16.0,-1960,Denver Broncos @ San Francisco 49ers,2026-10-04T20:25:00Z,2026-10-02T17:51+00:00
Bo Nix,pass_cmps,18.0,-620,Denver Broncos @ San Francisco 49ers,2026-10-04T20:25:00Z,2026-10-02T17:51+00:00
Bo Nix,pass_cmps,20.0,-269,Denver Broncos @ San Francisco 49ers,2026-10-04T20:25:00Z,2026-10-02T17:51+00:00
Bo Nix,pass_cmps,22.0,-128,Denver Broncos @ San Francisco 49ers,2026-10-04T20:25:00Z,2026-10-02T17:51+00:00
Bo Nix,pass_cmps,24.0,152,Denver Broncos @ San Francisco 49ers,2026-10-04T20:25:00Z,2026-10-02T17:51+00:00
Bo Nix,pass_cmps,26.0,287,Denver Broncos @ San Francisco 49ers,2026-10-04T20:25:00Z,2026-10-02T17:51+00:00
Bo Nix,pass_cmps,28.0,541,Denver Broncos @ San Francisco 49ers,2026-10-04T20:25:00Z,2026-10-02T17:51+00:00
Bo Nix,pass_cmps,30.0,1000,Denver Broncos @ San Francisco 49ers,2026-10-04T20:25:00Z,2026-10-02T17:51+00:00
Bo Nix,pass_cmps,32.0,1740,Denver Broncos @ San Francisco 49ers,2026-10-04T20:25:00Z,2026-10-02T17:51+00:00
Brock Purdy,pass_cmps,16.0,-1080,Denver Broncos @ San Francisco 49ers,2026-10-04T20:25:00Z,2026-10-02T17:51+00:00
Brock Purdy,pass_cmps,18.0,-390,Denver Broncos @ San Francisco 49ers,2026-10-04T20:25:00Z,2026-10-02T17:51+00:00
Brock Purdy,pass_cmps,20.0,-167,Denver Broncos @ San Francisco 49ers,2026-10-04T20:25:00Z,2026-10-02T17:51+00:00
Brock Purdy,pass_cmps,21.0,-115,Denver Broncos @ San Francisco 49ers,2026-10-04T20:25:00Z,2026-10-02T17:51+00:00
Brock Purdy,pass_cmps,22.0,124,Denver Broncos @ San Francisco 49ers,2026-10-04T20:25:00Z,2026-10-02T17:51+00:00
Brock Purdy,pass_cmps,24.0,250,Denver Broncos @ San Francisco 49ers,2026-10-04T20:25:00Z,2026-10-02T17:51+00:00
Brock Purdy,pass_cmps,26.0,490,Denver Broncos @ San Francisco 49ers,2026-10-04T20:25:00Z,2026-10-02T17:51+00:00
Brock Purdy,pass_cmps,28.0,930,Denver Broncos @ San Francisco 49ers,2026-10-04T20:25:00Z,2026-10-02T17:51+00:00
Brock Purdy,pass_cmps,30.0,1700,Denver Broncos @ San Francisco 49ers,2026-10-04T20:25:00Z,2026-10-02T17:51+00:00
Brock Purdy,pass_yds,160.0,-1100,Denver Broncos @ San Francisco 49ers,2026-10-04T20:25:00Z,2026-10-02T17:51+00:00
Brock Purdy,pass_yds,170.0,-740,Denver Broncos @ San Francisco 49ers,2026-10-04T20:25:00Z,2026-10-02T17:51+00:00
Brock Purdy,pass_yds,180.0,-540,Denver Broncos @ San Francisco 49ers,2026-10-04T20:25:00Z,2026-10-02T17:51+00:00
Brock Purdy,pass_yds,190.0,-394,Denver Broncos @ San Francisco 49ers,2026-10-04T20:25:00Z,2026-10-02T17:51+00:00
Brock Purdy,pass_yds,200.0,-292,Denver Broncos @ San Francisco 49ers,2026-10-04T20:25:00Z,2026-10-02T17:51+00:00
Brock Purdy,pass_yds,210.0,-224,Denver Broncos @ San Francisco 49ers,2026-10-04T20:25:00Z,2026-10-02T17:51+00:00
Brock Purdy,pass_yds,220.0,-171,Denver Broncos @ San Francisco 49ers,2026-10-04T20:25:00Z,2026-10-02T17:51+00:00
Brock Purdy,pass_yds,230.0,-133,Denver Broncos @ San Francisco 49ers,2026-10-04T20:25:00Z,2026-10-02T17:51+00:00
Brock Purdy,pass_yds,237.0,-112,Denver Broncos @ San Francisco 49ers,2026-10-04T20:25:00Z,2026-10-02T17:51+00:00
Brock Purdy,pass_yds,240.0,-103,Denver Broncos @ San Francisco 49ers,2026-10-04T20:25:00Z,2026-10-02T17:51+00:00
Brock Purdy,pass_yds,250.0,123,Denver Broncos @ San Francisco 49ers,2026-10-04T20:25:00Z,2026-10-02T17:51+00:00
Brock Purdy,pass_yds,260.0,157,Denver Broncos @ San Francisco 49ers,2026-10-04T20:25:00Z,2026-10-02T17:51+00:00
Brock Purdy,pass_yds,270.0,198,Denver Broncos @ San Francisco 49ers,2026-10-04T20:25:00Z,2026-10-02T17:51+00:00
Brock Purdy,pass_yds,280.0,251,Denver Broncos @ San Francisco 49ers,2026-10-04T20:25:00Z,2026-10-02T17:51+00:00
Brock Purdy,pass_yds,290.0,321,Denver Broncos @ San Francisco 49ers,2026-10-04T20:25:00Z,2026-10-02T17:51+00:00
Brock Purdy,pass_yds,300.0,408,Denver Broncos @ San Francisco 49ers,2026-10-04T20:25:00Z,2026-10-02T17:51+00:00
Brock Purdy,pass_yds,310.0,526,Denver Broncos @ San Francisco 49ers,2026-10-04T20:25:00Z,2026-10-02T17:51+00:00
Brock Purdy,pass_yds,320.0,680,Denver Broncos @ San Francisco 49ers,2026-10-04T20:25:00Z,2026-10-02T17:51+00:00
Brock Purdy,pass_yds,330.0,870,Denver Broncos @ San Francisco 49ers,2026-10-04T20:25:00Z,2026-10-02T17:51+00:00
Brock Purdy,pass_yds,340.0,1080,Denver Broncos @ San Francisco 49ers,2026-10-04T20:25:00Z,2026-10-02T17:51+00:00
Brock Purdy,pass_yds,350.0,1380,Denver Broncos @ San Francisco 49ers,2026-10-04T20:25:00Z,2026-10-02T17:51+00:00
Brock Purdy,pass_yds,360.0,1720,Denver Broncos @ San Francisco 49ers,2026-10-04T20:25:00Z,2026-10-02T17:51+00:00
Brock Purdy,pass_yds,370.0,2200,Denver Broncos @ San Francisco 49ers,2026-10-04T20:25:00Z,2026-10-02T17:51+00:00
Brock Purdy,pass_yds,380.0,2700,Denver Broncos @ San Francisco 49ers,2026-10-04T20:25:00Z,2026-10-02T17:51+00:00
Brock Purdy,pass_yds,390.0,3200,Denver Broncos @ San Francisco 49ers,2026-10-04T20:25:00Z,2026-10-02T17:51+00:00
Brock Purdy,pass_yds,400.0,3800,Denver Broncos @ San Francisco 49ers,2026-10-04T20:25:00Z,2026-10-02T17:51+00:00
Bo Nix,pass_yds,150.0,-1300,Denver Broncos @ San Francisco 49ers,2026-10-04T20:25:00Z,2026-10-02T17:51+00:00
Bo Nix,pass_yds,160.0,-860,Denver Broncos @ San Francisco 49ers,2026-10-04T20:25:00Z,2026-10-02T17:51+00:00
Bo Nix,pass_yds,170.0,-578,Denver Broncos @ San Francisco 49ers,2026-10-04T20:25:00Z,2026-10-02T17:51+00:00
Bo Nix,pass_yds,180.0,-414,Denver Broncos @ San Francisco 49ers,2026-10-04T20:25:00Z,2026-10-02T17:51+00:00
Bo Nix,pass_yds,190.0,-298,Denver Broncos @ San Francisco 49ers,2026-10-04T20:25:00Z,2026-10-02T17:51+00:00
Bo Nix,pass_yds,200.0,-226,Denver Broncos @ San Francisco 49ers,2026-10-04T20:25:00Z,2026-10-02T17:51+00:00
Bo Nix,pass_yds,210.0,-170,Denver Broncos @ San Francisco 49ers,2026-10-04T20:25:00Z,2026-10-02T17:51+00:00
Bo Nix,pass_yds,220.0,-131,Denver Broncos @ San Francisco 49ers,2026-10-04T20:25:00Z,2026-10-02T17:51+00:00
Bo Nix,pass_yds,226.0,-112,Denver Broncos @ San Francisco 49ers,2026-10-04T20:25:00Z,2026-10-02T17:51+00:00
Bo Nix,pass_yds,230.0,-101,Denver Broncos @ San Francisco 49ers,2026-10-04T20:25:00Z,2026-10-02T17:51+00:00
Bo Nix,pass_yds,240.0,129,Denver Broncos @ San Francisco 49ers,2026-10-04T20:25:00Z,2026-10-02T17:51+00:00
Bo Nix,pass_yds,250.0,165,Denver Broncos @ San Francisco 49ers,2026-10-04T20:25:00Z,2026-10-02T17:51+00:00
Bo Nix,pass_yds,260.0,208,Denver Broncos @ San Francisco 49ers,2026-10-04T20:25:00Z,2026-10-02T17:51+00:00
Bo Nix,pass_yds,270.0,267,Denver Broncos @ San Francisco 49ers,2026-10-04T20:25:00Z,2026-10-02T17:51+00:00
Bo Nix,pass_yds,280.0,343,Denver Broncos @ San Francisco 49ers,2026-10-04T20:25:00Z,2026-10-02T17:51+00:00
Bo Nix,pass_yds,290.0,436,Denver Broncos @ San Francisco 49ers,2026-10-04T20:25:00Z,2026-10-02T17:51+00:00
Bo Nix,pass_yds,300.0,565,Denver Broncos @ San Francisco 49ers,2026-10-04T20:25:00Z,2026-10-02T17:51+00:00
Bo Nix,pass_yds,310.0,720,Denver Broncos @ San Francisco 49ers,2026-10-04T20:25:00Z,2026-10-02T17:51+00:00
Bo Nix,pass_yds,320.0,910,Denver Broncos @ San Francisco 49ers,2026-10-04T20:25:00Z,2026-10-02T17:51+00:00
Bo Nix,pass_yds,330.0,1180,Denver Broncos @ San Francisco 49ers,2026-10-04T20:25:00Z,2026-10-02T17:51+00:00
Bo Nix,pass_yds,340.0,1500,Denver Broncos @ San Francisco 49ers,2026-10-04T20:25:00Z,2026-10-02T17:51+00:00
Bo Nix,pass_yds,350.0,1900,Denver Broncos @ San Francisco 49ers,2026-10-04T20:25:00Z,2026-10-02T17:51+00:00
Bo Nix,pass_yds,360.0,2400,Denver Broncos @ San Francisco 49ers,2026-10-04T20:25:00Z,2026-10-02T17:51+00:00
Bo Nix,pass_yds,370.0,2900,Denver Broncos @ San Francisco 49ers,2026-10-04T20:25:00Z,2026-10-02T17:51+00:00
Bo Nix,pass_yds,380.0,3300,Denver Broncos @ San Francisco 49ers,2026-10-04T20:25:00Z,2026-10-02T17:51+00:00
Bo Nix,pass_yds,390.0,4000,Denver Broncos @ San Francisco 49ers,2026-10-04T20:25:00Z,2026-10-02T17:51+00:00
George Kittle,rec_yds,15.0,-2500,Denver Broncos @ San Francisco 49ers,2026-10-04T20:25:00Z,2026-10-02T17:51+00:00
George Kittle,rec_yds,25.0,-910,Denver Broncos @ San Francisco 49ers,2026-10-04T20:25:00Z,2026-10-02T17:51+00:00
George Kittle,rec_yds,40.0,-350,Denver Broncos @ San Francisco 49ers,2026-10-04T20:25:00Z,2026-10-02T17:51+00:00
George Kittle,rec_yds,50.0,-215,Denver Broncos @ San Francisco 49ers,2026-10-04T20:25:00Z,2026-10-02T17:51+00:00
George Kittle,rec_yds,60.0,-137,Denver Broncos @ San Francisco 49ers,2026-10-04T20:25:00Z,2026-10-02T17:51+00:00
George Kittle,rec_yds,65.0,-111,Denver Broncos @ San Francisco 49ers,2026-10-04T20:25:00Z,2026-10-02T17:51+00:00
George Kittle,rec_yds,70.0,109,Denver Broncos @ San Francisco 49ers,2026-10-04T20:25:00Z,2026-10-02T17:51+00:00
George Kittle,rec_yds,80.0,156,Denver Broncos @ San Francisco 49ers,2026-10-04T20:25:00Z,2026-10-02T17:51+00:00
George Kittle,rec_yds,90.0,225,Denver Broncos @ San Francisco 49ers,2026-10-04T20:25:00Z,2026-10-02T17:51+00:00
George Kittle,rec_yds,100.0,316,Denver Broncos @ San Francisco 49ers,2026-10-04T20:25:00Z,2026-10-02T17:51+00:00
George Kittle,rec_yds,110.0,448,Denver Broncos @ San Francisco 49ers,2026-10-04T20:25:00Z,2026-10-02T17:51+00:00
George Kittle,rec_yds,120.0,630,Denver Broncos @ San Francisco 49ers,2026-10-04T20:25:00Z,2026-10-02T17:51+00:00
George Kittle,rec_yds,130.0,880,Denver Broncos @ San Francisco 49ers,2026-10-04T20:25:00Z,2026-10-02T17:51+00:00
George Kittle,rec_yds,140.0,1220,Denver Broncos @ San Francisco 49ers,2026-10-04T20:25:00Z,2026-10-02T17:51+00:00
George Kittle,rec_yds,150.0,1720,Denver Broncos @ San Francisco 49ers,2026-10-04T20:25:00Z,2026-10-02T17:51+00:00
George Kittle,rec_yds,160.0,2300,Denver Broncos @ San Francisco 49ers,2026-10-04T20:25:00Z,2026-10-02T17:51+00:00
George Kittle,rec_yds,170.0,3000,Denver Broncos @ San Francisco 49ers,2026-10-04T20:25:00Z,2026-10-02T17:51+00:00
George Kittle,rec_yds,180.0,3800,Denver Broncos @ San Francisco 49ers,2026-10-04T20:25:00Z,2026-10-02T17:51+00:00
Jaylen Waddle,rec_yds,15.0,-2400,Denver Broncos @ San Francisco 49ers,2026-10-04T20:25:00Z,2026-10-02T17:51+00:00
Jaylen Waddle,rec_yds,25.0,-800,Denver Broncos @ San Francisco 49ers,2026-10-04T20:25:00Z,2026-10-02T17:51+00:00
Jaylen Waddle,rec_yds,40.0,-276,Denver Broncos @ San Francisco 49ers,2026-10-04T20:25:00Z,2026-10-02T17:51+00:00
Jaylen Waddle,rec_yds,50.0,-163,Denver Broncos @ San Francisco 49ers,2026-10-04T20:25:00Z,2026-10-02T17:51+00:00
Jaylen Waddle,rec_yds,58.0,-111,Denver Broncos @ San Francisco 49ers,2026-10-04T20:25:00Z,2026-10-02T17:51+00:00
Jaylen Waddle,rec_yds,60.0,-101,Denver Broncos @ San Francisco 49ers,2026-10-04T20:25:00Z,2026-10-02T17:51+00:00
Jaylen Waddle,rec_yds,70.0,153,Denver Broncos @ San Francisco 49ers,2026-10-04T20:25:00Z,2026-10-02T17:51+00:00
Jaylen Waddle,rec_yds,80.0,234,Denver Broncos @ San Francisco 49ers,2026-10-04T20:25:00Z,2026-10-02T17:51+00:00
Jaylen Waddle,rec_yds,90.0,347,Denver Broncos @ San Francisco 49ers,2026-10-04T20:25:00Z,2026-10-02T17:51+00:00
Jaylen Waddle,rec_yds,100.0,514,Denver Broncos @ San Francisco 49ers,2026-10-04T20:25:00Z,2026-10-02T17:51+00:00
Jaylen Waddle,rec_yds,110.0,770,Denver Broncos @ San Francisco 49ers,2026-10-04T20:25:00Z,2026-10-02T17:51+00:00
Jaylen Waddle,rec_yds,120.0,1120,Denver Broncos @ San Francisco 49ers,2026-10-04T20:25:00Z,2026-10-02T17:51+00:00
Jaylen Waddle,rec_yds,130.0,1580,Denver Broncos @ San Francisco 49ers,2026-10-04T20:25:00Z,2026-10-02T17:51+00:00
Jaylen Waddle,rec_yds,140.0,2300,Denver Broncos @ San Francisco 49ers,2026-10-04T20:25:00Z,2026-10-02T17:51+00:00
Jaylen Waddle,rec_yds,150.0,3100,Denver Broncos @ San Francisco 49ers,2026-10-04T20:25:00Z,2026-10-02T17:51+00:00
Christian McCaffrey,rec_yds,15.0,-538,Denver Broncos @ San Francisco 49ers,2026-10-04T20:25:00Z,2026-10-02T17:51+00:00
Christian McCaffrey,rec_yds,25.0,-268,Denver Broncos @ San Francisco 49ers,2026-10-04T20:25:00Z,2026-10-02T17:51+00:00
Christian McCaffrey,rec_yds,40.0,-118,Denver Broncos @ San Francisco 49ers,2026-10-04T20:25:00Z,2026-10-02T17:51+00:00
Christian McCaffrey,rec_yds,41.0,-112,Denver Broncos @ San Francisco 49ers,2026-10-04T20:25:00Z,2026-10-02T17:51+00:00
Christian McCaffrey,rec_yds,50.0,134,Denver Broncos @ San Francisco 49ers,2026-10-04T20:25:00Z,2026-10-02T17:51+00:00
Christian McCaffrey,rec_yds,60.0,205,Denver Broncos @ San Francisco 49ers,2026-10-04T20:25:00Z,2026-10-02T17:51+00:00
Christian McCaffrey,rec_yds,70.0,301,Denver Broncos @ San Francisco 49ers,2026-10-04T20:25:00Z,2026-10-02T17:51+00:00
Christian McCaffrey,rec_yds,80.0,437,Denver Broncos @ San Francisco 49ers,2026-10-04T20:25:00Z,2026-10-02T17:51+00:00
Christian McCaffrey,rec_yds,90.0,630,Denver Broncos @ San Francisco 49ers,2026-10-04T20:25:00Z,2026-10-02T17:51+00:00
Christian McCaffrey,rec_yds,100.0,890,Denver Broncos @ San Francisco 49ers,2026-10-04T20:25:00Z,2026-10-02T17:51+00:00
Christian McCaffrey,rec_yds,110.0,1260,Denver Broncos @ San Francisco 49ers,2026-10-04T20:25:00Z,2026-10-02T17:51+00:00
Christian McCaffrey,rec_yds,120.0,1740,Denver Broncos @ San Francisco 49ers,2026-10-04T20:25:00Z,2026-10-02T17:51+00:00
Christian McCaffrey,rec_yds,130.0,2300,Denver Broncos @ San Francisco 49ers,2026-10-04T20:25:00Z,2026-10-02T17:51+00:00
Christian McCaffrey,rec_yds,140.0,3100,Denver Broncos @ San Francisco 49ers,2026-10-04T20:25:00Z,2026-10-02T17:51+00:00
Christian McCaffrey,rec_yds,150.0,3900,Denver Broncos @ San Francisco 49ers,2026-10-04T20:25:00Z,2026-10-02T17:51+00:00
Courtland Sutton,rec_yds,15.0,-472,Denver Broncos @ San Francisco 49ers,2026-10-04T20:25:00Z,2026-10-02T17:51+00:00
Courtland Sutton,rec_yds,25.0,-235,Denver Broncos @ San Francisco 49ers,2026-10-04T20:25:00Z,2026-10-02T17:51+00:00
Courtland Sutton,rec_yds,39.0,-112,Denver Broncos @ San Francisco 49ers,2026-10-04T20:25:00Z,2026-10-02T17:51+00:00
Courtland Sutton,rec_yds,40.0,-107,Denver Broncos @ San Francisco 49ers,2026-10-04T20:25:00Z,2026-10-02T17:51+00:00
Courtland Sutton,rec_yds,50.0,146,Denver Broncos @ San Francisco 49ers,2026-10-04T20:25:00Z,2026-10-02T17:51+00:00
Courtland Sutton,rec_yds,60.0,230,Denver Broncos @ San Francisco 49ers,2026-10-04T20:25:00Z,2026-10-02T17:51+00:00
Courtland Sutton,rec_yds,70.0,349,Denver Broncos @ San Francisco 49ers,2026-10-04T20:25:00Z,2026-10-02T17:51+00:00
Courtland Sutton,rec_yds,80.0,510,Denver Broncos @ San Francisco 49ers,2026-10-04T20:25:00Z,2026-10-02T17:51+00:00
Courtland Sutton,rec_yds,90.0,750,Denver Broncos @ San Francisco 49ers,2026-10-04T20:25:00Z,2026-10-02T17:51+00:00
Courtland Sutton,rec_yds,100.0,1080,Denver Broncos @ San Francisco 49ers,2026-10-04T20:25:00Z,2026-10-02T17:51+00:00
Courtland Sutton,rec_yds,110.0,1520,Denver Broncos @ San Francisco 49ers,2026-10-04T20:25:00Z,2026-10-02T17:51+00:00
Courtland Sutton,rec_yds,120.0,2100,Denver Broncos @ San Francisco 49ers,2026-10-04T20:25:00Z,2026-10-02T17:51+00:00
Courtland Sutton,rec_yds,130.0,2900,Denver Broncos @ San Francisco 49ers,2026-10-04T20:25:00Z,2026-10-02T17:51+00:00
Courtland Sutton,rec_yds,140.0,3800,Denver Broncos @ San Francisco 49ers,2026-10-04T20:25:00Z,2026-10-02T17:51+00:00
Pat Bryant,rec_yds,15.0,-219,Denver Broncos @ San Francisco 49ers,2026-10-04T20:25:00Z,2026-10-02T17:51+00:00
Pat Bryant,rec_yds,24.0,-115,Denver Broncos @ San Francisco 49ers,2026-10-04T20:25:00Z,2026-10-02T17:51+00:00
Pat Bryant,rec_yds,25.0,-107,Denver Broncos @ San Francisco 49ers,2026-10-04T20:25:00Z,2026-10-02T17:51+00:00
Pat Bryant,rec_yds,40.0,220,Denver Broncos @ San Francisco 49ers,2026-10-04T20:25:00Z,2026-10-02T17:51+00:00
Pat Bryant,rec_yds,50.0,371,Denver Broncos @ San Francisco 49ers,2026-10-04T20:25:00Z,2026-10-02T17:51+00:00
Pat Bryant,rec_yds,60.0,600,Denver Broncos @ San Francisco 49ers,2026-10-04T20:25:00Z,2026-10-02T17:51+00:00
Pat Bryant,rec_yds,70.0,960,Denver Broncos @ San Francisco 49ers,2026-10-04T20:25:00Z,2026-10-02T17:51+00:00
Pat Bryant,rec_yds,80.0,1480,Denver Broncos @ San Francisco 49ers,2026-10-04T20:25:00Z,2026-10-02T17:51+00:00
Pat Bryant,rec_yds,90.0,2200,Denver Broncos @ San Francisco 49ers,2026-10-04T20:25:00Z,2026-10-02T17:51+00:00
Pat Bryant,rec_yds,100.0,3300,Denver Broncos @ San Francisco 49ers,2026-10-04T20:25:00Z,2026-10-02T17:51+00:00
RJ Harvey,rec_yds,15.0,-232,Denver Broncos @ San Francisco 49ers,2026-10-04T20:25:00Z,2026-10-02T17:51+00:00
RJ Harvey,rec_yds,23.0,-109,Denver Broncos @ San Francisco 49ers,2026-10-04T20:25:00Z,2026-10-02T17:51+00:00
RJ Harvey,rec_yds,25.0,109,Denver Broncos @ San Francisco 49ers,2026-10-04T20:25:00Z,2026-10-02T17:51+00:00
RJ Harvey,rec_yds,40.0,317,Denver Broncos @ San Francisco 49ers,2026-10-04T20:25:00Z,2026-10-02T17:51+00:00
RJ Harvey,rec_yds,50.0,580,Denver Broncos @ San Francisco 49ers,2026-10-04T20:25:00Z,2026-10-02T17:51+00:00
RJ Harvey,rec_yds,60.0,980,Denver Broncos @ San Francisco 49ers,2026-10-04T20:25:00Z,2026-10-02T17:51+00:00
RJ Harvey,rec_yds,70.0,1680,Denver Broncos @ San Francisco 49ers,2026-10-04T20:25:00Z,2026-10-02T17:51+00:00
RJ Harvey,rec_yds,80.0,2700,Denver Broncos @ San Francisco 49ers,2026-10-04T20:25:00Z,2026-10-02T17:51+00:00
Evan Engram,rec_yds,15.0,-140,Denver Broncos @ San Francisco 49ers,2026-10-04T20:25:00Z,2026-10-02T17:51+00:00
Evan Engram,rec_yds,17.0,-116,Denver Broncos @ San Francisco 49ers,2026-10-04T20:25:00Z,2026-10-02T17:51+00:00
Evan Engram,rec_yds,25.0,168,Denver Broncos @ San Francisco 49ers,2026-10-04T20:25:00Z,2026-10-02T17:51+00:00
Evan Engram,rec_yds,40.0,485,Denver Broncos @ San Francisco 49ers,2026-10-04T20:25:00Z,2026-10-02T17:51+00:00
Evan Engram,rec_yds,50.0,890,Denver Broncos @ San Francisco 49ers,2026-10-04T20:25:00Z,2026-10-02T17:51+00:00
Evan Engram,rec_yds,60.0,1520,Denver Broncos @ San Francisco 49ers,2026-10-04T20:25:00Z,2026-10-02T17:51+00:00
Evan Engram,rec_yds,70.0,2500,Denver Broncos @ San Francisco 49ers,2026-10-04T20:25:00Z,2026-10-02T17:51+00:00
Evan Engram,rec_yds,80.0,3800,Denver Broncos @ San Francisco 49ers,2026-10-04T20:25:00Z,2026-10-02T17:51+00:00
Kyle Juszczyk,rec_yds,9.0,-108,Denver Broncos @ San Francisco 49ers,2026-10-04T20:25:00Z,2026-10-02T17:51+00:00
Kyle Juszczyk,rec_yds,15.0,171,Denver Broncos @ San Francisco 49ers,2026-10-04T20:25:00Z,2026-10-02T17:51+00:00
Kyle Juszczyk,rec_yds,25.0,364,Denver Broncos @ San Francisco 49ers,2026-10-04T20:25:00Z,2026-10-02T17:51+00:00
Kyle Juszczyk,rec_yds,40.0,940,Denver Broncos @ San Francisco 49ers,2026-10-04T20:25:00Z,2026-10-02T17:51+00:00
Kyle Juszczyk,rec_yds,50.0,1620,Denver Broncos @ San Francisco 49ers,2026-10-04T20:25:00Z,2026-10-02T17:51+00:00
Kyle Juszczyk,rec_yds,60.0,2600,Denver Broncos @ San Francisco 49ers,2026-10-04T20:25:00Z,2026-10-02T17:51+00:00
Kyle Juszczyk,rec_yds,70.0,4000,Denver Broncos @ San Francisco 49ers,2026-10-04T20:25:00Z,2026-10-02T17:51+00:00
Adam Trautman,rec_yds,6.0,-111,Denver Broncos @ San Francisco 49ers,2026-10-04T20:25:00Z,2026-10-02T17:51+00:00
Adam Trautman,rec_yds,15.0,248,Denver Broncos @ San Francisco 49ers,2026-10-04T20:25:00Z,2026-10-02T17:51+00:00
Adam Trautman,rec_yds,25.0,548,Denver Broncos @ San Francisco 49ers,2026-10-04T20:25:00Z,2026-10-02T17:51+00:00
Adam Trautman,rec_yds,40.0,1540,Denver Broncos @ San Francisco 49ers,2026-10-04T20:25:00Z,2026-10-02T17:51+00:00
Adam Trautman,rec_yds,50.0,2700,Denver Broncos @ San Francisco 49ers,2026-10-04T20:25:00Z,2026-10-02T17:51+00:00
Troy Franklin,rec_yds,6.0,-113,Denver Broncos @ San Francisco 49ers,2026-10-04T20:25:00Z,2026-10-02T17:51+00:00
Troy Franklin,rec_yds,15.0,248,Denver Broncos @ San Francisco 49ers,2026-10-04T20:25:00Z,2026-10-02T17:51+00:00
Troy Franklin,rec_yds,25.0,573,Denver Broncos @ San Francisco 49ers,2026-10-04T20:25:00Z,2026-10-02T17:51+00:00
Troy Franklin,rec_yds,40.0,1680,Denver Broncos @ San Francisco 49ers,2026-10-04T20:25:00Z,2026-10-02T17:51+00:00
Troy Franklin,rec_yds,50.0,2800,Denver Broncos @ San Francisco 49ers,2026-10-04T20:25:00Z,2026-10-02T17:51+00:00
George Kittle,receptions,3.0,-860,Denver Broncos @ San Francisco 49ers,2026-10-04T20:25:00Z,2026-10-02T17:51+00:00
George Kittle,receptions,4.0,-321,Denver Broncos @ San Francisco 49ers,2026-10-04T20:25:00Z,2026-10-02T17:51+00:00
George Kittle,receptions,5.0,-150,Denver Broncos @ San Francisco 49ers,2026-10-04T20:25:00Z,2026-10-02T17:51+00:00
George Kittle,receptions,6.0,131,Denver Broncos @ San Francisco 49ers,2026-10-04T20:25:00Z,2026-10-02T17:51+00:00
George Kittle,receptions,7.0,249,Denver Broncos @ San Francisco 49ers,2026-10-04T20:25:00Z,2026-10-02T17:51+00:00
George Kittle,receptions,8.0,454,Denver Broncos @ San Francisco 49ers,2026-10-04T20:25:00Z,2026-10-02T17:51+00:00
George Kittle,receptions,9.0,840,Denver Broncos @ San Francisco 49ers,2026-10-04T20:25:00Z,2026-10-02T17:51+00:00
George Kittle,receptions,10.0,1440,Denver Broncos @ San Francisco 49ers,2026-10-04T20:25:00Z,2026-10-02T17:51+00:00
George Kittle,receptions,11.0,2300,Denver Broncos @ San Francisco 49ers,2026-10-04T20:25:00Z,2026-10-02T17:51+00:00
Christian McCaffrey,receptions,3.0,-860,Denver Broncos @ San Francisco 49ers,2026-10-04T20:25:00Z,2026-10-02T17:51+00:00
Christian McCaffrey,receptions,4.0,-309,Denver Broncos @ San Francisco 49ers,2026-10-04T20:25:00Z,2026-10-02T17:51+00:00
Christian McCaffrey,receptions,5.0,-138,Denver Broncos @ San Francisco 49ers,2026-10-04T20:25:00Z,2026-10-02T17:51+00:00
Christian McCaffrey,receptions,6.0,146,Denver Broncos @ San Francisco 49ers,2026-10-04T20:25:00Z,2026-10-02T17:51+00:00
Christian McCaffrey,receptions,7.0,280,Denver Broncos @ San Francisco 49ers,2026-10-04T20:25:00Z,2026-10-02T17:51+00:00
Christian McCaffrey,receptions,8.0,533,Denver Broncos @ San Francisco 49ers,2026-10-04T20:25:00Z,2026-10-02T17:51+00:00
Christian McCaffrey,receptions,9.0,970,Denver Broncos @ San Francisco 49ers,2026-10-04T20:25:00Z,2026-10-02T17:51+00:00
Christian McCaffrey,receptions,10.0,1660,Denver Broncos @ San Francisco 49ers,2026-10-04T20:25:00Z,2026-10-02T17:51+00:00
Christian McCaffrey,receptions,11.0,2600,Denver Broncos @ San Francisco 49ers,2026-10-04T20:25:00Z,2026-10-02T17:51+00:00
Jaylen Waddle,receptions,2.0,-3100,Denver Broncos @ San Francisco 49ers,2026-10-04T20:25:00Z,2026-10-02T17:51+00:00
Jaylen Waddle,receptions,3.0,-660,Denver Broncos @ San Francisco 49ers,2026-10-04T20:25:00Z,2026-10-02T17:51+00:00
Jaylen Waddle,receptions,4.0,-241,Denver Broncos @ San Francisco 49ers,2026-10-04T20:25:00Z,2026-10-02T17:51+00:00
Jaylen Waddle,receptions,5.0,-109,Denver Broncos @ San Francisco 49ers,2026-10-04T20:25:00Z,2026-10-02T17:51+00:00
Jaylen Waddle,receptions,6.0,194,Denver Broncos @ San Francisco 49ers,2026-10-04T20:25:00Z,2026-10-02T17:51+00:00
Jaylen Waddle,receptions,7.0,378,Denver Broncos @ San Francisco 49ers,2026-10-04T20:25:00Z,2026-10-02T17:51+00:00
Jaylen Waddle,receptions,8.0,700,Denver Broncos @ San Francisco 49ers,2026-10-04T20:25:00Z,2026-10-02T17:51+00:00
Jaylen Waddle,receptions,9.0,1320,Denver Broncos @ San Francisco 49ers,2026-10-04T20:25:00Z,2026-10-02T17:51+00:00
Jaylen Waddle,receptions,10.0,2300,Denver Broncos @ San Francisco 49ers,2026-10-04T20:25:00Z,2026-10-02T17:51+00:00
RJ Harvey,receptions,2.0,-940,Denver Broncos @ San Francisco 49ers,2026-10-04T20:25:00Z,2026-10-02T17:51+00:00
RJ Harvey,receptions,3.0,-271,Denver Broncos @ San Francisco 49ers,2026-10-04T20:25:00Z,2026-10-02T17:51+00:00
RJ Harvey,receptions,4.0,-110,Denver Broncos @ San Francisco 49ers,2026-10-04T20:25:00Z,2026-10-02T17:51+00:00
RJ Harvey,receptions,5.0,206,Denver Broncos @ San Francisco 49ers,2026-10-04T20:25:00Z,2026-10-02T17:51+00:00
RJ Harvey,receptions,6.0,438,Denver Broncos @ San Francisco 49ers,2026-10-04T20:25:00Z,2026-10-02T17:51+00:00
RJ Harvey,receptions,7.0,870,Denver Broncos @ San Francisco 49ers,2026-10-04T20:25:00Z,2026-10-02T17:51+00:00
RJ Harvey,receptions,8.0,1640,Denver Broncos @ San Francisco 49ers,2026-10-04T20:25:00Z,2026-10-02T17:51+00:00
RJ Harvey,receptions,9.0,2700,Denver Broncos @ San Francisco 49ers,2026-10-04T20:25:00Z,2026-10-02T17:51+00:00
Courtland Sutton,receptions,2.0,-820,Denver Broncos @ San Francisco 49ers,2026-10-04T20:25:00Z,2026-10-02T17:51+00:00
Courtland Sutton,receptions,3.0,-241,Denver Broncos @ San Francisco 49ers,2026-10-04T20:25:00Z,2026-10-02T17:51+00:00
Courtland Sutton,receptions,4.0,104,Denver Broncos @ San Francisco 49ers,2026-10-04T20:25:00Z,2026-10-02T17:51+00:00
Courtland Sutton,receptions,5.0,232,Denver Broncos @ San Francisco 49ers,2026-10-04T20:25:00Z,2026-10-02T17:51+00:00
Courtland Sutton,receptions,6.0,500,Denver Broncos @ San Francisco 49ers,2026-10-04T20:25:00Z,2026-10-02T17:51+00:00
Courtland Sutton,receptions,7.0,1040,Denver Broncos @ San Francisco 49ers,2026-10-04T20:25:00Z,2026-10-02T17:51+00:00
Courtland Sutton,receptions,8.0,2000,Denver Broncos @ San Francisco 49ers,2026-10-04T20:25:00Z,2026-10-02T17:51+00:00
Evan Engram,receptions,2.0,-269,Denver Broncos @ San Francisco 49ers,2026-10-04T20:25:00Z,2026-10-02T17:51+00:00
Evan Engram,receptions,3.0,113,Denver Broncos @ San Francisco 49ers,2026-10-04T20:25:00Z,2026-10-02T17:51+00:00
Evan Engram,receptions,4.0,288,Denver Broncos @ San Francisco 49ers,2026-10-04T20:25:00Z,2026-10-02T17:51+00:00
Evan Engram,receptions,5.0,680,Denver Broncos @ San Francisco 49ers,2026-10-04T20:25:00Z,2026-10-02T17:51+00:00
Evan Engram,receptions,6.0,1460,Denver Broncos @ San Francisco 49ers,2026-10-04T20:25:00Z,2026-10-02T17:51+00:00
Evan Engram,receptions,7.0,2600,Denver Broncos @ San Francisco 49ers,2026-10-04T20:25:00Z,2026-10-02T17:51+00:00
Pat Bryant,receptions,2.0,-298,Denver Broncos @ San Francisco 49ers,2026-10-04T20:25:00Z,2026-10-02T17:51+00:00
Pat Bryant,receptions,3.0,100,Denver Broncos @ San Francisco 49ers,2026-10-04T20:25:00Z,2026-10-02T17:51+00:00
Pat Bryant,receptions,4.0,255,Denver Broncos @ San Francisco 49ers,2026-10-04T20:25:00Z,2026-10-02T17:51+00:00
Pat Bryant,receptions,5.0,610,Denver Broncos @ San Francisco 49ers,2026-10-04T20:25:00Z,2026-10-02T17:51+00:00
Pat Bryant,receptions,6.0,1360,Denver Broncos @ San Francisco 49ers,2026-10-04T20:25:00Z,2026-10-02T17:51+00:00
Pat Bryant,receptions,7.0,2600,Denver Broncos @ San Francisco 49ers,2026-10-04T20:25:00Z,2026-10-02T17:51+00:00
Kyle Juszczyk,receptions,2.0,164,Denver Broncos @ San Francisco 49ers,2026-10-04T20:25:00Z,2026-10-02T17:51+00:00
Kyle Juszczyk,receptions,3.0,555,Denver Broncos @ San Francisco 49ers,2026-10-04T20:25:00Z,2026-10-02T17:51+00:00
Kyle Juszczyk,receptions,4.0,1540,Denver Broncos @ San Francisco 49ers,2026-10-04T20:25:00Z,2026-10-02T17:51+00:00
Christian McCaffrey,rush_att,10.0,-1920,Denver Broncos @ San Francisco 49ers,2026-10-04T20:25:00Z,2026-10-02T17:51+00:00
Christian McCaffrey,rush_att,12.0,-600,Denver Broncos @ San Francisco 49ers,2026-10-04T20:25:00Z,2026-10-02T17:51+00:00
Christian McCaffrey,rush_att,14.0,-265,Denver Broncos @ San Francisco 49ers,2026-10-04T20:25:00Z,2026-10-02T17:51+00:00
Christian McCaffrey,rush_att,16.0,-130,Denver Broncos @ San Francisco 49ers,2026-10-04T20:25:00Z,2026-10-02T17:51+00:00
Christian McCaffrey,rush_att,18.0,151,Denver Broncos @ San Francisco 49ers,2026-10-04T20:25:00Z,2026-10-02T17:51+00:00
Christian McCaffrey,rush_att,20.0,289,Denver Broncos @ San Francisco 49ers,2026-10-04T20:25:00Z,2026-10-02T17:51+00:00
Christian McCaffrey,rush_att,22.0,544,Denver Broncos @ San Francisco 49ers,2026-10-04T20:25:00Z,2026-10-02T17:51+00:00
Christian McCaffrey,rush_att,24.0,1020,Denver Broncos @ San Francisco 49ers,2026-10-04T20:25:00Z,2026-10-02T17:51+00:00
J.K. Dobbins,rush_att,8.0,-1880,Denver Broncos @ San Francisco 49ers,2026-10-04T20:25:00Z,2026-10-02T17:51+00:00
J.K. Dobbins,rush_att,10.0,-538,Denver Broncos @ San Francisco 49ers,2026-10-04T20:25:00Z,2026-10-02T17:51+00:00
J.K. Dobbins,rush_att,12.0,-228,Denver Broncos @ San Francisco 49ers,2026-10-04T20:25:00Z,2026-10-02T17:51+00:00
J.K. Dobbins,rush_att,14.0,-111,Denver Broncos @ San Francisco 49ers,2026-10-04T20:25:00Z,2026-10-02T17:51+00:00
J.K. Dobbins,rush_att,16.0,174,Denver Broncos @ San Francisco 49ers,2026-10-04T20:25:00Z,2026-10-02T17:51+00:00
J.K. Dobbins,rush_att,18.0,329,Denver Broncos @ San Francisco 49ers,2026-10-04T20:25:00Z,2026-10-02T17:51+00:00
J.K. Dobbins,rush_att,20.0,620,Denver Broncos @ San Francisco 49ers,2026-10-04T20:25:00Z,2026-10-02T17:51+00:00
J.K. Dobbins,rush_att,22.0,1160,Denver Broncos @ San Francisco 49ers,2026-10-04T20:25:00Z,2026-10-02T17:51+00:00
Bo Nix,rush_att,2.0,-2300,Denver Broncos @ San Francisco 49ers,2026-10-04T20:25:00Z,2026-10-02T17:51+00:00
Bo Nix,rush_att,4.0,-229,Denver Broncos @ San Francisco 49ers,2026-10-04T20:25:00Z,2026-10-02T17:51+00:00
Bo Nix,rush_att,5.0,-112,Denver Broncos @ San Francisco 49ers,2026-10-04T20:25:00Z,2026-10-02T17:51+00:00
Bo Nix,rush_att,6.0,168,Denver Broncos @ San Francisco 49ers,2026-10-04T20:25:00Z,2026-10-02T17:51+00:00
Bo Nix,rush_att,8.0,535,Denver Broncos @ San Francisco 49ers,2026-10-04T20:25:00Z,2026-10-02T17:51+00:00
Bo Nix,rush_att,10.0,1500,Denver Broncos @ San Francisco 49ers,2026-10-04T20:25:00Z,2026-10-02T17:51+00:00
Brock Purdy,rush_att,2.0,-1640,Denver Broncos @ San Francisco 49ers,2026-10-04T20:25:00Z,2026-10-02T17:51+00:00
Brock Purdy,rush_att,4.0,-185,Denver Broncos @ San Francisco 49ers,2026-10-04T20:25:00Z,2026-10-02T17:51+00:00
Brock Purdy,rush_att,5.0,112,Denver Broncos @ San Francisco 49ers,2026-10-04T20:25:00Z,2026-10-02T17:51+00:00
Brock Purdy,rush_att,6.0,217,Denver Broncos @ San Francisco 49ers,2026-10-04T20:25:00Z,2026-10-02T17:51+00:00
Brock Purdy,rush_att,8.0,750,Denver Broncos @ San Francisco 49ers,2026-10-04T20:25:00Z,2026-10-02T17:51+00:00
Christian McCaffrey,rush_yds,25.0,-1780,Denver Broncos @ San Francisco 49ers,2026-10-04T20:25:00Z,2026-10-02T17:51+00:00
Christian McCaffrey,rush_yds,30.0,-1080,Denver Broncos @ San Francisco 49ers,2026-10-04T20:25:00Z,2026-10-02T17:51+00:00
Christian McCaffrey,rush_yds,40.0,-469,Denver Broncos @ San Francisco 49ers,2026-10-04T20:25:00Z,2026-10-02T17:51+00:00
Christian McCaffrey,rush_yds,50.0,-251,Denver Broncos @ San Francisco 49ers,2026-10-04T20:25:00Z,2026-10-02T17:51+00:00
Christian McCaffrey,rush_yds,60.0,-150,Denver Broncos @ San Francisco 49ers,2026-10-04T20:25:00Z,2026-10-02T17:51+00:00
Christian McCaffrey,rush_yds,66.0,-112,Denver Broncos @ San Francisco 49ers,2026-10-04T20:25:00Z,2026-10-02T17:51+00:00
Christian McCaffrey,rush_yds,70.0,107,Denver Broncos @ San Francisco 49ers,2026-10-04T20:25:00Z,2026-10-02T17:51+00:00
Christian McCaffrey,rush_yds,80.0,164,Denver Broncos @ San Francisco 49ers,2026-10-04T20:25:00Z,2026-10-02T17:51+00:00
Christian McCaffrey,rush_yds,90.0,242,Denver Broncos @ San Francisco 49ers,2026-10-04T20:25:00Z,2026-10-02T17:51+00:00
Christian McCaffrey,rush_yds,100.0,359,Denver Broncos @ San Francisco 49ers,2026-10-04T20:25:00Z,2026-10-02T17:51+00:00
Christian McCaffrey,rush_yds,110.0,524,Denver Broncos @ San Francisco 49ers,2026-10-04T20:25:00Z,2026-10-02T17:51+00:00
Christian McCaffrey,rush_yds,120.0,750,Denver Broncos @ San Francisco 49ers,2026-10-04T20:25:00Z,2026-10-02T17:51+00:00
Christian McCaffrey,rush_yds,130.0,1080,Denver Broncos @ San Francisco 49ers,2026-10-04T20:25:00Z,2026-10-02T17:51+00:00
Christian McCaffrey,rush_yds,140.0,1500,Denver Broncos @ San Francisco 49ers,2026-10-04T20:25:00Z,2026-10-02T17:51+00:00
Christian McCaffrey,rush_yds,150.0,2100,Denver Broncos @ San Francisco 49ers,2026-10-04T20:25:00Z,2026-10-02T17:51+00:00
Christian McCaffrey,rush_yds,160.0,2800,Denver Broncos @ San Francisco 49ers,2026-10-04T20:25:00Z,2026-10-02T17:51+00:00
Christian McCaffrey,rush_yds,170.0,3800,Denver Broncos @ San Francisco 49ers,2026-10-04T20:25:00Z,2026-10-02T17:51+00:00
J.K. Dobbins,rush_yds,25.0,-1500,Denver Broncos @ San Francisco 49ers,2026-10-04T20:25:00Z,2026-10-02T17:51+00:00
J.K. Dobbins,rush_yds,30.0,-830,Denver Broncos @ San Francisco 49ers,2026-10-04T20:25:00Z,2026-10-02T17:51+00:00
J.K. Dobbins,rush_yds,40.0,-360,Denver Broncos @ San Francisco 49ers,2026-10-04T20:25:00Z,2026-10-02T17:51+00:00
J.K. Dobbins,rush_yds,50.0,-186,Denver Broncos @ San Francisco 49ers,2026-10-04T20:25:00Z,2026-10-02T17:51+00:00
J.K. Dobbins,rush_yds,60.0,-110,Denver Broncos @ San Francisco 49ers,2026-10-04T20:25:00Z,2026-10-02T17:51+00:00
J.K. Dobbins,rush_yds,70.0,147,Denver Broncos @ San Francisco 49ers,2026-10-04T20:25:00Z,2026-10-02T17:51+00:00
J.K. Dobbins,rush_yds,80.0,225,Denver Broncos @ San Francisco 49ers,2026-10-04T20:25:00Z,2026-10-02T17:51+00:00
J.K. Dobbins,rush_yds,90.0,340,Denver Broncos @ San Francisco 49ers,2026-10-04T20:25:00Z,2026-10-02T17:51+00:00
J.K. Dobbins,rush_yds,100.0,509,Denver Broncos @ San Francisco 49ers,2026-10-04T20:25:00Z,2026-10-02T17:51+00:00
J.K. Dobbins,rush_yds,110.0,740,Denver Broncos @ San Francisco 49ers,2026-10-04T20:25:00Z,2026-10-02T17:51+00:00
J.K. Dobbins,rush_yds,120.0,1060,Denver Broncos @ San Francisco 49ers,2026-10-04T20:25:00Z,2026-10-02T17:51+00:00
J.K. Dobbins,rush_yds,130.0,1540,Denver Broncos @ San Francisco 49ers,2026-10-04T20:25:00Z,2026-10-02T17:51+00:00
J.K. Dobbins,rush_yds,140.0,2200,Denver Broncos @ San Francisco 49ers,2026-10-04T20:25:00Z,2026-10-02T17:51+00:00
J.K. Dobbins,rush_yds,150.0,3100,Denver Broncos @ San Francisco 49ers,2026-10-04T20:25:00Z,2026-10-02T17:51+00:00
Kaelon Black,rush_yds,10.0,-556,Denver Broncos @ San Francisco 49ers,2026-10-04T20:25:00Z,2026-10-02T17:51+00:00
Kaelon Black,rush_yds,15.0,-278,Denver Broncos @ San Francisco 49ers,2026-10-04T20:25:00Z,2026-10-02T17:51+00:00
Kaelon Black,rush_yds,20.0,-161,Denver Broncos @ San Francisco 49ers,2026-10-04T20:25:00Z,2026-10-02T17:51+00:00
Kaelon Black,rush_yds,24.0,-113,Denver Broncos @ San Francisco 49ers,2026-10-04T20:25:00Z,2026-10-02T17:51+00:00
Kaelon Black,rush_yds,25.0,-103,Denver Broncos @ San Francisco 49ers,2026-10-04T20:25:00Z,2026-10-02T17:51+00:00
Kaelon Black,rush_yds,30.0,142,Denver Broncos @ San Francisco 49ers,2026-10-04T20:25:00Z,2026-10-02T17:51+00:00
Kaelon Black,rush_yds,40.0,285,Denver Broncos @ San Francisco 49ers,2026-10-04T20:25:00Z,2026-10-02T17:51+00:00
Kaelon Black,rush_yds,50.0,528,Denver Broncos @ San Francisco 49ers,2026-10-04T20:25:00Z,2026-10-02T17:51+00:00
Kaelon Black,rush_yds,60.0,880,Denver Broncos @ San Francisco 49ers,2026-10-04T20:25:00Z,2026-10-02T17:51+00:00
Kaelon Black,rush_yds,70.0,1440,Denver Broncos @ San Francisco 49ers,2026-10-04T20:25:00Z,2026-10-02T17:51+00:00
Kaelon Black,rush_yds,80.0,2200,Denver Broncos @ San Francisco 49ers,2026-10-04T20:25:00Z,2026-10-02T17:51+00:00
Kaelon Black,rush_yds,90.0,3200,Denver Broncos @ San Francisco 49ers,2026-10-04T20:25:00Z,2026-10-02T17:51+00:00
RJ Harvey,rush_yds,10.0,-287,Denver Broncos @ San Francisco 49ers,2026-10-04T20:25:00Z,2026-10-02T17:51+00:00
RJ Harvey,rush_yds,15.0,-141,Denver Broncos @ San Francisco 49ers,2026-10-04T20:25:00Z,2026-10-02T17:51+00:00
RJ Harvey,rush_yds,17.0,-112,Denver Broncos @ San Francisco 49ers,2026-10-04T20:25:00Z,2026-10-02T17:51+00:00
RJ Harvey,rush_yds,20.0,125,Denver Broncos @ San Francisco 49ers,2026-10-04T20:25:00Z,2026-10-02T17:51+00:00
RJ Harvey,rush_yds,25.0,203,Denver Broncos @ San Francisco 49ers,2026-10-04T20:25:00Z,2026-10-02T17:51+00:00
RJ Harvey,rush_yds,30.0,317,Denver Broncos @ San Francisco 49ers,2026-10-04T20:25:00Z,2026-10-02T17:51+00:00
RJ Harvey,rush_yds,40.0,650,Denver Broncos @ San Francisco 49ers,2026-10-04T20:25:00Z,2026-10-02T17:51+00:00
RJ Harvey,rush_yds,50.0,1160,Denver Broncos @ San Francisco 49ers,2026-10-04T20:25:00Z,2026-10-02T17:51+00:00
RJ Harvey,rush_yds,60.0,1880,Denver Broncos @ San Francisco 49ers,2026-10-04T20:25:00Z,2026-10-02T17:51+00:00
RJ Harvey,rush_yds,70.0,2900,Denver Broncos @ San Francisco 49ers,2026-10-04T20:25:00Z,2026-10-02T17:51+00:00
Bo Nix,rush_yds,10.0,-301,Denver Broncos @ San Francisco 49ers,2026-10-04T20:25:00Z,2026-10-02T17:51+00:00
Bo Nix,rush_yds,15.0,-149,Denver Broncos @ San Francisco 49ers,2026-10-04T20:25:00Z,2026-10-02T17:51+00:00
Bo Nix,rush_yds,17.0,-118,Denver Broncos @ San Francisco 49ers,2026-10-04T20:25:00Z,2026-10-02T17:51+00:00
Bo Nix,rush_yds,20.0,116,Denver Broncos @ San Francisco 49ers,2026-10-04T20:25:00Z,2026-10-02T17:51+00:00
Bo Nix,rush_yds,25.0,190,Denver Broncos @ San Francisco 49ers,2026-10-04T20:25:00Z,2026-10-02T17:51+00:00
Bo Nix,rush_yds,30.0,293,Denver Broncos @ San Francisco 49ers,2026-10-04T20:25:00Z,2026-10-02T17:51+00:00
Bo Nix,rush_yds,40.0,630,Denver Broncos @ San Francisco 49ers,2026-10-04T20:25:00Z,2026-10-02T17:51+00:00
Bo Nix,rush_yds,50.0,1200,Denver Broncos @ San Francisco 49ers,2026-10-04T20:25:00Z,2026-10-02T17:51+00:00
Bo Nix,rush_yds,60.0,2000,Denver Broncos @ San Francisco 49ers,2026-10-04T20:25:00Z,2026-10-02T17:51+00:00
Bo Nix,rush_yds,70.0,3200,Denver Broncos @ San Francisco 49ers,2026-10-04T20:25:00Z,2026-10-02T17:51+00:00
Brock Purdy,rush_yds,10.0,-291,Denver Broncos @ San Francisco 49ers,2026-10-04T20:25:00Z,2026-10-02T17:51+00:00
Brock Purdy,rush_yds,15.0,-148,Denver Broncos @ San Francisco 49ers,2026-10-04T20:25:00Z,2026-10-02T17:51+00:00
Brock Purdy,rush_yds,17.0,-118,Denver Broncos @ San Francisco 49ers,2026-10-04T20:25:00Z,2026-10-02T17:51+00:00
Brock Purdy,rush_yds,20.0,116,Denver Broncos @ San Francisco 49ers,2026-10-04T20:25:00Z,2026-10-02T17:51+00:00
Brock Purdy,rush_yds,25.0,189,Denver Broncos @ San Francisco 49ers,2026-10-04T20:25:00Z,2026-10-02T17:51+00:00
Brock Purdy,rush_yds,30.0,293,Denver Broncos @ San Francisco 49ers,2026-10-04T20:25:00Z,2026-10-02T17:51+00:00
Brock Purdy,rush_yds,40.0,640,Denver Broncos @ San Francisco 49ers,2026-10-04T20:25:00Z,2026-10-02T17:51+00:00
Brock Purdy,rush_yds,50.0,1280,Denver Broncos @ San Francisco 49ers,2026-10-04T20:25:00Z,2026-10-02T17:51+00:00
Brock Purdy,rush_yds,60.0,2200,Denver Broncos @ San Francisco 49ers,2026-10-04T20:25:00Z,2026-10-02T17:51+00:00
Brock Purdy,rush_yds,70.0,3500,Denver Broncos @ San Francisco 49ers,2026-10-04T20:25:00Z,2026-10-02T17:51+00:00
Kirk Cousins,pass_att,26.0,-1320,Kansas City Chiefs @ Las Vegas Raiders,2026-10-04T20:25:00Z,2026-10-02T17:51+00:00
Kirk Cousins,pass_att,28.0,-630,Kansas City Chiefs @ Las Vegas Raiders,2026-10-04T20:25:00Z,2026-10-02T17:51+00:00
Kirk Cousins,pass_att,30.0,-340,Kansas City Chiefs @ Las Vegas Raiders,2026-10-04T20:25:00Z,2026-10-02T17:51+00:00
Kirk Cousins,pass_att,32.0,-203,Kansas City Chiefs @ Las Vegas Raiders,2026-10-04T20:25:00Z,2026-10-02T17:51+00:00
Kirk Cousins,pass_att,34.0,-127,Kansas City Chiefs @ Las Vegas Raiders,2026-10-04T20:25:00Z,2026-10-02T17:51+00:00
Kirk Cousins,pass_att,35.0,-101,Kansas City Chiefs @ Las Vegas Raiders,2026-10-04T20:25:00Z,2026-10-02T17:51+00:00
Kirk Cousins,pass_att,36.0,123,Kansas City Chiefs @ Las Vegas Raiders,2026-10-04T20:25:00Z,2026-10-02T17:51+00:00
Kirk Cousins,pass_att,38.0,189,Kansas City Chiefs @ Las Vegas Raiders,2026-10-04T20:25:00Z,2026-10-02T17:51+00:00
Kirk Cousins,pass_att,40.0,288,Kansas City Chiefs @ Las Vegas Raiders,2026-10-04T20:25:00Z,2026-10-02T17:51+00:00
Kirk Cousins,pass_att,42.0,438,Kansas City Chiefs @ Las Vegas Raiders,2026-10-04T20:25:00Z,2026-10-02T17:51+00:00
Kirk Cousins,pass_att,44.0,670,Kansas City Chiefs @ Las Vegas Raiders,2026-10-04T20:25:00Z,2026-10-02T17:51+00:00
Kirk Cousins,pass_att,46.0,1000,Kansas City Chiefs @ Las Vegas Raiders,2026-10-04T20:25:00Z,2026-10-02T17:51+00:00
Kirk Cousins,pass_att,48.0,1440,Kansas City Chiefs @ Las Vegas Raiders,2026-10-04T20:25:00Z,2026-10-02T17:51+00:00
Patrick Mahomes,pass_att,24.0,-3300,Kansas City Chiefs @ Las Vegas Raiders,2026-10-04T20:25:00Z,2026-10-02T17:51+00:00
Patrick Mahomes,pass_att,26.0,-1080,Kansas City Chiefs @ Las Vegas Raiders,2026-10-04T20:25:00Z,2026-10-02T17:51+00:00
Patrick Mahomes,pass_att,28.0,-507,Kansas City Chiefs @ Las Vegas Raiders,2026-10-04T20:25:00Z,2026-10-02T17:51+00:00
Patrick Mahomes,pass_att,30.0,-267,Kansas City Chiefs @ Las Vegas Raiders,2026-10-04T20:25:00Z,2026-10-02T17:51+00:00
Patrick Mahomes,pass_att,32.0,-158,Kansas City Chiefs @ Las Vegas Raiders,2026-10-04T20:25:00Z,2026-10-02T17:51+00:00
Patrick Mahomes,pass_att,33.0,-121,Kansas City Chiefs @ Las Vegas Raiders,2026-10-04T20:25:00Z,2026-10-02T17:51+00:00
Patrick Mahomes,pass_att,34.0,108,Kansas City Chiefs @ Las Vegas Raiders,2026-10-04T20:25:00Z,2026-10-02T17:51+00:00
Patrick Mahomes,pass_att,36.0,174,Kansas City Chiefs @ Las Vegas Raiders,2026-10-04T20:25:00Z,2026-10-02T17:51+00:00
Patrick Mahomes,pass_att,38.0,276,Kansas City Chiefs @ Las Vegas Raiders,2026-10-04T20:25:00Z,2026-10-02T17:51+00:00
Patrick Mahomes,pass_att,40.0,439,Kansas City Chiefs @ Las Vegas Raiders,2026-10-04T20:25:00Z,2026-10-02T17:51+00:00
Patrick Mahomes,pass_att,42.0,690,Kansas City Chiefs @ Las Vegas Raiders,2026-10-04T20:25:00Z,2026-10-02T17:51+00:00
Patrick Mahomes,pass_att,44.0,1040,Kansas City Chiefs @ Las Vegas Raiders,2026-10-04T20:25:00Z,2026-10-02T17:51+00:00
Patrick Mahomes,pass_att,46.0,1540,Kansas City Chiefs @ Las Vegas Raiders,2026-10-04T20:25:00Z,2026-10-02T17:51+00:00
Kirk Cousins,pass_cmps,16.0,-1840,Kansas City Chiefs @ Las Vegas Raiders,2026-10-04T20:25:00Z,2026-10-02T17:51+00:00
Kirk Cousins,pass_cmps,18.0,-620,Kansas City Chiefs @ Las Vegas Raiders,2026-10-04T20:25:00Z,2026-10-02T17:51+00:00
Kirk Cousins,pass_cmps,20.0,-264,Kansas City Chiefs @ Las Vegas Raiders,2026-10-04T20:25:00Z,2026-10-02T17:51+00:00
Kirk Cousins,pass_cmps,22.0,-130,Kansas City Chiefs @ Las Vegas Raiders,2026-10-04T20:25:00Z,2026-10-02T17:51+00:00
Kirk Cousins,pass_cmps,24.0,146,Kansas City Chiefs @ Las Vegas Raiders,2026-10-04T20:25:00Z,2026-10-02T17:51+00:00
Kirk Cousins,pass_cmps,26.0,276,Kansas City Chiefs @ Las Vegas Raiders,2026-10-04T20:25:00Z,2026-10-02T17:51+00:00
Kirk Cousins,pass_cmps,28.0,504,Kansas City Chiefs @ Las Vegas Raiders,2026-10-04T20:25:00Z,2026-10-02T17:51+00:00
Kirk Cousins,pass_cmps,30.0,910,Kansas City Chiefs @ Las Vegas Raiders,2026-10-04T20:25:00Z,2026-10-02T17:51+00:00
Kirk Cousins,pass_cmps,32.0,1640,Kansas City Chiefs @ Las Vegas Raiders,2026-10-04T20:25:00Z,2026-10-02T17:51+00:00
Patrick Mahomes,pass_cmps,16.0,-1260,Kansas City Chiefs @ Las Vegas Raiders,2026-10-04T20:25:00Z,2026-10-02T17:51+00:00
Patrick Mahomes,pass_cmps,18.0,-424,Kansas City Chiefs @ Las Vegas Raiders,2026-10-04T20:25:00Z,2026-10-02T17:51+00:00
Patrick Mahomes,pass_cmps,20.0,-183,Kansas City Chiefs @ Las Vegas Raiders,2026-10-04T20:25:00Z,2026-10-02T17:51+00:00
Patrick Mahomes,pass_cmps,21.0,-124,Kansas City Chiefs @ Las Vegas Raiders,2026-10-04T20:25:00Z,2026-10-02T17:51+00:00
Patrick Mahomes,pass_cmps,22.0,116,Kansas City Chiefs @ Las Vegas Raiders,2026-10-04T20:25:00Z,2026-10-02T17:51+00:00
Patrick Mahomes,pass_cmps,24.0,233,Kansas City Chiefs @ Las Vegas Raiders,2026-10-04T20:25:00Z,2026-10-02T17:51+00:00
Patrick Mahomes,pass_cmps,26.0,474,Kansas City Chiefs @ Las Vegas Raiders,2026-10-04T20:25:00Z,2026-10-02T17:51+00:00
Patrick Mahomes,pass_cmps,28.0,930,Kansas City Chiefs @ Las Vegas Raiders,2026-10-04T20:25:00Z,2026-10-02T17:51+00:00
Patrick Mahomes,pass_cmps,30.0,1720,Kansas City Chiefs @ Las Vegas Raiders,2026-10-04T20:25:00Z,2026-10-02T17:51+00:00
Patrick Mahomes,pass_yds,160.0,-1320,Kansas City Chiefs @ Las Vegas Raiders,2026-10-04T20:25:00Z,2026-10-02T17:51+00:00
Patrick Mahomes,pass_yds,170.0,-910,Kansas City Chiefs @ Las Vegas Raiders,2026-10-04T20:25:00Z,2026-10-02T17:51+00:00
Patrick Mahomes,pass_yds,180.0,-640,Kansas City Chiefs @ Las Vegas Raiders,2026-10-04T20:25:00Z,2026-10-02T17:51+00:00
Patrick Mahomes,pass_yds,190.0,-465,Kansas City Chiefs @ Las Vegas Raiders,2026-10-04T20:25:00Z,2026-10-02T17:51+00:00
Patrick Mahomes,pass_yds,200.0,-339,Kansas City Chiefs @ Las Vegas Raiders,2026-10-04T20:25:00Z,2026-10-02T17:51+00:00
Patrick Mahomes,pass_yds,210.0,-255,Kansas City Chiefs @ Las Vegas Raiders,2026-10-04T20:25:00Z,2026-10-02T17:51+00:00
Patrick Mahomes,pass_yds,220.0,-194,Kansas City Chiefs @ Las Vegas Raiders,2026-10-04T20:25:00Z,2026-10-02T17:51+00:00
Patrick Mahomes,pass_yds,230.0,-150,Kansas City Chiefs @ Las Vegas Raiders,2026-10-04T20:25:00Z,2026-10-02T17:51+00:00
Patrick Mahomes,pass_yds,240.0,-116,Kansas City Chiefs @ Las Vegas Raiders,2026-10-04T20:25:00Z,2026-10-02T17:51+00:00
Patrick Mahomes,pass_yds,242.0,-111,Kansas City Chiefs @ Las Vegas Raiders,2026-10-04T20:25:00Z,2026-10-02T17:51+00:00
Patrick Mahomes,pass_yds,250.0,110,Kansas City Chiefs @ Las Vegas Raiders,2026-10-04T20:25:00Z,2026-10-02T17:51+00:00
Patrick Mahomes,pass_yds,260.0,140,Kansas City Chiefs @ Las Vegas Raiders,2026-10-04T20:25:00Z,2026-10-02T17:51+00:00
Patrick Mahomes,pass_yds,270.0,179,Kansas City Chiefs @ Las Vegas Raiders,2026-10-04T20:25:00Z,2026-10-02T17:51+00:00
Patrick Mahomes,pass_yds,280.0,227,Kansas City Chiefs @ Las Vegas Raiders,2026-10-04T20:25:00Z,2026-10-02T17:51+00:00
Patrick Mahomes,pass_yds,290.0,289,Kansas City Chiefs @ Las Vegas Raiders,2026-10-04T20:25:00Z,2026-10-02T17:51+00:00
Patrick Mahomes,pass_yds,300.0,370,Kansas City Chiefs @ Las Vegas Raiders,2026-10-04T20:25:00Z,2026-10-02T17:51+00:00
Patrick Mahomes,pass_yds,310.0,469,Kansas City Chiefs @ Las Vegas Raiders,2026-10-04T20:25:00Z,2026-10-02T17:51+00:00
Patrick Mahomes,pass_yds,320.0,600,Kansas City Chiefs @ Las Vegas Raiders,2026-10-04T20:25:00Z,2026-10-02T17:51+00:00
Patrick Mahomes,pass_yds,330.0,750,Kansas City Chiefs @ Las Vegas Raiders,2026-10-04T20:25:00Z,2026-10-02T17:51+00:00
Patrick Mahomes,pass_yds,340.0,960,Kansas City Chiefs @ Las Vegas Raiders,2026-10-04T20:25:00Z,2026-10-02T17:51+00:00
Patrick Mahomes,pass_yds,350.0,1220,Kansas City Chiefs @ Las Vegas Raiders,2026-10-04T20:25:00Z,2026-10-02T17:51+00:00
Patrick Mahomes,pass_yds,360.0,1520,Kansas City Chiefs @ Las Vegas Raiders,2026-10-04T20:25:00Z,2026-10-02T17:51+00:00
Patrick Mahomes,pass_yds,370.0,1920,Kansas City Chiefs @ Las Vegas Raiders,2026-10-04T20:25:00Z,2026-10-02T17:51+00:00
Patrick Mahomes,pass_yds,380.0,2400,Kansas City Chiefs @ Las Vegas Raiders,2026-10-04T20:25:00Z,2026-10-02T17:51+00:00
Patrick Mahomes,pass_yds,390.0,2900,Kansas City Chiefs @ Las Vegas Raiders,2026-10-04T20:25:00Z,2026-10-02T17:51+00:00
Patrick Mahomes,pass_yds,400.0,3500,Kansas City Chiefs @ Las Vegas Raiders,2026-10-04T20:25:00Z,2026-10-02T17:51+00:00
Kirk Cousins,pass_yds,150.0,-1100,Kansas City Chiefs @ Las Vegas Raiders,2026-10-04T20:25:00Z,2026-10-02T17:51+00:00
Kirk Cousins,pass_yds,160.0,-720,Kansas City Chiefs @ Las Vegas Raiders,2026-10-04T20:25:00Z,2026-10-02T17:51+00:00
Kirk Cousins,pass_yds,170.0,-503,Kansas City Chiefs @ Las Vegas Raiders,2026-10-04T20:25:00Z,2026-10-02T17:51+00:00
Kirk Cousins,pass_yds,180.0,-365,Kansas City Chiefs @ Las Vegas Raiders,2026-10-04T20:25:00Z,2026-10-02T17:51+00:00
Kirk Cousins,pass_yds,190.0,-271,Kansas City Chiefs @ Las Vegas Raiders,2026-10-04T20:25:00Z,2026-10-02T17:51+00:00
Kirk Cousins,pass_yds,200.0,-203,Kansas City Chiefs @ Las Vegas Raiders,2026-10-04T20:25:00Z,2026-10-02T17:51+00:00
Kirk Cousins,pass_yds,210.0,-154,Kansas City Chiefs @ Las Vegas Raiders,2026-10-04T20:25:00Z,2026-10-02T17:51+00:00
Kirk Cousins,pass_yds,220.0,-117,Kansas City Chiefs @ Las Vegas Raiders,2026-10-04T20:25:00Z,2026-10-02T17:51+00:00
Kirk Cousins,pass_yds,222.0,-111,Kansas City Chiefs @ Las Vegas Raiders,2026-10-04T20:25:00Z,2026-10-02T17:51+00:00
Kirk Cousins,pass_yds,230.0,109,Kansas City Chiefs @ Las Vegas Raiders,2026-10-04T20:25:00Z,2026-10-02T17:51+00:00
Kirk Cousins,pass_yds,240.0,140,Kansas City Chiefs @ Las Vegas Raiders,2026-10-04T20:25:00Z,2026-10-02T17:51+00:00
Kirk Cousins,pass_yds,250.0,179,Kansas City Chiefs @ Las Vegas Raiders,2026-10-04T20:25:00Z,2026-10-02T17:51+00:00
Kirk Cousins,pass_yds,260.0,231,Kansas City Chiefs @ Las Vegas Raiders,2026-10-04T20:25:00Z,2026-10-02T17:51+00:00
Kirk Cousins,pass_yds,270.0,295,Kansas City Chiefs @ Las Vegas Raiders,2026-10-04T20:25:00Z,2026-10-02T17:51+00:00
Kirk Cousins,pass_yds,280.0,376,Kansas City Chiefs @ Las Vegas Raiders,2026-10-04T20:25:00Z,2026-10-02T17:51+00:00
Kirk Cousins,pass_yds,290.0,487,Kansas City Chiefs @ Las Vegas Raiders,2026-10-04T20:25:00Z,2026-10-02T17:51+00:00
Kirk Cousins,pass_yds,300.0,620,Kansas City Chiefs @ Las Vegas Raiders,2026-10-04T20:25:00Z,2026-10-02T17:51+00:00
Kirk Cousins,pass_yds,310.0,790,Kansas City Chiefs @ Las Vegas Raiders,2026-10-04T20:25:00Z,2026-10-02T17:51+00:00
Kirk Cousins,pass_yds,320.0,1000,Kansas City Chiefs @ Las Vegas Raiders,2026-10-04T20:25:00Z,2026-10-02T17:51+00:00
Kirk Cousins,pass_yds,330.0,1280,Kansas City Chiefs @ Las Vegas Raiders,2026-10-04T20:25:00Z,2026-10-02T17:51+00:00
Kirk Cousins,pass_yds,340.0,1660,Kansas City Chiefs @ Las Vegas Raiders,2026-10-04T20:25:00Z,2026-10-02T17:51+00:00
Kirk Cousins,pass_yds,350.0,2000,Kansas City Chiefs @ Las Vegas Raiders,2026-10-04T20:25:00Z,2026-10-02T17:51+00:00
Kirk Cousins,pass_yds,360.0,2500,Kansas City Chiefs @ Las Vegas Raiders,2026-10-04T20:25:00Z,2026-10-02T17:51+00:00
Kirk Cousins,pass_yds,370.0,3200,Kansas City Chiefs @ Las Vegas Raiders,2026-10-04T20:25:00Z,2026-10-02T17:51+00:00
Kirk Cousins,pass_yds,380.0,3800,Kansas City Chiefs @ Las Vegas Raiders,2026-10-04T20:25:00Z,2026-10-02T17:51+00:00
Brock Bowers,rec_yds,25.0,-2700,Kansas City Chiefs @ Las Vegas Raiders,2026-10-04T20:25:00Z,2026-10-02T17:51+00:00
Brock Bowers,rec_yds,40.0,-670,Kansas City Chiefs @ Las Vegas Raiders,2026-10-04T20:25:00Z,2026-10-02T17:51+00:00
Brock Bowers,rec_yds,50.0,-354,Kansas City Chiefs @ Las Vegas Raiders,2026-10-04T20:25:00Z,2026-10-02T17:51+00:00
Brock Bowers,rec_yds,60.0,-209,Kansas City Chiefs @ Las Vegas Raiders,2026-10-04T20:25:00Z,2026-10-02T17:51+00:00
Brock Bowers,rec_yds,70.0,-128,Kansas City Chiefs @ Las Vegas Raiders,2026-10-04T20:25:00Z,2026-10-02T17:51+00:00
Brock Bowers,rec_yds,73.0,-112,Kansas City Chiefs @ Las Vegas Raiders,2026-10-04T20:25:00Z,2026-10-02T17:51+00:00
Brock Bowers,rec_yds,80.0,118,Kansas City Chiefs @ Las Vegas Raiders,2026-10-04T20:25:00Z,2026-10-02T17:51+00:00
Brock Bowers,rec_yds,90.0,178,Kansas City Chiefs @ Las Vegas Raiders,2026-10-04T20:25:00Z,2026-10-02T17:51+00:00
Brock Bowers,rec_yds,100.0,271,Kansas City Chiefs @ Las Vegas Raiders,2026-10-04T20:25:00Z,2026-10-02T17:51+00:00
Brock Bowers,rec_yds,110.0,403,Kansas City Chiefs @ Las Vegas Raiders,2026-10-04T20:25:00Z,2026-10-02T17:51+00:00
Brock Bowers,rec_yds,120.0,591,Kansas City Chiefs @ Las Vegas Raiders,2026-10-04T20:25:00Z,2026-10-02T17:51+00:00
Brock Bowers,rec_yds,130.0,880,Kansas City Chiefs @ Las Vegas Raiders,2026-10-04T20:25:00Z,2026-10-02T17:51+00:00
Brock Bowers,rec_yds,140.0,1240,Kansas City Chiefs @ Las Vegas Raiders,2026-10-04T20:25:00Z,2026-10-02T17:51+00:00
Brock Bowers,rec_yds,150.0,1760,Kansas City Chiefs @ Las Vegas Raiders,2026-10-04T20:25:00Z,2026-10-02T17:51+00:00
Brock Bowers,rec_yds,160.0,2500,Kansas City Chiefs @ Las Vegas Raiders,2026-10-04T20:25:00Z,2026-10-02T17:51+00:00
Brock Bowers,rec_yds,170.0,3400,Kansas City Chiefs @ Las Vegas Raiders,2026-10-04T20:25:00Z,2026-10-02T17:51+00:00
Rashee Rice,rec_yds,15.0,-1980,Kansas City Chiefs @ Las Vegas Raiders,2026-10-04T20:25:00Z,2026-10-02T17:51+00:00
Rashee Rice,rec_yds,25.0,-730,Kansas City Chiefs @ Las Vegas Raiders,2026-10-04T20:25:00Z,2026-10-02T17:51+00:00
Rashee Rice,rec_yds,40.0,-261,Kansas City Chiefs @ Las Vegas Raiders,2026-10-04T20:25:00Z,2026-10-02T17:51+00:00
Rashee Rice,rec_yds,50.0,-154,Kansas City Chiefs @ Las Vegas Raiders,2026-10-04T20:25:00Z,2026-10-02T17:51+00:00
Rashee Rice,rec_yds,57.0,-110,Kansas City Chiefs @ Las Vegas Raiders,2026-10-04T20:25:00Z,2026-10-02T17:51+00:00
Rashee Rice,rec_yds,60.0,103,Kansas City Chiefs @ Las Vegas Raiders,2026-10-04T20:25:00Z,2026-10-02T17:51+00:00
Rashee Rice,rec_yds,70.0,161,Kansas City Chiefs @ Las Vegas Raiders,2026-10-04T20:25:00Z,2026-10-02T17:51+00:00
Rashee Rice,rec_yds,80.0,239,Kansas City Chiefs @ Las Vegas Raiders,2026-10-04T20:25:00Z,2026-10-02T17:51+00:00
Rashee Rice,rec_yds,90.0,356,Kansas City Chiefs @ Las Vegas Raiders,2026-10-04T20:25:00Z,2026-10-02T17:51+00:00
Rashee Rice,rec_yds,100.0,524,Kansas City Chiefs @ Las Vegas Raiders,2026-10-04T20:25:00Z,2026-10-02T17:51+00:00
Rashee Rice,rec_yds,110.0,760,Kansas City Chiefs @ Las Vegas Raiders,2026-10-04T20:25:00Z,2026-10-02T17:51+00:00
Rashee Rice,rec_yds,120.0,1100,Kansas City Chiefs @ Las Vegas Raiders,2026-10-04T20:25:00Z,2026-10-02T17:51+00:00
Rashee Rice,rec_yds,130.0,1500,Kansas City Chiefs @ Las Vegas Raiders,2026-10-04T20:25:00Z,2026-10-02T17:51+00:00
Rashee Rice,rec_yds,140.0,2100,Kansas City Chiefs @ Las Vegas Raiders,2026-10-04T20:25:00Z,2026-10-02T17:51+00:00
Rashee Rice,rec_yds,150.0,2900,Kansas City Chiefs @ Las Vegas Raiders,2026-10-04T20:25:00Z,2026-10-02T17:51+00:00
Rashee Rice,rec_yds,160.0,3800,Kansas City Chiefs @ Las Vegas Raiders,2026-10-04T20:25:00Z,2026-10-02T17:51+00:00
Travis Kelce,rec_yds,15.0,-1280,Kansas City Chiefs @ Las Vegas Raiders,2026-10-04T20:25:00Z,2026-10-02T17:51+00:00
Travis Kelce,rec_yds,25.0,-472,Kansas City Chiefs @ Las Vegas Raiders,2026-10-04T20:25:00Z,2026-10-02T17:51+00:00
Travis Kelce,rec_yds,40.0,-180,Kansas City Chiefs @ Las Vegas Raiders,2026-10-04T20:25:00Z,2026-10-02T17:51+00:00
Travis Kelce,rec_yds,49.0,-114,Kansas City Chiefs @ Las Vegas Raiders,2026-10-04T20:25:00Z,2026-10-02T17:51+00:00
Travis Kelce,rec_yds,50.0,-108,Kansas City Chiefs @ Las Vegas Raiders,2026-10-04T20:25:00Z,2026-10-02T17:51+00:00
Travis Kelce,rec_yds,60.0,149,Kansas City Chiefs @ Las Vegas Raiders,2026-10-04T20:25:00Z,2026-10-02T17:51+00:00
Travis Kelce,rec_yds,70.0,231,Kansas City Chiefs @ Las Vegas Raiders,2026-10-04T20:25:00Z,2026-10-02T17:51+00:00
Travis Kelce,rec_yds,80.0,349,Kansas City Chiefs @ Las Vegas Raiders,2026-10-04T20:25:00Z,2026-10-02T17:51+00:00
Travis Kelce,rec_yds,90.0,521,Kansas City Chiefs @ Las Vegas Raiders,2026-10-04T20:25:00Z,2026-10-02T17:51+00:00
Travis Kelce,rec_yds,100.0,770,Kansas City Chiefs @ Las Vegas Raiders,2026-10-04T20:25:00Z,2026-10-02T17:51+00:00
Travis Kelce,rec_yds,110.0,1140,Kansas City Chiefs @ Las Vegas Raiders,2026-10-04T20:25:00Z,2026-10-02T17:51+00:00
Travis Kelce,rec_yds,120.0,1600,Kansas City Chiefs @ Las Vegas Raiders,2026-10-04T20:25:00Z,2026-10-02T17:51+00:00
Travis Kelce,rec_yds,130.0,2300,Kansas City Chiefs @ Las Vegas Raiders,2026-10-04T20:25:00Z,2026-10-02T17:51+00:00
Travis Kelce,rec_yds,140.0,3100,Kansas City Chiefs @ Las Vegas Raiders,2026-10-04T20:25:00Z,2026-10-02T17:51+00:00
Travis Kelce,rec_yds,150.0,4000,Kansas City Chiefs @ Las Vegas Raiders,2026-10-04T20:25:00Z,2026-10-02T17:51+00:00
Tyquan Thornton,rec_yds,15.0,-178,Kansas City Chiefs @ Las Vegas Raiders,2026-10-04T20:25:00Z,2026-10-02T17:51+00:00
Tyquan Thornton,rec_yds,22.0,-109,Kansas City Chiefs @ Las Vegas Raiders,2026-10-04T20:25:00Z,2026-10-02T17:51+00:00
Tyquan Thornton,rec_yds,25.0,108,Kansas City Chiefs @ Las Vegas Raiders,2026-10-04T20:25:00Z,2026-10-02T17:51+00:00
Tyquan Thornton,rec_yds,40.0,204,Kansas City Chiefs @ Las Vegas Raiders,2026-10-04T20:25:00Z,2026-10-02T17:51+00:00
Tyquan Thornton,rec_yds,50.0,306,Kansas City Chiefs @ Las Vegas Raiders,2026-10-04T20:25:00Z,2026-10-02T17:51+00:00
Tyquan Thornton,rec_yds,60.0,456,Kansas City Chiefs @ Las Vegas Raiders,2026-10-04T20:25:00Z,2026-10-02T17:51+00:00
Tyquan Thornton,rec_yds,70.0,670,Kansas City Chiefs @ Las Vegas Raiders,2026-10-04T20:25:00Z,2026-10-02T17:51+00:00
Tyquan Thornton,rec_yds,80.0,980,Kansas City Chiefs @ Las Vegas Raiders,2026-10-04T20:25:00Z,2026-10-02T17:51+00:00
Tyquan Thornton,rec_yds,90.0,1400,Kansas City Chiefs @ Las Vegas Raiders,2026-10-04T20:25:00Z,2026-10-02T17:51+00:00
Tyquan Thornton,rec_yds,100.0,1940,Kansas City Chiefs @ Las Vegas Raiders,2026-10-04T20:25:00Z,2026-10-02T17:51+00:00
Tyquan Thornton,rec_yds,110.0,2600,Kansas City Chiefs @ Las Vegas Raiders,2026-10-04T20:25:00Z,2026-10-02T17:51+00:00
Tyquan Thornton,rec_yds,120.0,3400,Kansas City Chiefs @ Las Vegas Raiders,2026-10-04T20:25:00Z,2026-10-02T17:51+00:00
Tre Tucker,rec_yds,15.0,-589,Kansas City Chiefs @ Las Vegas Raiders,2026-10-04T20:25:00Z,2026-10-02T17:51+00:00
Tre Tucker,rec_yds,25.0,-251,Kansas City Chiefs @ Las Vegas Raiders,2026-10-04T20:25:00Z,2026-10-02T17:51+00:00
Tre Tucker,rec_yds,38.0,-110,Kansas City Chiefs @ Las Vegas Raiders,2026-10-04T20:25:00Z,2026-10-02T17:51+00:00
Tre Tucker,rec_yds,40.0,102,Kansas City Chiefs @ Las Vegas Raiders,2026-10-04T20:25:00Z,2026-10-02T17:51+00:00
Tre Tucker,rec_yds,50.0,175,Kansas City Chiefs @ Las Vegas Raiders,2026-10-04T20:25:00Z,2026-10-02T17:51+00:00
Tre Tucker,rec_yds,60.0,283,Kansas City Chiefs @ Las Vegas Raiders,2026-10-04T20:25:00Z,2026-10-02T17:51+00:00
Tre Tucker,rec_yds,70.0,453,Kansas City Chiefs @ Las Vegas Raiders,2026-10-04T20:25:00Z,2026-10-02T17:51+00:00
Tre Tucker,rec_yds,80.0,710,Kansas City Chiefs @ Las Vegas Raiders,2026-10-04T20:25:00Z,2026-10-02T17:51+00:00
Tre Tucker,rec_yds,90.0,1120,Kansas City Chiefs @ Las Vegas Raiders,2026-10-04T20:25:00Z,2026-10-02T17:51+00:00
Tre Tucker,rec_yds,100.0,1680,Kansas City Chiefs @ Las Vegas Raiders,2026-10-04T20:25:00Z,2026-10-02T17:51+00:00
Tre Tucker,rec_yds,110.0,2500,Kansas City Chiefs @ Las Vegas Raiders,2026-10-04T20:25:00Z,2026-10-02T17:51+00:00
Tre Tucker,rec_yds,120.0,3500,Kansas City Chiefs @ Las Vegas Raiders,2026-10-04T20:25:00Z,2026-10-02T17:51+00:00
Xavier Worthy,rec_yds,15.0,-446,Kansas City Chiefs @ Las Vegas Raiders,2026-10-04T20:25:00Z,2026-10-02T17:51+00:00
Xavier Worthy,rec_yds,25.0,-198,Kansas City Chiefs @ Las Vegas Raiders,2026-10-04T20:25:00Z,2026-10-02T17:51+00:00
Xavier Worthy,rec_yds,34.0,-114,Kansas City Chiefs @ Las Vegas Raiders,2026-10-04T20:25:00Z,2026-10-02T17:51+00:00
Xavier Worthy,rec_yds,40.0,123,Kansas City Chiefs @ Las Vegas Raiders,2026-10-04T20:25:00Z,2026-10-02T17:51+00:00
Xavier Worthy,rec_yds,50.0,205,Kansas City Chiefs @ Las Vegas Raiders,2026-10-04T20:25:00Z,2026-10-02T17:51+00:00
Xavier Worthy,rec_yds,60.0,333,Kansas City Chiefs @ Las Vegas Raiders,2026-10-04T20:25:00Z,2026-10-02T17:51+00:00
Xavier Worthy,rec_yds,70.0,526,Kansas City Chiefs @ Las Vegas Raiders,2026-10-04T20:25:00Z,2026-10-02T17:51+00:00
Xavier Worthy,rec_yds,80.0,810,Kansas City Chiefs @ Las Vegas Raiders,2026-10-04T20:25:00Z,2026-10-02T17:51+00:00
Xavier Worthy,rec_yds,90.0,1260,Kansas City Chiefs @ Las Vegas Raiders,2026-10-04T20:25:00Z,2026-10-02T17:51+00:00
Xavier Worthy,rec_yds,100.0,1900,Kansas City Chiefs @ Las Vegas Raiders,2026-10-04T20:25:00Z,2026-10-02T17:51+00:00
Xavier Worthy,rec_yds,110.0,2800,Kansas City Chiefs @ Las Vegas Raiders,2026-10-04T20:25:00Z,2026-10-02T17:51+00:00
Xavier Worthy,rec_yds,120.0,3900,Kansas City Chiefs @ Las Vegas Raiders,2026-10-04T20:25:00Z,2026-10-02T17:51+00:00
Jalen Nailor,rec_yds,15.0,-170,Kansas City Chiefs @ Las Vegas Raiders,2026-10-04T20:25:00Z,2026-10-02T17:51+00:00
Jalen Nailor,rec_yds,20.0,-109,Kansas City Chiefs @ Las Vegas Raiders,2026-10-04T20:25:00Z,2026-10-02T17:51+00:00
Jalen Nailor,rec_yds,25.0,132,Kansas City Chiefs @ Las Vegas Raiders,2026-10-04T20:25:00Z,2026-10-02T17:51+00:00
Jalen Nailor,rec_yds,40.0,328,Kansas City Chiefs @ Las Vegas Raiders,2026-10-04T20:25:00Z,2026-10-02T17:51+00:00
Jalen Nailor,rec_yds,50.0,567,Kansas City Chiefs @ Las Vegas Raiders,2026-10-04T20:25:00Z,2026-10-02T17:51+00:00
Jalen Nailor,rec_yds,60.0,940,Kansas City Chiefs @ Las Vegas Raiders,2026-10-04T20:25:00Z,2026-10-02T17:51+00:00
Jalen Nailor,rec_yds,70.0,1480,Kansas City Chiefs @ Las Vegas Raiders,2026-10-04T20:25:00Z,2026-10-02T17:51+00:00
Jalen Nailor,rec_yds,80.0,2300,Kansas City Chiefs @ Las Vegas Raiders,2026-10-04T20:25:00Z,2026-10-02T17:51+00:00
Jalen Nailor,rec_yds,90.0,3500,Kansas City Chiefs @ Las Vegas Raiders,2026-10-04T20:25:00Z,2026-10-02T17:51+00:00
Kenneth Walker III,rec_yds,15.0,-218,Kansas City Chiefs @ Las Vegas Raiders,2026-10-04T20:25:00Z,2026-10-02T17:51+00:00
Kenneth Walker III,rec_yds,22.0,-116,Kansas City Chiefs @ Las Vegas Raiders,2026-10-04T20:25:00Z,2026-10-02T17:51+00:00
Kenneth Walker III,rec_yds,25.0,108,Kansas City Chiefs @ Las Vegas Raiders,2026-10-04T20:25:00Z,2026-10-02T17:51+00:00
Kenneth Walker III,rec_yds,40.0,302,Kansas City Chiefs @ Las Vegas Raiders,2026-10-04T20:25:00Z,2026-10-02T17:51+00:00
Kenneth Walker III,rec_yds,50.0,543,Kansas City Chiefs @ Las Vegas Raiders,2026-10-04T20:25:00Z,2026-10-02T17:51+00:00
Kenneth Walker III,rec_yds,60.0,930,Kansas City Chiefs @ Las Vegas Raiders,2026-10-04T20:25:00Z,2026-10-02T17:51+00:00
Kenneth Walker III,rec_yds,70.0,1480,Kansas City Chiefs @ Las Vegas Raiders,2026-10-04T20:25:00Z,2026-10-02T17:51+00:00
Kenneth Walker III,rec_yds,80.0,2300,Kansas City Chiefs @ Las Vegas Raiders,2026-10-04T20:25:00Z,2026-10-02T17:51+00:00
Kenneth Walker III,rec_yds,90.0,3500,Kansas City Chiefs @ Las Vegas Raiders,2026-10-04T20:25:00Z,2026-10-02T17:51+00:00
Michael Mayer,rec_yds,15.0,-216,Kansas City Chiefs @ Las Vegas Raiders,2026-10-04T20:25:00Z,2026-10-02T17:51+00:00
Michael Mayer,rec_yds,23.0,-108,Kansas City Chiefs @ Las Vegas Raiders,2026-10-04T20:25:00Z,2026-10-02T17:51+00:00
Michael Mayer,rec_yds,25.0,109,Kansas City Chiefs @ Las Vegas Raiders,2026-10-04T20:25:00Z,2026-10-02T17:51+00:00
Michael Mayer,rec_yds,40.0,309,Kansas City Chiefs @ Las Vegas Raiders,2026-10-04T20:25:00Z,2026-10-02T17:51+00:00
Michael Mayer,rec_yds,50.0,557,Kansas City Chiefs @ Las Vegas Raiders,2026-10-04T20:25:00Z,2026-10-02T17:51+00:00
Michael Mayer,rec_yds,60.0,970,Kansas City Chiefs @ Las Vegas Raiders,2026-10-04T20:25:00Z,2026-10-02T17:51+00:00
Michael Mayer,rec_yds,70.0,1600,Kansas City Chiefs @ Las Vegas Raiders,2026-10-04T20:25:00Z,2026-10-02T17:51+00:00
Michael Mayer,rec_yds,80.0,2500,Kansas City Chiefs @ Las Vegas Raiders,2026-10-04T20:25:00Z,2026-10-02T17:51+00:00
Michael Mayer,rec_yds,90.0,3800,Kansas City Chiefs @ Las Vegas Raiders,2026-10-04T20:25:00Z,2026-10-02T17:51+00:00
Ashton Jeanty,rec_yds,15.0,-197,Kansas City Chiefs @ Las Vegas Raiders,2026-10-04T20:25:00Z,2026-10-02T17:51+00:00
Ashton Jeanty,rec_yds,21.0,-109,Kansas City Chiefs @ Las Vegas Raiders,2026-10-04T20:25:00Z,2026-10-02T17:51+00:00
Ashton Jeanty,rec_yds,25.0,132,Kansas City Chiefs @ Las Vegas Raiders,2026-10-04T20:25:00Z,2026-10-02T17:51+00:00
Ashton Jeanty,rec_yds,40.0,392,Kansas City Chiefs @ Las Vegas Raiders,2026-10-04T20:25:00Z,2026-10-02T17:51+00:00
Ashton Jeanty,rec_yds,50.0,730,Kansas City Chiefs @ Las Vegas Raiders,2026-10-04T20:25:00Z,2026-10-02T17:51+00:00
Ashton Jeanty,rec_yds,60.0,1280,Kansas City Chiefs @ Las Vegas Raiders,2026-10-04T20:25:00Z,2026-10-02T17:51+00:00
Ashton Jeanty,rec_yds,70.0,2000,Kansas City Chiefs @ Las Vegas Raiders,2026-10-04T20:25:00Z,2026-10-02T17:51+00:00
Ashton Jeanty,rec_yds,80.0,3100,Kansas City Chiefs @ Las Vegas Raiders,2026-10-04T20:25:00Z,2026-10-02T17:51+00:00
Cody White,rec_yds,10.0,-117,Kansas City Chiefs @ Las Vegas Raiders,2026-10-04T20:25:00Z,2026-10-02T17:51+00:00
Cody White,rec_yds,15.0,139,Kansas City Chiefs @ Las Vegas Raiders,2026-10-04T20:25:00Z,2026-10-02T17:51+00:00
Cody White,rec_yds,25.0,311,Kansas City Chiefs @ Las Vegas Raiders,2026-10-04T20:25:00Z,2026-10-02T17:51+00:00
Cody White,rec_yds,40.0,810,Kansas City Chiefs @ Las Vegas Raiders,2026-10-04T20:25:00Z,2026-10-02T17:51+00:00
Cody White,rec_yds,50.0,1400,Kansas City Chiefs @ Las Vegas Raiders,2026-10-04T20:25:00Z,2026-10-02T17:51+00:00
Cody White,rec_yds,60.0,2300,Kansas City Chiefs @ Las Vegas Raiders,2026-10-04T20:25:00Z,2026-10-02T17:51+00:00
Cody White,rec_yds,70.0,3600,Kansas City Chiefs @ Las Vegas Raiders,2026-10-04T20:25:00Z,2026-10-02T17:51+00:00
Noah Gray,rec_yds,9.0,-116,Kansas City Chiefs @ Las Vegas Raiders,2026-10-04T20:25:00Z,2026-10-02T17:51+00:00
Noah Gray,rec_yds,15.0,159,Kansas City Chiefs @ Las Vegas Raiders,2026-10-04T20:25:00Z,2026-10-02T17:51+00:00
Noah Gray,rec_yds,25.0,343,Kansas City Chiefs @ Las Vegas Raiders,2026-10-04T20:25:00Z,2026-10-02T17:51+00:00
Noah Gray,rec_yds,40.0,890,Kansas City Chiefs @ Las Vegas Raiders,2026-10-04T20:25:00Z,2026-10-02T17:51+00:00
Noah Gray,rec_yds,50.0,1520,Kansas City Chiefs @ Las Vegas Raiders,2026-10-04T20:25:00Z,2026-10-02T17:51+00:00
Noah Gray,rec_yds,60.0,2400,Kansas City Chiefs @ Las Vegas Raiders,2026-10-04T20:25:00Z,2026-10-02T17:51+00:00
Noah Gray,rec_yds,70.0,3600,Kansas City Chiefs @ Las Vegas Raiders,2026-10-04T20:25:00Z,2026-10-02T17:51+00:00
Emmett Johnson,rec_yds,9.0,-117,Kansas City Chiefs @ Las Vegas Raiders,2026-10-04T20:25:00Z,2026-10-02T17:51+00:00
Emmett Johnson,rec_yds,15.0,157,Kansas City Chiefs @ Las Vegas Raiders,2026-10-04T20:25:00Z,2026-10-02T17:51+00:00
Emmett Johnson,rec_yds,25.0,344,Kansas City Chiefs @ Las Vegas Raiders,2026-10-04T20:25:00Z,2026-10-02T17:51+00:00
Emmett Johnson,rec_yds,40.0,910,Kansas City Chiefs @ Las Vegas Raiders,2026-10-04T20:25:00Z,2026-10-02T17:51+00:00
Emmett Johnson,rec_yds,50.0,1580,Kansas City Chiefs @ Las Vegas Raiders,2026-10-04T20:25:00Z,2026-10-02T17:51+00:00
Emmett Johnson,rec_yds,60.0,2600,Kansas City Chiefs @ Las Vegas Raiders,2026-10-04T20:25:00Z,2026-10-02T17:51+00:00
Emmett Johnson,rec_yds,70.0,4000,Kansas City Chiefs @ Las Vegas Raiders,2026-10-04T20:25:00Z,2026-10-02T17:51+00:00
Brock Bowers,receptions,4.0,-1520,Kansas City Chiefs @ Las Vegas Raiders,2026-10-04T20:25:00Z,2026-10-02T17:51+00:00
Brock Bowers,receptions,5.0,-557,Kansas City Chiefs @ Las Vegas Raiders,2026-10-04T20:25:00Z,2026-10-02T17:51+00:00
Brock Bowers,receptions,6.0,-256,Kansas City Chiefs @ Las Vegas Raiders,2026-10-04T20:25:00Z,2026-10-02T17:51+00:00
Brock Bowers,receptions,7.0,-134,Kansas City Chiefs @ Las Vegas Raiders,2026-10-04T20:25:00Z,2026-10-02T17:51+00:00
Brock Bowers,receptions,8.0,135,Kansas City Chiefs @ Las Vegas Raiders,2026-10-04T20:25:00Z,2026-10-02T17:51+00:00
Brock Bowers,receptions,9.0,235,Kansas City Chiefs @ Las Vegas Raiders,2026-10-04T20:25:00Z,2026-10-02T17:51+00:00
Brock Bowers,receptions,10.0,414,Kansas City Chiefs @ Las Vegas Raiders,2026-10-04T20:25:00Z,2026-10-02T17:51+00:00
Brock Bowers,receptions,11.0,710,Kansas City Chiefs @ Las Vegas Raiders,2026-10-04T20:25:00Z,2026-10-02T17:51+00:00
Brock Bowers,receptions,12.0,1220,Kansas City Chiefs @ Las Vegas Raiders,2026-10-04T20:25:00Z,2026-10-02T17:51+00:00
Brock Bowers,receptions,13.0,1900,Kansas City Chiefs @ Las Vegas Raiders,2026-10-04T20:25:00Z,2026-10-02T17:51+00:00
Brock Bowers,receptions,14.0,2700,Kansas City Chiefs @ Las Vegas Raiders,2026-10-04T20:25:00Z,2026-10-02T17:51+00:00
Rashee Rice,receptions,3.0,-830,Kansas City Chiefs @ Las Vegas Raiders,2026-10-04T20:25:00Z,2026-10-02T17:51+00:00
Rashee Rice,receptions,4.0,-307,Kansas City Chiefs @ Las Vegas Raiders,2026-10-04T20:25:00Z,2026-10-02T17:51+00:00
Rashee Rice,receptions,5.0,-136,Kansas City Chiefs @ Las Vegas Raiders,2026-10-04T20:25:00Z,2026-10-02T17:51+00:00
Rashee Rice,receptions,6.0,148,Kansas City Chiefs @ Las Vegas Raiders,2026-10-04T20:25:00Z,2026-10-02T17:51+00:00
Rashee Rice,receptions,7.0,294,Kansas City Chiefs @ Las Vegas Raiders,2026-10-04T20:25:00Z,2026-10-02T17:51+00:00
Rashee Rice,receptions,8.0,572,Kansas City Chiefs @ Las Vegas Raiders,2026-10-04T20:25:00Z,2026-10-02T17:51+00:00
Rashee Rice,receptions,9.0,1020,Kansas City Chiefs @ Las Vegas Raiders,2026-10-04T20:25:00Z,2026-10-02T17:51+00:00
Rashee Rice,receptions,10.0,1720,Kansas City Chiefs @ Las Vegas Raiders,2026-10-04T20:25:00Z,2026-10-02T17:51+00:00
Rashee Rice,receptions,11.0,2700,Kansas City Chiefs @ Las Vegas Raiders,2026-10-04T20:25:00Z,2026-10-02T17:51+00:00
Travis Kelce,receptions,2.0,-2400,Kansas City Chiefs @ Las Vegas Raiders,2026-10-04T20:25:00Z,2026-10-02T17:51+00:00
Travis Kelce,receptions,3.0,-543,Kansas City Chiefs @ Las Vegas Raiders,2026-10-04T20:25:00Z,2026-10-02T17:51+00:00
Travis Kelce,receptions,4.0,-201,Kansas City Chiefs @ Las Vegas Raiders,2026-10-04T20:25:00Z,2026-10-02T17:51+00:00
Travis Kelce,receptions,5.0,108,Kansas City Chiefs @ Las Vegas Raiders,2026-10-04T20:25:00Z,2026-10-02T17:51+00:00
Travis Kelce,receptions,6.0,221,Kansas City Chiefs @ Las Vegas Raiders,2026-10-04T20:25:00Z,2026-10-02T17:51+00:00
Travis Kelce,receptions,7.0,452,Kansas City Chiefs @ Las Vegas Raiders,2026-10-04T20:25:00Z,2026-10-02T17:51+00:00
Travis Kelce,receptions,8.0,860,Kansas City Chiefs @ Las Vegas Raiders,2026-10-04T20:25:00Z,2026-10-02T17:51+00:00
Travis Kelce,receptions,9.0,1560,Kansas City Chiefs @ Las Vegas Raiders,2026-10-04T20:25:00Z,2026-10-02T17:51+00:00
Travis Kelce,receptions,10.0,2500,Kansas City Chiefs @ Las Vegas Raiders,2026-10-04T20:25:00Z,2026-10-02T17:51+00:00
Ashton Jeanty,receptions,2.0,-610,Kansas City Chiefs @ Las Vegas Raiders,2026-10-04T20:25:00Z,2026-10-02T17:51+00:00
Ashton Jeanty,receptions,3.0,-198,Kansas City Chiefs @ Las Vegas Raiders,2026-10-04T20:25:00Z,2026-10-02T17:51+00:00
Ashton Jeanty,receptions,4.0,123,Kansas City Chiefs @ Las Vegas Raiders,2026-10-04T20:25:00Z,2026-10-02T17:51+00:00
Ashton Jeanty,receptions,5.0,271,Kansas City Chiefs @ Las Vegas Raiders,2026-10-04T20:25:00Z,2026-10-02T17:51+00:00
Ashton Jeanty,receptions,6.0,584,Kansas City Chiefs @ Las Vegas Raiders,2026-10-04T20:25:00Z,2026-10-02T17:51+00:00
Ashton Jeanty,receptions,7.0,1180,Kansas City Chiefs @ Las Vegas Raiders,2026-10-04T20:25:00Z,2026-10-02T17:51+00:00
Ashton Jeanty,receptions,8.0,2100,Kansas City Chiefs @ Las Vegas Raiders,2026-10-04T20:25:00Z,2026-10-02T17:51+00:00
Tre Tucker,receptions,2.0,-610,Kansas City Chiefs @ Las Vegas Raiders,2026-10-04T20:25:00Z,2026-10-02T17:51+00:00
Tre Tucker,receptions,3.0,-190,Kansas City Chiefs @ Las Vegas Raiders,2026-10-04T20:25:00Z,2026-10-02T17:51+00:00
Tre Tucker,receptions,4.0,131,Kansas City Chiefs @ Las Vegas Raiders,2026-10-04T20:25:00Z,2026-10-02T17:51+00:00
Tre Tucker,receptions,5.0,294,Kansas City Chiefs @ Las Vegas Raiders,2026-10-04T20:25:00Z,2026-10-02T17:51+00:00
Tre Tucker,receptions,6.0,610,Kansas City Chiefs @ Las Vegas Raiders,2026-10-04T20:25:00Z,2026-10-02T17:51+00:00
Tre Tucker,receptions,7.0,1280,Kansas City Chiefs @ Las Vegas Raiders,2026-10-04T20:25:00Z,2026-10-02T17:51+00:00
Tre Tucker,receptions,8.0,2300,Kansas City Chiefs @ Las Vegas Raiders,2026-10-04T20:25:00Z,2026-10-02T17:51+00:00
Kenneth Walker III,receptions,2.0,-533,Kansas City Chiefs @ Las Vegas Raiders,2026-10-04T20:25:00Z,2026-10-02T17:51+00:00
Kenneth Walker III,receptions,3.0,-174,Kansas City Chiefs @ Las Vegas Raiders,2026-10-04T20:25:00Z,2026-10-02T17:51+00:00
Kenneth Walker III,receptions,4.0,143,Kansas City Chiefs @ Las Vegas Raiders,2026-10-04T20:25:00Z,2026-10-02T17:51+00:00
Kenneth Walker III,receptions,5.0,311,Kansas City Chiefs @ Las Vegas Raiders,2026-10-04T20:25:00Z,2026-10-02T17:51+00:00
Kenneth Walker III,receptions,6.0,650,Kansas City Chiefs @ Las Vegas Raiders,2026-10-04T20:25:00Z,2026-10-02T17:51+00:00
Kenneth Walker III,receptions,7.0,1340,Kansas City Chiefs @ Las Vegas Raiders,2026-10-04T20:25:00Z,2026-10-02T17:51+00:00
Kenneth Walker III,receptions,8.0,2400,Kansas City Chiefs @ Las Vegas Raiders,2026-10-04T20:25:00Z,2026-10-02T17:51+00:00
Xavier Worthy,receptions,2.0,-583,Kansas City Chiefs @ Las Vegas Raiders,2026-10-04T20:25:00Z,2026-10-02T17:51+00:00
Xavier Worthy,receptions,3.0,-181,Kansas City Chiefs @ Las Vegas Raiders,2026-10-04T20:25:00Z,2026-10-02T17:51+00:00
Xavier Worthy,receptions,4.0,137,Kansas City Chiefs @ Las Vegas Raiders,2026-10-04T20:25:00Z,2026-10-02T17:51+00:00
Xavier Worthy,receptions,5.0,305,Kansas City Chiefs @ Las Vegas Raiders,2026-10-04T20:25:00Z,2026-10-02T17:51+00:00
Xavier Worthy,receptions,6.0,650,Kansas City Chiefs @ Las Vegas Raiders,2026-10-04T20:25:00Z,2026-10-02T17:51+00:00
Xavier Worthy,receptions,7.0,1340,Kansas City Chiefs @ Las Vegas Raiders,2026-10-04T20:25:00Z,2026-10-02T17:51+00:00
Xavier Worthy,receptions,8.0,2400,Kansas City Chiefs @ Las Vegas Raiders,2026-10-04T20:25:00Z,2026-10-02T17:51+00:00
Michael Mayer,receptions,2.0,-400,Kansas City Chiefs @ Las Vegas Raiders,2026-10-04T20:25:00Z,2026-10-02T17:51+00:00
Michael Mayer,receptions,3.0,-130,Kansas City Chiefs @ Las Vegas Raiders,2026-10-04T20:25:00Z,2026-10-02T17:51+00:00
Michael Mayer,receptions,4.0,192,Kansas City Chiefs @ Las Vegas Raiders,2026-10-04T20:25:00Z,2026-10-02T17:51+00:00
Michael Mayer,receptions,5.0,446,Kansas City Chiefs @ Las Vegas Raiders,2026-10-04T20:25:00Z,2026-10-02T17:51+00:00
Michael Mayer,receptions,6.0,970,Kansas City Chiefs @ Las Vegas Raiders,2026-10-04T20:25:00Z,2026-10-02T17:51+00:00
Michael Mayer,receptions,7.0,1860,Kansas City Chiefs @ Las Vegas Raiders,2026-10-04T20:25:00Z,2026-10-02T17:51+00:00
Jalen Nailor,receptions,2.0,-157,Kansas City Chiefs @ Las Vegas Raiders,2026-10-04T20:25:00Z,2026-10-02T17:51+00:00
Jalen Nailor,receptions,3.0,191,Kansas City Chiefs @ Las Vegas Raiders,2026-10-04T20:25:00Z,2026-10-02T17:51+00:00
Jalen Nailor,receptions,4.0,502,Kansas City Chiefs @ Las Vegas Raiders,2026-10-04T20:25:00Z,2026-10-02T17:51+00:00
Jalen Nailor,receptions,5.0,1240,Kansas City Chiefs @ Las Vegas Raiders,2026-10-04T20:25:00Z,2026-10-02T17:51+00:00
Jalen Nailor,receptions,6.0,2500,Kansas City Chiefs @ Las Vegas Raiders,2026-10-04T20:25:00Z,2026-10-02T17:51+00:00
Tyquan Thornton,receptions,2.0,-109,Kansas City Chiefs @ Las Vegas Raiders,2026-10-04T20:25:00Z,2026-10-02T17:51+00:00
Tyquan Thornton,receptions,3.0,286,Kansas City Chiefs @ Las Vegas Raiders,2026-10-04T20:25:00Z,2026-10-02T17:51+00:00
Tyquan Thornton,receptions,4.0,820,Kansas City Chiefs @ Las Vegas Raiders,2026-10-04T20:25:00Z,2026-10-02T17:51+00:00
Tyquan Thornton,receptions,5.0,1920,Kansas City Chiefs @ Las Vegas Raiders,2026-10-04T20:25:00Z,2026-10-02T17:51+00:00
Emmett Johnson,receptions,2.0,154,Kansas City Chiefs @ Las Vegas Raiders,2026-10-04T20:25:00Z,2026-10-02T17:51+00:00
Emmett Johnson,receptions,3.0,513,Kansas City Chiefs @ Las Vegas Raiders,2026-10-04T20:25:00Z,2026-10-02T17:51+00:00
Emmett Johnson,receptions,4.0,1380,Kansas City Chiefs @ Las Vegas Raiders,2026-10-04T20:25:00Z,2026-10-02T17:51+00:00
Emmett Johnson,receptions,5.0,2900,Kansas City Chiefs @ Las Vegas Raiders,2026-10-04T20:25:00Z,2026-10-02T17:51+00:00
Noah Gray,receptions,2.0,154,Kansas City Chiefs @ Las Vegas Raiders,2026-10-04T20:25:00Z,2026-10-02T17:51+00:00
Noah Gray,receptions,3.0,495,Kansas City Chiefs @ Las Vegas Raiders,2026-10-04T20:25:00Z,2026-10-02T17:51+00:00
Noah Gray,receptions,4.0,1380,Kansas City Chiefs @ Las Vegas Raiders,2026-10-04T20:25:00Z,2026-10-02T17:51+00:00
Noah Gray,receptions,5.0,2900,Kansas City Chiefs @ Las Vegas Raiders,2026-10-04T20:25:00Z,2026-10-02T17:51+00:00
Cody White,receptions,2.0,169,Kansas City Chiefs @ Las Vegas Raiders,2026-10-04T20:25:00Z,2026-10-02T17:51+00:00
Cody White,receptions,3.0,555,Kansas City Chiefs @ Las Vegas Raiders,2026-10-04T20:25:00Z,2026-10-02T17:51+00:00
Cody White,receptions,4.0,1560,Kansas City Chiefs @ Las Vegas Raiders,2026-10-04T20:25:00Z,2026-10-02T17:51+00:00
Kenneth Walker III,rush_att,12.0,-1160,Kansas City Chiefs @ Las Vegas Raiders,2026-10-04T20:25:00Z,2026-10-02T17:51+00:00
Kenneth Walker III,rush_att,14.0,-489,Kansas City Chiefs @ Las Vegas Raiders,2026-10-04T20:25:00Z,2026-10-02T17:51+00:00
Kenneth Walker III,rush_att,16.0,-241,Kansas City Chiefs @ Las Vegas Raiders,2026-10-04T20:25:00Z,2026-10-02T17:51+00:00
Kenneth Walker III,rush_att,18.0,-127,Kansas City Chiefs @ Las Vegas Raiders,2026-10-04T20:25:00Z,2026-10-02T17:51+00:00
Kenneth Walker III,rush_att,20.0,142,Kansas City Chiefs @ Las Vegas Raiders,2026-10-04T20:25:00Z,2026-10-02T17:51+00:00
Kenneth Walker III,rush_att,22.0,257,Kansas City Chiefs @ Las Vegas Raiders,2026-10-04T20:25:00Z,2026-10-02T17:51+00:00
Kenneth Walker III,rush_att,24.0,462,Kansas City Chiefs @ Las Vegas Raiders,2026-10-04T20:25:00Z,2026-10-02T17:51+00:00
Kenneth Walker III,rush_att,26.0,820,Kansas City Chiefs @ Las Vegas Raiders,2026-10-04T20:25:00Z,2026-10-02T17:51+00:00
Kenneth Walker III,rush_att,28.0,1460,Kansas City Chiefs @ Las Vegas Raiders,2026-10-04T20:25:00Z,2026-10-02T17:51+00:00
Ashton Jeanty,rush_att,10.0,-3000,Kansas City Chiefs @ Las Vegas Raiders,2026-10-04T20:25:00Z,2026-10-02T17:51+00:00
Ashton Jeanty,rush_att,12.0,-790,Kansas City Chiefs @ Las Vegas Raiders,2026-10-04T20:25:00Z,2026-10-02T17:51+00:00
Ashton Jeanty,rush_att,14.0,-334,Kansas City Chiefs @ Las Vegas Raiders,2026-10-04T20:25:00Z,2026-10-02T17:51+00:00
Ashton Jeanty,rush_att,16.0,-163,Kansas City Chiefs @ Las Vegas Raiders,2026-10-04T20:25:00Z,2026-10-02T17:51+00:00
Ashton Jeanty,rush_att,17.0,-118,Kansas City Chiefs @ Las Vegas Raiders,2026-10-04T20:25:00Z,2026-10-02T17:51+00:00
Ashton Jeanty,rush_att,18.0,115,Kansas City Chiefs @ Las Vegas Raiders,2026-10-04T20:25:00Z,2026-10-02T17:51+00:00
Ashton Jeanty,rush_att,20.0,209,Kansas City Chiefs @ Las Vegas Raiders,2026-10-04T20:25:00Z,2026-10-02T17:51+00:00
Ashton Jeanty,rush_att,22.0,377,Kansas City Chiefs @ Las Vegas Raiders,2026-10-04T20:25:00Z,2026-10-02T17:51+00:00
Ashton Jeanty,rush_att,24.0,700,Kansas City Chiefs @ Las Vegas Raiders,2026-10-04T20:25:00Z,2026-10-02T17:51+00:00
Ashton Jeanty,rush_att,26.0,1240,Kansas City Chiefs @ Las Vegas Raiders,2026-10-04T20:25:00Z,2026-10-02T17:51+00:00
Mike Washington Jr.,rush_att,2.0,-2900,Kansas City Chiefs @ Las Vegas Raiders,2026-10-04T20:25:00Z,2026-10-02T17:51+00:00
Mike Washington Jr.,rush_att,4.0,-244,Kansas City Chiefs @ Las Vegas Raiders,2026-10-04T20:25:00Z,2026-10-02T17:51+00:00
Mike Washington Jr.,rush_att,5.0,-116,Kansas City Chiefs @ Las Vegas Raiders,2026-10-04T20:25:00Z,2026-10-02T17:51+00:00
Mike Washington Jr.,rush_att,6.0,168,Kansas City Chiefs @ Las Vegas Raiders,2026-10-04T20:25:00Z,2026-10-02T17:51+00:00
Mike Washington Jr.,rush_att,8.0,556,Kansas City Chiefs @ Las Vegas Raiders,2026-10-04T20:25:00Z,2026-10-02T17:51+00:00
Mike Washington Jr.,rush_att,10.0,1540,Kansas City Chiefs @ Las Vegas Raiders,2026-10-04T20:25:00Z,2026-10-02T17:51+00:00
Kenneth Walker III,rush_yds,30.0,-2400,Kansas City Chiefs @ Las Vegas Raiders,2026-10-04T20:25:00Z,2026-10-02T17:51+00:00
Kenneth Walker III,rush_yds,40.0,-990,Kansas City Chiefs @ Las Vegas Raiders,2026-10-04T20:25:00Z,2026-10-02T17:51+00:00
Kenneth Walker III,rush_yds,50.0,-529,Kansas City Chiefs @ Las Vegas Raiders,2026-10-04T20:25:00Z,2026-10-02T17:51+00:00
Kenneth Walker III,rush_yds,60.0,-316,Kansas City Chiefs @ Las Vegas Raiders,2026-10-04T20:25:00Z,2026-10-02T17:51+00:00
Kenneth Walker III,rush_yds,70.0,-206,Kansas City Chiefs @ Las Vegas Raiders,2026-10-04T20:25:00Z,2026-10-02T17:51+00:00
Kenneth Walker III,rush_yds,80.0,-139,Kansas City Chiefs @ Las Vegas Raiders,2026-10-04T20:25:00Z,2026-10-02T17:51+00:00
Kenneth Walker III,rush_yds,86.0,-112,Kansas City Chiefs @ Las Vegas Raiders,2026-10-04T20:25:00Z,2026-10-02T17:51+00:00
Kenneth Walker III,rush_yds,90.0,103,Kansas City Chiefs @ Las Vegas Raiders,2026-10-04T20:25:00Z,2026-10-02T17:51+00:00
Kenneth Walker III,rush_yds,100.0,144,Kansas City Chiefs @ Las Vegas Raiders,2026-10-04T20:25:00Z,2026-10-02T17:51+00:00
Kenneth Walker III,rush_yds,110.0,202,Kansas City Chiefs @ Las Vegas Raiders,2026-10-04T20:25:00Z,2026-10-02T17:51+00:00
Kenneth Walker III,rush_yds,120.0,277,Kansas City Chiefs @ Las Vegas Raiders,2026-10-04T20:25:00Z,2026-10-02T17:51+00:00
Kenneth Walker III,rush_yds,130.0,381,Kansas City Chiefs @ Las Vegas Raiders,2026-10-04T20:25:00Z,2026-10-02T17:51+00:00
Kenneth Walker III,rush_yds,140.0,518,Kansas City Chiefs @ Las Vegas Raiders,2026-10-04T20:25:00Z,2026-10-02T17:51+00:00
Kenneth Walker III,rush_yds,150.0,700,Kansas City Chiefs @ Las Vegas Raiders,2026-10-04T20:25:00Z,2026-10-02T17:51+00:00
Kenneth Walker III,rush_yds,160.0,950,Kansas City Chiefs @ Las Vegas Raiders,2026-10-04T20:25:00Z,2026-10-02T17:51+00:00
Kenneth Walker III,rush_yds,170.0,1300,Kansas City Chiefs @ Las Vegas Raiders,2026-10-04T20:25:00Z,2026-10-02T17:51+00:00
Kenneth Walker III,rush_yds,180.0,1740,Kansas City Chiefs @ Las Vegas Raiders,2026-10-04T20:25:00Z,2026-10-02T17:51+00:00
Kenneth Walker III,rush_yds,190.0,2300,Kansas City Chiefs @ Las Vegas Raiders,2026-10-04T20:25:00Z,2026-10-02T17:51+00:00
Kenneth Walker III,rush_yds,200.0,2900,Kansas City Chiefs @ Las Vegas Raiders,2026-10-04T20:25:00Z,2026-10-02T17:51+00:00
Ashton Jeanty,rush_yds,20.0,-2800,Kansas City Chiefs @ Las Vegas Raiders,2026-10-04T20:25:00Z,2026-10-02T17:51+00:00
Ashton Jeanty,rush_yds,25.0,-1340,Kansas City Chiefs @ Las Vegas Raiders,2026-10-04T20:25:00Z,2026-10-02T17:51+00:00
Ashton Jeanty,rush_yds,30.0,-770,Kansas City Chiefs @ Las Vegas Raiders,2026-10-04T20:25:00Z,2026-10-02T17:51+00:00
Ashton Jeanty,rush_yds,40.0,-339,Kansas City Chiefs @ Las Vegas Raiders,2026-10-04T20:25:00Z,2026-10-02T17:51+00:00
Ashton Jeanty,rush_yds,50.0,-181,Kansas City Chiefs @ Las Vegas Raiders,2026-10-04T20:25:00Z,2026-10-02T17:51+00:00
Ashton Jeanty,rush_yds,59.0,-110,Kansas City Chiefs @ Las Vegas Raiders,2026-10-04T20:25:00Z,2026-10-02T17:51+00:00
Ashton Jeanty,rush_yds,60.0,-104,Kansas City Chiefs @ Las Vegas Raiders,2026-10-04T20:25:00Z,2026-10-02T17:51+00:00
Ashton Jeanty,rush_yds,70.0,153,Kansas City Chiefs @ Las Vegas Raiders,2026-10-04T20:25:00Z,2026-10-02T17:51+00:00
Ashton Jeanty,rush_yds,80.0,239,Kansas City Chiefs @ Las Vegas Raiders,2026-10-04T20:25:00Z,2026-10-02T17:51+00:00
Ashton Jeanty,rush_yds,90.0,363,Kansas City Chiefs @ Las Vegas Raiders,2026-10-04T20:25:00Z,2026-10-02T17:51+00:00
Ashton Jeanty,rush_yds,100.0,544,Kansas City Chiefs @ Las Vegas Raiders,2026-10-04T20:25:00Z,2026-10-02T17:51+00:00
Ashton Jeanty,rush_yds,110.0,810,Kansas City Chiefs @ Las Vegas Raiders,2026-10-04T20:25:00Z,2026-10-02T17:51+00:00
Ashton Jeanty,rush_yds,120.0,1220,Kansas City Chiefs @ Las Vegas Raiders,2026-10-04T20:25:00Z,2026-10-02T17:51+00:00
Ashton Jeanty,rush_yds,130.0,1800,Kansas City Chiefs @ Las Vegas Raiders,2026-10-04T20:25:00Z,2026-10-02T17:51+00:00
Ashton Jeanty,rush_yds,140.0,2400,Kansas City Chiefs @ Las Vegas Raiders,2026-10-04T20:25:00Z,2026-10-02T17:51+00:00
Ashton Jeanty,rush_yds,150.0,3400,Kansas City Chiefs @ Las Vegas Raiders,2026-10-04T20:25:00Z,2026-10-02T17:51+00:00
Emmett Johnson,rush_yds,10.0,-268,Kansas City Chiefs @ Las Vegas Raiders,2026-10-04T20:25:00Z,2026-10-02T17:51+00:00
Emmett Johnson,rush_yds,15.0,-143,Kansas City Chiefs @ Las Vegas Raiders,2026-10-04T20:25:00Z,2026-10-02T17:51+00:00
Emmett Johnson,rush_yds,17.0,-116,Kansas City Chiefs @ Las Vegas Raiders,2026-10-04T20:25:00Z,2026-10-02T17:51+00:00
Emmett Johnson,rush_yds,20.0,116,Kansas City Chiefs @ Las Vegas Raiders,2026-10-04T20:25:00Z,2026-10-02T17:51+00:00
Emmett Johnson,rush_yds,25.0,177,Kansas City Chiefs @ Las Vegas Raiders,2026-10-04T20:25:00Z,2026-10-02T17:51+00:00
Emmett Johnson,rush_yds,30.0,256,Kansas City Chiefs @ Las Vegas Raiders,2026-10-04T20:25:00Z,2026-10-02T17:51+00:00
Emmett Johnson,rush_yds,40.0,480,Kansas City Chiefs @ Las Vegas Raiders,2026-10-04T20:25:00Z,2026-10-02T17:51+00:00
Emmett Johnson,rush_yds,50.0,860,Kansas City Chiefs @ Las Vegas Raiders,2026-10-04T20:25:00Z,2026-10-02T17:51+00:00
Emmett Johnson,rush_yds,60.0,1380,Kansas City Chiefs @ Las Vegas Raiders,2026-10-04T20:25:00Z,2026-10-02T17:51+00:00
Emmett Johnson,rush_yds,70.0,2100,Kansas City Chiefs @ Las Vegas Raiders,2026-10-04T20:25:00Z,2026-10-02T17:51+00:00
Emmett Johnson,rush_yds,80.0,3000,Kansas City Chiefs @ Las Vegas Raiders,2026-10-04T20:25:00Z,2026-10-02T17:51+00:00
Mike Washington Jr.,rush_yds,10.0,-332,Kansas City Chiefs @ Las Vegas Raiders,2026-10-04T20:25:00Z,2026-10-02T17:51+00:00
Mike Washington Jr.,rush_yds,15.0,-170,Kansas City Chiefs @ Las Vegas Raiders,2026-10-04T20:25:00Z,2026-10-02T17:51+00:00
Mike Washington Jr.,rush_yds,19.0,-111,Kansas City Chiefs @ Las Vegas Raiders,2026-10-04T20:25:00Z,2026-10-02T17:51+00:00
Mike Washington Jr.,rush_yds,20.0,-101,Kansas City Chiefs @ Las Vegas Raiders,2026-10-04T20:25:00Z,2026-10-02T17:51+00:00
Mike Washington Jr.,rush_yds,25.0,154,Kansas City Chiefs @ Las Vegas Raiders,2026-10-04T20:25:00Z,2026-10-02T17:51+00:00
Mike Washington Jr.,rush_yds,30.0,228,Kansas City Chiefs @ Las Vegas Raiders,2026-10-04T20:25:00Z,2026-10-02T17:51+00:00
Mike Washington Jr.,rush_yds,40.0,444,Kansas City Chiefs @ Las Vegas Raiders,2026-10-04T20:25:00Z,2026-10-02T17:51+00:00
Mike Washington Jr.,rush_yds,50.0,790,Kansas City Chiefs @ Las Vegas Raiders,2026-10-04T20:25:00Z,2026-10-02T17:51+00:00
Mike Washington Jr.,rush_yds,60.0,1300,Kansas City Chiefs @ Las Vegas Raiders,2026-10-04T20:25:00Z,2026-10-02T17:51+00:00
Mike Washington Jr.,rush_yds,70.0,2000,Kansas City Chiefs @ Las Vegas Raiders,2026-10-04T20:25:00Z,2026-10-02T17:51+00:00
Mike Washington Jr.,rush_yds,80.0,3100,Kansas City Chiefs @ Las Vegas Raiders,2026-10-04T20:25:00Z,2026-10-02T17:51+00:00
Patrick Mahomes,rush_yds,10.0,-223,Kansas City Chiefs @ Las Vegas Raiders,2026-10-04T20:25:00Z,2026-10-02T17:51+00:00
Patrick Mahomes,rush_yds,15.0,-126,Kansas City Chiefs @ Las Vegas Raiders,2026-10-04T20:25:00Z,2026-10-02T17:51+00:00
Patrick Mahomes,rush_yds,16.0,-113,Kansas City Chiefs @ Las Vegas Raiders,2026-10-04T20:25:00Z,2026-10-02T17:51+00:00
Patrick Mahomes,rush_yds,20.0,128,Kansas City Chiefs @ Las Vegas Raiders,2026-10-04T20:25:00Z,2026-10-02T17:51+00:00
Patrick Mahomes,rush_yds,25.0,195,Kansas City Chiefs @ Las Vegas Raiders,2026-10-04T20:25:00Z,2026-10-02T17:51+00:00
Patrick Mahomes,rush_yds,30.0,285,Kansas City Chiefs @ Las Vegas Raiders,2026-10-04T20:25:00Z,2026-10-02T17:51+00:00
Patrick Mahomes,rush_yds,40.0,573,Kansas City Chiefs @ Las Vegas Raiders,2026-10-04T20:25:00Z,2026-10-02T17:51+00:00
Patrick Mahomes,rush_yds,50.0,1080,Kansas City Chiefs @ Las Vegas Raiders,2026-10-04T20:25:00Z,2026-10-02T17:51+00:00
Patrick Mahomes,rush_yds,60.0,1900,Kansas City Chiefs @ Las Vegas Raiders,2026-10-04T20:25:00Z,2026-10-02T17:51+00:00
Patrick Mahomes,rush_yds,70.0,3000,Kansas City Chiefs @ Las Vegas Raiders,2026-10-04T20:25:00Z,2026-10-02T17:51+00:00
Kirk Cousins,rush_yds,1.0,100,Kansas City Chiefs @ Las Vegas Raiders,2026-10-04T20:25:00Z,2026-10-02T17:51+00:00
Kirk Cousins,rush_yds,10.0,396,Kansas City Chiefs @ Las Vegas Raiders,2026-10-04T20:25:00Z,2026-10-02T17:51+00:00
Kirk Cousins,rush_yds,15.0,710,Kansas City Chiefs @ Las Vegas Raiders,2026-10-04T20:25:00Z,2026-10-02T17:51+00:00
Kirk Cousins,rush_yds,20.0,1240,Kansas City Chiefs @ Las Vegas Raiders,2026-10-04T20:25:00Z,2026-10-02T17:51+00:00
Kirk Cousins,rush_yds,25.0,2000,Kansas City Chiefs @ Las Vegas Raiders,2026-10-04T20:25:00Z,2026-10-02T17:51+00:00
Kirk Cousins,rush_yds,30.0,3200,Kansas City Chiefs @ Las Vegas Raiders,2026-10-04T20:25:00Z,2026-10-02T17:51+00:00
Sam Darnold,pass_att,22.0,-3000,Los Angeles Chargers @ Seattle Seahawks,2026-10-04T20:25:00Z,2026-10-02T17:51+00:00
Sam Darnold,pass_att,24.0,-1020,Los Angeles Chargers @ Seattle Seahawks,2026-10-04T20:25:00Z,2026-10-02T17:51+00:00
Sam Darnold,pass_att,26.0,-467,Los Angeles Chargers @ Seattle Seahawks,2026-10-04T20:25:00Z,2026-10-02T17:51+00:00
Sam Darnold,pass_att,28.0,-243,Los Angeles Chargers @ Seattle Seahawks,2026-10-04T20:25:00Z,2026-10-02T17:51+00:00
Sam Darnold,pass_att,30.0,-135,Los Angeles Chargers @ Seattle Seahawks,2026-10-04T20:25:00Z,2026-10-02T17:51+00:00
Sam Darnold,pass_att,31.0,-104,Los Angeles Chargers @ Seattle Seahawks,2026-10-04T20:25:00Z,2026-10-02T17:51+00:00
Sam Darnold,pass_att,32.0,125,Los Angeles Chargers @ Seattle Seahawks,2026-10-04T20:25:00Z,2026-10-02T17:51+00:00
Sam Darnold,pass_att,34.0,203,Los Angeles Chargers @ Seattle Seahawks,2026-10-04T20:25:00Z,2026-10-02T17:51+00:00
Sam Darnold,pass_att,36.0,325,Los Angeles Chargers @ Seattle Seahawks,2026-10-04T20:25:00Z,2026-10-02T17:51+00:00
Sam Darnold,pass_att,38.0,518,Los Angeles Chargers @ Seattle Seahawks,2026-10-04T20:25:00Z,2026-10-02T17:51+00:00
Sam Darnold,pass_att,40.0,800,Los Angeles Chargers @ Seattle Seahawks,2026-10-04T20:25:00Z,2026-10-02T17:51+00:00
Sam Darnold,pass_att,42.0,1200,Los Angeles Chargers @ Seattle Seahawks,2026-10-04T20:25:00Z,2026-10-02T17:51+00:00
Sam Darnold,pass_att,44.0,1720,Los Angeles Chargers @ Seattle Seahawks,2026-10-04T20:25:00Z,2026-10-02T17:51+00:00
Justin Herbert,pass_att,22.0,-1680,Los Angeles Chargers @ Seattle Seahawks,2026-10-04T20:25:00Z,2026-10-02T17:51+00:00
Justin Herbert,pass_att,24.0,-710,Los Angeles Chargers @ Seattle Seahawks,2026-10-04T20:25:00Z,2026-10-02T17:51+00:00
Justin Herbert,pass_att,26.0,-355,Los Angeles Chargers @ Seattle Seahawks,2026-10-04T20:25:00Z,2026-10-02T17:51+00:00
Justin Herbert,pass_att,28.0,-200,Los Angeles Chargers @ Seattle Seahawks,2026-10-04T20:25:00Z,2026-10-02T17:51+00:00
Justin Herbert,pass_att,30.0,-119,Los Angeles Chargers @ Seattle Seahawks,2026-10-04T20:25:00Z,2026-10-02T17:51+00:00
Justin Herbert,pass_att,32.0,136,Los Angeles Chargers @ Seattle Seahawks,2026-10-04T20:25:00Z,2026-10-02T17:51+00:00
Justin Herbert,pass_att,34.0,220,Los Angeles Chargers @ Seattle Seahawks,2026-10-04T20:25:00Z,2026-10-02T17:51+00:00
Justin Herbert,pass_att,36.0,363,Los Angeles Chargers @ Seattle Seahawks,2026-10-04T20:25:00Z,2026-10-02T17:51+00:00
Justin Herbert,pass_att,38.0,582,Los Angeles Chargers @ Seattle Seahawks,2026-10-04T20:25:00Z,2026-10-02T17:51+00:00
Justin Herbert,pass_att,40.0,920,Los Angeles Chargers @ Seattle Seahawks,2026-10-04T20:25:00Z,2026-10-02T17:51+00:00
Justin Herbert,pass_att,42.0,1420,Los Angeles Chargers @ Seattle Seahawks,2026-10-04T20:25:00Z,2026-10-02T17:51+00:00
Sam Darnold,pass_cmps,16.0,-1520,Los Angeles Chargers @ Seattle Seahawks,2026-10-04T20:25:00Z,2026-10-02T17:51+00:00
Sam Darnold,pass_cmps,18.0,-503,Los Angeles Chargers @ Seattle Seahawks,2026-10-04T20:25:00Z,2026-10-02T17:51+00:00
Sam Darnold,pass_cmps,20.0,-213,Los Angeles Chargers @ Seattle Seahawks,2026-10-04T20:25:00Z,2026-10-02T17:51+00:00
Sam Darnold,pass_cmps,22.0,-104,Los Angeles Chargers @ Seattle Seahawks,2026-10-04T20:25:00Z,2026-10-02T17:51+00:00
Sam Darnold,pass_cmps,24.0,195,Los Angeles Chargers @ Seattle Seahawks,2026-10-04T20:25:00Z,2026-10-02T17:51+00:00
Sam Darnold,pass_cmps,26.0,384,Los Angeles Chargers @ Seattle Seahawks,2026-10-04T20:25:00Z,2026-10-02T17:51+00:00
Sam Darnold,pass_cmps,28.0,730,Los Angeles Chargers @ Seattle Seahawks,2026-10-04T20:25:00Z,2026-10-02T17:51+00:00
Sam Darnold,pass_cmps,30.0,1320,Los Angeles Chargers @ Seattle Seahawks,2026-10-04T20:25:00Z,2026-10-02T17:51+00:00
Justin Herbert,pass_cmps,14.0,-1120,Los Angeles Chargers @ Seattle Seahawks,2026-10-04T20:25:00Z,2026-10-02T17:51+00:00
Justin Herbert,pass_cmps,16.0,-391,Los Angeles Chargers @ Seattle Seahawks,2026-10-04T20:25:00Z,2026-10-02T17:51+00:00
Justin Herbert,pass_cmps,18.0,-177,Los Angeles Chargers @ Seattle Seahawks,2026-10-04T20:25:00Z,2026-10-02T17:51+00:00
Justin Herbert,pass_cmps,19.0,-121,Los Angeles Chargers @ Seattle Seahawks,2026-10-04T20:25:00Z,2026-10-02T17:51+00:00
Justin Herbert,pass_cmps,20.0,116,Los Angeles Chargers @ Seattle Seahawks,2026-10-04T20:25:00Z,2026-10-02T17:51+00:00
Justin Herbert,pass_cmps,22.0,232,Los Angeles Chargers @ Seattle Seahawks,2026-10-04T20:25:00Z,2026-10-02T17:51+00:00
Justin Herbert,pass_cmps,24.0,448,Los Angeles Chargers @ Seattle Seahawks,2026-10-04T20:25:00Z,2026-10-02T17:51+00:00
Justin Herbert,pass_cmps,26.0,850,Los Angeles Chargers @ Seattle Seahawks,2026-10-04T20:25:00Z,2026-10-02T17:51+00:00
Justin Herbert,pass_cmps,28.0,1600,Los Angeles Chargers @ Seattle Seahawks,2026-10-04T20:25:00Z,2026-10-02T17:51+00:00
Sam Darnold,pass_yds,160.0,-1100,Los Angeles Chargers @ Seattle Seahawks,2026-10-04T20:25:00Z,2026-10-02T17:51+00:00
Sam Darnold,pass_yds,170.0,-740,Los Angeles Chargers @ Seattle Seahawks,2026-10-04T20:25:00Z,2026-10-02T17:51+00:00
Sam Darnold,pass_yds,180.0,-519,Los Angeles Chargers @ Seattle Seahawks,2026-10-04T20:25:00Z,2026-10-02T17:51+00:00
Sam Darnold,pass_yds,190.0,-377,Los Angeles Chargers @ Seattle Seahawks,2026-10-04T20:25:00Z,2026-10-02T17:51+00:00
Sam Darnold,pass_yds,200.0,-278,Los Angeles Chargers @ Seattle Seahawks,2026-10-04T20:25:00Z,2026-10-02T17:51+00:00
Sam Darnold,pass_yds,210.0,-210,Los Angeles Chargers @ Seattle Seahawks,2026-10-04T20:25:00Z,2026-10-02T17:51+00:00
Sam Darnold,pass_yds,220.0,-159,Los Angeles Chargers @ Seattle Seahawks,2026-10-04T20:25:00Z,2026-10-02T17:51+00:00
Sam Darnold,pass_yds,230.0,-123,Los Angeles Chargers @ Seattle Seahawks,2026-10-04T20:25:00Z,2026-10-02T17:51+00:00
Sam Darnold,pass_yds,233.0,-113,Los Angeles Chargers @ Seattle Seahawks,2026-10-04T20:25:00Z,2026-10-02T17:51+00:00
Sam Darnold,pass_yds,240.0,105,Los Angeles Chargers @ Seattle Seahawks,2026-10-04T20:25:00Z,2026-10-02T17:51+00:00
Sam Darnold,pass_yds,250.0,137,Los Angeles Chargers @ Seattle Seahawks,2026-10-04T20:25:00Z,2026-10-02T17:51+00:00
Sam Darnold,pass_yds,260.0,176,Los Angeles Chargers @ Seattle Seahawks,2026-10-04T20:25:00Z,2026-10-02T17:51+00:00
Sam Darnold,pass_yds,270.0,229,Los Angeles Chargers @ Seattle Seahawks,2026-10-04T20:25:00Z,2026-10-02T17:51+00:00
Sam Darnold,pass_yds,280.0,292,Los Angeles Chargers @ Seattle Seahawks,2026-10-04T20:25:00Z,2026-10-02T17:51+00:00
Sam Darnold,pass_yds,290.0,375,Los Angeles Chargers @ Seattle Seahawks,2026-10-04T20:25:00Z,2026-10-02T17:51+00:00
Sam Darnold,pass_yds,300.0,477,Los Angeles Chargers @ Seattle Seahawks,2026-10-04T20:25:00Z,2026-10-02T17:51+00:00
Sam Darnold,pass_yds,310.0,610,Los Angeles Chargers @ Seattle Seahawks,2026-10-04T20:25:00Z,2026-10-02T17:51+00:00
Sam Darnold,pass_yds,320.0,800,Los Angeles Chargers @ Seattle Seahawks,2026-10-04T20:25:00Z,2026-10-02T17:51+00:00
Sam Darnold,pass_yds,330.0,1040,Los Angeles Chargers @ Seattle Seahawks,2026-10-04T20:25:00Z,2026-10-02T17:51+00:00
Sam Darnold,pass_yds,340.0,1320,Los Angeles Chargers @ Seattle Seahawks,2026-10-04T20:25:00Z,2026-10-02T17:51+00:00
Sam Darnold,pass_yds,350.0,1660,Los Angeles Chargers @ Seattle Seahawks,2026-10-04T20:25:00Z,2026-10-02T17:51+00:00
Sam Darnold,pass_yds,360.0,2000,Los Angeles Chargers @ Seattle Seahawks,2026-10-04T20:25:00Z,2026-10-02T17:51+00:00
Sam Darnold,pass_yds,370.0,2500,Los Angeles Chargers @ Seattle Seahawks,2026-10-04T20:25:00Z,2026-10-02T17:51+00:00
Sam Darnold,pass_yds,380.0,3100,Los Angeles Chargers @ Seattle Seahawks,2026-10-04T20:25:00Z,2026-10-02T17:51+00:00
Sam Darnold,pass_yds,390.0,3800,Los Angeles Chargers @ Seattle Seahawks,2026-10-04T20:25:00Z,2026-10-02T17:51+00:00
Justin Herbert,pass_yds,150.0,-466,Los Angeles Chargers @ Seattle Seahawks,2026-10-04T20:25:00Z,2026-10-02T17:51+00:00
Justin Herbert,pass_yds,160.0,-338,Los Angeles Chargers @ Seattle Seahawks,2026-10-04T20:25:00Z,2026-10-02T17:51+00:00
Justin Herbert,pass_yds,170.0,-251,Los Angeles Chargers @ Seattle Seahawks,2026-10-04T20:25:00Z,2026-10-02T17:51+00:00
Justin Herbert,pass_yds,180.0,-190,Los Angeles Chargers @ Seattle Seahawks,2026-10-04T20:25:00Z,2026-10-02T17:51+00:00
Justin Herbert,pass_yds,190.0,-147,Los Angeles Chargers @ Seattle Seahawks,2026-10-04T20:25:00Z,2026-10-02T17:51+00:00
Justin Herbert,pass_yds,200.0,-113,Los Angeles Chargers @ Seattle Seahawks,2026-10-04T20:25:00Z,2026-10-02T17:51+00:00
Justin Herbert,pass_yds,210.0,114,Los Angeles Chargers @ Seattle Seahawks,2026-10-04T20:25:00Z,2026-10-02T17:51+00:00
Justin Herbert,pass_yds,220.0,142,Los Angeles Chargers @ Seattle Seahawks,2026-10-04T20:25:00Z,2026-10-02T17:51+00:00
Justin Herbert,pass_yds,230.0,182,Los Angeles Chargers @ Seattle Seahawks,2026-10-04T20:25:00Z,2026-10-02T17:51+00:00
Justin Herbert,pass_yds,240.0,230,Los Angeles Chargers @ Seattle Seahawks,2026-10-04T20:25:00Z,2026-10-02T17:51+00:00
Justin Herbert,pass_yds,250.0,294,Los Angeles Chargers @ Seattle Seahawks,2026-10-04T20:25:00Z,2026-10-02T17:51+00:00
Justin Herbert,pass_yds,260.0,374,Los Angeles Chargers @ Seattle Seahawks,2026-10-04T20:25:00Z,2026-10-02T17:51+00:00
Justin Herbert,pass_yds,270.0,470,Los Angeles Chargers @ Seattle Seahawks,2026-10-04T20:25:00Z,2026-10-02T17:51+00:00
Justin Herbert,pass_yds,280.0,590,Los Angeles Chargers @ Seattle Seahawks,2026-10-04T20:25:00Z,2026-10-02T17:51+00:00
Justin Herbert,pass_yds,290.0,750,Los Angeles Chargers @ Seattle Seahawks,2026-10-04T20:25:00Z,2026-10-02T17:51+00:00
Justin Herbert,pass_yds,300.0,950,Los Angeles Chargers @ Seattle Seahawks,2026-10-04T20:25:00Z,2026-10-02T17:51+00:00
Justin Herbert,pass_yds,310.0,1200,Los Angeles Chargers @ Seattle Seahawks,2026-10-04T20:25:00Z,2026-10-02T17:51+00:00
Justin Herbert,pass_yds,320.0,1540,Los Angeles Chargers @ Seattle Seahawks,2026-10-04T20:25:00Z,2026-10-02T17:51+00:00
Justin Herbert,pass_yds,330.0,1880,Los Angeles Chargers @ Seattle Seahawks,2026-10-04T20:25:00Z,2026-10-02T17:51+00:00
Justin Herbert,pass_yds,340.0,2300,Los Angeles Chargers @ Seattle Seahawks,2026-10-04T20:25:00Z,2026-10-02T17:51+00:00
Justin Herbert,pass_yds,350.0,2800,Los Angeles Chargers @ Seattle Seahawks,2026-10-04T20:25:00Z,2026-10-02T17:51+00:00
Justin Herbert,pass_yds,360.0,3500,Los Angeles Chargers @ Seattle Seahawks,2026-10-04T20:25:00Z,2026-10-02T17:51+00:00
Jaxon Smith-Njigba,rec_yds,40.0,-1260,Los Angeles Chargers @ Seattle Seahawks,2026-10-04T20:25:00Z,2026-10-02T17:51+00:00
Jaxon Smith-Njigba,rec_yds,50.0,-680,Los Angeles Chargers @ Seattle Seahawks,2026-10-04T20:25:00Z,2026-10-02T17:51+00:00
Jaxon Smith-Njigba,rec_yds,60.0,-411,Los Angeles Chargers @ Seattle Seahawks,2026-10-04T20:25:00Z,2026-10-02T17:51+00:00
Jaxon Smith-Njigba,rec_yds,70.0,-269,Los Angeles Chargers @ Seattle Seahawks,2026-10-04T20:25:00Z,2026-10-02T17:51+00:00
Jaxon Smith-Njigba,rec_yds,80.0,-184,Los Angeles Chargers @ Seattle Seahawks,2026-10-04T20:25:00Z,2026-10-02T17:51+00:00
Jaxon Smith-Njigba,rec_yds,90.0,-127,Los Angeles Chargers @ Seattle Seahawks,2026-10-04T20:25:00Z,2026-10-02T17:51+00:00
Jaxon Smith-Njigba,rec_yds,93.0,-114,Los Angeles Chargers @ Seattle Seahawks,2026-10-04T20:25:00Z,2026-10-02T17:51+00:00
Jaxon Smith-Njigba,rec_yds,100.0,111,Los Angeles Chargers @ Seattle Seahawks,2026-10-04T20:25:00Z,2026-10-02T17:51+00:00
Jaxon Smith-Njigba,rec_yds,110.0,155,Los Angeles Chargers @ Seattle Seahawks,2026-10-04T20:25:00Z,2026-10-02T17:51+00:00
Jaxon Smith-Njigba,rec_yds,120.0,212,Los Angeles Chargers @ Seattle Seahawks,2026-10-04T20:25:00Z,2026-10-02T17:51+00:00
Jaxon Smith-Njigba,rec_yds,130.0,286,Los Angeles Chargers @ Seattle Seahawks,2026-10-04T20:25:00Z,2026-10-02T17:51+00:00
Jaxon Smith-Njigba,rec_yds,140.0,388,Los Angeles Chargers @ Seattle Seahawks,2026-10-04T20:25:00Z,2026-10-02T17:51+00:00
Jaxon Smith-Njigba,rec_yds,150.0,522,Los Angeles Chargers @ Seattle Seahawks,2026-10-04T20:25:00Z,2026-10-02T17:51+00:00
Jaxon Smith-Njigba,rec_yds,160.0,690,Los Angeles Chargers @ Seattle Seahawks,2026-10-04T20:25:00Z,2026-10-02T17:51+00:00
Jaxon Smith-Njigba,rec_yds,170.0,930,Los Angeles Chargers @ Seattle Seahawks,2026-10-04T20:25:00Z,2026-10-02T17:51+00:00
Jaxon Smith-Njigba,rec_yds,180.0,1240,Los Angeles Chargers @ Seattle Seahawks,2026-10-04T20:25:00Z,2026-10-02T17:51+00:00
Jaxon Smith-Njigba,rec_yds,190.0,1620,Los Angeles Chargers @ Seattle Seahawks,2026-10-04T20:25:00Z,2026-10-02T17:51+00:00
Jaxon Smith-Njigba,rec_yds,200.0,2100,Los Angeles Chargers @ Seattle Seahawks,2026-10-04T20:25:00Z,2026-10-02T17:51+00:00
AJ Barner,rec_yds,15.0,-416,Los Angeles Chargers @ Seattle Seahawks,2026-10-04T20:25:00Z,2026-10-02T17:51+00:00
AJ Barner,rec_yds,25.0,-183,Los Angeles Chargers @ Seattle Seahawks,2026-10-04T20:25:00Z,2026-10-02T17:51+00:00
AJ Barner,rec_yds,33.0,-109,Los Angeles Chargers @ Seattle Seahawks,2026-10-04T20:25:00Z,2026-10-02T17:51+00:00
AJ Barner,rec_yds,40.0,137,Los Angeles Chargers @ Seattle Seahawks,2026-10-04T20:25:00Z,2026-10-02T17:51+00:00
AJ Barner,rec_yds,50.0,230,Los Angeles Chargers @ Seattle Seahawks,2026-10-04T20:25:00Z,2026-10-02T17:51+00:00
AJ Barner,rec_yds,60.0,379,Los Angeles Chargers @ Seattle Seahawks,2026-10-04T20:25:00Z,2026-10-02T17:51+00:00
AJ Barner,rec_yds,70.0,610,Los Angeles Chargers @ Seattle Seahawks,2026-10-04T20:25:00Z,2026-10-02T17:51+00:00
AJ Barner,rec_yds,80.0,950,Los Angeles Chargers @ Seattle Seahawks,2026-10-04T20:25:00Z,2026-10-02T17:51+00:00
AJ Barner,rec_yds,90.0,1420,Los Angeles Chargers @ Seattle Seahawks,2026-10-04T20:25:00Z,2026-10-02T17:51+00:00
AJ Barner,rec_yds,100.0,2100,Los Angeles Chargers @ Seattle Seahawks,2026-10-04T20:25:00Z,2026-10-02T17:51+00:00
AJ Barner,rec_yds,110.0,3000,Los Angeles Chargers @ Seattle Seahawks,2026-10-04T20:25:00Z,2026-10-02T17:51+00:00
Cooper Kupp,rec_yds,15.0,-256,Los Angeles Chargers @ Seattle Seahawks,2026-10-04T20:25:00Z,2026-10-02T17:51+00:00
Cooper Kupp,rec_yds,25.0,-120,Los Angeles Chargers @ Seattle Seahawks,2026-10-04T20:25:00Z,2026-10-02T17:51+00:00
Cooper Kupp,rec_yds,26.0,-112,Los Angeles Chargers @ Seattle Seahawks,2026-10-04T20:25:00Z,2026-10-02T17:51+00:00
Cooper Kupp,rec_yds,40.0,204,Los Angeles Chargers @ Seattle Seahawks,2026-10-04T20:25:00Z,2026-10-02T17:51+00:00
Cooper Kupp,rec_yds,50.0,348,Los Angeles Chargers @ Seattle Seahawks,2026-10-04T20:25:00Z,2026-10-02T17:51+00:00
Cooper Kupp,rec_yds,60.0,573,Los Angeles Chargers @ Seattle Seahawks,2026-10-04T20:25:00Z,2026-10-02T17:51+00:00
Cooper Kupp,rec_yds,70.0,940,Los Angeles Chargers @ Seattle Seahawks,2026-10-04T20:25:00Z,2026-10-02T17:51+00:00
Cooper Kupp,rec_yds,80.0,1460,Los Angeles Chargers @ Seattle Seahawks,2026-10-04T20:25:00Z,2026-10-02T17:51+00:00
Cooper Kupp,rec_yds,90.0,2200,Los Angeles Chargers @ Seattle Seahawks,2026-10-04T20:25:00Z,2026-10-02T17:51+00:00
Cooper Kupp,rec_yds,100.0,3200,Los Angeles Chargers @ Seattle Seahawks,2026-10-04T20:25:00Z,2026-10-02T17:51+00:00
Rashid Shaheed,rec_yds,15.0,-196,Los Angeles Chargers @ Seattle Seahawks,2026-10-04T20:25:00Z,2026-10-02T17:51+00:00
Rashid Shaheed,rec_yds,22.0,-113,Los Angeles Chargers @ Seattle Seahawks,2026-10-04T20:25:00Z,2026-10-02T17:51+00:00
Rashid Shaheed,rec_yds,25.0,107,Los Angeles Chargers @ Seattle Seahawks,2026-10-04T20:25:00Z,2026-10-02T17:51+00:00
Rashid Shaheed,rec_yds,40.0,259,Los Angeles Chargers @ Seattle Seahawks,2026-10-04T20:25:00Z,2026-10-02T17:51+00:00
Rashid Shaheed,rec_yds,50.0,437,Los Angeles Chargers @ Seattle Seahawks,2026-10-04T20:25:00Z,2026-10-02T17:51+00:00
Rashid Shaheed,rec_yds,60.0,710,Los Angeles Chargers @ Seattle Seahawks,2026-10-04T20:25:00Z,2026-10-02T17:51+00:00
Rashid Shaheed,rec_yds,70.0,1100,Los Angeles Chargers @ Seattle Seahawks,2026-10-04T20:25:00Z,2026-10-02T17:51+00:00
Rashid Shaheed,rec_yds,80.0,1720,Los Angeles Chargers @ Seattle Seahawks,2026-10-04T20:25:00Z,2026-10-02T17:51+00:00
Rashid Shaheed,rec_yds,90.0,2500,Los Angeles Chargers @ Seattle Seahawks,2026-10-04T20:25:00Z,2026-10-02T17:51+00:00
Rashid Shaheed,rec_yds,100.0,3600,Los Angeles Chargers @ Seattle Seahawks,2026-10-04T20:25:00Z,2026-10-02T17:51+00:00
Tory Horton,rec_yds,12.0,-108,Los Angeles Chargers @ Seattle Seahawks,2026-10-04T20:25:00Z,2026-10-02T17:51+00:00
Tory Horton,rec_yds,15.0,120,Los Angeles Chargers @ Seattle Seahawks,2026-10-04T20:25:00Z,2026-10-02T17:51+00:00
Tory Horton,rec_yds,25.0,257,Los Angeles Chargers @ Seattle Seahawks,2026-10-04T20:25:00Z,2026-10-02T17:51+00:00
Tory Horton,rec_yds,40.0,630,Los Angeles Chargers @ Seattle Seahawks,2026-10-04T20:25:00Z,2026-10-02T17:51+00:00
Tory Horton,rec_yds,50.0,1100,Los Angeles Chargers @ Seattle Seahawks,2026-10-04T20:25:00Z,2026-10-02T17:51+00:00
Tory Horton,rec_yds,60.0,1860,Los Angeles Chargers @ Seattle Seahawks,2026-10-04T20:25:00Z,2026-10-02T17:51+00:00
Tory Horton,rec_yds,70.0,2900,Los Angeles Chargers @ Seattle Seahawks,2026-10-04T20:25:00Z,2026-10-02T17:51+00:00
Jadarian Price,rec_yds,11.0,-113,Los Angeles Chargers @ Seattle Seahawks,2026-10-04T20:25:00Z,2026-10-02T17:51+00:00
Jadarian Price,rec_yds,15.0,137,Los Angeles Chargers @ Seattle Seahawks,2026-10-04T20:25:00Z,2026-10-02T17:51+00:00
Jadarian Price,rec_yds,25.0,308,Los Angeles Chargers @ Seattle Seahawks,2026-10-04T20:25:00Z,2026-10-02T17:51+00:00
Jadarian Price,rec_yds,40.0,910,Los Angeles Chargers @ Seattle Seahawks,2026-10-04T20:25:00Z,2026-10-02T17:51+00:00
Jadarian Price,rec_yds,50.0,1580,Los Angeles Chargers @ Seattle Seahawks,2026-10-04T20:25:00Z,2026-10-02T17:51+00:00
Jadarian Price,rec_yds,60.0,2600,Los Angeles Chargers @ Seattle Seahawks,2026-10-04T20:25:00Z,2026-10-02T17:51+00:00
George Holani,rec_yds,8.0,-117,Los Angeles Chargers @ Seattle Seahawks,2026-10-04T20:25:00Z,2026-10-02T17:51+00:00
George Holani,rec_yds,15.0,198,Los Angeles Chargers @ Seattle Seahawks,2026-10-04T20:25:00Z,2026-10-02T17:51+00:00
George Holani,rec_yds,25.0,464,Los Angeles Chargers @ Seattle Seahawks,2026-10-04T20:25:00Z,2026-10-02T17:51+00:00
George Holani,rec_yds,40.0,1320,Los Angeles Chargers @ Seattle Seahawks,2026-10-04T20:25:00Z,2026-10-02T17:51+00:00
George Holani,rec_yds,50.0,2200,Los Angeles Chargers @ Seattle Seahawks,2026-10-04T20:25:00Z,2026-10-02T17:51+00:00
George Holani,rec_yds,60.0,3200,Los Angeles Chargers @ Seattle Seahawks,2026-10-04T20:25:00Z,2026-10-02T17:51+00:00
Jaxon Smith-Njigba,receptions,4.0,-2100,Los Angeles Chargers @ Seattle Seahawks,2026-10-04T20:25:00Z,2026-10-02T17:51+00:00
Jaxon Smith-Njigba,receptions,5.0,-690,Los Angeles Chargers @ Seattle Seahawks,2026-10-04T20:25:00Z,2026-10-02T17:51+00:00
Jaxon Smith-Njigba,receptions,6.0,-307,Los Angeles Chargers @ Seattle Seahawks,2026-10-04T20:25:00Z,2026-10-02T17:51+00:00
Jaxon Smith-Njigba,receptions,7.0,-157,Los Angeles Chargers @ Seattle Seahawks,2026-10-04T20:25:00Z,2026-10-02T17:51+00:00
Jaxon Smith-Njigba,receptions,8.0,116,Los Angeles Chargers @ Seattle Seahawks,2026-10-04T20:25:00Z,2026-10-02T17:51+00:00
Jaxon Smith-Njigba,receptions,9.0,203,Los Angeles Chargers @ Seattle Seahawks,2026-10-04T20:25:00Z,2026-10-02T17:51+00:00
Jaxon Smith-Njigba,receptions,10.0,350,Los Angeles Chargers @ Seattle Seahawks,2026-10-04T20:25:00Z,2026-10-02T17:51+00:00
Jaxon Smith-Njigba,receptions,11.0,600,Los Angeles Chargers @ Seattle Seahawks,2026-10-04T20:25:00Z,2026-10-02T17:51+00:00
Jaxon Smith-Njigba,receptions,12.0,1000,Los Angeles Chargers @ Seattle Seahawks,2026-10-04T20:25:00Z,2026-10-02T17:51+00:00
Jaxon Smith-Njigba,receptions,13.0,1560,Los Angeles Chargers @ Seattle Seahawks,2026-10-04T20:25:00Z,2026-10-02T17:51+00:00
Jaxon Smith-Njigba,receptions,14.0,2300,Los Angeles Chargers @ Seattle Seahawks,2026-10-04T20:25:00Z,2026-10-02T17:51+00:00
AJ Barner,receptions,2.0,-610,Los Angeles Chargers @ Seattle Seahawks,2026-10-04T20:25:00Z,2026-10-02T17:51+00:00
AJ Barner,receptions,3.0,-192,Los Angeles Chargers @ Seattle Seahawks,2026-10-04T20:25:00Z,2026-10-02T17:51+00:00
AJ Barner,receptions,4.0,131,Los Angeles Chargers @ Seattle Seahawks,2026-10-04T20:25:00Z,2026-10-02T17:51+00:00
AJ Barner,receptions,5.0,297,Los Angeles Chargers @ Seattle Seahawks,2026-10-04T20:25:00Z,2026-10-02T17:51+00:00
AJ Barner,receptions,6.0,640,Los Angeles Chargers @ Seattle Seahawks,2026-10-04T20:25:00Z,2026-10-02T17:51+00:00
AJ Barner,receptions,7.0,1280,Los Angeles Chargers @ Seattle Seahawks,2026-10-04T20:25:00Z,2026-10-02T17:51+00:00
AJ Barner,receptions,8.0,2200,Los Angeles Chargers @ Seattle Seahawks,2026-10-04T20:25:00Z,2026-10-02T17:51+00:00
Cooper Kupp,receptions,2.0,-294,Los Angeles Chargers @ Seattle Seahawks,2026-10-04T20:25:00Z,2026-10-02T17:51+00:00
Cooper Kupp,receptions,3.0,105,Los Angeles Chargers @ Seattle Seahawks,2026-10-04T20:25:00Z,2026-10-02T17:51+00:00
Cooper Kupp,receptions,4.0,262,Los Angeles Chargers @ Seattle Seahawks,2026-10-04T20:25:00Z,2026-10-02T17:51+00:00
Cooper Kupp,receptions,5.0,620,Los Angeles Chargers @ Seattle Seahawks,2026-10-04T20:25:00Z,2026-10-02T17:51+00:00
Cooper Kupp,receptions,6.0,1420,Los Angeles Chargers @ Seattle Seahawks,2026-10-04T20:25:00Z,2026-10-02T17:51+00:00
Cooper Kupp,receptions,7.0,2600,Los Angeles Chargers @ Seattle Seahawks,2026-10-04T20:25:00Z,2026-10-02T17:51+00:00
Rashid Shaheed,receptions,2.0,-200,Los Angeles Chargers @ Seattle Seahawks,2026-10-04T20:25:00Z,2026-10-02T17:51+00:00
Rashid Shaheed,receptions,3.0,149,Los Angeles Chargers @ Seattle Seahawks,2026-10-04T20:25:00Z,2026-10-02T17:51+00:00
Rashid Shaheed,receptions,4.0,379,Los Angeles Chargers @ Seattle Seahawks,2026-10-04T20:25:00Z,2026-10-02T17:51+00:00
Rashid Shaheed,receptions,5.0,930,Los Angeles Chargers @ Seattle Seahawks,2026-10-04T20:25:00Z,2026-10-02T17:51+00:00
Rashid Shaheed,receptions,6.0,1940,Los Angeles Chargers @ Seattle Seahawks,2026-10-04T20:25:00Z,2026-10-02T17:51+00:00
George Holani,receptions,2.0,111,Los Angeles Chargers @ Seattle Seahawks,2026-10-04T20:25:00Z,2026-10-02T17:51+00:00
George Holani,receptions,3.0,312,Los Angeles Chargers @ Seattle Seahawks,2026-10-04T20:25:00Z,2026-10-02T17:51+00:00
George Holani,receptions,4.0,760,Los Angeles Chargers @ Seattle Seahawks,2026-10-04T20:25:00Z,2026-10-02T17:51+00:00
George Holani,receptions,5.0,1600,Los Angeles Chargers @ Seattle Seahawks,2026-10-04T20:25:00Z,2026-10-02T17:51+00:00
George Holani,receptions,6.0,2800,Los Angeles Chargers @ Seattle Seahawks,2026-10-04T20:25:00Z,2026-10-02T17:51+00:00
Jadarian Price,receptions,2.0,-126,Los Angeles Chargers @ Seattle Seahawks,2026-10-04T20:25:00Z,2026-10-02T17:51+00:00
Jadarian Price,receptions,3.0,243,Los Angeles Chargers @ Seattle Seahawks,2026-10-04T20:25:00Z,2026-10-02T17:51+00:00
Jadarian Price,receptions,4.0,640,Los Angeles Chargers @ Seattle Seahawks,2026-10-04T20:25:00Z,2026-10-02T17:51+00:00
Jadarian Price,receptions,5.0,1560,Los Angeles Chargers @ Seattle Seahawks,2026-10-04T20:25:00Z,2026-10-02T17:51+00:00
Tory Horton,receptions,2.0,143,Los Angeles Chargers @ Seattle Seahawks,2026-10-04T20:25:00Z,2026-10-02T17:51+00:00
Tory Horton,receptions,3.0,466,Los Angeles Chargers @ Seattle Seahawks,2026-10-04T20:25:00Z,2026-10-02T17:51+00:00
Tory Horton,receptions,4.0,1300,Los Angeles Chargers @ Seattle Seahawks,2026-10-04T20:25:00Z,2026-10-02T17:51+00:00
Tory Horton,receptions,5.0,2900,Los Angeles Chargers @ Seattle Seahawks,2026-10-04T20:25:00Z,2026-10-02T17:51+00:00
Omarion Hampton,rush_att,8.0,-2600,Los Angeles Chargers @ Seattle Seahawks,2026-10-04T20:25:00Z,2026-10-02T17:51+00:00
Omarion Hampton,rush_att,10.0,-610,Los Angeles Chargers @ Seattle Seahawks,2026-10-04T20:25:00Z,2026-10-02T17:51+00:00
Omarion Hampton,rush_att,12.0,-241,Los Angeles Chargers @ Seattle Seahawks,2026-10-04T20:25:00Z,2026-10-02T17:51+00:00
Omarion Hampton,rush_att,14.0,-111,Los Angeles Chargers @ Seattle Seahawks,2026-10-04T20:25:00Z,2026-10-02T17:51+00:00
Omarion Hampton,rush_att,16.0,181,Los Angeles Chargers @ Seattle Seahawks,2026-10-04T20:25:00Z,2026-10-02T17:51+00:00
Omarion Hampton,rush_att,18.0,350,Los Angeles Chargers @ Seattle Seahawks,2026-10-04T20:25:00Z,2026-10-02T17:51+00:00
Omarion Hampton,rush_att,20.0,670,Los Angeles Chargers @ Seattle Seahawks,2026-10-04T20:25:00Z,2026-10-02T17:51+00:00
Omarion Hampton,rush_att,22.0,1300,Los Angeles Chargers @ Seattle Seahawks,2026-10-04T20:25:00Z,2026-10-02T17:51+00:00
Emanuel Wilson,rush_yds,15.0,-1540,Los Angeles Chargers @ Seattle Seahawks,2026-10-04T20:25:00Z,2026-10-02T17:51+00:00
Emanuel Wilson,rush_yds,20.0,-760,Los Angeles Chargers @ Seattle Seahawks,2026-10-04T20:25:00Z,2026-10-02T17:51+00:00
Emanuel Wilson,rush_yds,25.0,-447,Los Angeles Chargers @ Seattle Seahawks,2026-10-04T20:25:00Z,2026-10-02T17:51+00:00
Emanuel Wilson,rush_yds,30.0,-295,Los Angeles Chargers @ Seattle Seahawks,2026-10-04T20:25:00Z,2026-10-02T17:51+00:00
Emanuel Wilson,rush_yds,40.0,-150,Los Angeles Chargers @ Seattle Seahawks,2026-10-04T20:25:00Z,2026-10-02T17:51+00:00
Emanuel Wilson,rush_yds,45.0,-113,Los Angeles Chargers @ Seattle Seahawks,2026-10-04T20:25:00Z,2026-10-02T17:51+00:00
Emanuel Wilson,rush_yds,50.0,115,Los Angeles Chargers @ Seattle Seahawks,2026-10-04T20:25:00Z,2026-10-02T17:51+00:00
Emanuel Wilson,rush_yds,60.0,183,Los Angeles Chargers @ Seattle Seahawks,2026-10-04T20:25:00Z,2026-10-02T17:51+00:00
Emanuel Wilson,rush_yds,70.0,288,Los Angeles Chargers @ Seattle Seahawks,2026-10-04T20:25:00Z,2026-10-02T17:51+00:00
Emanuel Wilson,rush_yds,80.0,436,Los Angeles Chargers @ Seattle Seahawks,2026-10-04T20:25:00Z,2026-10-02T17:51+00:00
Emanuel Wilson,rush_yds,90.0,640,Los Angeles Chargers @ Seattle Seahawks,2026-10-04T20:25:00Z,2026-10-02T17:51+00:00
Emanuel Wilson,rush_yds,100.0,960,Los Angeles Chargers @ Seattle Seahawks,2026-10-04T20:25:00Z,2026-10-02T17:51+00:00
Emanuel Wilson,rush_yds,110.0,1400,Los Angeles Chargers @ Seattle Seahawks,2026-10-04T20:25:00Z,2026-10-02T17:51+00:00
Emanuel Wilson,rush_yds,120.0,2000,Los Angeles Chargers @ Seattle Seahawks,2026-10-04T20:25:00Z,2026-10-02T17:51+00:00
Emanuel Wilson,rush_yds,130.0,2800,Los Angeles Chargers @ Seattle Seahawks,2026-10-04T20:25:00Z,2026-10-02T17:51+00:00
Emanuel Wilson,rush_yds,140.0,3700,Los Angeles Chargers @ Seattle Seahawks,2026-10-04T20:25:00Z,2026-10-02T17:51+00:00
Omarion Hampton,rush_yds,20.0,-1300,Los Angeles Chargers @ Seattle Seahawks,2026-10-04T20:25:00Z,2026-10-02T17:51+00:00
Omarion Hampton,rush_yds,25.0,-700,Los Angeles Chargers @ Seattle Seahawks,2026-10-04T20:25:00Z,2026-10-02T17:51+00:00
Omarion Hampton,rush_yds,30.0,-413,Los Angeles Chargers @ Seattle Seahawks,2026-10-04T20:25:00Z,2026-10-02T17:51+00:00
Omarion Hampton,rush_yds,40.0,-179,Los Angeles Chargers @ Seattle Seahawks,2026-10-04T20:25:00Z,2026-10-02T17:51+00:00
Omarion Hampton,rush_yds,47.0,-111,Los Angeles Chargers @ Seattle Seahawks,2026-10-04T20:25:00Z,2026-10-02T17:51+00:00
Omarion Hampton,rush_yds,50.0,108,Los Angeles Chargers @ Seattle Seahawks,2026-10-04T20:25:00Z,2026-10-02T17:51+00:00
Omarion Hampton,rush_yds,60.0,191,Los Angeles Chargers @ Seattle Seahawks,2026-10-04T20:25:00Z,2026-10-02T17:51+00:00
Omarion Hampton,rush_yds,70.0,320,Los Angeles Chargers @ Seattle Seahawks,2026-10-04T20:25:00Z,2026-10-02T17:51+00:00
Omarion Hampton,rush_yds,80.0,517,Los Angeles Chargers @ Seattle Seahawks,2026-10-04T20:25:00Z,2026-10-02T17:51+00:00
Omarion Hampton,rush_yds,90.0,820,Los Angeles Chargers @ Seattle Seahawks,2026-10-04T20:25:00Z,2026-10-02T17:51+00:00
Omarion Hampton,rush_yds,100.0,1260,Los Angeles Chargers @ Seattle Seahawks,2026-10-04T20:25:00Z,2026-10-02T17:51+00:00
Omarion Hampton,rush_yds,110.0,1900,Los Angeles Chargers @ Seattle Seahawks,2026-10-04T20:25:00Z,2026-10-02T17:51+00:00
Omarion Hampton,rush_yds,120.0,2700,Los Angeles Chargers @ Seattle Seahawks,2026-10-04T20:25:00Z,2026-10-02T17:51+00:00
Omarion Hampton,rush_yds,130.0,3800,Los Angeles Chargers @ Seattle Seahawks,2026-10-04T20:25:00Z,2026-10-02T17:51+00:00
Jadarian Price,rush_yds,10.0,-2900,Los Angeles Chargers @ Seattle Seahawks,2026-10-04T20:25:00Z,2026-10-02T17:51+00:00
Jadarian Price,rush_yds,15.0,-1260,Los Angeles Chargers @ Seattle Seahawks,2026-10-04T20:25:00Z,2026-10-02T17:51+00:00
Jadarian Price,rush_yds,20.0,-670,Los Angeles Chargers @ Seattle Seahawks,2026-10-04T20:25:00Z,2026-10-02T17:51+00:00
Jadarian Price,rush_yds,25.0,-404,Los Angeles Chargers @ Seattle Seahawks,2026-10-04T20:25:00Z,2026-10-02T17:51+00:00
Jadarian Price,rush_yds,30.0,-274,Los Angeles Chargers @ Seattle Seahawks,2026-10-04T20:25:00Z,2026-10-02T17:51+00:00
Jadarian Price,rush_yds,40.0,-137,Los Angeles Chargers @ Seattle Seahawks,2026-10-04T20:25:00Z,2026-10-02T17:51+00:00
Jadarian Price,rush_yds,44.0,-109,Los Angeles Chargers @ Seattle Seahawks,2026-10-04T20:25:00Z,2026-10-02T17:51+00:00
Jadarian Price,rush_yds,50.0,128,Los Angeles Chargers @ Seattle Seahawks,2026-10-04T20:25:00Z,2026-10-02T17:51+00:00
Jadarian Price,rush_yds,60.0,215,Los Angeles Chargers @ Seattle Seahawks,2026-10-04T20:25:00Z,2026-10-02T17:51+00:00
Jadarian Price,rush_yds,70.0,344,Los Angeles Chargers @ Seattle Seahawks,2026-10-04T20:25:00Z,2026-10-02T17:51+00:00
Jadarian Price,rush_yds,80.0,518,Los Angeles Chargers @ Seattle Seahawks,2026-10-04T20:25:00Z,2026-10-02T17:51+00:00
Jadarian Price,rush_yds,90.0,790,Los Angeles Chargers @ Seattle Seahawks,2026-10-04T20:25:00Z,2026-10-02T17:51+00:00
Jadarian Price,rush_yds,100.0,1160,Los Angeles Chargers @ Seattle Seahawks,2026-10-04T20:25:00Z,2026-10-02T17:51+00:00
Jadarian Price,rush_yds,110.0,1720,Los Angeles Chargers @ Seattle Seahawks,2026-10-04T20:25:00Z,2026-10-02T17:51+00:00
Jadarian Price,rush_yds,120.0,2400,Los Angeles Chargers @ Seattle Seahawks,2026-10-04T20:25:00Z,2026-10-02T17:51+00:00
Justin Herbert,rush_yds,10.0,-456,Los Angeles Chargers @ Seattle Seahawks,2026-10-04T20:25:00Z,2026-10-02T17:51+00:00
Justin Herbert,rush_yds,15.0,-229,Los Angeles Chargers @ Seattle Seahawks,2026-10-04T20:25:00Z,2026-10-02T17:51+00:00
Justin Herbert,rush_yds,20.0,-133,Los Angeles Chargers @ Seattle Seahawks,2026-10-04T20:25:00Z,2026-10-02T17:51+00:00
Justin Herbert,rush_yds,22.0,-109,Los Angeles Chargers @ Seattle Seahawks,2026-10-04T20:25:00Z,2026-10-02T17:51+00:00
Justin Herbert,rush_yds,25.0,121,Los Angeles Chargers @ Seattle Seahawks,2026-10-04T20:25:00Z,2026-10-02T17:51+00:00
Justin Herbert,rush_yds,30.0,187,Los Angeles Chargers @ Seattle Seahawks,2026-10-04T20:25:00Z,2026-10-02T17:51+00:00
Justin Herbert,rush_yds,40.0,417,Los Angeles Chargers @ Seattle Seahawks,2026-10-04T20:25:00Z,2026-10-02T17:51+00:00
Justin Herbert,rush_yds,50.0,850,Los Angeles Chargers @ Seattle Seahawks,2026-10-04T20:25:00Z,2026-10-02T17:51+00:00
Justin Herbert,rush_yds,60.0,1580,Los Angeles Chargers @ Seattle Seahawks,2026-10-04T20:25:00Z,2026-10-02T17:51+00:00
Justin Herbert,rush_yds,70.0,2800,Los Angeles Chargers @ Seattle Seahawks,2026-10-04T20:25:00Z,2026-10-02T17:51+00:00
Keaton Mitchell,rush_yds,10.0,-302,Los Angeles Chargers @ Seattle Seahawks,2026-10-04T20:25:00Z,2026-10-02T17:51+00:00
Keaton Mitchell,rush_yds,15.0,-148,Los Angeles Chargers @ Seattle Seahawks,2026-10-04T20:25:00Z,2026-10-02T17:51+00:00
Keaton Mitchell,rush_yds,17.0,-115,Los Angeles Chargers @ Seattle Seahawks,2026-10-04T20:25:00Z,2026-10-02T17:51+00:00
Keaton Mitchell,rush_yds,20.0,123,Los Angeles Chargers @ Seattle Seahawks,2026-10-04T20:25:00Z,2026-10-02T17:51+00:00
Keaton Mitchell,rush_yds,25.0,202,Los Angeles Chargers @ Seattle Seahawks,2026-10-04T20:25:00Z,2026-10-02T17:51+00:00
Keaton Mitchell,rush_yds,30.0,317,Los Angeles Chargers @ Seattle Seahawks,2026-10-04T20:25:00Z,2026-10-02T17:51+00:00
Keaton Mitchell,rush_yds,40.0,670,Los Angeles Chargers @ Seattle Seahawks,2026-10-04T20:25:00Z,2026-10-02T17:51+00:00
Keaton Mitchell,rush_yds,50.0,1280,Los Angeles Chargers @ Seattle Seahawks,2026-10-04T20:25:00Z,2026-10-02T17:51+00:00
Keaton Mitchell,rush_yds,60.0,2100,Los Angeles Chargers @ Seattle Seahawks,2026-10-04T20:25:00Z,2026-10-02T17:51+00:00
Keaton Mitchell,rush_yds,70.0,3200,Los Angeles Chargers @ Seattle Seahawks,2026-10-04T20:25:00Z,2026-10-02T17:51+00:00
Sam Darnold,rush_yds,5.0,-115,Los Angeles Chargers @ Seattle Seahawks,2026-10-04T20:25:00Z,2026-10-02T17:51+00:00
Sam Darnold,rush_yds,10.0,174,Los Angeles Chargers @ Seattle Seahawks,2026-10-04T20:25:00Z,2026-10-02T17:51+00:00
Sam Darnold,rush_yds,15.0,304,Los Angeles Chargers @ Seattle Seahawks,2026-10-04T20:25:00Z,2026-10-02T17:51+00:00
Sam Darnold,rush_yds,20.0,501,Los Angeles Chargers @ Seattle Seahawks,2026-10-04T20:25:00Z,2026-10-02T17:51+00:00
Sam Darnold,rush_yds,25.0,800,Los Angeles Chargers @ Seattle Seahawks,2026-10-04T20:25:00Z,2026-10-02T17:51+00:00
Sam Darnold,rush_yds,30.0,1240,Los Angeles Chargers @ Seattle Seahawks,2026-10-04T20:25:00Z,2026-10-02T17:51+00:00
Sam Darnold,rush_yds,40.0,2700,Los Angeles Chargers @ Seattle Seahawks,2026-10-04T20:25:00Z,2026-10-02T17:51+00:00
Bryce Young,pass_att,26.0,-2800,Detroit Lions @ Carolina Panthers,2026-10-05T00:20:00Z,2026-10-02T17:51+00:00
Bryce Young,pass_att,28.0,-1060,Detroit Lions @ Carolina Panthers,2026-10-05T00:20:00Z,2026-10-02T17:51+00:00
Bryce Young,pass_att,30.0,-521,Detroit Lions @ Carolina Panthers,2026-10-05T00:20:00Z,2026-10-02T17:51+00:00
Bryce Young,pass_att,32.0,-289,Detroit Lions @ Carolina Panthers,2026-10-05T00:20:00Z,2026-10-02T17:51+00:00
Bryce Young,pass_att,34.0,-170,Detroit Lions @ Carolina Panthers,2026-10-05T00:20:00Z,2026-10-02T17:51+00:00
Bryce Young,pass_att,36.0,-105,Detroit Lions @ Carolina Panthers,2026-10-05T00:20:00Z,2026-10-02T17:51+00:00
Bryce Young,pass_att,38.0,152,Detroit Lions @ Carolina Panthers,2026-10-05T00:20:00Z,2026-10-02T17:51+00:00
Bryce Young,pass_att,40.0,234,Detroit Lions @ Carolina Panthers,2026-10-05T00:20:00Z,2026-10-02T17:51+00:00
Bryce Young,pass_att,42.0,363,Detroit Lions @ Carolina Panthers,2026-10-05T00:20:00Z,2026-10-02T17:51+00:00
Bryce Young,pass_att,44.0,561,Detroit Lions @ Carolina Panthers,2026-10-05T00:20:00Z,2026-10-02T17:51+00:00
Bryce Young,pass_att,46.0,850,Detroit Lions @ Carolina Panthers,2026-10-05T00:20:00Z,2026-10-02T17:51+00:00
Bryce Young,pass_att,48.0,1260,Detroit Lions @ Carolina Panthers,2026-10-05T00:20:00Z,2026-10-02T17:51+00:00
Jared Goff,pass_att,26.0,-2300,Detroit Lions @ Carolina Panthers,2026-10-05T00:20:00Z,2026-10-02T17:51+00:00
Jared Goff,pass_att,28.0,-890,Detroit Lions @ Carolina Panthers,2026-10-05T00:20:00Z,2026-10-02T17:51+00:00
Jared Goff,pass_att,30.0,-450,Detroit Lions @ Carolina Panthers,2026-10-05T00:20:00Z,2026-10-02T17:51+00:00
Jared Goff,pass_att,32.0,-248,Detroit Lions @ Carolina Panthers,2026-10-05T00:20:00Z,2026-10-02T17:51+00:00
Jared Goff,pass_att,34.0,-148,Detroit Lions @ Carolina Panthers,2026-10-05T00:20:00Z,2026-10-02T17:51+00:00
Jared Goff,pass_att,35.0,-116,Detroit Lions @ Carolina Panthers,2026-10-05T00:20:00Z,2026-10-02T17:51+00:00
Jared Goff,pass_att,36.0,108,Detroit Lions @ Carolina Panthers,2026-10-05T00:20:00Z,2026-10-02T17:51+00:00
Jared Goff,pass_att,38.0,169,Detroit Lions @ Carolina Panthers,2026-10-05T00:20:00Z,2026-10-02T17:51+00:00
Jared Goff,pass_att,40.0,261,Detroit Lions @ Carolina Panthers,2026-10-05T00:20:00Z,2026-10-02T17:51+00:00
Jared Goff,pass_att,42.0,398,Detroit Lions @ Carolina Panthers,2026-10-05T00:20:00Z,2026-10-02T17:51+00:00
Jared Goff,pass_att,44.0,600,Detroit Lions @ Carolina Panthers,2026-10-05T00:20:00Z,2026-10-02T17:51+00:00
Jared Goff,pass_att,46.0,880,Detroit Lions @ Carolina Panthers,2026-10-05T00:20:00Z,2026-10-02T17:51+00:00
Jared Goff,pass_att,48.0,1260,Detroit Lions @ Carolina Panthers,2026-10-05T00:20:00Z,2026-10-02T17:51+00:00
Jared Goff,pass_cmps,18.0,-1380,Detroit Lions @ Carolina Panthers,2026-10-05T00:20:00Z,2026-10-02T17:51+00:00
Jared Goff,pass_cmps,20.0,-508,Detroit Lions @ Carolina Panthers,2026-10-05T00:20:00Z,2026-10-02T17:51+00:00
Jared Goff,pass_cmps,22.0,-229,Detroit Lions @ Carolina Panthers,2026-10-05T00:20:00Z,2026-10-02T17:51+00:00
Jared Goff,pass_cmps,24.0,-114,Detroit Lions @ Carolina Panthers,2026-10-05T00:20:00Z,2026-10-02T17:51+00:00
Jared Goff,pass_cmps,26.0,164,Detroit Lions @ Carolina Panthers,2026-10-05T00:20:00Z,2026-10-02T17:51+00:00
Jared Goff,pass_cmps,28.0,305,Detroit Lions @ Carolina Panthers,2026-10-05T00:20:00Z,2026-10-02T17:51+00:00
Jared Goff,pass_cmps,30.0,559,Detroit Lions @ Carolina Panthers,2026-10-05T00:20:00Z,2026-10-02T17:51+00:00
Jared Goff,pass_cmps,32.0,1000,Detroit Lions @ Carolina Panthers,2026-10-05T00:20:00Z,2026-10-02T17:51+00:00
Jared Goff,pass_cmps,34.0,1660,Detroit Lions @ Carolina Panthers,2026-10-05T00:20:00Z,2026-10-02T17:51+00:00
Bryce Young,pass_cmps,16.0,-1420,Detroit Lions @ Carolina Panthers,2026-10-05T00:20:00Z,2026-10-02T17:51+00:00
Bryce Young,pass_cmps,18.0,-498,Detroit Lions @ Carolina Panthers,2026-10-05T00:20:00Z,2026-10-02T17:51+00:00
Bryce Young,pass_cmps,20.0,-217,Detroit Lions @ Carolina Panthers,2026-10-05T00:20:00Z,2026-10-02T17:51+00:00
Bryce Young,pass_cmps,22.0,-107,Detroit Lions @ Carolina Panthers,2026-10-05T00:20:00Z,2026-10-02T17:51+00:00
Bryce Young,pass_cmps,24.0,184,Detroit Lions @ Carolina Panthers,2026-10-05T00:20:00Z,2026-10-02T17:51+00:00
Bryce Young,pass_cmps,26.0,351,Detroit Lions @ Carolina Panthers,2026-10-05T00:20:00Z,2026-10-02T17:51+00:00
Bryce Young,pass_cmps,28.0,660,Detroit Lions @ Carolina Panthers,2026-10-05T00:20:00Z,2026-10-02T17:51+00:00
Bryce Young,pass_cmps,30.0,1220,Detroit Lions @ Carolina Panthers,2026-10-05T00:20:00Z,2026-10-02T17:51+00:00
Jared Goff,pass_yds,180.0,-1340,Detroit Lions @ Carolina Panthers,2026-10-05T00:20:00Z,2026-10-02T17:51+00:00
Jared Goff,pass_yds,190.0,-900,Detroit Lions @ Carolina Panthers,2026-10-05T00:20:00Z,2026-10-02T17:51+00:00
Jared Goff,pass_yds,200.0,-630,Detroit Lions @ Carolina Panthers,2026-10-05T00:20:00Z,2026-10-02T17:51+00:00
Jared Goff,pass_yds,210.0,-462,Detroit Lions @ Carolina Panthers,2026-10-05T00:20:00Z,2026-10-02T17:51+00:00
Jared Goff,pass_yds,220.0,-345,Detroit Lions @ Carolina Panthers,2026-10-05T00:20:00Z,2026-10-02T17:51+00:00
Jared Goff,pass_yds,230.0,-265,Detroit Lions @ Carolina Panthers,2026-10-05T00:20:00Z,2026-10-02T17:51+00:00
Jared Goff,pass_yds,240.0,-204,Detroit Lions @ Carolina Panthers,2026-10-05T00:20:00Z,2026-10-02T17:51+00:00
Jared Goff,pass_yds,250.0,-159,Detroit Lions @ Carolina Panthers,2026-10-05T00:20:00Z,2026-10-02T17:51+00:00
Jared Goff,pass_yds,260.0,-125,Detroit Lions @ Carolina Panthers,2026-10-05T00:20:00Z,2026-10-02T17:51+00:00
Jared Goff,pass_yds,264.0,-113,Detroit Lions @ Carolina Panthers,2026-10-05T00:20:00Z,2026-10-02T17:51+00:00
Jared Goff,pass_yds,270.0,102,Detroit Lions @ Carolina Panthers,2026-10-05T00:20:00Z,2026-10-02T17:51+00:00
Jared Goff,pass_yds,280.0,128,Detroit Lions @ Carolina Panthers,2026-10-05T00:20:00Z,2026-10-02T17:51+00:00
Jared Goff,pass_yds,290.0,161,Detroit Lions @ Carolina Panthers,2026-10-05T00:20:00Z,2026-10-02T17:51+00:00
Jared Goff,pass_yds,300.0,203,Detroit Lions @ Carolina Panthers,2026-10-05T00:20:00Z,2026-10-02T17:51+00:00
Jared Goff,pass_yds,310.0,255,Detroit Lions @ Carolina Panthers,2026-10-05T00:20:00Z,2026-10-02T17:51+00:00
Jared Goff,pass_yds,320.0,325,Detroit Lions @ Carolina Panthers,2026-10-05T00:20:00Z,2026-10-02T17:51+00:00
Jared Goff,pass_yds,330.0,407,Detroit Lions @ Carolina Panthers,2026-10-05T00:20:00Z,2026-10-02T17:51+00:00
Jared Goff,pass_yds,340.0,512,Detroit Lions @ Carolina Panthers,2026-10-05T00:20:00Z,2026-10-02T17:51+00:00
Jared Goff,pass_yds,350.0,640,Detroit Lions @ Carolina Panthers,2026-10-05T00:20:00Z,2026-10-02T17:51+00:00
Jared Goff,pass_yds,360.0,810,Detroit Lions @ Carolina Panthers,2026-10-05T00:20:00Z,2026-10-02T17:51+00:00
Jared Goff,pass_yds,370.0,1020,Detroit Lions @ Carolina Panthers,2026-10-05T00:20:00Z,2026-10-02T17:51+00:00
Jared Goff,pass_yds,380.0,1280,Detroit Lions @ Carolina Panthers,2026-10-05T00:20:00Z,2026-10-02T17:51+00:00
Jared Goff,pass_yds,390.0,1580,Detroit Lions @ Carolina Panthers,2026-10-05T00:20:00Z,2026-10-02T17:51+00:00
Jared Goff,pass_yds,400.0,1940,Detroit Lions @ Carolina Panthers,2026-10-05T00:20:00Z,2026-10-02T17:51+00:00
Jared Goff,pass_yds,410.0,2300,Detroit Lions @ Carolina Panthers,2026-10-05T00:20:00Z,2026-10-02T17:51+00:00
Jared Goff,pass_yds,420.0,2900,Detroit Lions @ Carolina Panthers,2026-10-05T00:20:00Z,2026-10-02T17:51+00:00
Jared Goff,pass_yds,430.0,3500,Detroit Lions @ Carolina Panthers,2026-10-05T00:20:00Z,2026-10-02T17:51+00:00
Bryce Young,pass_yds,160.0,-1300,Detroit Lions @ Carolina Panthers,2026-10-05T00:20:00Z,2026-10-02T17:51+00:00
Bryce Young,pass_yds,170.0,-890,Detroit Lions @ Carolina Panthers,2026-10-05T00:20:00Z,2026-10-02T17:51+00:00
Bryce Young,pass_yds,180.0,-640,Detroit Lions @ Carolina Panthers,2026-10-05T00:20:00Z,2026-10-02T17:51+00:00
Bryce Young,pass_yds,190.0,-483,Detroit Lions @ Carolina Panthers,2026-10-05T00:20:00Z,2026-10-02T17:51+00:00
Bryce Young,pass_yds,200.0,-360,Detroit Lions @ Carolina Panthers,2026-10-05T00:20:00Z,2026-10-02T17:51+00:00
Bryce Young,pass_yds,210.0,-274,Detroit Lions @ Carolina Panthers,2026-10-05T00:20:00Z,2026-10-02T17:51+00:00
Bryce Young,pass_yds,220.0,-212,Detroit Lions @ Carolina Panthers,2026-10-05T00:20:00Z,2026-10-02T17:51+00:00
Bryce Young,pass_yds,230.0,-165,Detroit Lions @ Carolina Panthers,2026-10-05T00:20:00Z,2026-10-02T17:51+00:00
Bryce Young,pass_yds,240.0,-131,Detroit Lions @ Carolina Panthers,2026-10-05T00:20:00Z,2026-10-02T17:51+00:00
Bryce Young,pass_yds,247.0,-112,Detroit Lions @ Carolina Panthers,2026-10-05T00:20:00Z,2026-10-02T17:51+00:00
Bryce Young,pass_yds,250.0,-104,Detroit Lions @ Carolina Panthers,2026-10-05T00:20:00Z,2026-10-02T17:51+00:00
Bryce Young,pass_yds,260.0,121,Detroit Lions @ Carolina Panthers,2026-10-05T00:20:00Z,2026-10-02T17:51+00:00
Bryce Young,pass_yds,270.0,153,Detroit Lions @ Carolina Panthers,2026-10-05T00:20:00Z,2026-10-02T17:51+00:00
Bryce Young,pass_yds,280.0,192,Detroit Lions @ Carolina Panthers,2026-10-05T00:20:00Z,2026-10-02T17:51+00:00
Bryce Young,pass_yds,290.0,241,Detroit Lions @ Carolina Panthers,2026-10-05T00:20:00Z,2026-10-02T17:51+00:00
Bryce Young,pass_yds,300.0,302,Detroit Lions @ Carolina Panthers,2026-10-05T00:20:00Z,2026-10-02T17:51+00:00
Bryce Young,pass_yds,310.0,377,Detroit Lions @ Carolina Panthers,2026-10-05T00:20:00Z,2026-10-02T17:51+00:00
Bryce Young,pass_yds,320.0,470,Detroit Lions @ Carolina Panthers,2026-10-05T00:20:00Z,2026-10-02T17:51+00:00
Bryce Young,pass_yds,330.0,587,Detroit Lions @ Carolina Panthers,2026-10-05T00:20:00Z,2026-10-02T17:51+00:00
Bryce Young,pass_yds,340.0,730,Detroit Lions @ Carolina Panthers,2026-10-05T00:20:00Z,2026-10-02T17:51+00:00
Bryce Young,pass_yds,350.0,910,Detroit Lions @ Carolina Panthers,2026-10-05T00:20:00Z,2026-10-02T17:51+00:00
Bryce Young,pass_yds,360.0,1120,Detroit Lions @ Carolina Panthers,2026-10-05T00:20:00Z,2026-10-02T17:51+00:00
Bryce Young,pass_yds,370.0,1380,Detroit Lions @ Carolina Panthers,2026-10-05T00:20:00Z,2026-10-02T17:51+00:00
Bryce Young,pass_yds,380.0,1680,Detroit Lions @ Carolina Panthers,2026-10-05T00:20:00Z,2026-10-02T17:51+00:00
Bryce Young,pass_yds,390.0,2000,Detroit Lions @ Carolina Panthers,2026-10-05T00:20:00Z,2026-10-02T17:51+00:00
Bryce Young,pass_yds,400.0,2500,Detroit Lions @ Carolina Panthers,2026-10-05T00:20:00Z,2026-10-02T17:51+00:00
Bryce Young,pass_yds,410.0,3000,Detroit Lions @ Carolina Panthers,2026-10-05T00:20:00Z,2026-10-02T17:51+00:00
Bryce Young,pass_yds,420.0,3600,Detroit Lions @ Carolina Panthers,2026-10-05T00:20:00Z,2026-10-02T17:51+00:00
Tetairoa McMillan,rec_yds,15.0,-1760,Detroit Lions @ Carolina Panthers,2026-10-05T00:20:00Z,2026-10-02T17:51+00:00
Tetairoa McMillan,rec_yds,25.0,-850,Detroit Lions @ Carolina Panthers,2026-10-05T00:20:00Z,2026-10-02T17:51+00:00
Tetairoa McMillan,rec_yds,40.0,-359,Detroit Lions @ Carolina Panthers,2026-10-05T00:20:00Z,2026-10-02T17:51+00:00
Tetairoa McMillan,rec_yds,50.0,-234,Detroit Lions @ Carolina Panthers,2026-10-05T00:20:00Z,2026-10-02T17:51+00:00
Tetairoa McMillan,rec_yds,60.0,-159,Detroit Lions @ Carolina Panthers,2026-10-05T00:20:00Z,2026-10-02T17:51+00:00
Tetairoa McMillan,rec_yds,70.0,-112,Detroit Lions @ Carolina Panthers,2026-10-05T00:20:00Z,2026-10-02T17:51+00:00
Tetairoa McMillan,rec_yds,80.0,125,Detroit Lions @ Carolina Panthers,2026-10-05T00:20:00Z,2026-10-02T17:51+00:00
Tetairoa McMillan,rec_yds,90.0,170,Detroit Lions @ Carolina Panthers,2026-10-05T00:20:00Z,2026-10-02T17:51+00:00
Tetairoa McMillan,rec_yds,100.0,230,Detroit Lions @ Carolina Panthers,2026-10-05T00:20:00Z,2026-10-02T17:51+00:00
Tetairoa McMillan,rec_yds,110.0,309,Detroit Lions @ Carolina Panthers,2026-10-05T00:20:00Z,2026-10-02T17:51+00:00
Tetairoa McMillan,rec_yds,120.0,417,Detroit Lions @ Carolina Panthers,2026-10-05T00:20:00Z,2026-10-02T17:51+00:00
Tetairoa McMillan,rec_yds,130.0,563,Detroit Lions @ Carolina Panthers,2026-10-05T00:20:00Z,2026-10-02T17:51+00:00
Tetairoa McMillan,rec_yds,140.0,750,Detroit Lions @ Carolina Panthers,2026-10-05T00:20:00Z,2026-10-02T17:51+00:00
Tetairoa McMillan,rec_yds,150.0,980,Detroit Lions @ Carolina Panthers,2026-10-05T00:20:00Z,2026-10-02T17:51+00:00
Tetairoa McMillan,rec_yds,160.0,1280,Detroit Lions @ Carolina Panthers,2026-10-05T00:20:00Z,2026-10-02T17:51+00:00
Tetairoa McMillan,rec_yds,170.0,1680,Detroit Lions @ Carolina Panthers,2026-10-05T00:20:00Z,2026-10-02T17:51+00:00
Tetairoa McMillan,rec_yds,180.0,2100,Detroit Lions @ Carolina Panthers,2026-10-05T00:20:00Z,2026-10-02T17:51+00:00
Tetairoa McMillan,rec_yds,190.0,2700,Detroit Lions @ Carolina Panthers,2026-10-05T00:20:00Z,2026-10-02T17:51+00:00
Tetairoa McMillan,rec_yds,200.0,3400,Detroit Lions @ Carolina Panthers,2026-10-05T00:20:00Z,2026-10-02T17:51+00:00
Amon-Ra St. Brown,rec_yds,25.0,-1880,Detroit Lions @ Carolina Panthers,2026-10-05T00:20:00Z,2026-10-02T17:51+00:00
Amon-Ra St. Brown,rec_yds,40.0,-630,Detroit Lions @ Carolina Panthers,2026-10-05T00:20:00Z,2026-10-02T17:51+00:00
Amon-Ra St. Brown,rec_yds,50.0,-362,Detroit Lions @ Carolina Panthers,2026-10-05T00:20:00Z,2026-10-02T17:51+00:00
Amon-Ra St. Brown,rec_yds,60.0,-225,Detroit Lions @ Carolina Panthers,2026-10-05T00:20:00Z,2026-10-02T17:51+00:00
Amon-Ra St. Brown,rec_yds,70.0,-147,Detroit Lions @ Carolina Panthers,2026-10-05T00:20:00Z,2026-10-02T17:51+00:00
Amon-Ra St. Brown,rec_yds,77.0,-111,Detroit Lions @ Carolina Panthers,2026-10-05T00:20:00Z,2026-10-02T17:51+00:00
Amon-Ra St. Brown,rec_yds,80.0,100,Detroit Lions @ Carolina Panthers,2026-10-05T00:20:00Z,2026-10-02T17:51+00:00
Amon-Ra St. Brown,rec_yds,90.0,145,Detroit Lions @ Carolina Panthers,2026-10-05T00:20:00Z,2026-10-02T17:51+00:00
Amon-Ra St. Brown,rec_yds,100.0,204,Detroit Lions @ Carolina Panthers,2026-10-05T00:20:00Z,2026-10-02T17:51+00:00
Amon-Ra St. Brown,rec_yds,110.0,286,Detroit Lions @ Carolina Panthers,2026-10-05T00:20:00Z,2026-10-02T17:51+00:00
Amon-Ra St. Brown,rec_yds,120.0,398,Detroit Lions @ Carolina Panthers,2026-10-05T00:20:00Z,2026-10-02T17:51+00:00
Amon-Ra St. Brown,rec_yds,130.0,550,Detroit Lions @ Carolina Panthers,2026-10-05T00:20:00Z,2026-10-02T17:51+00:00
Amon-Ra St. Brown,rec_yds,140.0,770,Detroit Lions @ Carolina Panthers,2026-10-05T00:20:00Z,2026-10-02T17:51+00:00
Amon-Ra St. Brown,rec_yds,150.0,1080,Detroit Lions @ Carolina Panthers,2026-10-05T00:20:00Z,2026-10-02T17:51+00:00
Amon-Ra St. Brown,rec_yds,160.0,1480,Detroit Lions @ Carolina Panthers,2026-10-05T00:20:00Z,2026-10-02T17:51+00:00
Amon-Ra St. Brown,rec_yds,170.0,2000,Detroit Lions @ Carolina Panthers,2026-10-05T00:20:00Z,2026-10-02T17:51+00:00
Amon-Ra St. Brown,rec_yds,180.0,2700,Detroit Lions @ Carolina Panthers,2026-10-05T00:20:00Z,2026-10-02T17:51+00:00
Amon-Ra St. Brown,rec_yds,190.0,3400,Detroit Lions @ Carolina Panthers,2026-10-05T00:20:00Z,2026-10-02T17:51+00:00
Jameson Williams,rec_yds,15.0,-840,Detroit Lions @ Carolina Panthers,2026-10-05T00:20:00Z,2026-10-02T17:51+00:00
Jameson Williams,rec_yds,25.0,-416,Detroit Lions @ Carolina Panthers,2026-10-05T00:20:00Z,2026-10-02T17:51+00:00
Jameson Williams,rec_yds,40.0,-187,Detroit Lions @ Carolina Panthers,2026-10-05T00:20:00Z,2026-10-02T17:51+00:00
Jameson Williams,rec_yds,50.0,-120,Detroit Lions @ Carolina Panthers,2026-10-05T00:20:00Z,2026-10-02T17:51+00:00
Jameson Williams,rec_yds,51.0,-115,Detroit Lions @ Carolina Panthers,2026-10-05T00:20:00Z,2026-10-02T17:51+00:00
Jameson Williams,rec_yds,60.0,124,Detroit Lions @ Carolina Panthers,2026-10-05T00:20:00Z,2026-10-02T17:51+00:00
Jameson Williams,rec_yds,70.0,180,Detroit Lions @ Carolina Panthers,2026-10-05T00:20:00Z,2026-10-02T17:51+00:00
Jameson Williams,rec_yds,80.0,259,Detroit Lions @ Carolina Panthers,2026-10-05T00:20:00Z,2026-10-02T17:51+00:00
Jameson Williams,rec_yds,90.0,370,Detroit Lions @ Carolina Panthers,2026-10-05T00:20:00Z,2026-10-02T17:51+00:00
Jameson Williams,rec_yds,100.0,524,Detroit Lions @ Carolina Panthers,2026-10-05T00:20:00Z,2026-10-02T17:51+00:00
Jameson Williams,rec_yds,110.0,730,Detroit Lions @ Carolina Panthers,2026-10-05T00:20:00Z,2026-10-02T17:51+00:00
Jameson Williams,rec_yds,120.0,1040,Detroit Lions @ Carolina Panthers,2026-10-05T00:20:00Z,2026-10-02T17:51+00:00
Jameson Williams,rec_yds,130.0,1420,Detroit Lions @ Carolina Panthers,2026-10-05T00:20:00Z,2026-10-02T17:51+00:00
Jameson Williams,rec_yds,140.0,1980,Detroit Lions @ Carolina Panthers,2026-10-05T00:20:00Z,2026-10-02T17:51+00:00
Jameson Williams,rec_yds,150.0,2600,Detroit Lions @ Carolina Panthers,2026-10-05T00:20:00Z,2026-10-02T17:51+00:00
Jameson Williams,rec_yds,160.0,3400,Detroit Lions @ Carolina Panthers,2026-10-05T00:20:00Z,2026-10-02T17:51+00:00
Jalen Coker,rec_yds,15.0,-1320,Detroit Lions @ Carolina Panthers,2026-10-05T00:20:00Z,2026-10-02T17:51+00:00
Jalen Coker,rec_yds,25.0,-511,Detroit Lions @ Carolina Panthers,2026-10-05T00:20:00Z,2026-10-02T17:51+00:00
Jalen Coker,rec_yds,40.0,-200,Detroit Lions @ Carolina Panthers,2026-10-05T00:20:00Z,2026-10-02T17:51+00:00
Jalen Coker,rec_yds,50.0,-126,Detroit Lions @ Carolina Panthers,2026-10-05T00:20:00Z,2026-10-02T17:51+00:00
Jalen Coker,rec_yds,53.0,-110,Detroit Lions @ Carolina Panthers,2026-10-05T00:20:00Z,2026-10-02T17:51+00:00
Jalen Coker,rec_yds,60.0,122,Detroit Lions @ Carolina Panthers,2026-10-05T00:20:00Z,2026-10-02T17:51+00:00
Jalen Coker,rec_yds,70.0,185,Detroit Lions @ Carolina Panthers,2026-10-05T00:20:00Z,2026-10-02T17:51+00:00
Jalen Coker,rec_yds,80.0,276,Detroit Lions @ Carolina Panthers,2026-10-05T00:20:00Z,2026-10-02T17:51+00:00
Jalen Coker,rec_yds,90.0,398,Detroit Lions @ Carolina Panthers,2026-10-05T00:20:00Z,2026-10-02T17:51+00:00
Jalen Coker,rec_yds,100.0,581,Detroit Lions @ Carolina Panthers,2026-10-05T00:20:00Z,2026-10-02T17:51+00:00
Jalen Coker,rec_yds,110.0,840,Detroit Lions @ Carolina Panthers,2026-10-05T00:20:00Z,2026-10-02T17:51+00:00
Jalen Coker,rec_yds,120.0,1200,Detroit Lions @ Carolina Panthers,2026-10-05T00:20:00Z,2026-10-02T17:51+00:00
Jalen Coker,rec_yds,130.0,1740,Detroit Lions @ Carolina Panthers,2026-10-05T00:20:00Z,2026-10-02T17:51+00:00
Jalen Coker,rec_yds,140.0,2300,Detroit Lions @ Carolina Panthers,2026-10-05T00:20:00Z,2026-10-02T17:51+00:00
Jalen Coker,rec_yds,150.0,3000,Detroit Lions @ Carolina Panthers,2026-10-05T00:20:00Z,2026-10-02T17:51+00:00
Sam LaPorta,rec_yds,15.0,-1520,Detroit Lions @ Carolina Panthers,2026-10-05T00:20:00Z,2026-10-02T17:51+00:00
Sam LaPorta,rec_yds,25.0,-518,Detroit Lions @ Carolina Panthers,2026-10-05T00:20:00Z,2026-10-02T17:51+00:00
Sam LaPorta,rec_yds,40.0,-179,Detroit Lions @ Carolina Panthers,2026-10-05T00:20:00Z,2026-10-02T17:51+00:00
Sam LaPorta,rec_yds,48.0,-115,Detroit Lions @ Carolina Panthers,2026-10-05T00:20:00Z,2026-10-02T17:51+00:00
Sam LaPorta,rec_yds,50.0,-103,Detroit Lions @ Carolina Panthers,2026-10-05T00:20:00Z,2026-10-02T17:51+00:00
Sam LaPorta,rec_yds,60.0,159,Detroit Lions @ Carolina Panthers,2026-10-05T00:20:00Z,2026-10-02T17:51+00:00
Sam LaPorta,rec_yds,70.0,258,Detroit Lions @ Carolina Panthers,2026-10-05T00:20:00Z,2026-10-02T17:51+00:00
Sam LaPorta,rec_yds,80.0,402,Detroit Lions @ Carolina Panthers,2026-10-05T00:20:00Z,2026-10-02T17:51+00:00
Sam LaPorta,rec_yds,90.0,610,Detroit Lions @ Carolina Panthers,2026-10-05T00:20:00Z,2026-10-02T17:51+00:00
Sam LaPorta,rec_yds,100.0,910,Detroit Lions @ Carolina Panthers,2026-10-05T00:20:00Z,2026-10-02T17:51+00:00
Sam LaPorta,rec_yds,110.0,1340,Detroit Lions @ Carolina Panthers,2026-10-05T00:20:00Z,2026-10-02T17:51+00:00
Sam LaPorta,rec_yds,120.0,2000,Detroit Lions @ Carolina Panthers,2026-10-05T00:20:00Z,2026-10-02T17:51+00:00
Sam LaPorta,rec_yds,130.0,2800,Detroit Lions @ Carolina Panthers,2026-10-05T00:20:00Z,2026-10-02T17:51+00:00
Sam LaPorta,rec_yds,140.0,4000,Detroit Lions @ Carolina Panthers,2026-10-05T00:20:00Z,2026-10-02T17:51+00:00
Darren Waller,rec_yds,15.0,-289,Detroit Lions @ Carolina Panthers,2026-10-05T00:20:00Z,2026-10-02T17:51+00:00
Darren Waller,rec_yds,25.0,-139,Detroit Lions @ Carolina Panthers,2026-10-05T00:20:00Z,2026-10-02T17:51+00:00
Darren Waller,rec_yds,29.0,-110,Detroit Lions @ Carolina Panthers,2026-10-05T00:20:00Z,2026-10-02T17:51+00:00
Darren Waller,rec_yds,40.0,167,Detroit Lions @ Carolina Panthers,2026-10-05T00:20:00Z,2026-10-02T17:51+00:00
Darren Waller,rec_yds,50.0,271,Detroit Lions @ Carolina Panthers,2026-10-05T00:20:00Z,2026-10-02T17:51+00:00
Darren Waller,rec_yds,60.0,420,Detroit Lions @ Carolina Panthers,2026-10-05T00:20:00Z,2026-10-02T17:51+00:00
Darren Waller,rec_yds,70.0,630,Detroit Lions @ Carolina Panthers,2026-10-05T00:20:00Z,2026-10-02T17:51+00:00
Darren Waller,rec_yds,80.0,920,Detroit Lions @ Carolina Panthers,2026-10-05T00:20:00Z,2026-10-02T17:51+00:00
Darren Waller,rec_yds,90.0,1360,Detroit Lions @ Carolina Panthers,2026-10-05T00:20:00Z,2026-10-02T17:51+00:00
Darren Waller,rec_yds,100.0,1940,Detroit Lions @ Carolina Panthers,2026-10-05T00:20:00Z,2026-10-02T17:51+00:00
Darren Waller,rec_yds,110.0,2600,Detroit Lions @ Carolina Panthers,2026-10-05T00:20:00Z,2026-10-02T17:51+00:00
Darren Waller,rec_yds,120.0,3500,Detroit Lions @ Carolina Panthers,2026-10-05T00:20:00Z,2026-10-02T17:51+00:00
Jahmyr Gibbs,rec_yds,15.0,-800,Detroit Lions @ Carolina Panthers,2026-10-05T00:20:00Z,2026-10-02T17:51+00:00
Jahmyr Gibbs,rec_yds,25.0,-283,Detroit Lions @ Carolina Panthers,2026-10-05T00:20:00Z,2026-10-02T17:51+00:00
Jahmyr Gibbs,rec_yds,38.0,-110,Detroit Lions @ Carolina Panthers,2026-10-05T00:20:00Z,2026-10-02T17:51+00:00
Jahmyr Gibbs,rec_yds,40.0,104,Detroit Lions @ Carolina Panthers,2026-10-05T00:20:00Z,2026-10-02T17:51+00:00
Jahmyr Gibbs,rec_yds,50.0,187,Detroit Lions @ Carolina Panthers,2026-10-05T00:20:00Z,2026-10-02T17:51+00:00
Jahmyr Gibbs,rec_yds,60.0,322,Detroit Lions @ Carolina Panthers,2026-10-05T00:20:00Z,2026-10-02T17:51+00:00
Jahmyr Gibbs,rec_yds,70.0,531,Detroit Lions @ Carolina Panthers,2026-10-05T00:20:00Z,2026-10-02T17:51+00:00
Jahmyr Gibbs,rec_yds,80.0,830,Detroit Lions @ Carolina Panthers,2026-10-05T00:20:00Z,2026-10-02T17:51+00:00
Jahmyr Gibbs,rec_yds,90.0,1280,Detroit Lions @ Carolina Panthers,2026-10-05T00:20:00Z,2026-10-02T17:51+00:00
Jahmyr Gibbs,rec_yds,100.0,1960,Detroit Lions @ Carolina Panthers,2026-10-05T00:20:00Z,2026-10-02T17:51+00:00
Jahmyr Gibbs,rec_yds,110.0,3000,Detroit Lions @ Carolina Panthers,2026-10-05T00:20:00Z,2026-10-02T17:51+00:00
Jahmyr Gibbs,rec_yds,120.0,4000,Detroit Lions @ Carolina Panthers,2026-10-05T00:20:00Z,2026-10-02T17:51+00:00
Chuba Hubbard,rec_yds,15.0,-175,Detroit Lions @ Carolina Panthers,2026-10-05T00:20:00Z,2026-10-02T17:51+00:00
Chuba Hubbard,rec_yds,20.0,-111,Detroit Lions @ Carolina Panthers,2026-10-05T00:20:00Z,2026-10-02T17:51+00:00
Chuba Hubbard,rec_yds,25.0,134,Detroit Lions @ Carolina Panthers,2026-10-05T00:20:00Z,2026-10-02T17:51+00:00
Chuba Hubbard,rec_yds,40.0,375,Detroit Lions @ Carolina Panthers,2026-10-05T00:20:00Z,2026-10-02T17:51+00:00
Chuba Hubbard,rec_yds,50.0,650,Detroit Lions @ Carolina Panthers,2026-10-05T00:20:00Z,2026-10-02T17:51+00:00
Chuba Hubbard,rec_yds,60.0,1020,Detroit Lions @ Carolina Panthers,2026-10-05T00:20:00Z,2026-10-02T17:51+00:00
Chuba Hubbard,rec_yds,70.0,1600,Detroit Lions @ Carolina Panthers,2026-10-05T00:20:00Z,2026-10-02T17:51+00:00
Chuba Hubbard,rec_yds,80.0,2300,Detroit Lions @ Carolina Panthers,2026-10-05T00:20:00Z,2026-10-02T17:51+00:00
Chuba Hubbard,rec_yds,90.0,3400,Detroit Lions @ Carolina Panthers,2026-10-05T00:20:00Z,2026-10-02T17:51+00:00
Isaac TeSlaa,rec_yds,15.0,-140,Detroit Lions @ Carolina Panthers,2026-10-05T00:20:00Z,2026-10-02T17:51+00:00
Isaac TeSlaa,rec_yds,18.0,-108,Detroit Lions @ Carolina Panthers,2026-10-05T00:20:00Z,2026-10-02T17:51+00:00
Isaac TeSlaa,rec_yds,25.0,155,Detroit Lions @ Carolina Panthers,2026-10-05T00:20:00Z,2026-10-02T17:51+00:00
Isaac TeSlaa,rec_yds,40.0,380,Detroit Lions @ Carolina Panthers,2026-10-05T00:20:00Z,2026-10-02T17:51+00:00
Isaac TeSlaa,rec_yds,50.0,650,Detroit Lions @ Carolina Panthers,2026-10-05T00:20:00Z,2026-10-02T17:51+00:00
Isaac TeSlaa,rec_yds,60.0,1080,Detroit Lions @ Carolina Panthers,2026-10-05T00:20:00Z,2026-10-02T17:51+00:00
Isaac TeSlaa,rec_yds,70.0,1740,Detroit Lions @ Carolina Panthers,2026-10-05T00:20:00Z,2026-10-02T17:51+00:00
Isaac TeSlaa,rec_yds,80.0,2600,Detroit Lions @ Carolina Panthers,2026-10-05T00:20:00Z,2026-10-02T17:51+00:00
Isaac TeSlaa,rec_yds,90.0,3900,Detroit Lions @ Carolina Panthers,2026-10-05T00:20:00Z,2026-10-02T17:51+00:00
Tommy Tremble,rec_yds,13.0,-109,Detroit Lions @ Carolina Panthers,2026-10-05T00:20:00Z,2026-10-02T17:51+00:00
Tommy Tremble,rec_yds,15.0,110,Detroit Lions @ Carolina Panthers,2026-10-05T00:20:00Z,2026-10-02T17:51+00:00
Tommy Tremble,rec_yds,25.0,230,Detroit Lions @ Carolina Panthers,2026-10-05T00:20:00Z,2026-10-02T17:51+00:00
Tommy Tremble,rec_yds,40.0,584,Detroit Lions @ Carolina Panthers,2026-10-05T00:20:00Z,2026-10-02T17:51+00:00
Tommy Tremble,rec_yds,50.0,980,Detroit Lions @ Carolina Panthers,2026-10-05T00:20:00Z,2026-10-02T17:51+00:00
Tommy Tremble,rec_yds,60.0,1540,Detroit Lions @ Carolina Panthers,2026-10-05T00:20:00Z,2026-10-02T17:51+00:00
Tommy Tremble,rec_yds,70.0,2300,Detroit Lions @ Carolina Panthers,2026-10-05T00:20:00Z,2026-10-02T17:51+00:00
Tommy Tremble,rec_yds,80.0,3300,Detroit Lions @ Carolina Panthers,2026-10-05T00:20:00Z,2026-10-02T17:51+00:00
Amon-Ra St. Brown,receptions,4.0,-1960,Detroit Lions @ Carolina Panthers,2026-10-05T00:20:00Z,2026-10-02T17:51+00:00
Amon-Ra St. Brown,receptions,5.0,-680,Detroit Lions @ Carolina Panthers,2026-10-05T00:20:00Z,2026-10-02T17:51+00:00
Amon-Ra St. Brown,receptions,6.0,-301,Detroit Lions @ Carolina Panthers,2026-10-05T00:20:00Z,2026-10-02T17:51+00:00
Amon-Ra St. Brown,receptions,7.0,-159,Detroit Lions @ Carolina Panthers,2026-10-05T00:20:00Z,2026-10-02T17:51+00:00
Amon-Ra St. Brown,receptions,8.0,117,Detroit Lions @ Carolina Panthers,2026-10-05T00:20:00Z,2026-10-02T17:51+00:00
Amon-Ra St. Brown,receptions,9.0,206,Detroit Lions @ Carolina Panthers,2026-10-05T00:20:00Z,2026-10-02T17:51+00:00
Amon-Ra St. Brown,receptions,10.0,350,Detroit Lions @ Carolina Panthers,2026-10-05T00:20:00Z,2026-10-02T17:51+00:00
Amon-Ra St. Brown,receptions,11.0,597,Detroit Lions @ Carolina Panthers,2026-10-05T00:20:00Z,2026-10-02T17:51+00:00
Amon-Ra St. Brown,receptions,12.0,980,Detroit Lions @ Carolina Panthers,2026-10-05T00:20:00Z,2026-10-02T17:51+00:00
Amon-Ra St. Brown,receptions,13.0,1560,Detroit Lions @ Carolina Panthers,2026-10-05T00:20:00Z,2026-10-02T17:51+00:00
Amon-Ra St. Brown,receptions,14.0,2300,Detroit Lions @ Carolina Panthers,2026-10-05T00:20:00Z,2026-10-02T17:51+00:00
Tetairoa McMillan,receptions,3.0,-960,Detroit Lions @ Carolina Panthers,2026-10-05T00:20:00Z,2026-10-02T17:51+00:00
Tetairoa McMillan,receptions,4.0,-340,Detroit Lions @ Carolina Panthers,2026-10-05T00:20:00Z,2026-10-02T17:51+00:00
Tetairoa McMillan,receptions,5.0,-155,Detroit Lions @ Carolina Panthers,2026-10-05T00:20:00Z,2026-10-02T17:51+00:00
Tetairoa McMillan,receptions,6.0,127,Detroit Lions @ Carolina Panthers,2026-10-05T00:20:00Z,2026-10-02T17:51+00:00
Tetairoa McMillan,receptions,7.0,240,Detroit Lions @ Carolina Panthers,2026-10-05T00:20:00Z,2026-10-02T17:51+00:00
Tetairoa McMillan,receptions,8.0,431,Detroit Lions @ Carolina Panthers,2026-10-05T00:20:00Z,2026-10-02T17:51+00:00
Tetairoa McMillan,receptions,9.0,760,Detroit Lions @ Carolina Panthers,2026-10-05T00:20:00Z,2026-10-02T17:51+00:00
Tetairoa McMillan,receptions,10.0,1300,Detroit Lions @ Carolina Panthers,2026-10-05T00:20:00Z,2026-10-02T17:51+00:00
Tetairoa McMillan,receptions,11.0,2100,Detroit Lions @ Carolina Panthers,2026-10-05T00:20:00Z,2026-10-02T17:51+00:00
Tetairoa McMillan,receptions,12.0,2900,Detroit Lions @ Carolina Panthers,2026-10-05T00:20:00Z,2026-10-02T17:51+00:00
Jahmyr Gibbs,receptions,2.0,-3800,Detroit Lions @ Carolina Panthers,2026-10-05T00:20:00Z,2026-10-02T17:51+00:00
Jahmyr Gibbs,receptions,3.0,-730,Detroit Lions @ Carolina Panthers,2026-10-05T00:20:00Z,2026-10-02T17:51+00:00
Jahmyr Gibbs,receptions,4.0,-271,Detroit Lions @ Carolina Panthers,2026-10-05T00:20:00Z,2026-10-02T17:51+00:00
Jahmyr Gibbs,receptions,5.0,-124,Detroit Lions @ Carolina Panthers,2026-10-05T00:20:00Z,2026-10-02T17:51+00:00
Jahmyr Gibbs,receptions,6.0,163,Detroit Lions @ Carolina Panthers,2026-10-05T00:20:00Z,2026-10-02T17:51+00:00
Jahmyr Gibbs,receptions,7.0,317,Detroit Lions @ Carolina Panthers,2026-10-05T00:20:00Z,2026-10-02T17:51+00:00
Jahmyr Gibbs,receptions,8.0,597,Detroit Lions @ Carolina Panthers,2026-10-05T00:20:00Z,2026-10-02T17:51+00:00
Jahmyr Gibbs,receptions,9.0,1080,Detroit Lions @ Carolina Panthers,2026-10-05T00:20:00Z,2026-10-02T17:51+00:00
Jahmyr Gibbs,receptions,10.0,1820,Detroit Lions @ Carolina Panthers,2026-10-05T00:20:00Z,2026-10-02T17:51+00:00
Jahmyr Gibbs,receptions,11.0,2700,Detroit Lions @ Carolina Panthers,2026-10-05T00:20:00Z,2026-10-02T17:51+00:00
Sam LaPorta,receptions,2.0,-3700,Detroit Lions @ Carolina Panthers,2026-10-05T00:20:00Z,2026-10-02T17:51+00:00
Sam LaPorta,receptions,3.0,-720,Detroit Lions @ Carolina Panthers,2026-10-05T00:20:00Z,2026-10-02T17:51+00:00
Sam LaPorta,receptions,4.0,-257,Detroit Lions @ Carolina Panthers,2026-10-05T00:20:00Z,2026-10-02T17:51+00:00
Sam LaPorta,receptions,5.0,-113,Detroit Lions @ Carolina Panthers,2026-10-05T00:20:00Z,2026-10-02T17:51+00:00
Sam LaPorta,receptions,6.0,178,Detroit Lions @ Carolina Panthers,2026-10-05T00:20:00Z,2026-10-02T17:51+00:00
Sam LaPorta,receptions,7.0,350,Detroit Lions @ Carolina Panthers,2026-10-05T00:20:00Z,2026-10-02T17:51+00:00
Sam LaPorta,receptions,8.0,660,Detroit Lions @ Carolina Panthers,2026-10-05T00:20:00Z,2026-10-02T17:51+00:00
Sam LaPorta,receptions,9.0,1200,Detroit Lions @ Carolina Panthers,2026-10-05T00:20:00Z,2026-10-02T17:51+00:00
Sam LaPorta,receptions,10.0,1980,Detroit Lions @ Carolina Panthers,2026-10-05T00:20:00Z,2026-10-02T17:51+00:00
Sam LaPorta,receptions,11.0,2900,Detroit Lions @ Carolina Panthers,2026-10-05T00:20:00Z,2026-10-02T17:51+00:00
Jalen Coker,receptions,2.0,-2700,Detroit Lions @ Carolina Panthers,2026-10-05T00:20:00Z,2026-10-02T17:51+00:00
Jalen Coker,receptions,3.0,-593,Detroit Lions @ Carolina Panthers,2026-10-05T00:20:00Z,2026-10-02T17:51+00:00
Jalen Coker,receptions,4.0,-226,Detroit Lions @ Carolina Panthers,2026-10-05T00:20:00Z,2026-10-02T17:51+00:00
Jalen Coker,receptions,5.0,-106,Detroit Lions @ Carolina Panthers,2026-10-05T00:20:00Z,2026-10-02T17:51+00:00
Jalen Coker,receptions,6.0,188,Detroit Lions @ Carolina Panthers,2026-10-05T00:20:00Z,2026-10-02T17:51+00:00
Jalen Coker,receptions,7.0,371,Detroit Lions @ Carolina Panthers,2026-10-05T00:20:00Z,2026-10-02T17:51+00:00
Jalen Coker,receptions,8.0,720,Detroit Lions @ Carolina Panthers,2026-10-05T00:20:00Z,2026-10-02T17:51+00:00
Jalen Coker,receptions,9.0,1280,Detroit Lions @ Carolina Panthers,2026-10-05T00:20:00Z,2026-10-02T17:51+00:00
Jalen Coker,receptions,10.0,2000,Detroit Lions @ Carolina Panthers,2026-10-05T00:20:00Z,2026-10-02T17:51+00:00
Jameson Williams,receptions,2.0,-900,Detroit Lions @ Carolina Panthers,2026-10-05T00:20:00Z,2026-10-02T17:51+00:00
Jameson Williams,receptions,3.0,-264,Detroit Lions @ Carolina Panthers,2026-10-05T00:20:00Z,2026-10-02T17:51+00:00
Jameson Williams,receptions,4.0,-104,Detroit Lions @ Carolina Panthers,2026-10-05T00:20:00Z,2026-10-02T17:51+00:00
Jameson Williams,receptions,5.0,212,Detroit Lions @ Carolina Panthers,2026-10-05T00:20:00Z,2026-10-02T17:51+00:00
Jameson Williams,receptions,6.0,456,Detroit Lions @ Carolina Panthers,2026-10-05T00:20:00Z,2026-10-02T17:51+00:00
Jameson Williams,receptions,7.0,920,Detroit Lions @ Carolina Panthers,2026-10-05T00:20:00Z,2026-10-02T17:51+00:00
Jameson Williams,receptions,8.0,1760,Detroit Lions @ Carolina Panthers,2026-10-05T00:20:00Z,2026-10-02T17:51+00:00
Jameson Williams,receptions,9.0,2800,Detroit Lions @ Carolina Panthers,2026-10-05T00:20:00Z,2026-10-02T17:51+00:00
Darren Waller,receptions,2.0,-596,Detroit Lions @ Carolina Panthers,2026-10-05T00:20:00Z,2026-10-02T17:51+00:00
Darren Waller,receptions,3.0,-182,Detroit Lions @ Carolina Panthers,2026-10-05T00:20:00Z,2026-10-02T17:51+00:00
Darren Waller,receptions,4.0,131,Detroit Lions @ Carolina Panthers,2026-10-05T00:20:00Z,2026-10-02T17:51+00:00
Darren Waller,receptions,5.0,287,Detroit Lions @ Carolina Panthers,2026-10-05T00:20:00Z,2026-10-02T17:51+00:00
Darren Waller,receptions,6.0,610,Detroit Lions @ Carolina Panthers,2026-10-05T00:20:00Z,2026-10-02T17:51+00:00
Darren Waller,receptions,7.0,1180,Detroit Lions @ Carolina Panthers,2026-10-05T00:20:00Z,2026-10-02T17:51+00:00
Darren Waller,receptions,8.0,2100,Detroit Lions @ Carolina Panthers,2026-10-05T00:20:00Z,2026-10-02T17:51+00:00
Chuba Hubbard,receptions,2.0,-511,Detroit Lions @ Carolina Panthers,2026-10-05T00:20:00Z,2026-10-02T17:51+00:00
Chuba Hubbard,receptions,3.0,-167,Detroit Lions @ Carolina Panthers,2026-10-05T00:20:00Z,2026-10-02T17:51+00:00
Chuba Hubbard,receptions,4.0,147,Detroit Lions @ Carolina Panthers,2026-10-05T00:20:00Z,2026-10-02T17:51+00:00
Chuba Hubbard,receptions,5.0,326,Detroit Lions @ Carolina Panthers,2026-10-05T00:20:00Z,2026-10-02T17:51+00:00
Chuba Hubbard,receptions,6.0,690,Detroit Lions @ Carolina Panthers,2026-10-05T00:20:00Z,2026-10-02T17:51+00:00
Chuba Hubbard,receptions,7.0,1340,Detroit Lions @ Carolina Panthers,2026-10-05T00:20:00Z,2026-10-02T17:51+00:00
Chuba Hubbard,receptions,8.0,2400,Detroit Lions @ Carolina Panthers,2026-10-05T00:20:00Z,2026-10-02T17:51+00:00
Tommy Tremble,receptions,2.0,-155,Detroit Lions @ Carolina Panthers,2026-10-05T00:20:00Z,2026-10-02T17:51+00:00
Tommy Tremble,receptions,3.0,195,Detroit Lions @ Carolina Panthers,2026-10-05T00:20:00Z,2026-10-02T17:51+00:00
Tommy Tremble,receptions,4.0,514,Detroit Lions @ Carolina Panthers,2026-10-05T00:20:00Z,2026-10-02T17:51+00:00
Tommy Tremble,receptions,5.0,1200,Detroit Lions @ Carolina Panthers,2026-10-05T00:20:00Z,2026-10-02T17:51+00:00
Tommy Tremble,receptions,6.0,2400,Detroit Lions @ Carolina Panthers,2026-10-05T00:20:00Z,2026-10-02T17:51+00:00
Isaac TeSlaa,receptions,2.0,-103,Detroit Lions @ Carolina Panthers,2026-10-05T00:20:00Z,2026-10-02T17:51+00:00
Isaac TeSlaa,receptions,3.0,292,Detroit Lions @ Carolina Panthers,2026-10-05T00:20:00Z,2026-10-02T17:51+00:00
Isaac TeSlaa,receptions,4.0,810,Detroit Lions @ Carolina Panthers,2026-10-05T00:20:00Z,2026-10-02T17:51+00:00
Isaac TeSlaa,receptions,5.0,1940,Detroit Lions @ Carolina Panthers,2026-10-05T00:20:00Z,2026-10-02T17:51+00:00
Jahmyr Gibbs,rush_att,12.0,-2400,Detroit Lions @ Carolina Panthers,2026-10-05T00:20:00Z,2026-10-02T17:51+00:00
Jahmyr Gibbs,rush_att,14.0,-830,Detroit Lions @ Carolina Panthers,2026-10-05T00:20:00Z,2026-10-02T17:51+00:00
Jahmyr Gibbs,rush_att,16.0,-387,Detroit Lions @ Carolina Panthers,2026-10-05T00:20:00Z,2026-10-02T17:51+00:00
Jahmyr Gibbs,rush_att,18.0,-203,Detroit Lions @ Carolina Panthers,2026-10-05T00:20:00Z,2026-10-02T17:51+00:00
Jahmyr Gibbs,rush_att,20.0,-115,Detroit Lions @ Carolina Panthers,2026-10-05T00:20:00Z,2026-10-02T17:51+00:00
Jahmyr Gibbs,rush_att,22.0,154,Detroit Lions @ Carolina Panthers,2026-10-05T00:20:00Z,2026-10-02T17:51+00:00
Jahmyr Gibbs,rush_att,24.0,272,Detroit Lions @ Carolina Panthers,2026-10-05T00:20:00Z,2026-10-02T17:51+00:00
Jahmyr Gibbs,rush_att,26.0,497,Detroit Lions @ Carolina Panthers,2026-10-05T00:20:00Z,2026-10-02T17:51+00:00
Jahmyr Gibbs,rush_att,28.0,900,Detroit Lions @ Carolina Panthers,2026-10-05T00:20:00Z,2026-10-02T17:51+00:00
Jahmyr Gibbs,rush_att,30.0,1600,Detroit Lions @ Carolina Panthers,2026-10-05T00:20:00Z,2026-10-02T17:51+00:00
Chuba Hubbard,rush_att,10.0,-2900,Detroit Lions @ Carolina Panthers,2026-10-05T00:20:00Z,2026-10-02T17:51+00:00
Chuba Hubbard,rush_att,12.0,-780,Detroit Lions @ Carolina Panthers,2026-10-05T00:20:00Z,2026-10-02T17:51+00:00
Chuba Hubbard,rush_att,14.0,-334,Detroit Lions @ Carolina Panthers,2026-10-05T00:20:00Z,2026-10-02T17:51+00:00
Chuba Hubbard,rush_att,16.0,-166,Detroit Lions @ Carolina Panthers,2026-10-05T00:20:00Z,2026-10-02T17:51+00:00
Chuba Hubbard,rush_att,17.0,-122,Detroit Lions @ Carolina Panthers,2026-10-05T00:20:00Z,2026-10-02T17:51+00:00
Chuba Hubbard,rush_att,18.0,111,Detroit Lions @ Carolina Panthers,2026-10-05T00:20:00Z,2026-10-02T17:51+00:00
Chuba Hubbard,rush_att,20.0,198,Detroit Lions @ Carolina Panthers,2026-10-05T00:20:00Z,2026-10-02T17:51+00:00
Chuba Hubbard,rush_att,22.0,349,Detroit Lions @ Carolina Panthers,2026-10-05T00:20:00Z,2026-10-02T17:51+00:00
Chuba Hubbard,rush_att,24.0,620,Detroit Lions @ Carolina Panthers,2026-10-05T00:20:00Z,2026-10-02T17:51+00:00
Chuba Hubbard,rush_att,26.0,1100,Detroit Lions @ Carolina Panthers,2026-10-05T00:20:00Z,2026-10-02T17:51+00:00
Bryce Young,rush_att,2.0,-369,Detroit Lions @ Carolina Panthers,2026-10-05T00:20:00Z,2026-10-02T17:51+00:00
Bryce Young,rush_att,3.0,-138,Detroit Lions @ Carolina Panthers,2026-10-05T00:20:00Z,2026-10-02T17:51+00:00
Bryce Young,rush_att,4.0,162,Detroit Lions @ Carolina Panthers,2026-10-05T00:20:00Z,2026-10-02T17:51+00:00
Bryce Young,rush_att,6.0,670,Detroit Lions @ Carolina Panthers,2026-10-05T00:20:00Z,2026-10-02T17:51+00:00
Jahmyr Gibbs,rush_yds,40.0,-2600,Detroit Lions @ Carolina Panthers,2026-10-05T00:20:00Z,2026-10-02T17:51+00:00
Jahmyr Gibbs,rush_yds,50.0,-1100,Detroit Lions @ Carolina Panthers,2026-10-05T00:20:00Z,2026-10-02T17:51+00:00
Jahmyr Gibbs,rush_yds,60.0,-563,Detroit Lions @ Carolina Panthers,2026-10-05T00:20:00Z,2026-10-02T17:51+00:00
Jahmyr Gibbs,rush_yds,70.0,-335,Detroit Lions @ Carolina Panthers,2026-10-05T00:20:00Z,2026-10-02T17:51+00:00
Jahmyr Gibbs,rush_yds,80.0,-214,Detroit Lions @ Carolina Panthers,2026-10-05T00:20:00Z,2026-10-02T17:51+00:00
Jahmyr Gibbs,rush_yds,90.0,-145,Detroit Lions @ Carolina Panthers,2026-10-05T00:20:00Z,2026-10-02T17:51+00:00
Jahmyr Gibbs,rush_yds,97.0,-112,Detroit Lions @ Carolina Panthers,2026-10-05T00:20:00Z,2026-10-02T17:51+00:00
Jahmyr Gibbs,rush_yds,100.0,-101,Detroit Lions @ Carolina Panthers,2026-10-05T00:20:00Z,2026-10-02T17:51+00:00
Jahmyr Gibbs,rush_yds,110.0,138,Detroit Lions @ Carolina Panthers,2026-10-05T00:20:00Z,2026-10-02T17:51+00:00
Jahmyr Gibbs,rush_yds,120.0,195,Detroit Lions @ Carolina Panthers,2026-10-05T00:20:00Z,2026-10-02T17:51+00:00
Jahmyr Gibbs,rush_yds,130.0,271,Detroit Lions @ Carolina Panthers,2026-10-05T00:20:00Z,2026-10-02T17:51+00:00
Jahmyr Gibbs,rush_yds,140.0,373,Detroit Lions @ Carolina Panthers,2026-10-05T00:20:00Z,2026-10-02T17:51+00:00
Jahmyr Gibbs,rush_yds,150.0,513,Detroit Lions @ Carolina Panthers,2026-10-05T00:20:00Z,2026-10-02T17:51+00:00
Jahmyr Gibbs,rush_yds,160.0,710,Detroit Lions @ Carolina Panthers,2026-10-05T00:20:00Z,2026-10-02T17:51+00:00
Jahmyr Gibbs,rush_yds,170.0,980,Detroit Lions @ Carolina Panthers,2026-10-05T00:20:00Z,2026-10-02T17:51+00:00
Jahmyr Gibbs,rush_yds,180.0,1340,Detroit Lions @ Carolina Panthers,2026-10-05T00:20:00Z,2026-10-02T17:51+00:00
Jahmyr Gibbs,rush_yds,190.0,1820,Detroit Lions @ Carolina Panthers,2026-10-05T00:20:00Z,2026-10-02T17:51+00:00
Jahmyr Gibbs,rush_yds,200.0,2400,Detroit Lions @ Carolina Panthers,2026-10-05T00:20:00Z,2026-10-02T17:51+00:00
Chuba Hubbard,rush_yds,30.0,-1460,Detroit Lions @ Carolina Panthers,2026-10-05T00:20:00Z,2026-10-02T17:51+00:00
Chuba Hubbard,rush_yds,40.0,-542,Detroit Lions @ Carolina Panthers,2026-10-05T00:20:00Z,2026-10-02T17:51+00:00
Chuba Hubbard,rush_yds,50.0,-264,Detroit Lions @ Carolina Panthers,2026-10-05T00:20:00Z,2026-10-02T17:51+00:00
Chuba Hubbard,rush_yds,60.0,-148,Detroit Lions @ Carolina Panthers,2026-10-05T00:20:00Z,2026-10-02T17:51+00:00
Chuba Hubbard,rush_yds,65.0,-114,Detroit Lions @ Carolina Panthers,2026-10-05T00:20:00Z,2026-10-02T17:51+00:00
Chuba Hubbard,rush_yds,70.0,113,Detroit Lions @ Carolina Panthers,2026-10-05T00:20:00Z,2026-10-02T17:51+00:00
Chuba Hubbard,rush_yds,80.0,179,Detroit Lions @ Carolina Panthers,2026-10-05T00:20:00Z,2026-10-02T17:51+00:00
Chuba Hubbard,rush_yds,90.0,275,Detroit Lions @ Carolina Panthers,2026-10-05T00:20:00Z,2026-10-02T17:51+00:00
Chuba Hubbard,rush_yds,100.0,413,Detroit Lions @ Carolina Panthers,2026-10-05T00:20:00Z,2026-10-02T17:51+00:00
Chuba Hubbard,rush_yds,110.0,600,Detroit Lions @ Carolina Panthers,2026-10-05T00:20:00Z,2026-10-02T17:51+00:00
Chuba Hubbard,rush_yds,120.0,890,Detroit Lions @ Carolina Panthers,2026-10-05T00:20:00Z,2026-10-02T17:51+00:00
Chuba Hubbard,rush_yds,130.0,1280,Detroit Lions @ Carolina Panthers,2026-10-05T00:20:00Z,2026-10-02T17:51+00:00
Chuba Hubbard,rush_yds,140.0,1800,Detroit Lions @ Carolina Panthers,2026-10-05T00:20:00Z,2026-10-02T17:51+00:00
Chuba Hubbard,rush_yds,150.0,2500,Detroit Lions @ Carolina Panthers,2026-10-05T00:20:00Z,2026-10-02T17:51+00:00
Chuba Hubbard,rush_yds,160.0,3400,Detroit Lions @ Carolina Panthers,2026-10-05T00:20:00Z,2026-10-02T17:51+00:00
Sione Vaki,rush_yds,10.0,-115,Detroit Lions @ Carolina Panthers,2026-10-05T00:20:00Z,2026-10-02T17:51+00:00
Sione Vaki,rush_yds,15.0,157,Detroit Lions @ Carolina Panthers,2026-10-05T00:20:00Z,2026-10-02T17:51+00:00
Sione Vaki,rush_yds,20.0,253,Detroit Lions @ Carolina Panthers,2026-10-05T00:20:00Z,2026-10-02T17:51+00:00
Sione Vaki,rush_yds,25.0,393,Detroit Lions @ Carolina Panthers,2026-10-05T00:20:00Z,2026-10-02T17:51+00:00
Sione Vaki,rush_yds,30.0,571,Detroit Lions @ Carolina Panthers,2026-10-05T00:20:00Z,2026-10-02T17:51+00:00
Sione Vaki,rush_yds,40.0,970,Detroit Lions @ Carolina Panthers,2026-10-05T00:20:00Z,2026-10-02T17:51+00:00
Sione Vaki,rush_yds,50.0,1460,Detroit Lions @ Carolina Panthers,2026-10-05T00:20:00Z,2026-10-02T17:51+00:00
Sione Vaki,rush_yds,60.0,2100,Detroit Lions @ Carolina Panthers,2026-10-05T00:20:00Z,2026-10-02T17:51+00:00
Sione Vaki,rush_yds,70.0,2900,Detroit Lions @ Carolina Panthers,2026-10-05T00:20:00Z,2026-10-02T17:51+00:00
Sione Vaki,rush_yds,80.0,3900,Detroit Lions @ Carolina Panthers,2026-10-05T00:20:00Z,2026-10-02T17:51+00:00
AJ Dillon,rush_yds,10.0,-180,Detroit Lions @ Carolina Panthers,2026-10-05T00:20:00Z,2026-10-02T17:51+00:00
AJ Dillon,rush_yds,13.0,-119,Detroit Lions @ Carolina Panthers,2026-10-05T00:20:00Z,2026-10-02T17:51+00:00
AJ Dillon,rush_yds,15.0,108,Detroit Lions @ Carolina Panthers,2026-10-05T00:20:00Z,2026-10-02T17:51+00:00
AJ Dillon,rush_yds,20.0,185,Detroit Lions @ Carolina Panthers,2026-10-05T00:20:00Z,2026-10-02T17:51+00:00
AJ Dillon,rush_yds,25.0,293,Detroit Lions @ Carolina Panthers,2026-10-05T00:20:00Z,2026-10-02T17:51+00:00
AJ Dillon,rush_yds,30.0,430,Detroit Lions @ Carolina Panthers,2026-10-05T00:20:00Z,2026-10-02T17:51+00:00
AJ Dillon,rush_yds,40.0,860,Detroit Lions @ Carolina Panthers,2026-10-05T00:20:00Z,2026-10-02T17:51+00:00
AJ Dillon,rush_yds,50.0,1500,Detroit Lions @ Carolina Panthers,2026-10-05T00:20:00Z,2026-10-02T17:51+00:00
AJ Dillon,rush_yds,60.0,2300,Detroit Lions @ Carolina Panthers,2026-10-05T00:20:00Z,2026-10-02T17:51+00:00
AJ Dillon,rush_yds,70.0,3500,Detroit Lions @ Carolina Panthers,2026-10-05T00:20:00Z,2026-10-02T17:51+00:00
Bryce Young,rush_yds,10.0,-156,Detroit Lions @ Carolina Panthers,2026-10-05T00:20:00Z,2026-10-02T17:51+00:00
Bryce Young,rush_yds,13.0,-111,Detroit Lions @ Carolina Panthers,2026-10-05T00:20:00Z,2026-10-02T17:51+00:00
Bryce Young,rush_yds,15.0,111,Detroit Lions @ Carolina Panthers,2026-10-05T00:20:00Z,2026-10-02T17:51+00:00
Bryce Young,rush_yds,20.0,172,Detroit Lions @ Carolina Panthers,2026-10-05T00:20:00Z,2026-10-02T17:51+00:00
Bryce Young,rush_yds,25.0,268,Detroit Lions @ Carolina Panthers,2026-10-05T00:20:00Z,2026-10-02T17:51+00:00
Bryce Young,rush_yds,30.0,399,Detroit Lions @ Carolina Panthers,2026-10-05T00:20:00Z,2026-10-02T17:51+00:00
Bryce Young,rush_yds,40.0,870,Detroit Lions @ Carolina Panthers,2026-10-05T00:20:00Z,2026-10-02T17:51+00:00
Bryce Young,rush_yds,50.0,1760,Detroit Lions @ Carolina Panthers,2026-10-05T00:20:00Z,2026-10-02T17:51+00:00
Bryce Young,rush_yds,60.0,3200,Detroit Lions @ Carolina Panthers,2026-10-05T00:20:00Z,2026-10-02T17:51+00:00
Jared Goff,rush_yds,2.0,-108,Detroit Lions @ Carolina Panthers,2026-10-05T00:20:00Z,2026-10-02T17:51+00:00
Jared Goff,rush_yds,10.0,309,Detroit Lions @ Carolina Panthers,2026-10-05T00:20:00Z,2026-10-02T17:51+00:00
Jared Goff,rush_yds,15.0,549,Detroit Lions @ Carolina Panthers,2026-10-05T00:20:00Z,2026-10-02T17:51+00:00
Jared Goff,rush_yds,20.0,940,Detroit Lions @ Carolina Panthers,2026-10-05T00:20:00Z,2026-10-02T17:51+00:00
Jared Goff,rush_yds,25.0,1540,Detroit Lions @ Carolina Panthers,2026-10-05T00:20:00Z,2026-10-02T17:51+00:00
Jared Goff,rush_yds,30.0,2300,Detroit Lions @ Carolina Panthers,2026-10-05T00:20:00Z,2026-10-02T17:51+00:00
