Player,Market,Rung,Odds,Game,Commence
Jordan Love,pass_att,24.0,-1980,Atlanta Falcons @ Green Bay Packers,2026-09-25T00:15:00Z
Jordan Love,pass_att,26.0,-800,Atlanta Falcons @ Green Bay Packers,2026-09-25T00:15:00Z
Jordan Love,pass_att,28.0,-387,Atlanta Falcons @ Green Bay Packers,2026-09-25T00:15:00Z
Jordan Love,pass_att,30.0,-214,Atlanta Falcons @ Green Bay Packers,2026-09-25T00:15:00Z
Jordan Love,pass_att,32.0,-128,Atlanta Falcons @ Green Bay Packers,2026-09-25T00:15:00Z
Jordan Love,pass_att,34.0,128,Atlanta Falcons @ Green Bay Packers,2026-09-25T00:15:00Z
Jordan Love,pass_att,36.0,206,Atlanta Falcons @ Green Bay Packers,2026-09-25T00:15:00Z
Jordan Love,pass_att,38.0,321,Atlanta Falcons @ Green Bay Packers,2026-09-25T00:15:00Z
Jordan Love,pass_att,40.0,494,Atlanta Falcons @ Green Bay Packers,2026-09-25T00:15:00Z
Jordan Love,pass_att,42.0,740,Atlanta Falcons @ Green Bay Packers,2026-09-25T00:15:00Z
Jordan Love,pass_att,44.0,1120,Atlanta Falcons @ Green Bay Packers,2026-09-25T00:15:00Z
Jordan Love,pass_att,46.0,1580,Atlanta Falcons @ Green Bay Packers,2026-09-25T00:15:00Z
Michael Penix Jr.,pass_att,22.0,-3300,Atlanta Falcons @ Green Bay Packers,2026-09-25T00:15:00Z
Michael Penix Jr.,pass_att,24.0,-1120,Atlanta Falcons @ Green Bay Packers,2026-09-25T00:15:00Z
Michael Penix Jr.,pass_att,26.0,-505,Atlanta Falcons @ Green Bay Packers,2026-09-25T00:15:00Z
Michael Penix Jr.,pass_att,28.0,-271,Atlanta Falcons @ Green Bay Packers,2026-09-25T00:15:00Z
Michael Penix Jr.,pass_att,30.0,-161,Atlanta Falcons @ Green Bay Packers,2026-09-25T00:15:00Z
Michael Penix Jr.,pass_att,31.0,-125,Atlanta Falcons @ Green Bay Packers,2026-09-25T00:15:00Z
Michael Penix Jr.,pass_att,32.0,103,Atlanta Falcons @ Green Bay Packers,2026-09-25T00:15:00Z
Michael Penix Jr.,pass_att,34.0,166,Atlanta Falcons @ Green Bay Packers,2026-09-25T00:15:00Z
Michael Penix Jr.,pass_att,36.0,265,Atlanta Falcons @ Green Bay Packers,2026-09-25T00:15:00Z
Michael Penix Jr.,pass_att,38.0,416,Atlanta Falcons @ Green Bay Packers,2026-09-25T00:15:00Z
Michael Penix Jr.,pass_att,40.0,650,Atlanta Falcons @ Green Bay Packers,2026-09-25T00:15:00Z
Michael Penix Jr.,pass_att,42.0,1040,Atlanta Falcons @ Green Bay Packers,2026-09-25T00:15:00Z
Michael Penix Jr.,pass_att,44.0,1560,Atlanta Falcons @ Green Bay Packers,2026-09-25T00:15:00Z
Michael Penix Jr.,pass_cmps,14.0,-1160,Atlanta Falcons @ Green Bay Packers,2026-09-25T00:15:00Z
Michael Penix Jr.,pass_cmps,16.0,-422,Atlanta Falcons @ Green Bay Packers,2026-09-25T00:15:00Z
Michael Penix Jr.,pass_cmps,18.0,-187,Atlanta Falcons @ Green Bay Packers,2026-09-25T00:15:00Z
Michael Penix Jr.,pass_cmps,19.0,-130,Atlanta Falcons @ Green Bay Packers,2026-09-25T00:15:00Z
Michael Penix Jr.,pass_cmps,20.0,111,Atlanta Falcons @ Green Bay Packers,2026-09-25T00:15:00Z
Michael Penix Jr.,pass_cmps,22.0,216,Atlanta Falcons @ Green Bay Packers,2026-09-25T00:15:00Z
Michael Penix Jr.,pass_cmps,24.0,416,Atlanta Falcons @ Green Bay Packers,2026-09-25T00:15:00Z
Michael Penix Jr.,pass_cmps,26.0,820,Atlanta Falcons @ Green Bay Packers,2026-09-25T00:15:00Z
Michael Penix Jr.,pass_cmps,28.0,1540,Atlanta Falcons @ Green Bay Packers,2026-09-25T00:15:00Z
Jordan Love,pass_cmps,14.0,-1660,Atlanta Falcons @ Green Bay Packers,2026-09-25T00:15:00Z
Jordan Love,pass_cmps,16.0,-505,Atlanta Falcons @ Green Bay Packers,2026-09-25T00:15:00Z
Jordan Love,pass_cmps,18.0,-198,Atlanta Falcons @ Green Bay Packers,2026-09-25T00:15:00Z
Jordan Love,pass_cmps,19.0,-134,Atlanta Falcons @ Green Bay Packers,2026-09-25T00:15:00Z
Jordan Love,pass_cmps,20.0,109,Atlanta Falcons @ Green Bay Packers,2026-09-25T00:15:00Z
Jordan Love,pass_cmps,22.0,225,Atlanta Falcons @ Green Bay Packers,2026-09-25T00:15:00Z
Jordan Love,pass_cmps,24.0,459,Atlanta Falcons @ Green Bay Packers,2026-09-25T00:15:00Z
Jordan Love,pass_cmps,26.0,890,Atlanta Falcons @ Green Bay Packers,2026-09-25T00:15:00Z
Jordan Love,pass_cmps,28.0,1600,Atlanta Falcons @ Green Bay Packers,2026-09-25T00:15:00Z
Jordan Love,pass_yds,150.0,-1280,Atlanta Falcons @ Green Bay Packers,2026-09-25T00:15:00Z
Jordan Love,pass_yds,160.0,-860,Atlanta Falcons @ Green Bay Packers,2026-09-25T00:15:00Z
Jordan Love,pass_yds,170.0,-595,Atlanta Falcons @ Green Bay Packers,2026-09-25T00:15:00Z
Jordan Love,pass_yds,180.0,-419,Atlanta Falcons @ Green Bay Packers,2026-09-25T00:15:00Z
Jordan Love,pass_yds,190.0,-313,Atlanta Falcons @ Green Bay Packers,2026-09-25T00:15:00Z
Jordan Love,pass_yds,200.0,-233,Atlanta Falcons @ Green Bay Packers,2026-09-25T00:15:00Z
Jordan Love,pass_yds,210.0,-177,Atlanta Falcons @ Green Bay Packers,2026-09-25T00:15:00Z
Jordan Love,pass_yds,220.0,-136,Atlanta Falcons @ Green Bay Packers,2026-09-25T00:15:00Z
Jordan Love,pass_yds,227.0,-113,Atlanta Falcons @ Green Bay Packers,2026-09-25T00:15:00Z
Jordan Love,pass_yds,230.0,-104,Atlanta Falcons @ Green Bay Packers,2026-09-25T00:15:00Z
Jordan Love,pass_yds,240.0,122,Atlanta Falcons @ Green Bay Packers,2026-09-25T00:15:00Z
Jordan Love,pass_yds,250.0,155,Atlanta Falcons @ Green Bay Packers,2026-09-25T00:15:00Z
Jordan Love,pass_yds,260.0,198,Atlanta Falcons @ Green Bay Packers,2026-09-25T00:15:00Z
Jordan Love,pass_yds,270.0,253,Atlanta Falcons @ Green Bay Packers,2026-09-25T00:15:00Z
Jordan Love,pass_yds,280.0,322,Atlanta Falcons @ Green Bay Packers,2026-09-25T00:15:00Z
Jordan Love,pass_yds,290.0,412,Atlanta Falcons @ Green Bay Packers,2026-09-25T00:15:00Z
Jordan Love,pass_yds,300.0,531,Atlanta Falcons @ Green Bay Packers,2026-09-25T00:15:00Z
Jordan Love,pass_yds,310.0,670,Atlanta Falcons @ Green Bay Packers,2026-09-25T00:15:00Z
Jordan Love,pass_yds,320.0,860,Atlanta Falcons @ Green Bay Packers,2026-09-25T00:15:00Z
Jordan Love,pass_yds,330.0,1080,Atlanta Falcons @ Green Bay Packers,2026-09-25T00:15:00Z
Jordan Love,pass_yds,340.0,1380,Atlanta Falcons @ Green Bay Packers,2026-09-25T00:15:00Z
Jordan Love,pass_yds,350.0,1740,Atlanta Falcons @ Green Bay Packers,2026-09-25T00:15:00Z
Jordan Love,pass_yds,360.0,2200,Atlanta Falcons @ Green Bay Packers,2026-09-25T00:15:00Z
Jordan Love,pass_yds,370.0,2700,Atlanta Falcons @ Green Bay Packers,2026-09-25T00:15:00Z
Jordan Love,pass_yds,380.0,3300,Atlanta Falcons @ Green Bay Packers,2026-09-25T00:15:00Z
Jordan Love,pass_yds,390.0,4000,Atlanta Falcons @ Green Bay Packers,2026-09-25T00:15:00Z
Michael Penix Jr.,pass_yds,150.0,-524,Atlanta Falcons @ Green Bay Packers,2026-09-25T00:15:00Z
Michael Penix Jr.,pass_yds,160.0,-371,Atlanta Falcons @ Green Bay Packers,2026-09-25T00:15:00Z
Michael Penix Jr.,pass_yds,170.0,-268,Atlanta Falcons @ Green Bay Packers,2026-09-25T00:15:00Z
Michael Penix Jr.,pass_yds,180.0,-200,Atlanta Falcons @ Green Bay Packers,2026-09-25T00:15:00Z
Michael Penix Jr.,pass_yds,190.0,-151,Atlanta Falcons @ Green Bay Packers,2026-09-25T00:15:00Z
Michael Penix Jr.,pass_yds,200.0,-116,Atlanta Falcons @ Green Bay Packers,2026-09-25T00:15:00Z
Michael Penix Jr.,pass_yds,201.0,-113,Atlanta Falcons @ Green Bay Packers,2026-09-25T00:15:00Z
Michael Penix Jr.,pass_yds,210.0,113,Atlanta Falcons @ Green Bay Packers,2026-09-25T00:15:00Z
Michael Penix Jr.,pass_yds,220.0,148,Atlanta Falcons @ Green Bay Packers,2026-09-25T00:15:00Z
Michael Penix Jr.,pass_yds,230.0,192,Atlanta Falcons @ Green Bay Packers,2026-09-25T00:15:00Z
Michael Penix Jr.,pass_yds,240.0,252,Atlanta Falcons @ Green Bay Packers,2026-09-25T00:15:00Z
Michael Penix Jr.,pass_yds,250.0,324,Atlanta Falcons @ Green Bay Packers,2026-09-25T00:15:00Z
Michael Penix Jr.,pass_yds,260.0,416,Atlanta Falcons @ Green Bay Packers,2026-09-25T00:15:00Z
Michael Penix Jr.,pass_yds,270.0,533,Atlanta Falcons @ Green Bay Packers,2026-09-25T00:15:00Z
Michael Penix Jr.,pass_yds,280.0,690,Atlanta Falcons @ Green Bay Packers,2026-09-25T00:15:00Z
Michael Penix Jr.,pass_yds,290.0,910,Atlanta Falcons @ Green Bay Packers,2026-09-25T00:15:00Z
Michael Penix Jr.,pass_yds,300.0,1160,Atlanta Falcons @ Green Bay Packers,2026-09-25T00:15:00Z
Michael Penix Jr.,pass_yds,310.0,1480,Atlanta Falcons @ Green Bay Packers,2026-09-25T00:15:00Z
Michael Penix Jr.,pass_yds,320.0,1920,Atlanta Falcons @ Green Bay Packers,2026-09-25T00:15:00Z
Michael Penix Jr.,pass_yds,330.0,2400,Atlanta Falcons @ Green Bay Packers,2026-09-25T00:15:00Z
Michael Penix Jr.,pass_yds,340.0,3000,Atlanta Falcons @ Green Bay Packers,2026-09-25T00:15:00Z
Michael Penix Jr.,pass_yds,350.0,3600,Atlanta Falcons @ Green Bay Packers,2026-09-25T00:15:00Z
Christian Watson,rec_yds,15.0,-2800,Atlanta Falcons @ Green Bay Packers,2026-09-25T00:15:00Z
Christian Watson,rec_yds,25.0,-1020,Atlanta Falcons @ Green Bay Packers,2026-09-25T00:15:00Z
Christian Watson,rec_yds,40.0,-401,Atlanta Falcons @ Green Bay Packers,2026-09-25T00:15:00Z
Christian Watson,rec_yds,50.0,-238,Atlanta Falcons @ Green Bay Packers,2026-09-25T00:15:00Z
Christian Watson,rec_yds,60.0,-152,Atlanta Falcons @ Green Bay Packers,2026-09-25T00:15:00Z
Christian Watson,rec_yds,68.0,-111,Atlanta Falcons @ Green Bay Packers,2026-09-25T00:15:00Z
Christian Watson,rec_yds,70.0,-103,Atlanta Falcons @ Green Bay Packers,2026-09-25T00:15:00Z
Christian Watson,rec_yds,80.0,141,Atlanta Falcons @ Green Bay Packers,2026-09-25T00:15:00Z
Christian Watson,rec_yds,90.0,199,Atlanta Falcons @ Green Bay Packers,2026-09-25T00:15:00Z
Christian Watson,rec_yds,100.0,282,Atlanta Falcons @ Green Bay Packers,2026-09-25T00:15:00Z
Christian Watson,rec_yds,110.0,398,Atlanta Falcons @ Green Bay Packers,2026-09-25T00:15:00Z
Christian Watson,rec_yds,120.0,554,Atlanta Falcons @ Green Bay Packers,2026-09-25T00:15:00Z
Christian Watson,rec_yds,130.0,760,Atlanta Falcons @ Green Bay Packers,2026-09-25T00:15:00Z
Christian Watson,rec_yds,140.0,1040,Atlanta Falcons @ Green Bay Packers,2026-09-25T00:15:00Z
Christian Watson,rec_yds,150.0,1420,Atlanta Falcons @ Green Bay Packers,2026-09-25T00:15:00Z
Christian Watson,rec_yds,160.0,1940,Atlanta Falcons @ Green Bay Packers,2026-09-25T00:15:00Z
Christian Watson,rec_yds,170.0,2600,Atlanta Falcons @ Green Bay Packers,2026-09-25T00:15:00Z
Christian Watson,rec_yds,180.0,3300,Atlanta Falcons @ Green Bay Packers,2026-09-25T00:15:00Z
Drake London,rec_yds,15.0,-2200,Atlanta Falcons @ Green Bay Packers,2026-09-25T00:15:00Z
Drake London,rec_yds,25.0,-930,Atlanta Falcons @ Green Bay Packers,2026-09-25T00:15:00Z
Drake London,rec_yds,40.0,-366,Atlanta Falcons @ Green Bay Packers,2026-09-25T00:15:00Z
Drake London,rec_yds,50.0,-225,Atlanta Falcons @ Green Bay Packers,2026-09-25T00:15:00Z
Drake London,rec_yds,60.0,-146,Atlanta Falcons @ Green Bay Packers,2026-09-25T00:15:00Z
Drake London,rec_yds,67.0,-112,Atlanta Falcons @ Green Bay Packers,2026-09-25T00:15:00Z
Drake London,rec_yds,70.0,101,Atlanta Falcons @ Green Bay Packers,2026-09-25T00:15:00Z
Drake London,rec_yds,80.0,147,Atlanta Falcons @ Green Bay Packers,2026-09-25T00:15:00Z
Drake London,rec_yds,90.0,207,Atlanta Falcons @ Green Bay Packers,2026-09-25T00:15:00Z
Drake London,rec_yds,100.0,290,Atlanta Falcons @ Green Bay Packers,2026-09-25T00:15:00Z
Drake London,rec_yds,110.0,405,Atlanta Falcons @ Green Bay Packers,2026-09-25T00:15:00Z
Drake London,rec_yds,120.0,570,Atlanta Falcons @ Green Bay Packers,2026-09-25T00:15:00Z
Drake London,rec_yds,130.0,790,Atlanta Falcons @ Green Bay Packers,2026-09-25T00:15:00Z
Drake London,rec_yds,140.0,1080,Atlanta Falcons @ Green Bay Packers,2026-09-25T00:15:00Z
Drake London,rec_yds,150.0,1460,Atlanta Falcons @ Green Bay Packers,2026-09-25T00:15:00Z
Drake London,rec_yds,160.0,1960,Atlanta Falcons @ Green Bay Packers,2026-09-25T00:15:00Z
Drake London,rec_yds,170.0,2500,Atlanta Falcons @ Green Bay Packers,2026-09-25T00:15:00Z
Drake London,rec_yds,180.0,3300,Atlanta Falcons @ Green Bay Packers,2026-09-25T00:15:00Z
Matthew Golden,rec_yds,15.0,-1440,Atlanta Falcons @ Green Bay Packers,2026-09-25T00:15:00Z
Matthew Golden,rec_yds,25.0,-574,Atlanta Falcons @ Green Bay Packers,2026-09-25T00:15:00Z
Matthew Golden,rec_yds,40.0,-215,Atlanta Falcons @ Green Bay Packers,2026-09-25T00:15:00Z
Matthew Golden,rec_yds,50.0,-130,Atlanta Falcons @ Green Bay Packers,2026-09-25T00:15:00Z
Matthew Golden,rec_yds,53.0,-113,Atlanta Falcons @ Green Bay Packers,2026-09-25T00:15:00Z
Matthew Golden,rec_yds,60.0,120,Atlanta Falcons @ Green Bay Packers,2026-09-25T00:15:00Z
Matthew Golden,rec_yds,70.0,179,Atlanta Falcons @ Green Bay Packers,2026-09-25T00:15:00Z
Matthew Golden,rec_yds,80.0,266,Atlanta Falcons @ Green Bay Packers,2026-09-25T00:15:00Z
Matthew Golden,rec_yds,90.0,386,Atlanta Falcons @ Green Bay Packers,2026-09-25T00:15:00Z
Matthew Golden,rec_yds,100.0,563,Atlanta Falcons @ Green Bay Packers,2026-09-25T00:15:00Z
Matthew Golden,rec_yds,110.0,810,Atlanta Falcons @ Green Bay Packers,2026-09-25T00:15:00Z
Matthew Golden,rec_yds,120.0,1160,Atlanta Falcons @ Green Bay Packers,2026-09-25T00:15:00Z
Matthew Golden,rec_yds,130.0,1600,Atlanta Falcons @ Green Bay Packers,2026-09-25T00:15:00Z
Matthew Golden,rec_yds,140.0,2200,Atlanta Falcons @ Green Bay Packers,2026-09-25T00:15:00Z
Matthew Golden,rec_yds,150.0,3000,Atlanta Falcons @ Green Bay Packers,2026-09-25T00:15:00Z
Matthew Golden,rec_yds,160.0,3900,Atlanta Falcons @ Green Bay Packers,2026-09-25T00:15:00Z
Tucker Kraft,rec_yds,15.0,-840,Atlanta Falcons @ Green Bay Packers,2026-09-25T00:15:00Z
Tucker Kraft,rec_yds,25.0,-351,Atlanta Falcons @ Green Bay Packers,2026-09-25T00:15:00Z
Tucker Kraft,rec_yds,40.0,-139,Atlanta Falcons @ Green Bay Packers,2026-09-25T00:15:00Z
Tucker Kraft,rec_yds,44.0,-113,Atlanta Falcons @ Green Bay Packers,2026-09-25T00:15:00Z
Tucker Kraft,rec_yds,50.0,117,Atlanta Falcons @ Green Bay Packers,2026-09-25T00:15:00Z
Tucker Kraft,rec_yds,60.0,184,Atlanta Falcons @ Green Bay Packers,2026-09-25T00:15:00Z
Tucker Kraft,rec_yds,70.0,283,Atlanta Falcons @ Green Bay Packers,2026-09-25T00:15:00Z
Tucker Kraft,rec_yds,80.0,424,Atlanta Falcons @ Green Bay Packers,2026-09-25T00:15:00Z
Tucker Kraft,rec_yds,90.0,650,Atlanta Falcons @ Green Bay Packers,2026-09-25T00:15:00Z
Tucker Kraft,rec_yds,100.0,960,Atlanta Falcons @ Green Bay Packers,2026-09-25T00:15:00Z
Tucker Kraft,rec_yds,110.0,1400,Atlanta Falcons @ Green Bay Packers,2026-09-25T00:15:00Z
Tucker Kraft,rec_yds,120.0,2000,Atlanta Falcons @ Green Bay Packers,2026-09-25T00:15:00Z
Tucker Kraft,rec_yds,130.0,2900,Atlanta Falcons @ Green Bay Packers,2026-09-25T00:15:00Z
Tucker Kraft,rec_yds,140.0,3700,Atlanta Falcons @ Green Bay Packers,2026-09-25T00:15:00Z
Bijan Robinson,rec_yds,15.0,-830,Atlanta Falcons @ Green Bay Packers,2026-09-25T00:15:00Z
Bijan Robinson,rec_yds,25.0,-312,Atlanta Falcons @ Green Bay Packers,2026-09-25T00:15:00Z
Bijan Robinson,rec_yds,40.0,-110,Atlanta Falcons @ Green Bay Packers,2026-09-25T00:15:00Z
Bijan Robinson,rec_yds,50.0,159,Atlanta Falcons @ Green Bay Packers,2026-09-25T00:15:00Z
Bijan Robinson,rec_yds,60.0,268,Atlanta Falcons @ Green Bay Packers,2026-09-25T00:15:00Z
Bijan Robinson,rec_yds,70.0,440,Atlanta Falcons @ Green Bay Packers,2026-09-25T00:15:00Z
Bijan Robinson,rec_yds,80.0,690,Atlanta Falcons @ Green Bay Packers,2026-09-25T00:15:00Z
Bijan Robinson,rec_yds,90.0,1060,Atlanta Falcons @ Green Bay Packers,2026-09-25T00:15:00Z
Bijan Robinson,rec_yds,100.0,1600,Atlanta Falcons @ Green Bay Packers,2026-09-25T00:15:00Z
Bijan Robinson,rec_yds,110.0,2300,Atlanta Falcons @ Green Bay Packers,2026-09-25T00:15:00Z
Bijan Robinson,rec_yds,120.0,3400,Atlanta Falcons @ Green Bay Packers,2026-09-25T00:15:00Z
Kyle Pitts,rec_yds,15.0,-560,Atlanta Falcons @ Green Bay Packers,2026-09-25T00:15:00Z
Kyle Pitts,rec_yds,25.0,-232,Atlanta Falcons @ Green Bay Packers,2026-09-25T00:15:00Z
Kyle Pitts,rec_yds,36.0,-111,Atlanta Falcons @ Green Bay Packers,2026-09-25T00:15:00Z
Kyle Pitts,rec_yds,40.0,114,Atlanta Falcons @ Green Bay Packers,2026-09-25T00:15:00Z
Kyle Pitts,rec_yds,50.0,197,Atlanta Falcons @ Green Bay Packers,2026-09-25T00:15:00Z
Kyle Pitts,rec_yds,60.0,325,Atlanta Falcons @ Green Bay Packers,2026-09-25T00:15:00Z
Kyle Pitts,rec_yds,70.0,519,Atlanta Falcons @ Green Bay Packers,2026-09-25T00:15:00Z
Kyle Pitts,rec_yds,80.0,800,Atlanta Falcons @ Green Bay Packers,2026-09-25T00:15:00Z
Kyle Pitts,rec_yds,90.0,1260,Atlanta Falcons @ Green Bay Packers,2026-09-25T00:15:00Z
Kyle Pitts,rec_yds,100.0,1880,Atlanta Falcons @ Green Bay Packers,2026-09-25T00:15:00Z
Kyle Pitts,rec_yds,110.0,2900,Atlanta Falcons @ Green Bay Packers,2026-09-25T00:15:00Z
Jahan Dotson,rec_yds,15.0,-153,Atlanta Falcons @ Green Bay Packers,2026-09-25T00:15:00Z
Jahan Dotson,rec_yds,18.0,-117,Atlanta Falcons @ Green Bay Packers,2026-09-25T00:15:00Z
Jahan Dotson,rec_yds,25.0,146,Atlanta Falcons @ Green Bay Packers,2026-09-25T00:15:00Z
Jahan Dotson,rec_yds,40.0,376,Atlanta Falcons @ Green Bay Packers,2026-09-25T00:15:00Z
Jahan Dotson,rec_yds,50.0,670,Atlanta Falcons @ Green Bay Packers,2026-09-25T00:15:00Z
Jahan Dotson,rec_yds,60.0,1140,Atlanta Falcons @ Green Bay Packers,2026-09-25T00:15:00Z
Jahan Dotson,rec_yds,70.0,1800,Atlanta Falcons @ Green Bay Packers,2026-09-25T00:15:00Z
Jahan Dotson,rec_yds,80.0,2700,Atlanta Falcons @ Green Bay Packers,2026-09-25T00:15:00Z
Jahan Dotson,rec_yds,90.0,3900,Atlanta Falcons @ Green Bay Packers,2026-09-25T00:15:00Z
Skyy Moore,rec_yds,10.0,-110,Atlanta Falcons @ Green Bay Packers,2026-09-25T00:15:00Z
Skyy Moore,rec_yds,15.0,156,Atlanta Falcons @ Green Bay Packers,2026-09-25T00:15:00Z
Skyy Moore,rec_yds,25.0,343,Atlanta Falcons @ Green Bay Packers,2026-09-25T00:15:00Z
Skyy Moore,rec_yds,40.0,890,Atlanta Falcons @ Green Bay Packers,2026-09-25T00:15:00Z
Skyy Moore,rec_yds,50.0,1560,Atlanta Falcons @ Green Bay Packers,2026-09-25T00:15:00Z
Skyy Moore,rec_yds,60.0,2500,Atlanta Falcons @ Green Bay Packers,2026-09-25T00:15:00Z
Skyy Moore,rec_yds,70.0,3500,Atlanta Falcons @ Green Bay Packers,2026-09-25T00:15:00Z
Olamide Zaccheaus,rec_yds,10.0,-109,Atlanta Falcons @ Green Bay Packers,2026-09-25T00:15:00Z
Olamide Zaccheaus,rec_yds,15.0,150,Atlanta Falcons @ Green Bay Packers,2026-09-25T00:15:00Z
Olamide Zaccheaus,rec_yds,25.0,334,Atlanta Falcons @ Green Bay Packers,2026-09-25T00:15:00Z
Olamide Zaccheaus,rec_yds,40.0,910,Atlanta Falcons @ Green Bay Packers,2026-09-25T00:15:00Z
Olamide Zaccheaus,rec_yds,50.0,1600,Atlanta Falcons @ Green Bay Packers,2026-09-25T00:15:00Z
Olamide Zaccheaus,rec_yds,60.0,2700,Atlanta Falcons @ Green Bay Packers,2026-09-25T00:15:00Z
Olamide Zaccheaus,rec_yds,70.0,3900,Atlanta Falcons @ Green Bay Packers,2026-09-25T00:15:00Z
Jonnu Smith,rec_yds,8.0,-117,Atlanta Falcons @ Green Bay Packers,2026-09-25T00:15:00Z
Jonnu Smith,rec_yds,15.0,199,Atlanta Falcons @ Green Bay Packers,2026-09-25T00:15:00Z
Jonnu Smith,rec_yds,25.0,462,Atlanta Falcons @ Green Bay Packers,2026-09-25T00:15:00Z
Jonnu Smith,rec_yds,40.0,1240,Atlanta Falcons @ Green Bay Packers,2026-09-25T00:15:00Z
Jonnu Smith,rec_yds,50.0,2100,Atlanta Falcons @ Green Bay Packers,2026-09-25T00:15:00Z
Jonnu Smith,rec_yds,60.0,3200,Atlanta Falcons @ Green Bay Packers,2026-09-25T00:15:00Z
Chris Brooks,rec_yds,9.0,-108,Atlanta Falcons @ Green Bay Packers,2026-09-25T00:15:00Z
Chris Brooks,rec_yds,15.0,195,Atlanta Falcons @ Green Bay Packers,2026-09-25T00:15:00Z
Chris Brooks,rec_yds,25.0,474,Atlanta Falcons @ Green Bay Packers,2026-09-25T00:15:00Z
Chris Brooks,rec_yds,40.0,1360,Atlanta Falcons @ Green Bay Packers,2026-09-25T00:15:00Z
Chris Brooks,rec_yds,50.0,2300,Atlanta Falcons @ Green Bay Packers,2026-09-25T00:15:00Z
Chris Brooks,rec_yds,60.0,3300,Atlanta Falcons @ Green Bay Packers,2026-09-25T00:15:00Z
MarShawn Lloyd,rec_yds,6.0,-117,Atlanta Falcons @ Green Bay Packers,2026-09-25T00:15:00Z
MarShawn Lloyd,rec_yds,15.0,301,Atlanta Falcons @ Green Bay Packers,2026-09-25T00:15:00Z
MarShawn Lloyd,rec_yds,25.0,710,Atlanta Falcons @ Green Bay Packers,2026-09-25T00:15:00Z
MarShawn Lloyd,rec_yds,40.0,1980,Atlanta Falcons @ Green Bay Packers,2026-09-25T00:15:00Z
MarShawn Lloyd,rec_yds,50.0,3100,Atlanta Falcons @ Green Bay Packers,2026-09-25T00:15:00Z
Drake London,receptions,3.0,-1180,Atlanta Falcons @ Green Bay Packers,2026-09-25T00:15:00Z
Drake London,receptions,4.0,-405,Atlanta Falcons @ Green Bay Packers,2026-09-25T00:15:00Z
Drake London,receptions,5.0,-179,Atlanta Falcons @ Green Bay Packers,2026-09-25T00:15:00Z
Drake London,receptions,6.0,112,Atlanta Falcons @ Green Bay Packers,2026-09-25T00:15:00Z
Drake London,receptions,7.0,209,Atlanta Falcons @ Green Bay Packers,2026-09-25T00:15:00Z
Drake London,receptions,8.0,391,Atlanta Falcons @ Green Bay Packers,2026-09-25T00:15:00Z
Drake London,receptions,9.0,710,Atlanta Falcons @ Green Bay Packers,2026-09-25T00:15:00Z
Drake London,receptions,10.0,1280,Atlanta Falcons @ Green Bay Packers,2026-09-25T00:15:00Z
Drake London,receptions,11.0,2100,Atlanta Falcons @ Green Bay Packers,2026-09-25T00:15:00Z
Christian Watson,receptions,3.0,-750,Atlanta Falcons @ Green Bay Packers,2026-09-25T00:15:00Z
Christian Watson,receptions,4.0,-272,Atlanta Falcons @ Green Bay Packers,2026-09-25T00:15:00Z
Christian Watson,receptions,5.0,-123,Atlanta Falcons @ Green Bay Packers,2026-09-25T00:15:00Z
Christian Watson,receptions,6.0,164,Atlanta Falcons @ Green Bay Packers,2026-09-25T00:15:00Z
Christian Watson,receptions,7.0,320,Atlanta Falcons @ Green Bay Packers,2026-09-25T00:15:00Z
Christian Watson,receptions,8.0,600,Atlanta Falcons @ Green Bay Packers,2026-09-25T00:15:00Z
Christian Watson,receptions,9.0,1100,Atlanta Falcons @ Green Bay Packers,2026-09-25T00:15:00Z
Christian Watson,receptions,10.0,1800,Atlanta Falcons @ Green Bay Packers,2026-09-25T00:15:00Z
Christian Watson,receptions,11.0,2700,Atlanta Falcons @ Green Bay Packers,2026-09-25T00:15:00Z
Bijan Robinson,receptions,2.0,-2800,Atlanta Falcons @ Green Bay Packers,2026-09-25T00:15:00Z
Bijan Robinson,receptions,3.0,-600,Atlanta Falcons @ Green Bay Packers,2026-09-25T00:15:00Z
Bijan Robinson,receptions,4.0,-233,Atlanta Falcons @ Green Bay Packers,2026-09-25T00:15:00Z
Bijan Robinson,receptions,5.0,-107,Atlanta Falcons @ Green Bay Packers,2026-09-25T00:15:00Z
Bijan Robinson,receptions,6.0,187,Atlanta Falcons @ Green Bay Packers,2026-09-25T00:15:00Z
Bijan Robinson,receptions,7.0,357,Atlanta Falcons @ Green Bay Packers,2026-09-25T00:15:00Z
Bijan Robinson,receptions,8.0,650,Atlanta Falcons @ Green Bay Packers,2026-09-25T00:15:00Z
Bijan Robinson,receptions,9.0,1200,Atlanta Falcons @ Green Bay Packers,2026-09-25T00:15:00Z
Bijan Robinson,receptions,10.0,1960,Atlanta Falcons @ Green Bay Packers,2026-09-25T00:15:00Z
Bijan Robinson,receptions,11.0,2800,Atlanta Falcons @ Green Bay Packers,2026-09-25T00:15:00Z
Matthew Golden,receptions,2.0,-2300,Atlanta Falcons @ Green Bay Packers,2026-09-25T00:15:00Z
Matthew Golden,receptions,3.0,-536,Atlanta Falcons @ Green Bay Packers,2026-09-25T00:15:00Z
Matthew Golden,receptions,4.0,-201,Atlanta Falcons @ Green Bay Packers,2026-09-25T00:15:00Z
Matthew Golden,receptions,5.0,107,Atlanta Falcons @ Green Bay Packers,2026-09-25T00:15:00Z
Matthew Golden,receptions,6.0,216,Atlanta Falcons @ Green Bay Packers,2026-09-25T00:15:00Z
Matthew Golden,receptions,7.0,415,Atlanta Falcons @ Green Bay Packers,2026-09-25T00:15:00Z
Matthew Golden,receptions,8.0,810,Atlanta Falcons @ Green Bay Packers,2026-09-25T00:15:00Z
Matthew Golden,receptions,9.0,1400,Atlanta Falcons @ Green Bay Packers,2026-09-25T00:15:00Z
Matthew Golden,receptions,10.0,2300,Atlanta Falcons @ Green Bay Packers,2026-09-25T00:15:00Z
Tucker Kraft,receptions,2.0,-1540,Atlanta Falcons @ Green Bay Packers,2026-09-25T00:15:00Z
Tucker Kraft,receptions,3.0,-398,Atlanta Falcons @ Green Bay Packers,2026-09-25T00:15:00Z
Tucker Kraft,receptions,4.0,-158,Atlanta Falcons @ Green Bay Packers,2026-09-25T00:15:00Z
Tucker Kraft,receptions,5.0,139,Atlanta Falcons @ Green Bay Packers,2026-09-25T00:15:00Z
Tucker Kraft,receptions,6.0,287,Atlanta Falcons @ Green Bay Packers,2026-09-25T00:15:00Z
Tucker Kraft,receptions,7.0,580,Atlanta Falcons @ Green Bay Packers,2026-09-25T00:15:00Z
Tucker Kraft,receptions,8.0,1120,Atlanta Falcons @ Green Bay Packers,2026-09-25T00:15:00Z
Tucker Kraft,receptions,9.0,1960,Atlanta Falcons @ Green Bay Packers,2026-09-25T00:15:00Z
Kyle Pitts,receptions,2.0,-990,Atlanta Falcons @ Green Bay Packers,2026-09-25T00:15:00Z
Kyle Pitts,receptions,3.0,-292,Atlanta Falcons @ Green Bay Packers,2026-09-25T00:15:00Z
Kyle Pitts,receptions,4.0,-120,Atlanta Falcons @ Green Bay Packers,2026-09-25T00:15:00Z
Kyle Pitts,receptions,5.0,183,Atlanta Falcons @ Green Bay Packers,2026-09-25T00:15:00Z
Kyle Pitts,receptions,6.0,376,Atlanta Falcons @ Green Bay Packers,2026-09-25T00:15:00Z
Kyle Pitts,receptions,7.0,750,Atlanta Falcons @ Green Bay Packers,2026-09-25T00:15:00Z
Kyle Pitts,receptions,8.0,1480,Atlanta Falcons @ Green Bay Packers,2026-09-25T00:15:00Z
Kyle Pitts,receptions,9.0,2500,Atlanta Falcons @ Green Bay Packers,2026-09-25T00:15:00Z
Jahan Dotson,receptions,2.0,-146,Atlanta Falcons @ Green Bay Packers,2026-09-25T00:15:00Z
Jahan Dotson,receptions,3.0,205,Atlanta Falcons @ Green Bay Packers,2026-09-25T00:15:00Z
Jahan Dotson,receptions,4.0,546,Atlanta Falcons @ Green Bay Packers,2026-09-25T00:15:00Z
Jahan Dotson,receptions,5.0,1360,Atlanta Falcons @ Green Bay Packers,2026-09-25T00:15:00Z
Jahan Dotson,receptions,6.0,2700,Atlanta Falcons @ Green Bay Packers,2026-09-25T00:15:00Z
Chris Brooks,receptions,2.0,105,Atlanta Falcons @ Green Bay Packers,2026-09-25T00:15:00Z
Chris Brooks,receptions,3.0,320,Atlanta Falcons @ Green Bay Packers,2026-09-25T00:15:00Z
Chris Brooks,receptions,4.0,900,Atlanta Falcons @ Green Bay Packers,2026-09-25T00:15:00Z
Chris Brooks,receptions,5.0,2000,Atlanta Falcons @ Green Bay Packers,2026-09-25T00:15:00Z
Skyy Moore,receptions,2.0,132,Atlanta Falcons @ Green Bay Packers,2026-09-25T00:15:00Z
Skyy Moore,receptions,3.0,410,Atlanta Falcons @ Green Bay Packers,2026-09-25T00:15:00Z
Skyy Moore,receptions,4.0,1140,Atlanta Falcons @ Green Bay Packers,2026-09-25T00:15:00Z
Skyy Moore,receptions,5.0,2500,Atlanta Falcons @ Green Bay Packers,2026-09-25T00:15:00Z
Jonnu Smith,receptions,2.0,133,Atlanta Falcons @ Green Bay Packers,2026-09-25T00:15:00Z
Jonnu Smith,receptions,3.0,428,Atlanta Falcons @ Green Bay Packers,2026-09-25T00:15:00Z
Jonnu Smith,receptions,4.0,1200,Atlanta Falcons @ Green Bay Packers,2026-09-25T00:15:00Z
Jonnu Smith,receptions,5.0,2600,Atlanta Falcons @ Green Bay Packers,2026-09-25T00:15:00Z
MarShawn Lloyd,receptions,2.0,148,Atlanta Falcons @ Green Bay Packers,2026-09-25T00:15:00Z
MarShawn Lloyd,receptions,3.0,480,Atlanta Falcons @ Green Bay Packers,2026-09-25T00:15:00Z
MarShawn Lloyd,receptions,4.0,1300,Atlanta Falcons @ Green Bay Packers,2026-09-25T00:15:00Z
MarShawn Lloyd,receptions,5.0,2600,Atlanta Falcons @ Green Bay Packers,2026-09-25T00:15:00Z
Olamide Zaccheaus,receptions,2.0,178,Atlanta Falcons @ Green Bay Packers,2026-09-25T00:15:00Z
Olamide Zaccheaus,receptions,3.0,597,Atlanta Falcons @ Green Bay Packers,2026-09-25T00:15:00Z
Olamide Zaccheaus,receptions,4.0,1660,Atlanta Falcons @ Green Bay Packers,2026-09-25T00:15:00Z
Bijan Robinson,rush_att,12.0,-1220,Atlanta Falcons @ Green Bay Packers,2026-09-25T00:15:00Z
Bijan Robinson,rush_att,14.0,-476,Atlanta Falcons @ Green Bay Packers,2026-09-25T00:15:00Z
Bijan Robinson,rush_att,16.0,-230,Atlanta Falcons @ Green Bay Packers,2026-09-25T00:15:00Z
Bijan Robinson,rush_att,18.0,-126,Atlanta Falcons @ Green Bay Packers,2026-09-25T00:15:00Z
Bijan Robinson,rush_att,20.0,138,Atlanta Falcons @ Green Bay Packers,2026-09-25T00:15:00Z
Bijan Robinson,rush_att,22.0,238,Atlanta Falcons @ Green Bay Packers,2026-09-25T00:15:00Z
Bijan Robinson,rush_att,24.0,402,Atlanta Falcons @ Green Bay Packers,2026-09-25T00:15:00Z
Bijan Robinson,rush_att,26.0,660,Atlanta Falcons @ Green Bay Packers,2026-09-25T00:15:00Z
Bijan Robinson,rush_att,28.0,1080,Atlanta Falcons @ Green Bay Packers,2026-09-25T00:15:00Z
Bijan Robinson,rush_att,30.0,1600,Atlanta Falcons @ Green Bay Packers,2026-09-25T00:15:00Z
Bijan Robinson,rush_yds,40.0,-1100,Atlanta Falcons @ Green Bay Packers,2026-09-25T00:15:00Z
Bijan Robinson,rush_yds,50.0,-489,Atlanta Falcons @ Green Bay Packers,2026-09-25T00:15:00Z
Bijan Robinson,rush_yds,60.0,-262,Atlanta Falcons @ Green Bay Packers,2026-09-25T00:15:00Z
Bijan Robinson,rush_yds,70.0,-156,Atlanta Falcons @ Green Bay Packers,2026-09-25T00:15:00Z
Bijan Robinson,rush_yds,77.0,-113,Atlanta Falcons @ Green Bay Packers,2026-09-25T00:15:00Z
Bijan Robinson,rush_yds,80.0,101,Atlanta Falcons @ Green Bay Packers,2026-09-25T00:15:00Z
Bijan Robinson,rush_yds,90.0,151,Atlanta Falcons @ Green Bay Packers,2026-09-25T00:15:00Z
Bijan Robinson,rush_yds,100.0,224,Atlanta Falcons @ Green Bay Packers,2026-09-25T00:15:00Z
Bijan Robinson,rush_yds,110.0,325,Atlanta Falcons @ Green Bay Packers,2026-09-25T00:15:00Z
Bijan Robinson,rush_yds,120.0,469,Atlanta Falcons @ Green Bay Packers,2026-09-25T00:15:00Z
Bijan Robinson,rush_yds,130.0,670,Atlanta Falcons @ Green Bay Packers,2026-09-25T00:15:00Z
Bijan Robinson,rush_yds,140.0,940,Atlanta Falcons @ Green Bay Packers,2026-09-25T00:15:00Z
Bijan Robinson,rush_yds,150.0,1300,Atlanta Falcons @ Green Bay Packers,2026-09-25T00:15:00Z
Bijan Robinson,rush_yds,160.0,1800,Atlanta Falcons @ Green Bay Packers,2026-09-25T00:15:00Z
Bijan Robinson,rush_yds,170.0,2500,Atlanta Falcons @ Green Bay Packers,2026-09-25T00:15:00Z
Bijan Robinson,rush_yds,180.0,3200,Atlanta Falcons @ Green Bay Packers,2026-09-25T00:15:00Z
Kaleb Johnson,rush_yds,10.0,-1640,Atlanta Falcons @ Green Bay Packers,2026-09-25T00:15:00Z
Kaleb Johnson,rush_yds,15.0,-790,Atlanta Falcons @ Green Bay Packers,2026-09-25T00:15:00Z
Kaleb Johnson,rush_yds,20.0,-447,Atlanta Falcons @ Green Bay Packers,2026-09-25T00:15:00Z
Kaleb Johnson,rush_yds,25.0,-286,Atlanta Falcons @ Green Bay Packers,2026-09-25T00:15:00Z
Kaleb Johnson,rush_yds,30.0,-194,Atlanta Falcons @ Green Bay Packers,2026-09-25T00:15:00Z
Kaleb Johnson,rush_yds,38.0,-114,Atlanta Falcons @ Green Bay Packers,2026-09-25T00:15:00Z
Kaleb Johnson,rush_yds,40.0,100,Atlanta Falcons @ Green Bay Packers,2026-09-25T00:15:00Z
Kaleb Johnson,rush_yds,50.0,173,Atlanta Falcons @ Green Bay Packers,2026-09-25T00:15:00Z
Kaleb Johnson,rush_yds,60.0,276,Atlanta Falcons @ Green Bay Packers,2026-09-25T00:15:00Z
Kaleb Johnson,rush_yds,70.0,440,Atlanta Falcons @ Green Bay Packers,2026-09-25T00:15:00Z
Kaleb Johnson,rush_yds,80.0,670,Atlanta Falcons @ Green Bay Packers,2026-09-25T00:15:00Z
Kaleb Johnson,rush_yds,90.0,1000,Atlanta Falcons @ Green Bay Packers,2026-09-25T00:15:00Z
Kaleb Johnson,rush_yds,100.0,1460,Atlanta Falcons @ Green Bay Packers,2026-09-25T00:15:00Z
Kaleb Johnson,rush_yds,110.0,2000,Atlanta Falcons @ Green Bay Packers,2026-09-25T00:15:00Z
Kaleb Johnson,rush_yds,120.0,2800,Atlanta Falcons @ Green Bay Packers,2026-09-25T00:15:00Z
Kaleb Johnson,rush_yds,130.0,3700,Atlanta Falcons @ Green Bay Packers,2026-09-25T00:15:00Z
MarShawn Lloyd,rush_yds,10.0,-910,Atlanta Falcons @ Green Bay Packers,2026-09-25T00:15:00Z
MarShawn Lloyd,rush_yds,15.0,-421,Atlanta Falcons @ Green Bay Packers,2026-09-25T00:15:00Z
MarShawn Lloyd,rush_yds,20.0,-241,Atlanta Falcons @ Green Bay Packers,2026-09-25T00:15:00Z
MarShawn Lloyd,rush_yds,25.0,-150,Atlanta Falcons @ Green Bay Packers,2026-09-25T00:15:00Z
MarShawn Lloyd,rush_yds,28.0,-115,Atlanta Falcons @ Green Bay Packers,2026-09-25T00:15:00Z
MarShawn Lloyd,rush_yds,30.0,101,Atlanta Falcons @ Green Bay Packers,2026-09-25T00:15:00Z
MarShawn Lloyd,rush_yds,40.0,200,Atlanta Falcons @ Green Bay Packers,2026-09-25T00:15:00Z
MarShawn Lloyd,rush_yds,50.0,360,Atlanta Falcons @ Green Bay Packers,2026-09-25T00:15:00Z
MarShawn Lloyd,rush_yds,60.0,598,Atlanta Falcons @ Green Bay Packers,2026-09-25T00:15:00Z
MarShawn Lloyd,rush_yds,70.0,960,Atlanta Falcons @ Green Bay Packers,2026-09-25T00:15:00Z
MarShawn Lloyd,rush_yds,80.0,1500,Atlanta Falcons @ Green Bay Packers,2026-09-25T00:15:00Z
MarShawn Lloyd,rush_yds,90.0,2200,Atlanta Falcons @ Green Bay Packers,2026-09-25T00:15:00Z
MarShawn Lloyd,rush_yds,100.0,3100,Atlanta Falcons @ Green Bay Packers,2026-09-25T00:15:00Z
Brian Robinson Jr.,rush_yds,10.0,-660,Atlanta Falcons @ Green Bay Packers,2026-09-25T00:15:00Z
Brian Robinson Jr.,rush_yds,15.0,-296,Atlanta Falcons @ Green Bay Packers,2026-09-25T00:15:00Z
Brian Robinson Jr.,rush_yds,20.0,-158,Atlanta Falcons @ Green Bay Packers,2026-09-25T00:15:00Z
Brian Robinson Jr.,rush_yds,23.0,-116,Atlanta Falcons @ Green Bay Packers,2026-09-25T00:15:00Z
Brian Robinson Jr.,rush_yds,25.0,105,Atlanta Falcons @ Green Bay Packers,2026-09-25T00:15:00Z
Brian Robinson Jr.,rush_yds,30.0,161,Atlanta Falcons @ Green Bay Packers,2026-09-25T00:15:00Z
Brian Robinson Jr.,rush_yds,40.0,334,Atlanta Falcons @ Green Bay Packers,2026-09-25T00:15:00Z
Brian Robinson Jr.,rush_yds,50.0,620,Atlanta Falcons @ Green Bay Packers,2026-09-25T00:15:00Z
Brian Robinson Jr.,rush_yds,60.0,1080,Atlanta Falcons @ Green Bay Packers,2026-09-25T00:15:00Z
Brian Robinson Jr.,rush_yds,70.0,1720,Atlanta Falcons @ Green Bay Packers,2026-09-25T00:15:00Z
Brian Robinson Jr.,rush_yds,80.0,2700,Atlanta Falcons @ Green Bay Packers,2026-09-25T00:15:00Z
Brian Robinson Jr.,rush_yds,90.0,3800,Atlanta Falcons @ Green Bay Packers,2026-09-25T00:15:00Z
Chris Brooks,rush_yds,10.0,-262,Atlanta Falcons @ Green Bay Packers,2026-09-25T00:15:00Z
Chris Brooks,rush_yds,15.0,-134,Atlanta Falcons @ Green Bay Packers,2026-09-25T00:15:00Z
Chris Brooks,rush_yds,17.0,-109,Atlanta Falcons @ Green Bay Packers,2026-09-25T00:15:00Z
Chris Brooks,rush_yds,20.0,123,Atlanta Falcons @ Green Bay Packers,2026-09-25T00:15:00Z
Chris Brooks,rush_yds,25.0,190,Atlanta Falcons @ Green Bay Packers,2026-09-25T00:15:00Z
Chris Brooks,rush_yds,30.0,280,Atlanta Falcons @ Green Bay Packers,2026-09-25T00:15:00Z
Chris Brooks,rush_yds,40.0,545,Atlanta Falcons @ Green Bay Packers,2026-09-25T00:15:00Z
Chris Brooks,rush_yds,50.0,940,Atlanta Falcons @ Green Bay Packers,2026-09-25T00:15:00Z
Chris Brooks,rush_yds,60.0,1560,Atlanta Falcons @ Green Bay Packers,2026-09-25T00:15:00Z
Chris Brooks,rush_yds,70.0,2400,Atlanta Falcons @ Green Bay Packers,2026-09-25T00:15:00Z
Chris Brooks,rush_yds,80.0,3500,Atlanta Falcons @ Green Bay Packers,2026-09-25T00:15:00Z
Jordan Love,rush_yds,9.0,-109,Atlanta Falcons @ Green Bay Packers,2026-09-25T00:15:00Z
Jordan Love,rush_yds,10.0,104,Atlanta Falcons @ Green Bay Packers,2026-09-25T00:15:00Z
Jordan Love,rush_yds,15.0,182,Atlanta Falcons @ Green Bay Packers,2026-09-25T00:15:00Z
Jordan Love,rush_yds,20.0,289,Atlanta Falcons @ Green Bay Packers,2026-09-25T00:15:00Z
Jordan Love,rush_yds,25.0,441,Atlanta Falcons @ Green Bay Packers,2026-09-25T00:15:00Z
Jordan Love,rush_yds,30.0,650,Atlanta Falcons @ Green Bay Packers,2026-09-25T00:15:00Z
Jordan Love,rush_yds,40.0,1340,Atlanta Falcons @ Green Bay Packers,2026-09-25T00:15:00Z
Jordan Love,rush_yds,50.0,2400,Atlanta Falcons @ Green Bay Packers,2026-09-25T00:15:00Z
Jordan Love,rush_yds,60.0,4000,Atlanta Falcons @ Green Bay Packers,2026-09-25T00:15:00Z
Michael Penix Jr.,rush_yds,4.0,-111,Atlanta Falcons @ Green Bay Packers,2026-09-25T00:15:00Z
Michael Penix Jr.,rush_yds,10.0,229,Atlanta Falcons @ Green Bay Packers,2026-09-25T00:15:00Z
Michael Penix Jr.,rush_yds,15.0,425,Atlanta Falcons @ Green Bay Packers,2026-09-25T00:15:00Z
Michael Penix Jr.,rush_yds,20.0,740,Atlanta Falcons @ Green Bay Packers,2026-09-25T00:15:00Z
Michael Penix Jr.,rush_yds,25.0,1260,Atlanta Falcons @ Green Bay Packers,2026-09-25T00:15:00Z
Michael Penix Jr.,rush_yds,30.0,1980,Atlanta Falcons @ Green Bay Packers,2026-09-25T00:15:00Z
Justin Herbert,pass_att,24.0,-1540,Los Angeles Chargers @ Buffalo Bills,2026-09-27T17:00:00Z
Justin Herbert,pass_att,26.0,-710,Los Angeles Chargers @ Buffalo Bills,2026-09-27T17:00:00Z
Justin Herbert,pass_att,28.0,-371,Los Angeles Chargers @ Buffalo Bills,2026-09-27T17:00:00Z
Justin Herbert,pass_att,30.0,-213,Los Angeles Chargers @ Buffalo Bills,2026-09-27T17:00:00Z
Justin Herbert,pass_att,32.0,-130,Los Angeles Chargers @ Buffalo Bills,2026-09-27T17:00:00Z
Justin Herbert,pass_att,33.0,-101,Los Angeles Chargers @ Buffalo Bills,2026-09-27T17:00:00Z
Justin Herbert,pass_att,34.0,125,Los Angeles Chargers @ Buffalo Bills,2026-09-27T17:00:00Z
Justin Herbert,pass_att,36.0,195,Los Angeles Chargers @ Buffalo Bills,2026-09-27T17:00:00Z
Justin Herbert,pass_att,38.0,304,Los Angeles Chargers @ Buffalo Bills,2026-09-27T17:00:00Z
Justin Herbert,pass_att,40.0,472,Los Angeles Chargers @ Buffalo Bills,2026-09-27T17:00:00Z
Justin Herbert,pass_att,42.0,720,Los Angeles Chargers @ Buffalo Bills,2026-09-27T17:00:00Z
Justin Herbert,pass_att,44.0,1120,Los Angeles Chargers @ Buffalo Bills,2026-09-27T17:00:00Z
Justin Herbert,pass_att,46.0,1720,Los Angeles Chargers @ Buffalo Bills,2026-09-27T17:00:00Z
Josh Allen,pass_att,22.0,-2600,Los Angeles Chargers @ Buffalo Bills,2026-09-27T17:00:00Z
Josh Allen,pass_att,24.0,-860,Los Angeles Chargers @ Buffalo Bills,2026-09-27T17:00:00Z
Josh Allen,pass_att,26.0,-405,Los Angeles Chargers @ Buffalo Bills,2026-09-27T17:00:00Z
Josh Allen,pass_att,28.0,-209,Los Angeles Chargers @ Buffalo Bills,2026-09-27T17:00:00Z
Josh Allen,pass_att,30.0,-118,Los Angeles Chargers @ Buffalo Bills,2026-09-27T17:00:00Z
Josh Allen,pass_att,32.0,145,Los Angeles Chargers @ Buffalo Bills,2026-09-27T17:00:00Z
Josh Allen,pass_att,34.0,241,Los Angeles Chargers @ Buffalo Bills,2026-09-27T17:00:00Z
Josh Allen,pass_att,36.0,392,Los Angeles Chargers @ Buffalo Bills,2026-09-27T17:00:00Z
Josh Allen,pass_att,38.0,620,Los Angeles Chargers @ Buffalo Bills,2026-09-27T17:00:00Z
Josh Allen,pass_att,40.0,950,Los Angeles Chargers @ Buffalo Bills,2026-09-27T17:00:00Z
Josh Allen,pass_att,42.0,1440,Los Angeles Chargers @ Buffalo Bills,2026-09-27T17:00:00Z
Justin Herbert,pass_cmps,14.0,-2600,Los Angeles Chargers @ Buffalo Bills,2026-09-27T17:00:00Z
Justin Herbert,pass_cmps,16.0,-760,Los Angeles Chargers @ Buffalo Bills,2026-09-27T17:00:00Z
Justin Herbert,pass_cmps,18.0,-306,Los Angeles Chargers @ Buffalo Bills,2026-09-27T17:00:00Z
Justin Herbert,pass_cmps,20.0,-145,Los Angeles Chargers @ Buffalo Bills,2026-09-27T17:00:00Z
Justin Herbert,pass_cmps,21.0,-104,Los Angeles Chargers @ Buffalo Bills,2026-09-27T17:00:00Z
Justin Herbert,pass_cmps,22.0,136,Los Angeles Chargers @ Buffalo Bills,2026-09-27T17:00:00Z
Justin Herbert,pass_cmps,24.0,266,Los Angeles Chargers @ Buffalo Bills,2026-09-27T17:00:00Z
Justin Herbert,pass_cmps,26.0,497,Los Angeles Chargers @ Buffalo Bills,2026-09-27T17:00:00Z
Justin Herbert,pass_cmps,28.0,960,Los Angeles Chargers @ Buffalo Bills,2026-09-27T17:00:00Z
Justin Herbert,pass_cmps,30.0,1740,Los Angeles Chargers @ Buffalo Bills,2026-09-27T17:00:00Z
Josh Allen,pass_cmps,16.0,-1080,Los Angeles Chargers @ Buffalo Bills,2026-09-27T17:00:00Z
Josh Allen,pass_cmps,18.0,-369,Los Angeles Chargers @ Buffalo Bills,2026-09-27T17:00:00Z
Josh Allen,pass_cmps,20.0,-160,Los Angeles Chargers @ Buffalo Bills,2026-09-27T17:00:00Z
Josh Allen,pass_cmps,21.0,-110,Los Angeles Chargers @ Buffalo Bills,2026-09-27T17:00:00Z
Josh Allen,pass_cmps,22.0,134,Los Angeles Chargers @ Buffalo Bills,2026-09-27T17:00:00Z
Josh Allen,pass_cmps,24.0,270,Los Angeles Chargers @ Buffalo Bills,2026-09-27T17:00:00Z
Josh Allen,pass_cmps,26.0,547,Los Angeles Chargers @ Buffalo Bills,2026-09-27T17:00:00Z
Josh Allen,pass_cmps,28.0,1040,Los Angeles Chargers @ Buffalo Bills,2026-09-27T17:00:00Z
Josh Allen,pass_yds,170.0,-1120,Los Angeles Chargers @ Buffalo Bills,2026-09-27T17:00:00Z
Josh Allen,pass_yds,180.0,-750,Los Angeles Chargers @ Buffalo Bills,2026-09-27T17:00:00Z
Josh Allen,pass_yds,190.0,-519,Los Angeles Chargers @ Buffalo Bills,2026-09-27T17:00:00Z
Josh Allen,pass_yds,200.0,-374,Los Angeles Chargers @ Buffalo Bills,2026-09-27T17:00:00Z
Josh Allen,pass_yds,210.0,-277,Los Angeles Chargers @ Buffalo Bills,2026-09-27T17:00:00Z
Josh Allen,pass_yds,220.0,-208,Los Angeles Chargers @ Buffalo Bills,2026-09-27T17:00:00Z
Josh Allen,pass_yds,230.0,-158,Los Angeles Chargers @ Buffalo Bills,2026-09-27T17:00:00Z
Josh Allen,pass_yds,240.0,-121,Los Angeles Chargers @ Buffalo Bills,2026-09-27T17:00:00Z
Josh Allen,pass_yds,243.0,-112,Los Angeles Chargers @ Buffalo Bills,2026-09-27T17:00:00Z
Josh Allen,pass_yds,250.0,107,Los Angeles Chargers @ Buffalo Bills,2026-09-27T17:00:00Z
Josh Allen,pass_yds,260.0,139,Los Angeles Chargers @ Buffalo Bills,2026-09-27T17:00:00Z
Josh Allen,pass_yds,270.0,180,Los Angeles Chargers @ Buffalo Bills,2026-09-27T17:00:00Z
Josh Allen,pass_yds,280.0,232,Los Angeles Chargers @ Buffalo Bills,2026-09-27T17:00:00Z
Josh Allen,pass_yds,290.0,296,Los Angeles Chargers @ Buffalo Bills,2026-09-27T17:00:00Z
Josh Allen,pass_yds,300.0,380,Los Angeles Chargers @ Buffalo Bills,2026-09-27T17:00:00Z
Josh Allen,pass_yds,310.0,485,Los Angeles Chargers @ Buffalo Bills,2026-09-27T17:00:00Z
Josh Allen,pass_yds,320.0,620,Los Angeles Chargers @ Buffalo Bills,2026-09-27T17:00:00Z
Josh Allen,pass_yds,330.0,800,Los Angeles Chargers @ Buffalo Bills,2026-09-27T17:00:00Z
Josh Allen,pass_yds,340.0,1040,Los Angeles Chargers @ Buffalo Bills,2026-09-27T17:00:00Z
Josh Allen,pass_yds,350.0,1340,Los Angeles Chargers @ Buffalo Bills,2026-09-27T17:00:00Z
Josh Allen,pass_yds,360.0,1700,Los Angeles Chargers @ Buffalo Bills,2026-09-27T17:00:00Z
Josh Allen,pass_yds,370.0,2100,Los Angeles Chargers @ Buffalo Bills,2026-09-27T17:00:00Z
Josh Allen,pass_yds,380.0,2700,Los Angeles Chargers @ Buffalo Bills,2026-09-27T17:00:00Z
Josh Allen,pass_yds,390.0,3500,Los Angeles Chargers @ Buffalo Bills,2026-09-27T17:00:00Z
Justin Herbert,pass_yds,150.0,-960,Los Angeles Chargers @ Buffalo Bills,2026-09-27T17:00:00Z
Justin Herbert,pass_yds,160.0,-670,Los Angeles Chargers @ Buffalo Bills,2026-09-27T17:00:00Z
Justin Herbert,pass_yds,170.0,-470,Los Angeles Chargers @ Buffalo Bills,2026-09-27T17:00:00Z
Justin Herbert,pass_yds,180.0,-340,Los Angeles Chargers @ Buffalo Bills,2026-09-27T17:00:00Z
Justin Herbert,pass_yds,190.0,-252,Los Angeles Chargers @ Buffalo Bills,2026-09-27T17:00:00Z
Justin Herbert,pass_yds,200.0,-191,Los Angeles Chargers @ Buffalo Bills,2026-09-27T17:00:00Z
Justin Herbert,pass_yds,210.0,-145,Los Angeles Chargers @ Buffalo Bills,2026-09-27T17:00:00Z
Justin Herbert,pass_yds,220.0,-111,Los Angeles Chargers @ Buffalo Bills,2026-09-27T17:00:00Z
Justin Herbert,pass_yds,230.0,116,Los Angeles Chargers @ Buffalo Bills,2026-09-27T17:00:00Z
Justin Herbert,pass_yds,240.0,149,Los Angeles Chargers @ Buffalo Bills,2026-09-27T17:00:00Z
Justin Herbert,pass_yds,250.0,191,Los Angeles Chargers @ Buffalo Bills,2026-09-27T17:00:00Z
Justin Herbert,pass_yds,260.0,245,Los Angeles Chargers @ Buffalo Bills,2026-09-27T17:00:00Z
Justin Herbert,pass_yds,270.0,314,Los Angeles Chargers @ Buffalo Bills,2026-09-27T17:00:00Z
Justin Herbert,pass_yds,280.0,398,Los Angeles Chargers @ Buffalo Bills,2026-09-27T17:00:00Z
Justin Herbert,pass_yds,290.0,506,Los Angeles Chargers @ Buffalo Bills,2026-09-27T17:00:00Z
Justin Herbert,pass_yds,300.0,650,Los Angeles Chargers @ Buffalo Bills,2026-09-27T17:00:00Z
Justin Herbert,pass_yds,310.0,830,Los Angeles Chargers @ Buffalo Bills,2026-09-27T17:00:00Z
Justin Herbert,pass_yds,320.0,1060,Los Angeles Chargers @ Buffalo Bills,2026-09-27T17:00:00Z
Justin Herbert,pass_yds,330.0,1380,Los Angeles Chargers @ Buffalo Bills,2026-09-27T17:00:00Z
Justin Herbert,pass_yds,340.0,1780,Los Angeles Chargers @ Buffalo Bills,2026-09-27T17:00:00Z
Justin Herbert,pass_yds,350.0,2200,Los Angeles Chargers @ Buffalo Bills,2026-09-27T17:00:00Z
Justin Herbert,pass_yds,360.0,2900,Los Angeles Chargers @ Buffalo Bills,2026-09-27T17:00:00Z
Justin Herbert,pass_yds,370.0,3500,Los Angeles Chargers @ Buffalo Bills,2026-09-27T17:00:00Z
Ladd McConkey,rec_yds,15.0,-1100,Los Angeles Chargers @ Buffalo Bills,2026-09-27T17:00:00Z
Ladd McConkey,rec_yds,25.0,-481,Los Angeles Chargers @ Buffalo Bills,2026-09-27T17:00:00Z
Ladd McConkey,rec_yds,40.0,-202,Los Angeles Chargers @ Buffalo Bills,2026-09-27T17:00:00Z
Ladd McConkey,rec_yds,50.0,-122,Los Angeles Chargers @ Buffalo Bills,2026-09-27T17:00:00Z
Ladd McConkey,rec_yds,52.0,-112,Los Angeles Chargers @ Buffalo Bills,2026-09-27T17:00:00Z
Ladd McConkey,rec_yds,60.0,125,Los Angeles Chargers @ Buffalo Bills,2026-09-27T17:00:00Z
Ladd McConkey,rec_yds,70.0,187,Los Angeles Chargers @ Buffalo Bills,2026-09-27T17:00:00Z
Ladd McConkey,rec_yds,80.0,277,Los Angeles Chargers @ Buffalo Bills,2026-09-27T17:00:00Z
Ladd McConkey,rec_yds,90.0,406,Los Angeles Chargers @ Buffalo Bills,2026-09-27T17:00:00Z
Ladd McConkey,rec_yds,100.0,584,Los Angeles Chargers @ Buffalo Bills,2026-09-27T17:00:00Z
Ladd McConkey,rec_yds,110.0,830,Los Angeles Chargers @ Buffalo Bills,2026-09-27T17:00:00Z
Ladd McConkey,rec_yds,120.0,1180,Los Angeles Chargers @ Buffalo Bills,2026-09-27T17:00:00Z
Ladd McConkey,rec_yds,130.0,1600,Los Angeles Chargers @ Buffalo Bills,2026-09-27T17:00:00Z
Ladd McConkey,rec_yds,140.0,2200,Los Angeles Chargers @ Buffalo Bills,2026-09-27T17:00:00Z
Ladd McConkey,rec_yds,150.0,2900,Los Angeles Chargers @ Buffalo Bills,2026-09-27T17:00:00Z
Ladd McConkey,rec_yds,160.0,3800,Los Angeles Chargers @ Buffalo Bills,2026-09-27T17:00:00Z
DJ Moore,rec_yds,15.0,-1080,Los Angeles Chargers @ Buffalo Bills,2026-09-27T17:00:00Z
DJ Moore,rec_yds,25.0,-459,Los Angeles Chargers @ Buffalo Bills,2026-09-27T17:00:00Z
DJ Moore,rec_yds,40.0,-185,Los Angeles Chargers @ Buffalo Bills,2026-09-27T17:00:00Z
DJ Moore,rec_yds,50.0,-114,Los Angeles Chargers @ Buffalo Bills,2026-09-27T17:00:00Z
DJ Moore,rec_yds,60.0,135,Los Angeles Chargers @ Buffalo Bills,2026-09-27T17:00:00Z
DJ Moore,rec_yds,70.0,202,Los Angeles Chargers @ Buffalo Bills,2026-09-27T17:00:00Z
DJ Moore,rec_yds,80.0,298,Los Angeles Chargers @ Buffalo Bills,2026-09-27T17:00:00Z
DJ Moore,rec_yds,90.0,434,Los Angeles Chargers @ Buffalo Bills,2026-09-27T17:00:00Z
DJ Moore,rec_yds,100.0,630,Los Angeles Chargers @ Buffalo Bills,2026-09-27T17:00:00Z
DJ Moore,rec_yds,110.0,940,Los Angeles Chargers @ Buffalo Bills,2026-09-27T17:00:00Z
DJ Moore,rec_yds,120.0,1320,Los Angeles Chargers @ Buffalo Bills,2026-09-27T17:00:00Z
DJ Moore,rec_yds,130.0,1800,Los Angeles Chargers @ Buffalo Bills,2026-09-27T17:00:00Z
DJ Moore,rec_yds,140.0,2500,Los Angeles Chargers @ Buffalo Bills,2026-09-27T17:00:00Z
DJ Moore,rec_yds,150.0,3400,Los Angeles Chargers @ Buffalo Bills,2026-09-27T17:00:00Z
Quentin Johnston,rec_yds,15.0,-544,Los Angeles Chargers @ Buffalo Bills,2026-09-27T17:00:00Z
Quentin Johnston,rec_yds,25.0,-233,Los Angeles Chargers @ Buffalo Bills,2026-09-27T17:00:00Z
Quentin Johnston,rec_yds,36.0,-113,Los Angeles Chargers @ Buffalo Bills,2026-09-27T17:00:00Z
Quentin Johnston,rec_yds,40.0,111,Los Angeles Chargers @ Buffalo Bills,2026-09-27T17:00:00Z
Quentin Johnston,rec_yds,50.0,189,Los Angeles Chargers @ Buffalo Bills,2026-09-27T17:00:00Z
Quentin Johnston,rec_yds,60.0,301,Los Angeles Chargers @ Buffalo Bills,2026-09-27T17:00:00Z
Quentin Johnston,rec_yds,70.0,483,Los Angeles Chargers @ Buffalo Bills,2026-09-27T17:00:00Z
Quentin Johnston,rec_yds,80.0,770,Los Angeles Chargers @ Buffalo Bills,2026-09-27T17:00:00Z
Quentin Johnston,rec_yds,90.0,1180,Los Angeles Chargers @ Buffalo Bills,2026-09-27T17:00:00Z
Quentin Johnston,rec_yds,100.0,1760,Los Angeles Chargers @ Buffalo Bills,2026-09-27T17:00:00Z
Quentin Johnston,rec_yds,110.0,2500,Los Angeles Chargers @ Buffalo Bills,2026-09-27T17:00:00Z
Quentin Johnston,rec_yds,120.0,3600,Los Angeles Chargers @ Buffalo Bills,2026-09-27T17:00:00Z
Tre Harris,rec_yds,15.0,-451,Los Angeles Chargers @ Buffalo Bills,2026-09-27T17:00:00Z
Tre Harris,rec_yds,25.0,-192,Los Angeles Chargers @ Buffalo Bills,2026-09-27T17:00:00Z
Tre Harris,rec_yds,33.0,-112,Los Angeles Chargers @ Buffalo Bills,2026-09-27T17:00:00Z
Tre Harris,rec_yds,40.0,137,Los Angeles Chargers @ Buffalo Bills,2026-09-27T17:00:00Z
Tre Harris,rec_yds,50.0,231,Los Angeles Chargers @ Buffalo Bills,2026-09-27T17:00:00Z
Tre Harris,rec_yds,60.0,385,Los Angeles Chargers @ Buffalo Bills,2026-09-27T17:00:00Z
Tre Harris,rec_yds,70.0,620,Los Angeles Chargers @ Buffalo Bills,2026-09-27T17:00:00Z
Tre Harris,rec_yds,80.0,980,Los Angeles Chargers @ Buffalo Bills,2026-09-27T17:00:00Z
Tre Harris,rec_yds,90.0,1500,Los Angeles Chargers @ Buffalo Bills,2026-09-27T17:00:00Z
Tre Harris,rec_yds,100.0,2300,Los Angeles Chargers @ Buffalo Bills,2026-09-27T17:00:00Z
Tre Harris,rec_yds,110.0,3200,Los Angeles Chargers @ Buffalo Bills,2026-09-27T17:00:00Z
Omarion Hampton,rec_yds,12.0,-114,Los Angeles Chargers @ Buffalo Bills,2026-09-27T17:00:00Z
Omarion Hampton,rec_yds,15.0,121,Los Angeles Chargers @ Buffalo Bills,2026-09-27T17:00:00Z
Omarion Hampton,rec_yds,25.0,282,Los Angeles Chargers @ Buffalo Bills,2026-09-27T17:00:00Z
Omarion Hampton,rec_yds,40.0,840,Los Angeles Chargers @ Buffalo Bills,2026-09-27T17:00:00Z
Omarion Hampton,rec_yds,50.0,1480,Los Angeles Chargers @ Buffalo Bills,2026-09-27T17:00:00Z
Omarion Hampton,rec_yds,60.0,2300,Los Angeles Chargers @ Buffalo Bills,2026-09-27T17:00:00Z
Omarion Hampton,rec_yds,70.0,3600,Los Angeles Chargers @ Buffalo Bills,2026-09-27T17:00:00Z
Ladd McConkey,receptions,2.0,-2000,Los Angeles Chargers @ Buffalo Bills,2026-09-27T17:00:00Z
Ladd McConkey,receptions,3.0,-466,Los Angeles Chargers @ Buffalo Bills,2026-09-27T17:00:00Z
Ladd McConkey,receptions,4.0,-184,Los Angeles Chargers @ Buffalo Bills,2026-09-27T17:00:00Z
Ladd McConkey,receptions,5.0,120,Los Angeles Chargers @ Buffalo Bills,2026-09-27T17:00:00Z
Ladd McConkey,receptions,6.0,244,Los Angeles Chargers @ Buffalo Bills,2026-09-27T17:00:00Z
Ladd McConkey,receptions,7.0,480,Los Angeles Chargers @ Buffalo Bills,2026-09-27T17:00:00Z
Ladd McConkey,receptions,8.0,920,Los Angeles Chargers @ Buffalo Bills,2026-09-27T17:00:00Z
Ladd McConkey,receptions,9.0,1660,Los Angeles Chargers @ Buffalo Bills,2026-09-27T17:00:00Z
Ladd McConkey,receptions,10.0,2700,Los Angeles Chargers @ Buffalo Bills,2026-09-27T17:00:00Z
DJ Moore,receptions,2.0,-1440,Los Angeles Chargers @ Buffalo Bills,2026-09-27T17:00:00Z
DJ Moore,receptions,3.0,-375,Los Angeles Chargers @ Buffalo Bills,2026-09-27T17:00:00Z
DJ Moore,receptions,4.0,-145,Los Angeles Chargers @ Buffalo Bills,2026-09-27T17:00:00Z
DJ Moore,receptions,5.0,151,Los Angeles Chargers @ Buffalo Bills,2026-09-27T17:00:00Z
DJ Moore,receptions,6.0,319,Los Angeles Chargers @ Buffalo Bills,2026-09-27T17:00:00Z
DJ Moore,receptions,7.0,650,Los Angeles Chargers @ Buffalo Bills,2026-09-27T17:00:00Z
DJ Moore,receptions,8.0,1240,Los Angeles Chargers @ Buffalo Bills,2026-09-27T17:00:00Z
DJ Moore,receptions,9.0,2100,Los Angeles Chargers @ Buffalo Bills,2026-09-27T17:00:00Z
Quentin Johnston,receptions,2.0,-690,Los Angeles Chargers @ Buffalo Bills,2026-09-27T17:00:00Z
Quentin Johnston,receptions,3.0,-210,Los Angeles Chargers @ Buffalo Bills,2026-09-27T17:00:00Z
Quentin Johnston,receptions,4.0,119,Los Angeles Chargers @ Buffalo Bills,2026-09-27T17:00:00Z
Quentin Johnston,receptions,5.0,270,Los Angeles Chargers @ Buffalo Bills,2026-09-27T17:00:00Z
Quentin Johnston,receptions,6.0,587,Los Angeles Chargers @ Buffalo Bills,2026-09-27T17:00:00Z
Quentin Johnston,receptions,7.0,1180,Los Angeles Chargers @ Buffalo Bills,2026-09-27T17:00:00Z
Quentin Johnston,receptions,8.0,2200,Los Angeles Chargers @ Buffalo Bills,2026-09-27T17:00:00Z
Tre Harris,receptions,2.0,-541,Los Angeles Chargers @ Buffalo Bills,2026-09-27T17:00:00Z
Tre Harris,receptions,3.0,-170,Los Angeles Chargers @ Buffalo Bills,2026-09-27T17:00:00Z
Tre Harris,receptions,4.0,147,Los Angeles Chargers @ Buffalo Bills,2026-09-27T17:00:00Z
Tre Harris,receptions,5.0,333,Los Angeles Chargers @ Buffalo Bills,2026-09-27T17:00:00Z
Tre Harris,receptions,6.0,710,Los Angeles Chargers @ Buffalo Bills,2026-09-27T17:00:00Z
Tre Harris,receptions,7.0,1460,Los Angeles Chargers @ Buffalo Bills,2026-09-27T17:00:00Z
Tre Harris,receptions,8.0,2500,Los Angeles Chargers @ Buffalo Bills,2026-09-27T17:00:00Z
Omarion Hampton,receptions,2.0,-157,Los Angeles Chargers @ Buffalo Bills,2026-09-27T17:00:00Z
Omarion Hampton,receptions,3.0,188,Los Angeles Chargers @ Buffalo Bills,2026-09-27T17:00:00Z
Omarion Hampton,receptions,4.0,489,Los Angeles Chargers @ Buffalo Bills,2026-09-27T17:00:00Z
Omarion Hampton,receptions,5.0,1140,Los Angeles Chargers @ Buffalo Bills,2026-09-27T17:00:00Z
Omarion Hampton,receptions,6.0,2300,Los Angeles Chargers @ Buffalo Bills,2026-09-27T17:00:00Z
James Cook,rush_att,12.0,-970,Los Angeles Chargers @ Buffalo Bills,2026-09-27T17:00:00Z
James Cook,rush_att,14.0,-405,Los Angeles Chargers @ Buffalo Bills,2026-09-27T17:00:00Z
James Cook,rush_att,16.0,-193,Los Angeles Chargers @ Buffalo Bills,2026-09-27T17:00:00Z
James Cook,rush_att,18.0,100,Los Angeles Chargers @ Buffalo Bills,2026-09-27T17:00:00Z
James Cook,rush_att,20.0,195,Los Angeles Chargers @ Buffalo Bills,2026-09-27T17:00:00Z
James Cook,rush_att,22.0,378,Los Angeles Chargers @ Buffalo Bills,2026-09-27T17:00:00Z
James Cook,rush_att,24.0,730,Los Angeles Chargers @ Buffalo Bills,2026-09-27T17:00:00Z
James Cook,rush_att,26.0,1400,Los Angeles Chargers @ Buffalo Bills,2026-09-27T17:00:00Z
Omarion Hampton,rush_att,10.0,-1100,Los Angeles Chargers @ Buffalo Bills,2026-09-27T17:00:00Z
Omarion Hampton,rush_att,12.0,-398,Los Angeles Chargers @ Buffalo Bills,2026-09-27T17:00:00Z
Omarion Hampton,rush_att,14.0,-187,Los Angeles Chargers @ Buffalo Bills,2026-09-27T17:00:00Z
Omarion Hampton,rush_att,16.0,100,Los Angeles Chargers @ Buffalo Bills,2026-09-27T17:00:00Z
Omarion Hampton,rush_att,18.0,183,Los Angeles Chargers @ Buffalo Bills,2026-09-27T17:00:00Z
Omarion Hampton,rush_att,20.0,330,Los Angeles Chargers @ Buffalo Bills,2026-09-27T17:00:00Z
Omarion Hampton,rush_att,22.0,577,Los Angeles Chargers @ Buffalo Bills,2026-09-27T17:00:00Z
Omarion Hampton,rush_att,24.0,1000,Los Angeles Chargers @ Buffalo Bills,2026-09-27T17:00:00Z
Omarion Hampton,rush_att,26.0,1680,Los Angeles Chargers @ Buffalo Bills,2026-09-27T17:00:00Z
Josh Allen,rush_att,4.0,-2200,Los Angeles Chargers @ Buffalo Bills,2026-09-27T17:00:00Z
Josh Allen,rush_att,6.0,-373,Los Angeles Chargers @ Buffalo Bills,2026-09-27T17:00:00Z
Josh Allen,rush_att,8.0,-116,Los Angeles Chargers @ Buffalo Bills,2026-09-27T17:00:00Z
Josh Allen,rush_att,10.0,241,Los Angeles Chargers @ Buffalo Bills,2026-09-27T17:00:00Z
Josh Allen,rush_att,12.0,640,Los Angeles Chargers @ Buffalo Bills,2026-09-27T17:00:00Z
Josh Allen,rush_att,14.0,1660,Los Angeles Chargers @ Buffalo Bills,2026-09-27T17:00:00Z
James Cook,rush_yds,40.0,-1380,Los Angeles Chargers @ Buffalo Bills,2026-09-27T17:00:00Z
James Cook,rush_yds,50.0,-630,Los Angeles Chargers @ Buffalo Bills,2026-09-27T17:00:00Z
James Cook,rush_yds,60.0,-332,Los Angeles Chargers @ Buffalo Bills,2026-09-27T17:00:00Z
James Cook,rush_yds,70.0,-196,Los Angeles Chargers @ Buffalo Bills,2026-09-27T17:00:00Z
James Cook,rush_yds,80.0,-124,Los Angeles Chargers @ Buffalo Bills,2026-09-27T17:00:00Z
James Cook,rush_yds,82.0,-114,Los Angeles Chargers @ Buffalo Bills,2026-09-27T17:00:00Z
James Cook,rush_yds,90.0,122,Los Angeles Chargers @ Buffalo Bills,2026-09-27T17:00:00Z
James Cook,rush_yds,100.0,182,Los Angeles Chargers @ Buffalo Bills,2026-09-27T17:00:00Z
James Cook,rush_yds,110.0,268,Los Angeles Chargers @ Buffalo Bills,2026-09-27T17:00:00Z
James Cook,rush_yds,120.0,388,Los Angeles Chargers @ Buffalo Bills,2026-09-27T17:00:00Z
James Cook,rush_yds,130.0,566,Los Angeles Chargers @ Buffalo Bills,2026-09-27T17:00:00Z
James Cook,rush_yds,140.0,800,Los Angeles Chargers @ Buffalo Bills,2026-09-27T17:00:00Z
James Cook,rush_yds,150.0,1140,Los Angeles Chargers @ Buffalo Bills,2026-09-27T17:00:00Z
James Cook,rush_yds,160.0,1640,Los Angeles Chargers @ Buffalo Bills,2026-09-27T17:00:00Z
James Cook,rush_yds,170.0,2200,Los Angeles Chargers @ Buffalo Bills,2026-09-27T17:00:00Z
James Cook,rush_yds,180.0,3000,Los Angeles Chargers @ Buffalo Bills,2026-09-27T17:00:00Z
James Cook,rush_yds,190.0,3800,Los Angeles Chargers @ Buffalo Bills,2026-09-27T17:00:00Z
Omarion Hampton,rush_yds,25.0,-1520,Los Angeles Chargers @ Buffalo Bills,2026-09-27T17:00:00Z
Omarion Hampton,rush_yds,30.0,-840,Los Angeles Chargers @ Buffalo Bills,2026-09-27T17:00:00Z
Omarion Hampton,rush_yds,40.0,-364,Los Angeles Chargers @ Buffalo Bills,2026-09-27T17:00:00Z
Omarion Hampton,rush_yds,50.0,-190,Los Angeles Chargers @ Buffalo Bills,2026-09-27T17:00:00Z
Omarion Hampton,rush_yds,60.0,-110,Los Angeles Chargers @ Buffalo Bills,2026-09-27T17:00:00Z
Omarion Hampton,rush_yds,70.0,148,Los Angeles Chargers @ Buffalo Bills,2026-09-27T17:00:00Z
Omarion Hampton,rush_yds,80.0,230,Los Angeles Chargers @ Buffalo Bills,2026-09-27T17:00:00Z
Omarion Hampton,rush_yds,90.0,345,Los Angeles Chargers @ Buffalo Bills,2026-09-27T17:00:00Z
Omarion Hampton,rush_yds,100.0,514,Los Angeles Chargers @ Buffalo Bills,2026-09-27T17:00:00Z
Omarion Hampton,rush_yds,110.0,750,Los Angeles Chargers @ Buffalo Bills,2026-09-27T17:00:00Z
Omarion Hampton,rush_yds,120.0,1120,Los Angeles Chargers @ Buffalo Bills,2026-09-27T17:00:00Z
Omarion Hampton,rush_yds,130.0,1660,Los Angeles Chargers @ Buffalo Bills,2026-09-27T17:00:00Z
Omarion Hampton,rush_yds,140.0,2300,Los Angeles Chargers @ Buffalo Bills,2026-09-27T17:00:00Z
Omarion Hampton,rush_yds,150.0,3100,Los Angeles Chargers @ Buffalo Bills,2026-09-27T17:00:00Z
Omarion Hampton,rush_yds,160.0,4000,Los Angeles Chargers @ Buffalo Bills,2026-09-27T17:00:00Z
Josh Allen,rush_yds,10.0,-1700,Los Angeles Chargers @ Buffalo Bills,2026-09-27T17:00:00Z
Josh Allen,rush_yds,15.0,-740,Los Angeles Chargers @ Buffalo Bills,2026-09-27T17:00:00Z
Josh Allen,rush_yds,20.0,-409,Los Angeles Chargers @ Buffalo Bills,2026-09-27T17:00:00Z
Josh Allen,rush_yds,25.0,-254,Los Angeles Chargers @ Buffalo Bills,2026-09-27T17:00:00Z
Josh Allen,rush_yds,30.0,-167,Los Angeles Chargers @ Buffalo Bills,2026-09-27T17:00:00Z
Josh Allen,rush_yds,36.0,-109,Los Angeles Chargers @ Buffalo Bills,2026-09-27T17:00:00Z
Josh Allen,rush_yds,40.0,120,Los Angeles Chargers @ Buffalo Bills,2026-09-27T17:00:00Z
Josh Allen,rush_yds,50.0,217,Los Angeles Chargers @ Buffalo Bills,2026-09-27T17:00:00Z
Josh Allen,rush_yds,60.0,373,Los Angeles Chargers @ Buffalo Bills,2026-09-27T17:00:00Z
Josh Allen,rush_yds,70.0,620,Los Angeles Chargers @ Buffalo Bills,2026-09-27T17:00:00Z
Josh Allen,rush_yds,80.0,1000,Los Angeles Chargers @ Buffalo Bills,2026-09-27T17:00:00Z
Josh Allen,rush_yds,90.0,1600,Los Angeles Chargers @ Buffalo Bills,2026-09-27T17:00:00Z
Josh Allen,rush_yds,100.0,2300,Los Angeles Chargers @ Buffalo Bills,2026-09-27T17:00:00Z
Josh Allen,rush_yds,110.0,3400,Los Angeles Chargers @ Buffalo Bills,2026-09-27T17:00:00Z
Justin Herbert,rush_yds,10.0,-350,Los Angeles Chargers @ Buffalo Bills,2026-09-27T17:00:00Z
Justin Herbert,rush_yds,15.0,-187,Los Angeles Chargers @ Buffalo Bills,2026-09-27T17:00:00Z
Justin Herbert,rush_yds,20.0,-113,Los Angeles Chargers @ Buffalo Bills,2026-09-27T17:00:00Z
Justin Herbert,rush_yds,25.0,136,Los Angeles Chargers @ Buffalo Bills,2026-09-27T17:00:00Z
Justin Herbert,rush_yds,30.0,202,Los Angeles Chargers @ Buffalo Bills,2026-09-27T17:00:00Z
Justin Herbert,rush_yds,40.0,418,Los Angeles Chargers @ Buffalo Bills,2026-09-27T17:00:00Z
Justin Herbert,rush_yds,50.0,790,Los Angeles Chargers @ Buffalo Bills,2026-09-27T17:00:00Z
Justin Herbert,rush_yds,60.0,1420,Los Angeles Chargers @ Buffalo Bills,2026-09-27T17:00:00Z
Justin Herbert,rush_yds,70.0,2400,Los Angeles Chargers @ Buffalo Bills,2026-09-27T17:00:00Z
Justin Herbert,rush_yds,80.0,4000,Los Angeles Chargers @ Buffalo Bills,2026-09-27T17:00:00Z
Joe Burrow,pass_att,28.0,-1340,Cincinnati Bengals @ Pittsburgh Steelers,2026-09-27T17:00:00Z
Joe Burrow,pass_att,30.0,-620,Cincinnati Bengals @ Pittsburgh Steelers,2026-09-27T17:00:00Z
Joe Burrow,pass_att,32.0,-316,Cincinnati Bengals @ Pittsburgh Steelers,2026-09-27T17:00:00Z
Joe Burrow,pass_att,34.0,-178,Cincinnati Bengals @ Pittsburgh Steelers,2026-09-27T17:00:00Z
Joe Burrow,pass_att,36.0,-106,Cincinnati Bengals @ Pittsburgh Steelers,2026-09-27T17:00:00Z
Joe Burrow,pass_att,38.0,153,Cincinnati Bengals @ Pittsburgh Steelers,2026-09-27T17:00:00Z
Joe Burrow,pass_att,40.0,244,Cincinnati Bengals @ Pittsburgh Steelers,2026-09-27T17:00:00Z
Joe Burrow,pass_att,42.0,388,Cincinnati Bengals @ Pittsburgh Steelers,2026-09-27T17:00:00Z
Joe Burrow,pass_att,44.0,610,Cincinnati Bengals @ Pittsburgh Steelers,2026-09-27T17:00:00Z
Joe Burrow,pass_att,46.0,930,Cincinnati Bengals @ Pittsburgh Steelers,2026-09-27T17:00:00Z
Joe Burrow,pass_att,48.0,1360,Cincinnati Bengals @ Pittsburgh Steelers,2026-09-27T17:00:00Z
Aaron Rodgers,pass_att,26.0,-1500,Cincinnati Bengals @ Pittsburgh Steelers,2026-09-27T17:00:00Z
Aaron Rodgers,pass_att,28.0,-680,Cincinnati Bengals @ Pittsburgh Steelers,2026-09-27T17:00:00Z
Aaron Rodgers,pass_att,30.0,-356,Cincinnati Bengals @ Pittsburgh Steelers,2026-09-27T17:00:00Z
Aaron Rodgers,pass_att,32.0,-209,Cincinnati Bengals @ Pittsburgh Steelers,2026-09-27T17:00:00Z
Aaron Rodgers,pass_att,34.0,-129,Cincinnati Bengals @ Pittsburgh Steelers,2026-09-27T17:00:00Z
Aaron Rodgers,pass_att,35.0,-103,Cincinnati Bengals @ Pittsburgh Steelers,2026-09-27T17:00:00Z
Aaron Rodgers,pass_att,36.0,122,Cincinnati Bengals @ Pittsburgh Steelers,2026-09-27T17:00:00Z
Aaron Rodgers,pass_att,38.0,192,Cincinnati Bengals @ Pittsburgh Steelers,2026-09-27T17:00:00Z
Aaron Rodgers,pass_att,40.0,295,Cincinnati Bengals @ Pittsburgh Steelers,2026-09-27T17:00:00Z
Aaron Rodgers,pass_att,42.0,460,Cincinnati Bengals @ Pittsburgh Steelers,2026-09-27T17:00:00Z
Aaron Rodgers,pass_att,44.0,700,Cincinnati Bengals @ Pittsburgh Steelers,2026-09-27T17:00:00Z
Aaron Rodgers,pass_att,46.0,1060,Cincinnati Bengals @ Pittsburgh Steelers,2026-09-27T17:00:00Z
Aaron Rodgers,pass_att,48.0,1540,Cincinnati Bengals @ Pittsburgh Steelers,2026-09-27T17:00:00Z
Aaron Rodgers,pass_cmps,16.0,-1680,Cincinnati Bengals @ Pittsburgh Steelers,2026-09-27T17:00:00Z
Aaron Rodgers,pass_cmps,18.0,-610,Cincinnati Bengals @ Pittsburgh Steelers,2026-09-27T17:00:00Z
Aaron Rodgers,pass_cmps,20.0,-281,Cincinnati Bengals @ Pittsburgh Steelers,2026-09-27T17:00:00Z
Aaron Rodgers,pass_cmps,22.0,-144,Cincinnati Bengals @ Pittsburgh Steelers,2026-09-27T17:00:00Z
Aaron Rodgers,pass_cmps,23.0,-105,Cincinnati Bengals @ Pittsburgh Steelers,2026-09-27T17:00:00Z
Aaron Rodgers,pass_cmps,24.0,128,Cincinnati Bengals @ Pittsburgh Steelers,2026-09-27T17:00:00Z
Aaron Rodgers,pass_cmps,26.0,229,Cincinnati Bengals @ Pittsburgh Steelers,2026-09-27T17:00:00Z
Aaron Rodgers,pass_cmps,28.0,413,Cincinnati Bengals @ Pittsburgh Steelers,2026-09-27T17:00:00Z
Aaron Rodgers,pass_cmps,30.0,710,Cincinnati Bengals @ Pittsburgh Steelers,2026-09-27T17:00:00Z
Aaron Rodgers,pass_cmps,32.0,1200,Cincinnati Bengals @ Pittsburgh Steelers,2026-09-27T17:00:00Z
Joe Burrow,pass_cmps,18.0,-1500,Cincinnati Bengals @ Pittsburgh Steelers,2026-09-27T17:00:00Z
Joe Burrow,pass_cmps,20.0,-513,Cincinnati Bengals @ Pittsburgh Steelers,2026-09-27T17:00:00Z
Joe Burrow,pass_cmps,22.0,-224,Cincinnati Bengals @ Pittsburgh Steelers,2026-09-27T17:00:00Z
Joe Burrow,pass_cmps,24.0,-110,Cincinnati Bengals @ Pittsburgh Steelers,2026-09-27T17:00:00Z
Joe Burrow,pass_cmps,26.0,180,Cincinnati Bengals @ Pittsburgh Steelers,2026-09-27T17:00:00Z
Joe Burrow,pass_cmps,28.0,350,Cincinnati Bengals @ Pittsburgh Steelers,2026-09-27T17:00:00Z
Joe Burrow,pass_cmps,30.0,670,Cincinnati Bengals @ Pittsburgh Steelers,2026-09-27T17:00:00Z
Joe Burrow,pass_cmps,32.0,1240,Cincinnati Bengals @ Pittsburgh Steelers,2026-09-27T17:00:00Z
Joe Burrow,pass_yds,180.0,-1060,Cincinnati Bengals @ Pittsburgh Steelers,2026-09-27T17:00:00Z
Joe Burrow,pass_yds,190.0,-720,Cincinnati Bengals @ Pittsburgh Steelers,2026-09-27T17:00:00Z
Joe Burrow,pass_yds,200.0,-497,Cincinnati Bengals @ Pittsburgh Steelers,2026-09-27T17:00:00Z
Joe Burrow,pass_yds,210.0,-357,Cincinnati Bengals @ Pittsburgh Steelers,2026-09-27T17:00:00Z
Joe Burrow,pass_yds,220.0,-265,Cincinnati Bengals @ Pittsburgh Steelers,2026-09-27T17:00:00Z
Joe Burrow,pass_yds,230.0,-196,Cincinnati Bengals @ Pittsburgh Steelers,2026-09-27T17:00:00Z
Joe Burrow,pass_yds,240.0,-148,Cincinnati Bengals @ Pittsburgh Steelers,2026-09-27T17:00:00Z
Joe Burrow,pass_yds,250.0,-112,Cincinnati Bengals @ Pittsburgh Steelers,2026-09-27T17:00:00Z
Joe Burrow,pass_yds,260.0,117,Cincinnati Bengals @ Pittsburgh Steelers,2026-09-27T17:00:00Z
Joe Burrow,pass_yds,270.0,154,Cincinnati Bengals @ Pittsburgh Steelers,2026-09-27T17:00:00Z
Joe Burrow,pass_yds,280.0,201,Cincinnati Bengals @ Pittsburgh Steelers,2026-09-27T17:00:00Z
Joe Burrow,pass_yds,290.0,264,Cincinnati Bengals @ Pittsburgh Steelers,2026-09-27T17:00:00Z
Joe Burrow,pass_yds,300.0,340,Cincinnati Bengals @ Pittsburgh Steelers,2026-09-27T17:00:00Z
Joe Burrow,pass_yds,310.0,445,Cincinnati Bengals @ Pittsburgh Steelers,2026-09-27T17:00:00Z
Joe Burrow,pass_yds,320.0,578,Cincinnati Bengals @ Pittsburgh Steelers,2026-09-27T17:00:00Z
Joe Burrow,pass_yds,330.0,750,Cincinnati Bengals @ Pittsburgh Steelers,2026-09-27T17:00:00Z
Joe Burrow,pass_yds,340.0,970,Cincinnati Bengals @ Pittsburgh Steelers,2026-09-27T17:00:00Z
Joe Burrow,pass_yds,350.0,1260,Cincinnati Bengals @ Pittsburgh Steelers,2026-09-27T17:00:00Z
Joe Burrow,pass_yds,360.0,1660,Cincinnati Bengals @ Pittsburgh Steelers,2026-09-27T17:00:00Z
Joe Burrow,pass_yds,370.0,2100,Cincinnati Bengals @ Pittsburgh Steelers,2026-09-27T17:00:00Z
Joe Burrow,pass_yds,380.0,2700,Cincinnati Bengals @ Pittsburgh Steelers,2026-09-27T17:00:00Z
Joe Burrow,pass_yds,390.0,3400,Cincinnati Bengals @ Pittsburgh Steelers,2026-09-27T17:00:00Z
Aaron Rodgers,pass_yds,150.0,-1100,Cincinnati Bengals @ Pittsburgh Steelers,2026-09-27T17:00:00Z
Aaron Rodgers,pass_yds,160.0,-740,Cincinnati Bengals @ Pittsburgh Steelers,2026-09-27T17:00:00Z
Aaron Rodgers,pass_yds,170.0,-513,Cincinnati Bengals @ Pittsburgh Steelers,2026-09-27T17:00:00Z
Aaron Rodgers,pass_yds,180.0,-366,Cincinnati Bengals @ Pittsburgh Steelers,2026-09-27T17:00:00Z
Aaron Rodgers,pass_yds,190.0,-263,Cincinnati Bengals @ Pittsburgh Steelers,2026-09-27T17:00:00Z
Aaron Rodgers,pass_yds,200.0,-195,Cincinnati Bengals @ Pittsburgh Steelers,2026-09-27T17:00:00Z
Aaron Rodgers,pass_yds,210.0,-147,Cincinnati Bengals @ Pittsburgh Steelers,2026-09-27T17:00:00Z
Aaron Rodgers,pass_yds,220.0,-112,Cincinnati Bengals @ Pittsburgh Steelers,2026-09-27T17:00:00Z
Aaron Rodgers,pass_yds,230.0,118,Cincinnati Bengals @ Pittsburgh Steelers,2026-09-27T17:00:00Z
Aaron Rodgers,pass_yds,240.0,154,Cincinnati Bengals @ Pittsburgh Steelers,2026-09-27T17:00:00Z
Aaron Rodgers,pass_yds,250.0,199,Cincinnati Bengals @ Pittsburgh Steelers,2026-09-27T17:00:00Z
Aaron Rodgers,pass_yds,260.0,260,Cincinnati Bengals @ Pittsburgh Steelers,2026-09-27T17:00:00Z
Aaron Rodgers,pass_yds,270.0,335,Cincinnati Bengals @ Pittsburgh Steelers,2026-09-27T17:00:00Z
Aaron Rodgers,pass_yds,280.0,433,Cincinnati Bengals @ Pittsburgh Steelers,2026-09-27T17:00:00Z
Aaron Rodgers,pass_yds,290.0,561,Cincinnati Bengals @ Pittsburgh Steelers,2026-09-27T17:00:00Z
Aaron Rodgers,pass_yds,300.0,720,Cincinnati Bengals @ Pittsburgh Steelers,2026-09-27T17:00:00Z
Aaron Rodgers,pass_yds,310.0,960,Cincinnati Bengals @ Pittsburgh Steelers,2026-09-27T17:00:00Z
Aaron Rodgers,pass_yds,320.0,1220,Cincinnati Bengals @ Pittsburgh Steelers,2026-09-27T17:00:00Z
Aaron Rodgers,pass_yds,330.0,1600,Cincinnati Bengals @ Pittsburgh Steelers,2026-09-27T17:00:00Z
Aaron Rodgers,pass_yds,340.0,2100,Cincinnati Bengals @ Pittsburgh Steelers,2026-09-27T17:00:00Z
Aaron Rodgers,pass_yds,350.0,2600,Cincinnati Bengals @ Pittsburgh Steelers,2026-09-27T17:00:00Z
Aaron Rodgers,pass_yds,360.0,3400,Cincinnati Bengals @ Pittsburgh Steelers,2026-09-27T17:00:00Z
Aaron Rodgers,pass_yds,370.0,4000,Cincinnati Bengals @ Pittsburgh Steelers,2026-09-27T17:00:00Z
Ja'Marr Chase,rec_yds,40.0,-810,Cincinnati Bengals @ Pittsburgh Steelers,2026-09-27T17:00:00Z
Ja'Marr Chase,rec_yds,50.0,-431,Cincinnati Bengals @ Pittsburgh Steelers,2026-09-27T17:00:00Z
Ja'Marr Chase,rec_yds,60.0,-253,Cincinnati Bengals @ Pittsburgh Steelers,2026-09-27T17:00:00Z
Ja'Marr Chase,rec_yds,70.0,-159,Cincinnati Bengals @ Pittsburgh Steelers,2026-09-27T17:00:00Z
Ja'Marr Chase,rec_yds,78.0,-113,Cincinnati Bengals @ Pittsburgh Steelers,2026-09-27T17:00:00Z
Ja'Marr Chase,rec_yds,80.0,-104,Cincinnati Bengals @ Pittsburgh Steelers,2026-09-27T17:00:00Z
Ja'Marr Chase,rec_yds,90.0,143,Cincinnati Bengals @ Pittsburgh Steelers,2026-09-27T17:00:00Z
Ja'Marr Chase,rec_yds,100.0,211,Cincinnati Bengals @ Pittsburgh Steelers,2026-09-27T17:00:00Z
Ja'Marr Chase,rec_yds,110.0,305,Cincinnati Bengals @ Pittsburgh Steelers,2026-09-27T17:00:00Z
Ja'Marr Chase,rec_yds,120.0,442,Cincinnati Bengals @ Pittsburgh Steelers,2026-09-27T17:00:00Z
Ja'Marr Chase,rec_yds,130.0,620,Cincinnati Bengals @ Pittsburgh Steelers,2026-09-27T17:00:00Z
Ja'Marr Chase,rec_yds,140.0,910,Cincinnati Bengals @ Pittsburgh Steelers,2026-09-27T17:00:00Z
Ja'Marr Chase,rec_yds,150.0,1300,Cincinnati Bengals @ Pittsburgh Steelers,2026-09-27T17:00:00Z
Ja'Marr Chase,rec_yds,160.0,1860,Cincinnati Bengals @ Pittsburgh Steelers,2026-09-27T17:00:00Z
Ja'Marr Chase,rec_yds,170.0,2500,Cincinnati Bengals @ Pittsburgh Steelers,2026-09-27T17:00:00Z
Ja'Marr Chase,rec_yds,180.0,3500,Cincinnati Bengals @ Pittsburgh Steelers,2026-09-27T17:00:00Z
Tee Higgins,rec_yds,15.0,-1680,Cincinnati Bengals @ Pittsburgh Steelers,2026-09-27T17:00:00Z
Tee Higgins,rec_yds,25.0,-630,Cincinnati Bengals @ Pittsburgh Steelers,2026-09-27T17:00:00Z
Tee Higgins,rec_yds,40.0,-230,Cincinnati Bengals @ Pittsburgh Steelers,2026-09-27T17:00:00Z
Tee Higgins,rec_yds,50.0,-137,Cincinnati Bengals @ Pittsburgh Steelers,2026-09-27T17:00:00Z
Tee Higgins,rec_yds,54.0,-114,Cincinnati Bengals @ Pittsburgh Steelers,2026-09-27T17:00:00Z
Tee Higgins,rec_yds,60.0,115,Cincinnati Bengals @ Pittsburgh Steelers,2026-09-27T17:00:00Z
Tee Higgins,rec_yds,70.0,180,Cincinnati Bengals @ Pittsburgh Steelers,2026-09-27T17:00:00Z
Tee Higgins,rec_yds,80.0,276,Cincinnati Bengals @ Pittsburgh Steelers,2026-09-27T17:00:00Z
Tee Higgins,rec_yds,90.0,414,Cincinnati Bengals @ Pittsburgh Steelers,2026-09-27T17:00:00Z
Tee Higgins,rec_yds,100.0,620,Cincinnati Bengals @ Pittsburgh Steelers,2026-09-27T17:00:00Z
Tee Higgins,rec_yds,110.0,900,Cincinnati Bengals @ Pittsburgh Steelers,2026-09-27T17:00:00Z
Tee Higgins,rec_yds,120.0,1280,Cincinnati Bengals @ Pittsburgh Steelers,2026-09-27T17:00:00Z
Tee Higgins,rec_yds,130.0,1820,Cincinnati Bengals @ Pittsburgh Steelers,2026-09-27T17:00:00Z
Tee Higgins,rec_yds,140.0,2400,Cincinnati Bengals @ Pittsburgh Steelers,2026-09-27T17:00:00Z
Tee Higgins,rec_yds,150.0,3300,Cincinnati Bengals @ Pittsburgh Steelers,2026-09-27T17:00:00Z
DK Metcalf,rec_yds,15.0,-1480,Cincinnati Bengals @ Pittsburgh Steelers,2026-09-27T17:00:00Z
DK Metcalf,rec_yds,25.0,-556,Cincinnati Bengals @ Pittsburgh Steelers,2026-09-27T17:00:00Z
DK Metcalf,rec_yds,40.0,-209,Cincinnati Bengals @ Pittsburgh Steelers,2026-09-27T17:00:00Z
DK Metcalf,rec_yds,50.0,-126,Cincinnati Bengals @ Pittsburgh Steelers,2026-09-27T17:00:00Z
DK Metcalf,rec_yds,52.0,-114,Cincinnati Bengals @ Pittsburgh Steelers,2026-09-27T17:00:00Z
DK Metcalf,rec_yds,60.0,128,Cincinnati Bengals @ Pittsburgh Steelers,2026-09-27T17:00:00Z
DK Metcalf,rec_yds,70.0,198,Cincinnati Bengals @ Pittsburgh Steelers,2026-09-27T17:00:00Z
DK Metcalf,rec_yds,80.0,303,Cincinnati Bengals @ Pittsburgh Steelers,2026-09-27T17:00:00Z
DK Metcalf,rec_yds,90.0,454,Cincinnati Bengals @ Pittsburgh Steelers,2026-09-27T17:00:00Z
DK Metcalf,rec_yds,100.0,670,Cincinnati Bengals @ Pittsburgh Steelers,2026-09-27T17:00:00Z
DK Metcalf,rec_yds,110.0,970,Cincinnati Bengals @ Pittsburgh Steelers,2026-09-27T17:00:00Z
DK Metcalf,rec_yds,120.0,1400,Cincinnati Bengals @ Pittsburgh Steelers,2026-09-27T17:00:00Z
DK Metcalf,rec_yds,130.0,2000,Cincinnati Bengals @ Pittsburgh Steelers,2026-09-27T17:00:00Z
DK Metcalf,rec_yds,140.0,2900,Cincinnati Bengals @ Pittsburgh Steelers,2026-09-27T17:00:00Z
DK Metcalf,rec_yds,150.0,4000,Cincinnati Bengals @ Pittsburgh Steelers,2026-09-27T17:00:00Z
Pat Freiermuth,rec_yds,15.0,-528,Cincinnati Bengals @ Pittsburgh Steelers,2026-09-27T17:00:00Z
Pat Freiermuth,rec_yds,25.0,-219,Cincinnati Bengals @ Pittsburgh Steelers,2026-09-27T17:00:00Z
Pat Freiermuth,rec_yds,35.0,-109,Cincinnati Bengals @ Pittsburgh Steelers,2026-09-27T17:00:00Z
Pat Freiermuth,rec_yds,40.0,123,Cincinnati Bengals @ Pittsburgh Steelers,2026-09-27T17:00:00Z
Pat Freiermuth,rec_yds,50.0,218,Cincinnati Bengals @ Pittsburgh Steelers,2026-09-27T17:00:00Z
Pat Freiermuth,rec_yds,60.0,370,Cincinnati Bengals @ Pittsburgh Steelers,2026-09-27T17:00:00Z
Pat Freiermuth,rec_yds,70.0,600,Cincinnati Bengals @ Pittsburgh Steelers,2026-09-27T17:00:00Z
Pat Freiermuth,rec_yds,80.0,990,Cincinnati Bengals @ Pittsburgh Steelers,2026-09-27T17:00:00Z
Pat Freiermuth,rec_yds,90.0,1500,Cincinnati Bengals @ Pittsburgh Steelers,2026-09-27T17:00:00Z
Pat Freiermuth,rec_yds,100.0,2200,Cincinnati Bengals @ Pittsburgh Steelers,2026-09-27T17:00:00Z
Pat Freiermuth,rec_yds,110.0,3300,Cincinnati Bengals @ Pittsburgh Steelers,2026-09-27T17:00:00Z
Chase Brown,rec_yds,15.0,-236,Cincinnati Bengals @ Pittsburgh Steelers,2026-09-27T17:00:00Z
Chase Brown,rec_yds,23.0,-108,Cincinnati Bengals @ Pittsburgh Steelers,2026-09-27T17:00:00Z
Chase Brown,rec_yds,25.0,110,Cincinnati Bengals @ Pittsburgh Steelers,2026-09-27T17:00:00Z
Chase Brown,rec_yds,40.0,321,Cincinnati Bengals @ Pittsburgh Steelers,2026-09-27T17:00:00Z
Chase Brown,rec_yds,50.0,630,Cincinnati Bengals @ Pittsburgh Steelers,2026-09-27T17:00:00Z
Chase Brown,rec_yds,60.0,1140,Cincinnati Bengals @ Pittsburgh Steelers,2026-09-27T17:00:00Z
Chase Brown,rec_yds,70.0,1960,Cincinnati Bengals @ Pittsburgh Steelers,2026-09-27T17:00:00Z
Chase Brown,rec_yds,80.0,3000,Cincinnati Bengals @ Pittsburgh Steelers,2026-09-27T17:00:00Z
Ja'Marr Chase,receptions,4.0,-1760,Cincinnati Bengals @ Pittsburgh Steelers,2026-09-27T17:00:00Z
Ja'Marr Chase,receptions,5.0,-620,Cincinnati Bengals @ Pittsburgh Steelers,2026-09-27T17:00:00Z
Ja'Marr Chase,receptions,6.0,-286,Cincinnati Bengals @ Pittsburgh Steelers,2026-09-27T17:00:00Z
Ja'Marr Chase,receptions,7.0,-146,Cincinnati Bengals @ Pittsburgh Steelers,2026-09-27T17:00:00Z
Ja'Marr Chase,receptions,8.0,126,Cincinnati Bengals @ Pittsburgh Steelers,2026-09-27T17:00:00Z
Ja'Marr Chase,receptions,9.0,220,Cincinnati Bengals @ Pittsburgh Steelers,2026-09-27T17:00:00Z
Ja'Marr Chase,receptions,10.0,373,Cincinnati Bengals @ Pittsburgh Steelers,2026-09-27T17:00:00Z
Ja'Marr Chase,receptions,11.0,640,Cincinnati Bengals @ Pittsburgh Steelers,2026-09-27T17:00:00Z
Ja'Marr Chase,receptions,12.0,1060,Cincinnati Bengals @ Pittsburgh Steelers,2026-09-27T17:00:00Z
Ja'Marr Chase,receptions,13.0,1660,Cincinnati Bengals @ Pittsburgh Steelers,2026-09-27T17:00:00Z
Ja'Marr Chase,receptions,14.0,2500,Cincinnati Bengals @ Pittsburgh Steelers,2026-09-27T17:00:00Z
Tee Higgins,receptions,2.0,-3100,Cincinnati Bengals @ Pittsburgh Steelers,2026-09-27T17:00:00Z
Tee Higgins,receptions,3.0,-650,Cincinnati Bengals @ Pittsburgh Steelers,2026-09-27T17:00:00Z
Tee Higgins,receptions,4.0,-246,Cincinnati Bengals @ Pittsburgh Steelers,2026-09-27T17:00:00Z
Tee Higgins,receptions,5.0,-112,Cincinnati Bengals @ Pittsburgh Steelers,2026-09-27T17:00:00Z
Tee Higgins,receptions,6.0,183,Cincinnati Bengals @ Pittsburgh Steelers,2026-09-27T17:00:00Z
Tee Higgins,receptions,7.0,356,Cincinnati Bengals @ Pittsburgh Steelers,2026-09-27T17:00:00Z
Tee Higgins,receptions,8.0,690,Cincinnati Bengals @ Pittsburgh Steelers,2026-09-27T17:00:00Z
Tee Higgins,receptions,9.0,1240,Cincinnati Bengals @ Pittsburgh Steelers,2026-09-27T17:00:00Z
Tee Higgins,receptions,10.0,2100,Cincinnati Bengals @ Pittsburgh Steelers,2026-09-27T17:00:00Z
DK Metcalf,receptions,2.0,-2400,Cincinnati Bengals @ Pittsburgh Steelers,2026-09-27T17:00:00Z
DK Metcalf,receptions,3.0,-541,Cincinnati Bengals @ Pittsburgh Steelers,2026-09-27T17:00:00Z
DK Metcalf,receptions,4.0,-213,Cincinnati Bengals @ Pittsburgh Steelers,2026-09-27T17:00:00Z
DK Metcalf,receptions,5.0,102,Cincinnati Bengals @ Pittsburgh Steelers,2026-09-27T17:00:00Z
DK Metcalf,receptions,6.0,201,Cincinnati Bengals @ Pittsburgh Steelers,2026-09-27T17:00:00Z
DK Metcalf,receptions,7.0,392,Cincinnati Bengals @ Pittsburgh Steelers,2026-09-27T17:00:00Z
DK Metcalf,receptions,8.0,750,Cincinnati Bengals @ Pittsburgh Steelers,2026-09-27T17:00:00Z
DK Metcalf,receptions,9.0,1380,Cincinnati Bengals @ Pittsburgh Steelers,2026-09-27T17:00:00Z
DK Metcalf,receptions,10.0,2200,Cincinnati Bengals @ Pittsburgh Steelers,2026-09-27T17:00:00Z
Pat Freiermuth,receptions,2.0,-1320,Cincinnati Bengals @ Pittsburgh Steelers,2026-09-27T17:00:00Z
Pat Freiermuth,receptions,3.0,-361,Cincinnati Bengals @ Pittsburgh Steelers,2026-09-27T17:00:00Z
Pat Freiermuth,receptions,4.0,-150,Cincinnati Bengals @ Pittsburgh Steelers,2026-09-27T17:00:00Z
Pat Freiermuth,receptions,5.0,142,Cincinnati Bengals @ Pittsburgh Steelers,2026-09-27T17:00:00Z
Pat Freiermuth,receptions,6.0,287,Cincinnati Bengals @ Pittsburgh Steelers,2026-09-27T17:00:00Z
Pat Freiermuth,receptions,7.0,553,Cincinnati Bengals @ Pittsburgh Steelers,2026-09-27T17:00:00Z
Pat Freiermuth,receptions,8.0,1000,Cincinnati Bengals @ Pittsburgh Steelers,2026-09-27T17:00:00Z
Pat Freiermuth,receptions,9.0,1720,Cincinnati Bengals @ Pittsburgh Steelers,2026-09-27T17:00:00Z
Pat Freiermuth,receptions,10.0,2600,Cincinnati Bengals @ Pittsburgh Steelers,2026-09-27T17:00:00Z
Chase Brown,receptions,2.0,-740,Cincinnati Bengals @ Pittsburgh Steelers,2026-09-27T17:00:00Z
Chase Brown,receptions,3.0,-226,Cincinnati Bengals @ Pittsburgh Steelers,2026-09-27T17:00:00Z
Chase Brown,receptions,4.0,107,Cincinnati Bengals @ Pittsburgh Steelers,2026-09-27T17:00:00Z
Chase Brown,receptions,5.0,233,Cincinnati Bengals @ Pittsburgh Steelers,2026-09-27T17:00:00Z
Chase Brown,receptions,6.0,497,Cincinnati Bengals @ Pittsburgh Steelers,2026-09-27T17:00:00Z
Chase Brown,receptions,7.0,1020,Cincinnati Bengals @ Pittsburgh Steelers,2026-09-27T17:00:00Z
Chase Brown,receptions,8.0,1840,Cincinnati Bengals @ Pittsburgh Steelers,2026-09-27T17:00:00Z
Chase Brown,receptions,9.0,2800,Cincinnati Bengals @ Pittsburgh Steelers,2026-09-27T17:00:00Z
Chase Brown,rush_att,10.0,-2000,Cincinnati Bengals @ Pittsburgh Steelers,2026-09-27T17:00:00Z
Chase Brown,rush_att,12.0,-660,Cincinnati Bengals @ Pittsburgh Steelers,2026-09-27T17:00:00Z
Chase Brown,rush_att,14.0,-288,Cincinnati Bengals @ Pittsburgh Steelers,2026-09-27T17:00:00Z
Chase Brown,rush_att,16.0,-142,Cincinnati Bengals @ Pittsburgh Steelers,2026-09-27T17:00:00Z
Chase Brown,rush_att,17.0,-102,Cincinnati Bengals @ Pittsburgh Steelers,2026-09-27T17:00:00Z
Chase Brown,rush_att,18.0,137,Cincinnati Bengals @ Pittsburgh Steelers,2026-09-27T17:00:00Z
Chase Brown,rush_att,20.0,264,Cincinnati Bengals @ Pittsburgh Steelers,2026-09-27T17:00:00Z
Chase Brown,rush_att,22.0,520,Cincinnati Bengals @ Pittsburgh Steelers,2026-09-27T17:00:00Z
Chase Brown,rush_att,24.0,1020,Cincinnati Bengals @ Pittsburgh Steelers,2026-09-27T17:00:00Z
Chase Brown,rush_yds,25.0,-2200,Cincinnati Bengals @ Pittsburgh Steelers,2026-09-27T17:00:00Z
Chase Brown,rush_yds,30.0,-1180,Cincinnati Bengals @ Pittsburgh Steelers,2026-09-27T17:00:00Z
Chase Brown,rush_yds,40.0,-464,Cincinnati Bengals @ Pittsburgh Steelers,2026-09-27T17:00:00Z
Chase Brown,rush_yds,50.0,-235,Cincinnati Bengals @ Pittsburgh Steelers,2026-09-27T17:00:00Z
Chase Brown,rush_yds,60.0,-133,Cincinnati Bengals @ Pittsburgh Steelers,2026-09-27T17:00:00Z
Chase Brown,rush_yds,63.0,-114,Cincinnati Bengals @ Pittsburgh Steelers,2026-09-27T17:00:00Z
Chase Brown,rush_yds,70.0,124,Cincinnati Bengals @ Pittsburgh Steelers,2026-09-27T17:00:00Z
Chase Brown,rush_yds,80.0,194,Cincinnati Bengals @ Pittsburgh Steelers,2026-09-27T17:00:00Z
Chase Brown,rush_yds,90.0,302,Cincinnati Bengals @ Pittsburgh Steelers,2026-09-27T17:00:00Z
Chase Brown,rush_yds,100.0,458,Cincinnati Bengals @ Pittsburgh Steelers,2026-09-27T17:00:00Z
Chase Brown,rush_yds,110.0,680,Cincinnati Bengals @ Pittsburgh Steelers,2026-09-27T17:00:00Z
Chase Brown,rush_yds,120.0,1020,Cincinnati Bengals @ Pittsburgh Steelers,2026-09-27T17:00:00Z
Chase Brown,rush_yds,130.0,1480,Cincinnati Bengals @ Pittsburgh Steelers,2026-09-27T17:00:00Z
Chase Brown,rush_yds,140.0,2100,Cincinnati Bengals @ Pittsburgh Steelers,2026-09-27T17:00:00Z
Chase Brown,rush_yds,150.0,2900,Cincinnati Bengals @ Pittsburgh Steelers,2026-09-27T17:00:00Z
Chase Brown,rush_yds,160.0,3800,Cincinnati Bengals @ Pittsburgh Steelers,2026-09-27T17:00:00Z
Jared Goff,pass_att,26.0,-2400,New York Jets @ Detroit Lions,2026-09-27T17:00:00Z
Jared Goff,pass_att,28.0,-910,New York Jets @ Detroit Lions,2026-09-27T17:00:00Z
Jared Goff,pass_att,30.0,-438,New York Jets @ Detroit Lions,2026-09-27T17:00:00Z
Jared Goff,pass_att,32.0,-234,New York Jets @ Detroit Lions,2026-09-27T17:00:00Z
Jared Goff,pass_att,34.0,-136,New York Jets @ Detroit Lions,2026-09-27T17:00:00Z
Jared Goff,pass_att,35.0,-105,New York Jets @ Detroit Lions,2026-09-27T17:00:00Z
Jared Goff,pass_att,36.0,122,New York Jets @ Detroit Lions,2026-09-27T17:00:00Z
Jared Goff,pass_att,38.0,194,New York Jets @ Detroit Lions,2026-09-27T17:00:00Z
Jared Goff,pass_att,40.0,305,New York Jets @ Detroit Lions,2026-09-27T17:00:00Z
Jared Goff,pass_att,42.0,479,New York Jets @ Detroit Lions,2026-09-27T17:00:00Z
Jared Goff,pass_att,44.0,740,New York Jets @ Detroit Lions,2026-09-27T17:00:00Z
Jared Goff,pass_att,46.0,1140,New York Jets @ Detroit Lions,2026-09-27T17:00:00Z
Jared Goff,pass_att,48.0,1700,New York Jets @ Detroit Lions,2026-09-27T17:00:00Z
Geno Smith,pass_att,24.0,-1460,New York Jets @ Detroit Lions,2026-09-27T17:00:00Z
Geno Smith,pass_att,26.0,-660,New York Jets @ Detroit Lions,2026-09-27T17:00:00Z
Geno Smith,pass_att,28.0,-335,New York Jets @ Detroit Lions,2026-09-27T17:00:00Z
Geno Smith,pass_att,30.0,-191,New York Jets @ Detroit Lions,2026-09-27T17:00:00Z
Geno Smith,pass_att,32.0,-115,New York Jets @ Detroit Lions,2026-09-27T17:00:00Z
Geno Smith,pass_att,34.0,140,New York Jets @ Detroit Lions,2026-09-27T17:00:00Z
Geno Smith,pass_att,36.0,219,New York Jets @ Detroit Lions,2026-09-27T17:00:00Z
Geno Smith,pass_att,38.0,353,New York Jets @ Detroit Lions,2026-09-27T17:00:00Z
Geno Smith,pass_att,40.0,557,New York Jets @ Detroit Lions,2026-09-27T17:00:00Z
Geno Smith,pass_att,42.0,860,New York Jets @ Detroit Lions,2026-09-27T17:00:00Z
Geno Smith,pass_att,44.0,1300,New York Jets @ Detroit Lions,2026-09-27T17:00:00Z
Jared Goff,pass_cmps,18.0,-1800,New York Jets @ Detroit Lions,2026-09-27T17:00:00Z
Jared Goff,pass_cmps,20.0,-580,New York Jets @ Detroit Lions,2026-09-27T17:00:00Z
Jared Goff,pass_cmps,22.0,-245,New York Jets @ Detroit Lions,2026-09-27T17:00:00Z
Jared Goff,pass_cmps,24.0,-117,New York Jets @ Detroit Lions,2026-09-27T17:00:00Z
Jared Goff,pass_cmps,26.0,169,New York Jets @ Detroit Lions,2026-09-27T17:00:00Z
Jared Goff,pass_cmps,28.0,337,New York Jets @ Detroit Lions,2026-09-27T17:00:00Z
Jared Goff,pass_cmps,30.0,650,New York Jets @ Detroit Lions,2026-09-27T17:00:00Z
Jared Goff,pass_cmps,32.0,1240,New York Jets @ Detroit Lions,2026-09-27T17:00:00Z
Geno Smith,pass_cmps,14.0,-3600,New York Jets @ Detroit Lions,2026-09-27T17:00:00Z
Geno Smith,pass_cmps,16.0,-940,New York Jets @ Detroit Lions,2026-09-27T17:00:00Z
Geno Smith,pass_cmps,18.0,-366,New York Jets @ Detroit Lions,2026-09-27T17:00:00Z
Geno Smith,pass_cmps,20.0,-170,New York Jets @ Detroit Lions,2026-09-27T17:00:00Z
Geno Smith,pass_cmps,21.0,-121,New York Jets @ Detroit Lions,2026-09-27T17:00:00Z
Geno Smith,pass_cmps,22.0,116,New York Jets @ Detroit Lions,2026-09-27T17:00:00Z
Geno Smith,pass_cmps,24.0,217,New York Jets @ Detroit Lions,2026-09-27T17:00:00Z
Geno Smith,pass_cmps,26.0,419,New York Jets @ Detroit Lions,2026-09-27T17:00:00Z
Geno Smith,pass_cmps,28.0,760,New York Jets @ Detroit Lions,2026-09-27T17:00:00Z
Geno Smith,pass_cmps,30.0,1340,New York Jets @ Detroit Lions,2026-09-27T17:00:00Z
Jared Goff,pass_yds,180.0,-1480,New York Jets @ Detroit Lions,2026-09-27T17:00:00Z
Jared Goff,pass_yds,190.0,-950,New York Jets @ Detroit Lions,2026-09-27T17:00:00Z
Jared Goff,pass_yds,200.0,-650,New York Jets @ Detroit Lions,2026-09-27T17:00:00Z
Jared Goff,pass_yds,210.0,-452,New York Jets @ Detroit Lions,2026-09-27T17:00:00Z
Jared Goff,pass_yds,220.0,-323,New York Jets @ Detroit Lions,2026-09-27T17:00:00Z
Jared Goff,pass_yds,230.0,-239,New York Jets @ Detroit Lions,2026-09-27T17:00:00Z
Jared Goff,pass_yds,240.0,-178,New York Jets @ Detroit Lions,2026-09-27T17:00:00Z
Jared Goff,pass_yds,250.0,-135,New York Jets @ Detroit Lions,2026-09-27T17:00:00Z
Jared Goff,pass_yds,257.0,-112,New York Jets @ Detroit Lions,2026-09-27T17:00:00Z
Jared Goff,pass_yds,260.0,-103,New York Jets @ Detroit Lions,2026-09-27T17:00:00Z
Jared Goff,pass_yds,270.0,127,New York Jets @ Detroit Lions,2026-09-27T17:00:00Z
Jared Goff,pass_yds,280.0,165,New York Jets @ Detroit Lions,2026-09-27T17:00:00Z
Jared Goff,pass_yds,290.0,215,New York Jets @ Detroit Lions,2026-09-27T17:00:00Z
Jared Goff,pass_yds,300.0,281,New York Jets @ Detroit Lions,2026-09-27T17:00:00Z
Jared Goff,pass_yds,310.0,365,New York Jets @ Detroit Lions,2026-09-27T17:00:00Z
Jared Goff,pass_yds,320.0,473,New York Jets @ Detroit Lions,2026-09-27T17:00:00Z
Jared Goff,pass_yds,330.0,610,New York Jets @ Detroit Lions,2026-09-27T17:00:00Z
Jared Goff,pass_yds,340.0,800,New York Jets @ Detroit Lions,2026-09-27T17:00:00Z
Jared Goff,pass_yds,350.0,1040,New York Jets @ Detroit Lions,2026-09-27T17:00:00Z
Jared Goff,pass_yds,360.0,1360,New York Jets @ Detroit Lions,2026-09-27T17:00:00Z
Jared Goff,pass_yds,370.0,1760,New York Jets @ Detroit Lions,2026-09-27T17:00:00Z
Jared Goff,pass_yds,380.0,2300,New York Jets @ Detroit Lions,2026-09-27T17:00:00Z
Jared Goff,pass_yds,390.0,2900,New York Jets @ Detroit Lions,2026-09-27T17:00:00Z
Jared Goff,pass_yds,400.0,3500,New York Jets @ Detroit Lions,2026-09-27T17:00:00Z
Geno Smith,pass_yds,150.0,-890,New York Jets @ Detroit Lions,2026-09-27T17:00:00Z
Geno Smith,pass_yds,160.0,-600,New York Jets @ Detroit Lions,2026-09-27T17:00:00Z
Geno Smith,pass_yds,170.0,-431,New York Jets @ Detroit Lions,2026-09-27T17:00:00Z
Geno Smith,pass_yds,180.0,-313,New York Jets @ Detroit Lions,2026-09-27T17:00:00Z
Geno Smith,pass_yds,190.0,-235,New York Jets @ Detroit Lions,2026-09-27T17:00:00Z
Geno Smith,pass_yds,200.0,-177,New York Jets @ Detroit Lions,2026-09-27T17:00:00Z
Geno Smith,pass_yds,210.0,-136,New York Jets @ Detroit Lions,2026-09-27T17:00:00Z
Geno Smith,pass_yds,217.0,-113,New York Jets @ Detroit Lions,2026-09-27T17:00:00Z
Geno Smith,pass_yds,220.0,-104,New York Jets @ Detroit Lions,2026-09-27T17:00:00Z
Geno Smith,pass_yds,230.0,123,New York Jets @ Detroit Lions,2026-09-27T17:00:00Z
Geno Smith,pass_yds,240.0,158,New York Jets @ Detroit Lions,2026-09-27T17:00:00Z
Geno Smith,pass_yds,250.0,203,New York Jets @ Detroit Lions,2026-09-27T17:00:00Z
Geno Smith,pass_yds,260.0,261,New York Jets @ Detroit Lions,2026-09-27T17:00:00Z
Geno Smith,pass_yds,270.0,337,New York Jets @ Detroit Lions,2026-09-27T17:00:00Z
Geno Smith,pass_yds,280.0,431,New York Jets @ Detroit Lions,2026-09-27T17:00:00Z
Geno Smith,pass_yds,290.0,549,New York Jets @ Detroit Lions,2026-09-27T17:00:00Z
Geno Smith,pass_yds,300.0,710,New York Jets @ Detroit Lions,2026-09-27T17:00:00Z
Geno Smith,pass_yds,310.0,910,New York Jets @ Detroit Lions,2026-09-27T17:00:00Z
Geno Smith,pass_yds,320.0,1160,New York Jets @ Detroit Lions,2026-09-27T17:00:00Z
Geno Smith,pass_yds,330.0,1500,New York Jets @ Detroit Lions,2026-09-27T17:00:00Z
Geno Smith,pass_yds,340.0,1840,New York Jets @ Detroit Lions,2026-09-27T17:00:00Z
Geno Smith,pass_yds,350.0,2300,New York Jets @ Detroit Lions,2026-09-27T17:00:00Z
Geno Smith,pass_yds,360.0,2900,New York Jets @ Detroit Lions,2026-09-27T17:00:00Z
Geno Smith,pass_yds,370.0,3700,New York Jets @ Detroit Lions,2026-09-27T17:00:00Z
Amon-Ra St. Brown,rec_yds,40.0,-820,New York Jets @ Detroit Lions,2026-09-27T17:00:00Z
Amon-Ra St. Brown,rec_yds,50.0,-426,New York Jets @ Detroit Lions,2026-09-27T17:00:00Z
Amon-Ra St. Brown,rec_yds,60.0,-245,New York Jets @ Detroit Lions,2026-09-27T17:00:00Z
Amon-Ra St. Brown,rec_yds,70.0,-150,New York Jets @ Detroit Lions,2026-09-27T17:00:00Z
Amon-Ra St. Brown,rec_yds,77.0,-110,New York Jets @ Detroit Lions,2026-09-27T17:00:00Z
Amon-Ra St. Brown,rec_yds,80.0,102,New York Jets @ Detroit Lions,2026-09-27T17:00:00Z
Amon-Ra St. Brown,rec_yds,90.0,156,New York Jets @ Detroit Lions,2026-09-27T17:00:00Z
Amon-Ra St. Brown,rec_yds,100.0,235,New York Jets @ Detroit Lions,2026-09-27T17:00:00Z
Amon-Ra St. Brown,rec_yds,110.0,338,New York Jets @ Detroit Lions,2026-09-27T17:00:00Z
Amon-Ra St. Brown,rec_yds,120.0,485,New York Jets @ Detroit Lions,2026-09-27T17:00:00Z
Amon-Ra St. Brown,rec_yds,130.0,710,New York Jets @ Detroit Lions,2026-09-27T17:00:00Z
Amon-Ra St. Brown,rec_yds,140.0,1020,New York Jets @ Detroit Lions,2026-09-27T17:00:00Z
Amon-Ra St. Brown,rec_yds,150.0,1460,New York Jets @ Detroit Lions,2026-09-27T17:00:00Z
Amon-Ra St. Brown,rec_yds,160.0,2000,New York Jets @ Detroit Lions,2026-09-27T17:00:00Z
Amon-Ra St. Brown,rec_yds,170.0,2900,New York Jets @ Detroit Lions,2026-09-27T17:00:00Z
Amon-Ra St. Brown,rec_yds,180.0,3700,New York Jets @ Detroit Lions,2026-09-27T17:00:00Z
Garrett Wilson,rec_yds,25.0,-1040,New York Jets @ Detroit Lions,2026-09-27T17:00:00Z
Garrett Wilson,rec_yds,40.0,-337,New York Jets @ Detroit Lions,2026-09-27T17:00:00Z
Garrett Wilson,rec_yds,50.0,-199,New York Jets @ Detroit Lions,2026-09-27T17:00:00Z
Garrett Wilson,rec_yds,60.0,-123,New York Jets @ Detroit Lions,2026-09-27T17:00:00Z
Garrett Wilson,rec_yds,62.0,-113,New York Jets @ Detroit Lions,2026-09-27T17:00:00Z
Garrett Wilson,rec_yds,70.0,125,New York Jets @ Detroit Lions,2026-09-27T17:00:00Z
Garrett Wilson,rec_yds,80.0,190,New York Jets @ Detroit Lions,2026-09-27T17:00:00Z
Garrett Wilson,rec_yds,90.0,281,New York Jets @ Detroit Lions,2026-09-27T17:00:00Z
Garrett Wilson,rec_yds,100.0,413,New York Jets @ Detroit Lions,2026-09-27T17:00:00Z
Garrett Wilson,rec_yds,110.0,600,New York Jets @ Detroit Lions,2026-09-27T17:00:00Z
Garrett Wilson,rec_yds,120.0,850,New York Jets @ Detroit Lions,2026-09-27T17:00:00Z
Garrett Wilson,rec_yds,130.0,1220,New York Jets @ Detroit Lions,2026-09-27T17:00:00Z
Garrett Wilson,rec_yds,140.0,1720,New York Jets @ Detroit Lions,2026-09-27T17:00:00Z
Garrett Wilson,rec_yds,150.0,2300,New York Jets @ Detroit Lions,2026-09-27T17:00:00Z
Garrett Wilson,rec_yds,160.0,3200,New York Jets @ Detroit Lions,2026-09-27T17:00:00Z
Jameson Williams,rec_yds,15.0,-1740,New York Jets @ Detroit Lions,2026-09-27T17:00:00Z
Jameson Williams,rec_yds,25.0,-660,New York Jets @ Detroit Lions,2026-09-27T17:00:00Z
Jameson Williams,rec_yds,40.0,-253,New York Jets @ Detroit Lions,2026-09-27T17:00:00Z
Jameson Williams,rec_yds,50.0,-151,New York Jets @ Detroit Lions,2026-09-27T17:00:00Z
Jameson Williams,rec_yds,56.0,-114,New York Jets @ Detroit Lions,2026-09-27T17:00:00Z
Jameson Williams,rec_yds,60.0,105,New York Jets @ Detroit Lions,2026-09-27T17:00:00Z
Jameson Williams,rec_yds,70.0,162,New York Jets @ Detroit Lions,2026-09-27T17:00:00Z
Jameson Williams,rec_yds,80.0,242,New York Jets @ Detroit Lions,2026-09-27T17:00:00Z
Jameson Williams,rec_yds,90.0,357,New York Jets @ Detroit Lions,2026-09-27T17:00:00Z
Jameson Williams,rec_yds,100.0,529,New York Jets @ Detroit Lions,2026-09-27T17:00:00Z
Jameson Williams,rec_yds,110.0,780,New York Jets @ Detroit Lions,2026-09-27T17:00:00Z
Jameson Williams,rec_yds,120.0,1120,New York Jets @ Detroit Lions,2026-09-27T17:00:00Z
Jameson Williams,rec_yds,130.0,1600,New York Jets @ Detroit Lions,2026-09-27T17:00:00Z
Jameson Williams,rec_yds,140.0,2200,New York Jets @ Detroit Lions,2026-09-27T17:00:00Z
Jameson Williams,rec_yds,150.0,3000,New York Jets @ Detroit Lions,2026-09-27T17:00:00Z
Jameson Williams,rec_yds,160.0,4000,New York Jets @ Detroit Lions,2026-09-27T17:00:00Z
Adonai Mitchell,rec_yds,15.0,-900,New York Jets @ Detroit Lions,2026-09-27T17:00:00Z
Adonai Mitchell,rec_yds,25.0,-373,New York Jets @ Detroit Lions,2026-09-27T17:00:00Z
Adonai Mitchell,rec_yds,40.0,-145,New York Jets @ Detroit Lions,2026-09-27T17:00:00Z
Adonai Mitchell,rec_yds,45.0,-110,New York Jets @ Detroit Lions,2026-09-27T17:00:00Z
Adonai Mitchell,rec_yds,50.0,115,New York Jets @ Detroit Lions,2026-09-27T17:00:00Z
Adonai Mitchell,rec_yds,60.0,183,New York Jets @ Detroit Lions,2026-09-27T17:00:00Z
Adonai Mitchell,rec_yds,70.0,285,New York Jets @ Detroit Lions,2026-09-27T17:00:00Z
Adonai Mitchell,rec_yds,80.0,426,New York Jets @ Detroit Lions,2026-09-27T17:00:00Z
Adonai Mitchell,rec_yds,90.0,630,New York Jets @ Detroit Lions,2026-09-27T17:00:00Z
Adonai Mitchell,rec_yds,100.0,930,New York Jets @ Detroit Lions,2026-09-27T17:00:00Z
Adonai Mitchell,rec_yds,110.0,1360,New York Jets @ Detroit Lions,2026-09-27T17:00:00Z
Adonai Mitchell,rec_yds,120.0,1880,New York Jets @ Detroit Lions,2026-09-27T17:00:00Z
Adonai Mitchell,rec_yds,130.0,2700,New York Jets @ Detroit Lions,2026-09-27T17:00:00Z
Adonai Mitchell,rec_yds,140.0,3600,New York Jets @ Detroit Lions,2026-09-27T17:00:00Z
Sam LaPorta,rec_yds,15.0,-1340,New York Jets @ Detroit Lions,2026-09-27T17:00:00Z
Sam LaPorta,rec_yds,25.0,-441,New York Jets @ Detroit Lions,2026-09-27T17:00:00Z
Sam LaPorta,rec_yds,40.0,-155,New York Jets @ Detroit Lions,2026-09-27T17:00:00Z
Sam LaPorta,rec_yds,46.0,-111,New York Jets @ Detroit Lions,2026-09-27T17:00:00Z
Sam LaPorta,rec_yds,50.0,112,New York Jets @ Detroit Lions,2026-09-27T17:00:00Z
Sam LaPorta,rec_yds,60.0,184,New York Jets @ Detroit Lions,2026-09-27T17:00:00Z
Sam LaPorta,rec_yds,70.0,298,New York Jets @ Detroit Lions,2026-09-27T17:00:00Z
Sam LaPorta,rec_yds,80.0,467,New York Jets @ Detroit Lions,2026-09-27T17:00:00Z
Sam LaPorta,rec_yds,90.0,740,New York Jets @ Detroit Lions,2026-09-27T17:00:00Z
Sam LaPorta,rec_yds,100.0,1080,New York Jets @ Detroit Lions,2026-09-27T17:00:00Z
Sam LaPorta,rec_yds,110.0,1640,New York Jets @ Detroit Lions,2026-09-27T17:00:00Z
Sam LaPorta,rec_yds,120.0,2400,New York Jets @ Detroit Lions,2026-09-27T17:00:00Z
Sam LaPorta,rec_yds,130.0,3500,New York Jets @ Detroit Lions,2026-09-27T17:00:00Z
Jahmyr Gibbs,rec_yds,15.0,-700,New York Jets @ Detroit Lions,2026-09-27T17:00:00Z
Jahmyr Gibbs,rec_yds,25.0,-249,New York Jets @ Detroit Lions,2026-09-27T17:00:00Z
Jahmyr Gibbs,rec_yds,36.0,-110,New York Jets @ Detroit Lions,2026-09-27T17:00:00Z
Jahmyr Gibbs,rec_yds,40.0,116,New York Jets @ Detroit Lions,2026-09-27T17:00:00Z
Jahmyr Gibbs,rec_yds,50.0,209,New York Jets @ Detroit Lions,2026-09-27T17:00:00Z
Jahmyr Gibbs,rec_yds,60.0,367,New York Jets @ Detroit Lions,2026-09-27T17:00:00Z
Jahmyr Gibbs,rec_yds,70.0,620,New York Jets @ Detroit Lions,2026-09-27T17:00:00Z
Jahmyr Gibbs,rec_yds,80.0,1020,New York Jets @ Detroit Lions,2026-09-27T17:00:00Z
Jahmyr Gibbs,rec_yds,90.0,1640,New York Jets @ Detroit Lions,2026-09-27T17:00:00Z
Jahmyr Gibbs,rec_yds,100.0,2400,New York Jets @ Detroit Lions,2026-09-27T17:00:00Z
Jahmyr Gibbs,rec_yds,110.0,3700,New York Jets @ Detroit Lions,2026-09-27T17:00:00Z
Breece Hall,rec_yds,15.0,-214,New York Jets @ Detroit Lions,2026-09-27T17:00:00Z
Breece Hall,rec_yds,22.0,-112,New York Jets @ Detroit Lions,2026-09-27T17:00:00Z
Breece Hall,rec_yds,25.0,112,New York Jets @ Detroit Lions,2026-09-27T17:00:00Z
Breece Hall,rec_yds,40.0,311,New York Jets @ Detroit Lions,2026-09-27T17:00:00Z
Breece Hall,rec_yds,50.0,553,New York Jets @ Detroit Lions,2026-09-27T17:00:00Z
Breece Hall,rec_yds,60.0,910,New York Jets @ Detroit Lions,2026-09-27T17:00:00Z
Breece Hall,rec_yds,70.0,1480,New York Jets @ Detroit Lions,2026-09-27T17:00:00Z
Breece Hall,rec_yds,80.0,2200,New York Jets @ Detroit Lions,2026-09-27T17:00:00Z
Breece Hall,rec_yds,90.0,3200,New York Jets @ Detroit Lions,2026-09-27T17:00:00Z
Amon-Ra St. Brown,receptions,4.0,-2100,New York Jets @ Detroit Lions,2026-09-27T17:00:00Z
Amon-Ra St. Brown,receptions,5.0,-700,New York Jets @ Detroit Lions,2026-09-27T17:00:00Z
Amon-Ra St. Brown,receptions,6.0,-308,New York Jets @ Detroit Lions,2026-09-27T17:00:00Z
Amon-Ra St. Brown,receptions,7.0,-155,New York Jets @ Detroit Lions,2026-09-27T17:00:00Z
Amon-Ra St. Brown,receptions,8.0,117,New York Jets @ Detroit Lions,2026-09-27T17:00:00Z
Amon-Ra St. Brown,receptions,9.0,204,New York Jets @ Detroit Lions,2026-09-27T17:00:00Z
Amon-Ra St. Brown,receptions,10.0,353,New York Jets @ Detroit Lions,2026-09-27T17:00:00Z
Amon-Ra St. Brown,receptions,11.0,620,New York Jets @ Detroit Lions,2026-09-27T17:00:00Z
Amon-Ra St. Brown,receptions,12.0,1040,New York Jets @ Detroit Lions,2026-09-27T17:00:00Z
Amon-Ra St. Brown,receptions,13.0,1700,New York Jets @ Detroit Lions,2026-09-27T17:00:00Z
Amon-Ra St. Brown,receptions,14.0,2500,New York Jets @ Detroit Lions,2026-09-27T17:00:00Z
Garrett Wilson,receptions,3.0,-1560,New York Jets @ Detroit Lions,2026-09-27T17:00:00Z
Garrett Wilson,receptions,4.0,-491,New York Jets @ Detroit Lions,2026-09-27T17:00:00Z
Garrett Wilson,receptions,5.0,-214,New York Jets @ Detroit Lions,2026-09-27T17:00:00Z
Garrett Wilson,receptions,6.0,-106,New York Jets @ Detroit Lions,2026-09-27T17:00:00Z
Garrett Wilson,receptions,7.0,185,New York Jets @ Detroit Lions,2026-09-27T17:00:00Z
Garrett Wilson,receptions,8.0,344,New York Jets @ Detroit Lions,2026-09-27T17:00:00Z
Garrett Wilson,receptions,9.0,650,New York Jets @ Detroit Lions,2026-09-27T17:00:00Z
Garrett Wilson,receptions,10.0,1160,New York Jets @ Detroit Lions,2026-09-27T17:00:00Z
Garrett Wilson,receptions,11.0,1980,New York Jets @ Detroit Lions,2026-09-27T17:00:00Z
Jahmyr Gibbs,receptions,2.0,-3300,New York Jets @ Detroit Lions,2026-09-27T17:00:00Z
Jahmyr Gibbs,receptions,3.0,-670,New York Jets @ Detroit Lions,2026-09-27T17:00:00Z
Jahmyr Gibbs,receptions,4.0,-244,New York Jets @ Detroit Lions,2026-09-27T17:00:00Z
Jahmyr Gibbs,receptions,5.0,-111,New York Jets @ Detroit Lions,2026-09-27T17:00:00Z
Jahmyr Gibbs,receptions,6.0,185,New York Jets @ Detroit Lions,2026-09-27T17:00:00Z
Jahmyr Gibbs,receptions,7.0,360,New York Jets @ Detroit Lions,2026-09-27T17:00:00Z
Jahmyr Gibbs,receptions,8.0,680,New York Jets @ Detroit Lions,2026-09-27T17:00:00Z
Jahmyr Gibbs,receptions,9.0,1220,New York Jets @ Detroit Lions,2026-09-27T17:00:00Z
Jahmyr Gibbs,receptions,10.0,2000,New York Jets @ Detroit Lions,2026-09-27T17:00:00Z
Sam LaPorta,receptions,2.0,-3100,New York Jets @ Detroit Lions,2026-09-27T17:00:00Z
Sam LaPorta,receptions,3.0,-640,New York Jets @ Detroit Lions,2026-09-27T17:00:00Z
Sam LaPorta,receptions,4.0,-241,New York Jets @ Detroit Lions,2026-09-27T17:00:00Z
Sam LaPorta,receptions,5.0,-108,New York Jets @ Detroit Lions,2026-09-27T17:00:00Z
Sam LaPorta,receptions,6.0,190,New York Jets @ Detroit Lions,2026-09-27T17:00:00Z
Sam LaPorta,receptions,7.0,374,New York Jets @ Detroit Lions,2026-09-27T17:00:00Z
Sam LaPorta,receptions,8.0,700,New York Jets @ Detroit Lions,2026-09-27T17:00:00Z
Sam LaPorta,receptions,9.0,1340,New York Jets @ Detroit Lions,2026-09-27T17:00:00Z
Sam LaPorta,receptions,10.0,2300,New York Jets @ Detroit Lions,2026-09-27T17:00:00Z
Jameson Williams,receptions,2.0,-1780,New York Jets @ Detroit Lions,2026-09-27T17:00:00Z
Jameson Williams,receptions,3.0,-437,New York Jets @ Detroit Lions,2026-09-27T17:00:00Z
Jameson Williams,receptions,4.0,-168,New York Jets @ Detroit Lions,2026-09-27T17:00:00Z
Jameson Williams,receptions,5.0,133,New York Jets @ Detroit Lions,2026-09-27T17:00:00Z
Jameson Williams,receptions,6.0,279,New York Jets @ Detroit Lions,2026-09-27T17:00:00Z
Jameson Williams,receptions,7.0,568,New York Jets @ Detroit Lions,2026-09-27T17:00:00Z
Jameson Williams,receptions,8.0,1120,New York Jets @ Detroit Lions,2026-09-27T17:00:00Z
Jameson Williams,receptions,9.0,2000,New York Jets @ Detroit Lions,2026-09-27T17:00:00Z
Adonai Mitchell,receptions,2.0,-1060,New York Jets @ Detroit Lions,2026-09-27T17:00:00Z
Adonai Mitchell,receptions,3.0,-283,New York Jets @ Detroit Lions,2026-09-27T17:00:00Z
Adonai Mitchell,receptions,4.0,-110,New York Jets @ Detroit Lions,2026-09-27T17:00:00Z
Adonai Mitchell,receptions,5.0,202,New York Jets @ Detroit Lions,2026-09-27T17:00:00Z
Adonai Mitchell,receptions,6.0,424,New York Jets @ Detroit Lions,2026-09-27T17:00:00Z
Adonai Mitchell,receptions,7.0,890,New York Jets @ Detroit Lions,2026-09-27T17:00:00Z
Adonai Mitchell,receptions,8.0,1680,New York Jets @ Detroit Lions,2026-09-27T17:00:00Z
Adonai Mitchell,receptions,9.0,2700,New York Jets @ Detroit Lions,2026-09-27T17:00:00Z
Breece Hall,receptions,2.0,-670,New York Jets @ Detroit Lions,2026-09-27T17:00:00Z
Breece Hall,receptions,3.0,-203,New York Jets @ Detroit Lions,2026-09-27T17:00:00Z
Breece Hall,receptions,4.0,121,New York Jets @ Detroit Lions,2026-09-27T17:00:00Z
Breece Hall,receptions,5.0,271,New York Jets @ Detroit Lions,2026-09-27T17:00:00Z
Breece Hall,receptions,6.0,573,New York Jets @ Detroit Lions,2026-09-27T17:00:00Z
Breece Hall,receptions,7.0,1160,New York Jets @ Detroit Lions,2026-09-27T17:00:00Z
Breece Hall,receptions,8.0,2100,New York Jets @ Detroit Lions,2026-09-27T17:00:00Z
Jahmyr Gibbs,rush_att,12.0,-2100,New York Jets @ Detroit Lions,2026-09-27T17:00:00Z
Jahmyr Gibbs,rush_att,14.0,-760,New York Jets @ Detroit Lions,2026-09-27T17:00:00Z
Jahmyr Gibbs,rush_att,16.0,-343,New York Jets @ Detroit Lions,2026-09-27T17:00:00Z
Jahmyr Gibbs,rush_att,18.0,-175,New York Jets @ Detroit Lions,2026-09-27T17:00:00Z
Jahmyr Gibbs,rush_att,19.0,-126,New York Jets @ Detroit Lions,2026-09-27T17:00:00Z
Jahmyr Gibbs,rush_att,20.0,108,New York Jets @ Detroit Lions,2026-09-27T17:00:00Z
Jahmyr Gibbs,rush_att,22.0,202,New York Jets @ Detroit Lions,2026-09-27T17:00:00Z
Jahmyr Gibbs,rush_att,24.0,386,New York Jets @ Detroit Lions,2026-09-27T17:00:00Z
Jahmyr Gibbs,rush_att,26.0,740,New York Jets @ Detroit Lions,2026-09-27T17:00:00Z
Jahmyr Gibbs,rush_att,28.0,1380,New York Jets @ Detroit Lions,2026-09-27T17:00:00Z
Breece Hall,rush_att,10.0,-1120,New York Jets @ Detroit Lions,2026-09-27T17:00:00Z
Breece Hall,rush_att,12.0,-419,New York Jets @ Detroit Lions,2026-09-27T17:00:00Z
Breece Hall,rush_att,14.0,-195,New York Jets @ Detroit Lions,2026-09-27T17:00:00Z
Breece Hall,rush_att,16.0,-103,New York Jets @ Detroit Lions,2026-09-27T17:00:00Z
Breece Hall,rush_att,18.0,178,New York Jets @ Detroit Lions,2026-09-27T17:00:00Z
Breece Hall,rush_att,20.0,323,New York Jets @ Detroit Lions,2026-09-27T17:00:00Z
Breece Hall,rush_att,22.0,575,New York Jets @ Detroit Lions,2026-09-27T17:00:00Z
Breece Hall,rush_att,24.0,1020,New York Jets @ Detroit Lions,2026-09-27T17:00:00Z
Jahmyr Gibbs,rush_yds,40.0,-1640,New York Jets @ Detroit Lions,2026-09-27T17:00:00Z
Jahmyr Gibbs,rush_yds,50.0,-720,New York Jets @ Detroit Lions,2026-09-27T17:00:00Z
Jahmyr Gibbs,rush_yds,60.0,-387,New York Jets @ Detroit Lions,2026-09-27T17:00:00Z
Jahmyr Gibbs,rush_yds,70.0,-226,New York Jets @ Detroit Lions,2026-09-27T17:00:00Z
Jahmyr Gibbs,rush_yds,80.0,-142,New York Jets @ Detroit Lions,2026-09-27T17:00:00Z
Jahmyr Gibbs,rush_yds,85.0,-114,New York Jets @ Detroit Lions,2026-09-27T17:00:00Z
Jahmyr Gibbs,rush_yds,90.0,107,New York Jets @ Detroit Lions,2026-09-27T17:00:00Z
Jahmyr Gibbs,rush_yds,100.0,161,New York Jets @ Detroit Lions,2026-09-27T17:00:00Z
Jahmyr Gibbs,rush_yds,110.0,235,New York Jets @ Detroit Lions,2026-09-27T17:00:00Z
Jahmyr Gibbs,rush_yds,120.0,349,New York Jets @ Detroit Lions,2026-09-27T17:00:00Z
Jahmyr Gibbs,rush_yds,130.0,502,New York Jets @ Detroit Lions,2026-09-27T17:00:00Z
Jahmyr Gibbs,rush_yds,140.0,720,New York Jets @ Detroit Lions,2026-09-27T17:00:00Z
Jahmyr Gibbs,rush_yds,150.0,1000,New York Jets @ Detroit Lions,2026-09-27T17:00:00Z
Jahmyr Gibbs,rush_yds,160.0,1440,New York Jets @ Detroit Lions,2026-09-27T17:00:00Z
Jahmyr Gibbs,rush_yds,170.0,1980,New York Jets @ Detroit Lions,2026-09-27T17:00:00Z
Jahmyr Gibbs,rush_yds,180.0,2700,New York Jets @ Detroit Lions,2026-09-27T17:00:00Z
Jahmyr Gibbs,rush_yds,190.0,3600,New York Jets @ Detroit Lions,2026-09-27T17:00:00Z
Breece Hall,rush_yds,20.0,-3000,New York Jets @ Detroit Lions,2026-09-27T17:00:00Z
Breece Hall,rush_yds,25.0,-1360,New York Jets @ Detroit Lions,2026-09-27T17:00:00Z
Breece Hall,rush_yds,30.0,-770,New York Jets @ Detroit Lions,2026-09-27T17:00:00Z
Breece Hall,rush_yds,40.0,-331,New York Jets @ Detroit Lions,2026-09-27T17:00:00Z
Breece Hall,rush_yds,50.0,-171,New York Jets @ Detroit Lions,2026-09-27T17:00:00Z
Breece Hall,rush_yds,57.0,-114,New York Jets @ Detroit Lions,2026-09-27T17:00:00Z
Breece Hall,rush_yds,60.0,102,New York Jets @ Detroit Lions,2026-09-27T17:00:00Z
Breece Hall,rush_yds,70.0,169,New York Jets @ Detroit Lions,2026-09-27T17:00:00Z
Breece Hall,rush_yds,80.0,266,New York Jets @ Detroit Lions,2026-09-27T17:00:00Z
Breece Hall,rush_yds,90.0,407,New York Jets @ Detroit Lions,2026-09-27T17:00:00Z
Breece Hall,rush_yds,100.0,620,New York Jets @ Detroit Lions,2026-09-27T17:00:00Z
Breece Hall,rush_yds,110.0,910,New York Jets @ Detroit Lions,2026-09-27T17:00:00Z
Breece Hall,rush_yds,120.0,1340,New York Jets @ Detroit Lions,2026-09-27T17:00:00Z
Breece Hall,rush_yds,130.0,2000,New York Jets @ Detroit Lions,2026-09-27T17:00:00Z
Breece Hall,rush_yds,140.0,2800,New York Jets @ Detroit Lions,2026-09-27T17:00:00Z
Breece Hall,rush_yds,150.0,3800,New York Jets @ Detroit Lions,2026-09-27T17:00:00Z
Trevor Lawrence,pass_att,24.0,-2900,New England Patriots @ Jacksonville Jaguars,2026-09-27T17:00:00Z
Trevor Lawrence,pass_att,26.0,-1060,New England Patriots @ Jacksonville Jaguars,2026-09-27T17:00:00Z
Trevor Lawrence,pass_att,28.0,-520,New England Patriots @ Jacksonville Jaguars,2026-09-27T17:00:00Z
Trevor Lawrence,pass_att,30.0,-276,New England Patriots @ Jacksonville Jaguars,2026-09-27T17:00:00Z
Trevor Lawrence,pass_att,32.0,-162,New England Patriots @ Jacksonville Jaguars,2026-09-27T17:00:00Z
Trevor Lawrence,pass_att,33.0,-127,New England Patriots @ Jacksonville Jaguars,2026-09-27T17:00:00Z
Trevor Lawrence,pass_att,34.0,100,New England Patriots @ Jacksonville Jaguars,2026-09-27T17:00:00Z
Trevor Lawrence,pass_att,36.0,157,New England Patriots @ Jacksonville Jaguars,2026-09-27T17:00:00Z
Trevor Lawrence,pass_att,38.0,248,New England Patriots @ Jacksonville Jaguars,2026-09-27T17:00:00Z
Trevor Lawrence,pass_att,40.0,369,New England Patriots @ Jacksonville Jaguars,2026-09-27T17:00:00Z
Trevor Lawrence,pass_att,42.0,567,New England Patriots @ Jacksonville Jaguars,2026-09-27T17:00:00Z
Trevor Lawrence,pass_att,44.0,840,New England Patriots @ Jacksonville Jaguars,2026-09-27T17:00:00Z
Trevor Lawrence,pass_att,46.0,1220,New England Patriots @ Jacksonville Jaguars,2026-09-27T17:00:00Z
Drake Maye,pass_att,24.0,-1280,New England Patriots @ Jacksonville Jaguars,2026-09-27T17:00:00Z
Drake Maye,pass_att,26.0,-563,New England Patriots @ Jacksonville Jaguars,2026-09-27T17:00:00Z
Drake Maye,pass_att,28.0,-296,New England Patriots @ Jacksonville Jaguars,2026-09-27T17:00:00Z
Drake Maye,pass_att,30.0,-171,New England Patriots @ Jacksonville Jaguars,2026-09-27T17:00:00Z
Drake Maye,pass_att,32.0,-102,New England Patriots @ Jacksonville Jaguars,2026-09-27T17:00:00Z
Drake Maye,pass_att,34.0,156,New England Patriots @ Jacksonville Jaguars,2026-09-27T17:00:00Z
Drake Maye,pass_att,36.0,244,New England Patriots @ Jacksonville Jaguars,2026-09-27T17:00:00Z
Drake Maye,pass_att,38.0,388,New England Patriots @ Jacksonville Jaguars,2026-09-27T17:00:00Z
Drake Maye,pass_att,40.0,590,New England Patriots @ Jacksonville Jaguars,2026-09-27T17:00:00Z
Drake Maye,pass_att,42.0,940,New England Patriots @ Jacksonville Jaguars,2026-09-27T17:00:00Z
Drake Maye,pass_att,44.0,1420,New England Patriots @ Jacksonville Jaguars,2026-09-27T17:00:00Z
Trevor Lawrence,pass_cmps,14.0,-3000,New England Patriots @ Jacksonville Jaguars,2026-09-27T17:00:00Z
Trevor Lawrence,pass_cmps,16.0,-760,New England Patriots @ Jacksonville Jaguars,2026-09-27T17:00:00Z
Trevor Lawrence,pass_cmps,18.0,-292,New England Patriots @ Jacksonville Jaguars,2026-09-27T17:00:00Z
Trevor Lawrence,pass_cmps,20.0,-133,New England Patriots @ Jacksonville Jaguars,2026-09-27T17:00:00Z
Trevor Lawrence,pass_cmps,22.0,157,New England Patriots @ Jacksonville Jaguars,2026-09-27T17:00:00Z
Trevor Lawrence,pass_cmps,24.0,316,New England Patriots @ Jacksonville Jaguars,2026-09-27T17:00:00Z
Trevor Lawrence,pass_cmps,26.0,610,New England Patriots @ Jacksonville Jaguars,2026-09-27T17:00:00Z
Trevor Lawrence,pass_cmps,28.0,1140,New England Patriots @ Jacksonville Jaguars,2026-09-27T17:00:00Z
Drake Maye,pass_cmps,14.0,-2300,New England Patriots @ Jacksonville Jaguars,2026-09-27T17:00:00Z
Drake Maye,pass_cmps,16.0,-640,New England Patriots @ Jacksonville Jaguars,2026-09-27T17:00:00Z
Drake Maye,pass_cmps,18.0,-257,New England Patriots @ Jacksonville Jaguars,2026-09-27T17:00:00Z
Drake Maye,pass_cmps,20.0,-120,New England Patriots @ Jacksonville Jaguars,2026-09-27T17:00:00Z
Drake Maye,pass_cmps,22.0,169,New England Patriots @ Jacksonville Jaguars,2026-09-27T17:00:00Z
Drake Maye,pass_cmps,24.0,320,New England Patriots @ Jacksonville Jaguars,2026-09-27T17:00:00Z
Drake Maye,pass_cmps,26.0,610,New England Patriots @ Jacksonville Jaguars,2026-09-27T17:00:00Z
Drake Maye,pass_cmps,28.0,1200,New England Patriots @ Jacksonville Jaguars,2026-09-27T17:00:00Z
Trevor Lawrence,pass_yds,150.0,-1360,New England Patriots @ Jacksonville Jaguars,2026-09-27T17:00:00Z
Trevor Lawrence,pass_yds,160.0,-880,New England Patriots @ Jacksonville Jaguars,2026-09-27T17:00:00Z
Trevor Lawrence,pass_yds,170.0,-600,New England Patriots @ Jacksonville Jaguars,2026-09-27T17:00:00Z
Trevor Lawrence,pass_yds,180.0,-425,New England Patriots @ Jacksonville Jaguars,2026-09-27T17:00:00Z
Trevor Lawrence,pass_yds,190.0,-316,New England Patriots @ Jacksonville Jaguars,2026-09-27T17:00:00Z
Trevor Lawrence,pass_yds,200.0,-232,New England Patriots @ Jacksonville Jaguars,2026-09-27T17:00:00Z
Trevor Lawrence,pass_yds,210.0,-173,New England Patriots @ Jacksonville Jaguars,2026-09-27T17:00:00Z
Trevor Lawrence,pass_yds,220.0,-130,New England Patriots @ Jacksonville Jaguars,2026-09-27T17:00:00Z
Trevor Lawrence,pass_yds,225.0,-113,New England Patriots @ Jacksonville Jaguars,2026-09-27T17:00:00Z
Trevor Lawrence,pass_yds,230.0,102,New England Patriots @ Jacksonville Jaguars,2026-09-27T17:00:00Z
Trevor Lawrence,pass_yds,240.0,132,New England Patriots @ Jacksonville Jaguars,2026-09-27T17:00:00Z
Trevor Lawrence,pass_yds,250.0,172,New England Patriots @ Jacksonville Jaguars,2026-09-27T17:00:00Z
Trevor Lawrence,pass_yds,260.0,223,New England Patriots @ Jacksonville Jaguars,2026-09-27T17:00:00Z
Trevor Lawrence,pass_yds,270.0,287,New England Patriots @ Jacksonville Jaguars,2026-09-27T17:00:00Z
Trevor Lawrence,pass_yds,280.0,370,New England Patriots @ Jacksonville Jaguars,2026-09-27T17:00:00Z
Trevor Lawrence,pass_yds,290.0,470,New England Patriots @ Jacksonville Jaguars,2026-09-27T17:00:00Z
Trevor Lawrence,pass_yds,300.0,610,New England Patriots @ Jacksonville Jaguars,2026-09-27T17:00:00Z
Trevor Lawrence,pass_yds,310.0,780,New England Patriots @ Jacksonville Jaguars,2026-09-27T17:00:00Z
Trevor Lawrence,pass_yds,320.0,1000,New England Patriots @ Jacksonville Jaguars,2026-09-27T17:00:00Z
Trevor Lawrence,pass_yds,330.0,1300,New England Patriots @ Jacksonville Jaguars,2026-09-27T17:00:00Z
Trevor Lawrence,pass_yds,340.0,1680,New England Patriots @ Jacksonville Jaguars,2026-09-27T17:00:00Z
Trevor Lawrence,pass_yds,350.0,2100,New England Patriots @ Jacksonville Jaguars,2026-09-27T17:00:00Z
Trevor Lawrence,pass_yds,360.0,2700,New England Patriots @ Jacksonville Jaguars,2026-09-27T17:00:00Z
Trevor Lawrence,pass_yds,370.0,3300,New England Patriots @ Jacksonville Jaguars,2026-09-27T17:00:00Z
Drake Maye,pass_yds,150.0,-890,New England Patriots @ Jacksonville Jaguars,2026-09-27T17:00:00Z
Drake Maye,pass_yds,160.0,-593,New England Patriots @ Jacksonville Jaguars,2026-09-27T17:00:00Z
Drake Maye,pass_yds,170.0,-414,New England Patriots @ Jacksonville Jaguars,2026-09-27T17:00:00Z
Drake Maye,pass_yds,180.0,-301,New England Patriots @ Jacksonville Jaguars,2026-09-27T17:00:00Z
Drake Maye,pass_yds,190.0,-221,New England Patriots @ Jacksonville Jaguars,2026-09-27T17:00:00Z
Drake Maye,pass_yds,200.0,-164,New England Patriots @ Jacksonville Jaguars,2026-09-27T17:00:00Z
Drake Maye,pass_yds,210.0,-124,New England Patriots @ Jacksonville Jaguars,2026-09-27T17:00:00Z
Drake Maye,pass_yds,214.0,-112,New England Patriots @ Jacksonville Jaguars,2026-09-27T17:00:00Z
Drake Maye,pass_yds,220.0,105,New England Patriots @ Jacksonville Jaguars,2026-09-27T17:00:00Z
Drake Maye,pass_yds,230.0,136,New England Patriots @ Jacksonville Jaguars,2026-09-27T17:00:00Z
Drake Maye,pass_yds,240.0,177,New England Patriots @ Jacksonville Jaguars,2026-09-27T17:00:00Z
Drake Maye,pass_yds,250.0,230,New England Patriots @ Jacksonville Jaguars,2026-09-27T17:00:00Z
Drake Maye,pass_yds,260.0,300,New England Patriots @ Jacksonville Jaguars,2026-09-27T17:00:00Z
Drake Maye,pass_yds,270.0,390,New England Patriots @ Jacksonville Jaguars,2026-09-27T17:00:00Z
Drake Maye,pass_yds,280.0,512,New England Patriots @ Jacksonville Jaguars,2026-09-27T17:00:00Z
Drake Maye,pass_yds,290.0,660,New England Patriots @ Jacksonville Jaguars,2026-09-27T17:00:00Z
Drake Maye,pass_yds,300.0,870,New England Patriots @ Jacksonville Jaguars,2026-09-27T17:00:00Z
Drake Maye,pass_yds,310.0,1120,New England Patriots @ Jacksonville Jaguars,2026-09-27T17:00:00Z
Drake Maye,pass_yds,320.0,1460,New England Patriots @ Jacksonville Jaguars,2026-09-27T17:00:00Z
Drake Maye,pass_yds,330.0,1900,New England Patriots @ Jacksonville Jaguars,2026-09-27T17:00:00Z
Drake Maye,pass_yds,340.0,2400,New England Patriots @ Jacksonville Jaguars,2026-09-27T17:00:00Z
Drake Maye,pass_yds,350.0,3000,New England Patriots @ Jacksonville Jaguars,2026-09-27T17:00:00Z
Drake Maye,pass_yds,360.0,3700,New England Patriots @ Jacksonville Jaguars,2026-09-27T17:00:00Z
Parker Washington,rec_yds,15.0,-2800,New England Patriots @ Jacksonville Jaguars,2026-09-27T17:00:00Z
Parker Washington,rec_yds,25.0,-940,New England Patriots @ Jacksonville Jaguars,2026-09-27T17:00:00Z
Parker Washington,rec_yds,40.0,-331,New England Patriots @ Jacksonville Jaguars,2026-09-27T17:00:00Z
Parker Washington,rec_yds,50.0,-195,New England Patriots @ Jacksonville Jaguars,2026-09-27T17:00:00Z
Parker Washington,rec_yds,60.0,-125,New England Patriots @ Jacksonville Jaguars,2026-09-27T17:00:00Z
Parker Washington,rec_yds,63.0,-111,New England Patriots @ Jacksonville Jaguars,2026-09-27T17:00:00Z
Parker Washington,rec_yds,70.0,121,New England Patriots @ Jacksonville Jaguars,2026-09-27T17:00:00Z
Parker Washington,rec_yds,80.0,179,New England Patriots @ Jacksonville Jaguars,2026-09-27T17:00:00Z
Parker Washington,rec_yds,90.0,258,New England Patriots @ Jacksonville Jaguars,2026-09-27T17:00:00Z
Parker Washington,rec_yds,100.0,378,New England Patriots @ Jacksonville Jaguars,2026-09-27T17:00:00Z
Parker Washington,rec_yds,110.0,542,New England Patriots @ Jacksonville Jaguars,2026-09-27T17:00:00Z
Parker Washington,rec_yds,120.0,770,New England Patriots @ Jacksonville Jaguars,2026-09-27T17:00:00Z
Parker Washington,rec_yds,130.0,1100,New England Patriots @ Jacksonville Jaguars,2026-09-27T17:00:00Z
Parker Washington,rec_yds,140.0,1520,New England Patriots @ Jacksonville Jaguars,2026-09-27T17:00:00Z
Parker Washington,rec_yds,150.0,2100,New England Patriots @ Jacksonville Jaguars,2026-09-27T17:00:00Z
Parker Washington,rec_yds,160.0,2800,New England Patriots @ Jacksonville Jaguars,2026-09-27T17:00:00Z
Parker Washington,rec_yds,170.0,3600,New England Patriots @ Jacksonville Jaguars,2026-09-27T17:00:00Z
Romeo Doubs,rec_yds,15.0,-760,New England Patriots @ Jacksonville Jaguars,2026-09-27T17:00:00Z
Romeo Doubs,rec_yds,25.0,-316,New England Patriots @ Jacksonville Jaguars,2026-09-27T17:00:00Z
Romeo Doubs,rec_yds,40.0,-130,New England Patriots @ Jacksonville Jaguars,2026-09-27T17:00:00Z
Romeo Doubs,rec_yds,43.0,-110,New England Patriots @ Jacksonville Jaguars,2026-09-27T17:00:00Z
Romeo Doubs,rec_yds,50.0,125,New England Patriots @ Jacksonville Jaguars,2026-09-27T17:00:00Z
Romeo Doubs,rec_yds,60.0,199,New England Patriots @ Jacksonville Jaguars,2026-09-27T17:00:00Z
Romeo Doubs,rec_yds,70.0,306,New England Patriots @ Jacksonville Jaguars,2026-09-27T17:00:00Z
Romeo Doubs,rec_yds,80.0,468,New England Patriots @ Jacksonville Jaguars,2026-09-27T17:00:00Z
Romeo Doubs,rec_yds,90.0,690,New England Patriots @ Jacksonville Jaguars,2026-09-27T17:00:00Z
Romeo Doubs,rec_yds,100.0,1040,New England Patriots @ Jacksonville Jaguars,2026-09-27T17:00:00Z
Romeo Doubs,rec_yds,110.0,1500,New England Patriots @ Jacksonville Jaguars,2026-09-27T17:00:00Z
Romeo Doubs,rec_yds,120.0,2200,New England Patriots @ Jacksonville Jaguars,2026-09-27T17:00:00Z
Romeo Doubs,rec_yds,130.0,3000,New England Patriots @ Jacksonville Jaguars,2026-09-27T17:00:00Z
Romeo Doubs,rec_yds,140.0,3900,New England Patriots @ Jacksonville Jaguars,2026-09-27T17:00:00Z
Brian Thomas Jr,rec_yds,15.0,-560,New England Patriots @ Jacksonville Jaguars,2026-09-27T17:00:00Z
Brian Thomas Jr,rec_yds,25.0,-253,New England Patriots @ Jacksonville Jaguars,2026-09-27T17:00:00Z
Brian Thomas Jr,rec_yds,39.0,-114,New England Patriots @ Jacksonville Jaguars,2026-09-27T17:00:00Z
Brian Thomas Jr,rec_yds,40.0,-109,New England Patriots @ Jacksonville Jaguars,2026-09-27T17:00:00Z
Brian Thomas Jr,rec_yds,50.0,150,New England Patriots @ Jacksonville Jaguars,2026-09-27T17:00:00Z
Brian Thomas Jr,rec_yds,60.0,236,New England Patriots @ Jacksonville Jaguars,2026-09-27T17:00:00Z
Brian Thomas Jr,rec_yds,70.0,362,New England Patriots @ Jacksonville Jaguars,2026-09-27T17:00:00Z
Brian Thomas Jr,rec_yds,80.0,550,New England Patriots @ Jacksonville Jaguars,2026-09-27T17:00:00Z
Brian Thomas Jr,rec_yds,90.0,810,New England Patriots @ Jacksonville Jaguars,2026-09-27T17:00:00Z
Brian Thomas Jr,rec_yds,100.0,1240,New England Patriots @ Jacksonville Jaguars,2026-09-27T17:00:00Z
Brian Thomas Jr,rec_yds,110.0,1760,New England Patriots @ Jacksonville Jaguars,2026-09-27T17:00:00Z
Brian Thomas Jr,rec_yds,120.0,2500,New England Patriots @ Jacksonville Jaguars,2026-09-27T17:00:00Z
Brian Thomas Jr,rec_yds,130.0,3400,New England Patriots @ Jacksonville Jaguars,2026-09-27T17:00:00Z
Hunter Henry,rec_yds,15.0,-880,New England Patriots @ Jacksonville Jaguars,2026-09-27T17:00:00Z
Hunter Henry,rec_yds,25.0,-344,New England Patriots @ Jacksonville Jaguars,2026-09-27T17:00:00Z
Hunter Henry,rec_yds,40.0,-130,New England Patriots @ Jacksonville Jaguars,2026-09-27T17:00:00Z
Hunter Henry,rec_yds,43.0,-110,New England Patriots @ Jacksonville Jaguars,2026-09-27T17:00:00Z
Hunter Henry,rec_yds,50.0,132,New England Patriots @ Jacksonville Jaguars,2026-09-27T17:00:00Z
Hunter Henry,rec_yds,60.0,215,New England Patriots @ Jacksonville Jaguars,2026-09-27T17:00:00Z
Hunter Henry,rec_yds,70.0,337,New England Patriots @ Jacksonville Jaguars,2026-09-27T17:00:00Z
Hunter Henry,rec_yds,80.0,538,New England Patriots @ Jacksonville Jaguars,2026-09-27T17:00:00Z
Hunter Henry,rec_yds,90.0,830,New England Patriots @ Jacksonville Jaguars,2026-09-27T17:00:00Z
Hunter Henry,rec_yds,100.0,1240,New England Patriots @ Jacksonville Jaguars,2026-09-27T17:00:00Z
Hunter Henry,rec_yds,110.0,1840,New England Patriots @ Jacksonville Jaguars,2026-09-27T17:00:00Z
Hunter Henry,rec_yds,120.0,2600,New England Patriots @ Jacksonville Jaguars,2026-09-27T17:00:00Z
Hunter Henry,rec_yds,130.0,3600,New England Patriots @ Jacksonville Jaguars,2026-09-27T17:00:00Z
Jakobi Meyers,rec_yds,15.0,-488,New England Patriots @ Jacksonville Jaguars,2026-09-27T17:00:00Z
Jakobi Meyers,rec_yds,25.0,-212,New England Patriots @ Jacksonville Jaguars,2026-09-27T17:00:00Z
Jakobi Meyers,rec_yds,35.0,-114,New England Patriots @ Jacksonville Jaguars,2026-09-27T17:00:00Z
Jakobi Meyers,rec_yds,40.0,116,New England Patriots @ Jacksonville Jaguars,2026-09-27T17:00:00Z
Jakobi Meyers,rec_yds,50.0,196,New England Patriots @ Jacksonville Jaguars,2026-09-27T17:00:00Z
Jakobi Meyers,rec_yds,60.0,314,New England Patriots @ Jacksonville Jaguars,2026-09-27T17:00:00Z
Jakobi Meyers,rec_yds,70.0,491,New England Patriots @ Jacksonville Jaguars,2026-09-27T17:00:00Z
Jakobi Meyers,rec_yds,80.0,750,New England Patriots @ Jacksonville Jaguars,2026-09-27T17:00:00Z
Jakobi Meyers,rec_yds,90.0,1140,New England Patriots @ Jacksonville Jaguars,2026-09-27T17:00:00Z
Jakobi Meyers,rec_yds,100.0,1720,New England Patriots @ Jacksonville Jaguars,2026-09-27T17:00:00Z
Jakobi Meyers,rec_yds,110.0,2500,New England Patriots @ Jacksonville Jaguars,2026-09-27T17:00:00Z
Jakobi Meyers,rec_yds,120.0,3500,New England Patriots @ Jacksonville Jaguars,2026-09-27T17:00:00Z
Mack Hollins,rec_yds,15.0,-447,New England Patriots @ Jacksonville Jaguars,2026-09-27T17:00:00Z
Mack Hollins,rec_yds,25.0,-193,New England Patriots @ Jacksonville Jaguars,2026-09-27T17:00:00Z
Mack Hollins,rec_yds,34.0,-110,New England Patriots @ Jacksonville Jaguars,2026-09-27T17:00:00Z
Mack Hollins,rec_yds,40.0,128,New England Patriots @ Jacksonville Jaguars,2026-09-27T17:00:00Z
Mack Hollins,rec_yds,50.0,215,New England Patriots @ Jacksonville Jaguars,2026-09-27T17:00:00Z
Mack Hollins,rec_yds,60.0,357,New England Patriots @ Jacksonville Jaguars,2026-09-27T17:00:00Z
Mack Hollins,rec_yds,70.0,564,New England Patriots @ Jacksonville Jaguars,2026-09-27T17:00:00Z
Mack Hollins,rec_yds,80.0,860,New England Patriots @ Jacksonville Jaguars,2026-09-27T17:00:00Z
Mack Hollins,rec_yds,90.0,1320,New England Patriots @ Jacksonville Jaguars,2026-09-27T17:00:00Z
Mack Hollins,rec_yds,100.0,1960,New England Patriots @ Jacksonville Jaguars,2026-09-27T17:00:00Z
Mack Hollins,rec_yds,110.0,2800,New England Patriots @ Jacksonville Jaguars,2026-09-27T17:00:00Z
Mack Hollins,rec_yds,120.0,4000,New England Patriots @ Jacksonville Jaguars,2026-09-27T17:00:00Z
Brenton Strange,rec_yds,15.0,-314,New England Patriots @ Jacksonville Jaguars,2026-09-27T17:00:00Z
Brenton Strange,rec_yds,25.0,-142,New England Patriots @ Jacksonville Jaguars,2026-09-27T17:00:00Z
Brenton Strange,rec_yds,29.0,-109,New England Patriots @ Jacksonville Jaguars,2026-09-27T17:00:00Z
Brenton Strange,rec_yds,40.0,176,New England Patriots @ Jacksonville Jaguars,2026-09-27T17:00:00Z
Brenton Strange,rec_yds,50.0,297,New England Patriots @ Jacksonville Jaguars,2026-09-27T17:00:00Z
Brenton Strange,rec_yds,60.0,487,New England Patriots @ Jacksonville Jaguars,2026-09-27T17:00:00Z
Brenton Strange,rec_yds,70.0,760,New England Patriots @ Jacksonville Jaguars,2026-09-27T17:00:00Z
Brenton Strange,rec_yds,80.0,1200,New England Patriots @ Jacksonville Jaguars,2026-09-27T17:00:00Z
Brenton Strange,rec_yds,90.0,1780,New England Patriots @ Jacksonville Jaguars,2026-09-27T17:00:00Z
Brenton Strange,rec_yds,100.0,2600,New England Patriots @ Jacksonville Jaguars,2026-09-27T17:00:00Z
Brenton Strange,rec_yds,110.0,3600,New England Patriots @ Jacksonville Jaguars,2026-09-27T17:00:00Z
DeMario Douglas,rec_yds,15.0,-360,New England Patriots @ Jacksonville Jaguars,2026-09-27T17:00:00Z
DeMario Douglas,rec_yds,25.0,-157,New England Patriots @ Jacksonville Jaguars,2026-09-27T17:00:00Z
DeMario Douglas,rec_yds,30.0,-111,New England Patriots @ Jacksonville Jaguars,2026-09-27T17:00:00Z
DeMario Douglas,rec_yds,40.0,165,New England Patriots @ Jacksonville Jaguars,2026-09-27T17:00:00Z
DeMario Douglas,rec_yds,50.0,290,New England Patriots @ Jacksonville Jaguars,2026-09-27T17:00:00Z
DeMario Douglas,rec_yds,60.0,485,New England Patriots @ Jacksonville Jaguars,2026-09-27T17:00:00Z
DeMario Douglas,rec_yds,70.0,780,New England Patriots @ Jacksonville Jaguars,2026-09-27T17:00:00Z
DeMario Douglas,rec_yds,80.0,1260,New England Patriots @ Jacksonville Jaguars,2026-09-27T17:00:00Z
DeMario Douglas,rec_yds,90.0,1940,New England Patriots @ Jacksonville Jaguars,2026-09-27T17:00:00Z
DeMario Douglas,rec_yds,100.0,2800,New England Patriots @ Jacksonville Jaguars,2026-09-27T17:00:00Z
DeMario Douglas,rec_yds,110.0,3800,New England Patriots @ Jacksonville Jaguars,2026-09-27T17:00:00Z
Rhamondre Stevenson,rec_yds,14.0,-112,New England Patriots @ Jacksonville Jaguars,2026-09-27T17:00:00Z
Rhamondre Stevenson,rec_yds,15.0,101,New England Patriots @ Jacksonville Jaguars,2026-09-27T17:00:00Z
Rhamondre Stevenson,rec_yds,25.0,263,New England Patriots @ Jacksonville Jaguars,2026-09-27T17:00:00Z
Rhamondre Stevenson,rec_yds,40.0,830,New England Patriots @ Jacksonville Jaguars,2026-09-27T17:00:00Z
Rhamondre Stevenson,rec_yds,50.0,1520,New England Patriots @ Jacksonville Jaguars,2026-09-27T17:00:00Z
Rhamondre Stevenson,rec_yds,60.0,2500,New England Patriots @ Jacksonville Jaguars,2026-09-27T17:00:00Z
Rhamondre Stevenson,rec_yds,70.0,3600,New England Patriots @ Jacksonville Jaguars,2026-09-27T17:00:00Z
Bhayshul Tuten,rec_yds,10.0,-108,New England Patriots @ Jacksonville Jaguars,2026-09-27T17:00:00Z
Bhayshul Tuten,rec_yds,15.0,159,New England Patriots @ Jacksonville Jaguars,2026-09-27T17:00:00Z
Bhayshul Tuten,rec_yds,25.0,376,New England Patriots @ Jacksonville Jaguars,2026-09-27T17:00:00Z
Bhayshul Tuten,rec_yds,40.0,1120,New England Patriots @ Jacksonville Jaguars,2026-09-27T17:00:00Z
Bhayshul Tuten,rec_yds,50.0,1840,New England Patriots @ Jacksonville Jaguars,2026-09-27T17:00:00Z
Bhayshul Tuten,rec_yds,60.0,3100,New England Patriots @ Jacksonville Jaguars,2026-09-27T17:00:00Z
TreVeyon Henderson,rec_yds,9.0,-112,New England Patriots @ Jacksonville Jaguars,2026-09-27T17:00:00Z
TreVeyon Henderson,rec_yds,15.0,172,New England Patriots @ Jacksonville Jaguars,2026-09-27T17:00:00Z
TreVeyon Henderson,rec_yds,25.0,411,New England Patriots @ Jacksonville Jaguars,2026-09-27T17:00:00Z
TreVeyon Henderson,rec_yds,40.0,1200,New England Patriots @ Jacksonville Jaguars,2026-09-27T17:00:00Z
TreVeyon Henderson,rec_yds,50.0,2100,New England Patriots @ Jacksonville Jaguars,2026-09-27T17:00:00Z
TreVeyon Henderson,rec_yds,60.0,3200,New England Patriots @ Jacksonville Jaguars,2026-09-27T17:00:00Z
Parker Washington,receptions,3.0,-930,New England Patriots @ Jacksonville Jaguars,2026-09-27T17:00:00Z
Parker Washington,receptions,4.0,-330,New England Patriots @ Jacksonville Jaguars,2026-09-27T17:00:00Z
Parker Washington,receptions,5.0,-146,New England Patriots @ Jacksonville Jaguars,2026-09-27T17:00:00Z
Parker Washington,receptions,6.0,139,New England Patriots @ Jacksonville Jaguars,2026-09-27T17:00:00Z
Parker Washington,receptions,7.0,270,New England Patriots @ Jacksonville Jaguars,2026-09-27T17:00:00Z
Parker Washington,receptions,8.0,519,New England Patriots @ Jacksonville Jaguars,2026-09-27T17:00:00Z
Parker Washington,receptions,9.0,960,New England Patriots @ Jacksonville Jaguars,2026-09-27T17:00:00Z
Parker Washington,receptions,10.0,1680,New England Patriots @ Jacksonville Jaguars,2026-09-27T17:00:00Z
Parker Washington,receptions,11.0,2600,New England Patriots @ Jacksonville Jaguars,2026-09-27T17:00:00Z
Hunter Henry,receptions,2.0,-1400,New England Patriots @ Jacksonville Jaguars,2026-09-27T17:00:00Z
Hunter Henry,receptions,3.0,-372,New England Patriots @ Jacksonville Jaguars,2026-09-27T17:00:00Z
Hunter Henry,receptions,4.0,-144,New England Patriots @ Jacksonville Jaguars,2026-09-27T17:00:00Z
Hunter Henry,receptions,5.0,155,New England Patriots @ Jacksonville Jaguars,2026-09-27T17:00:00Z
Hunter Henry,receptions,6.0,322,New England Patriots @ Jacksonville Jaguars,2026-09-27T17:00:00Z
Hunter Henry,receptions,7.0,650,New England Patriots @ Jacksonville Jaguars,2026-09-27T17:00:00Z
Hunter Henry,receptions,8.0,1240,New England Patriots @ Jacksonville Jaguars,2026-09-27T17:00:00Z
Hunter Henry,receptions,9.0,2200,New England Patriots @ Jacksonville Jaguars,2026-09-27T17:00:00Z
Jakobi Meyers,receptions,2.0,-860,New England Patriots @ Jacksonville Jaguars,2026-09-27T17:00:00Z
Jakobi Meyers,receptions,3.0,-243,New England Patriots @ Jacksonville Jaguars,2026-09-27T17:00:00Z
Jakobi Meyers,receptions,4.0,-101,New England Patriots @ Jacksonville Jaguars,2026-09-27T17:00:00Z
Jakobi Meyers,receptions,5.0,220,New England Patriots @ Jacksonville Jaguars,2026-09-27T17:00:00Z
Jakobi Meyers,receptions,6.0,472,New England Patriots @ Jacksonville Jaguars,2026-09-27T17:00:00Z
Jakobi Meyers,receptions,7.0,980,New England Patriots @ Jacksonville Jaguars,2026-09-27T17:00:00Z
Jakobi Meyers,receptions,8.0,1800,New England Patriots @ Jacksonville Jaguars,2026-09-27T17:00:00Z
Jakobi Meyers,receptions,9.0,2900,New England Patriots @ Jacksonville Jaguars,2026-09-27T17:00:00Z
Romeo Doubs,receptions,2.0,-640,New England Patriots @ Jacksonville Jaguars,2026-09-27T17:00:00Z
Romeo Doubs,receptions,3.0,-197,New England Patriots @ Jacksonville Jaguars,2026-09-27T17:00:00Z
Romeo Doubs,receptions,4.0,124,New England Patriots @ Jacksonville Jaguars,2026-09-27T17:00:00Z
Romeo Doubs,receptions,5.0,278,New England Patriots @ Jacksonville Jaguars,2026-09-27T17:00:00Z
Romeo Doubs,receptions,6.0,620,New England Patriots @ Jacksonville Jaguars,2026-09-27T17:00:00Z
Romeo Doubs,receptions,7.0,1240,New England Patriots @ Jacksonville Jaguars,2026-09-27T17:00:00Z
Romeo Doubs,receptions,8.0,2200,New England Patriots @ Jacksonville Jaguars,2026-09-27T17:00:00Z
Brenton Strange,receptions,2.0,-569,New England Patriots @ Jacksonville Jaguars,2026-09-27T17:00:00Z
Brenton Strange,receptions,3.0,-183,New England Patriots @ Jacksonville Jaguars,2026-09-27T17:00:00Z
Brenton Strange,receptions,4.0,136,New England Patriots @ Jacksonville Jaguars,2026-09-27T17:00:00Z
Brenton Strange,receptions,5.0,299,New England Patriots @ Jacksonville Jaguars,2026-09-27T17:00:00Z
Brenton Strange,receptions,6.0,630,New England Patriots @ Jacksonville Jaguars,2026-09-27T17:00:00Z
Brenton Strange,receptions,7.0,1300,New England Patriots @ Jacksonville Jaguars,2026-09-27T17:00:00Z
Brenton Strange,receptions,8.0,2400,New England Patriots @ Jacksonville Jaguars,2026-09-27T17:00:00Z
Brian Thomas Jr,receptions,2.0,-541,New England Patriots @ Jacksonville Jaguars,2026-09-27T17:00:00Z
Brian Thomas Jr,receptions,3.0,-172,New England Patriots @ Jacksonville Jaguars,2026-09-27T17:00:00Z
Brian Thomas Jr,receptions,4.0,146,New England Patriots @ Jacksonville Jaguars,2026-09-27T17:00:00Z
Brian Thomas Jr,receptions,5.0,339,New England Patriots @ Jacksonville Jaguars,2026-09-27T17:00:00Z
Brian Thomas Jr,receptions,6.0,730,New England Patriots @ Jacksonville Jaguars,2026-09-27T17:00:00Z
Brian Thomas Jr,receptions,7.0,1460,New England Patriots @ Jacksonville Jaguars,2026-09-27T17:00:00Z
Brian Thomas Jr,receptions,8.0,2500,New England Patriots @ Jacksonville Jaguars,2026-09-27T17:00:00Z
DeMario Douglas,receptions,2.0,-541,New England Patriots @ Jacksonville Jaguars,2026-09-27T17:00:00Z
DeMario Douglas,receptions,3.0,-175,New England Patriots @ Jacksonville Jaguars,2026-09-27T17:00:00Z
DeMario Douglas,receptions,4.0,142,New England Patriots @ Jacksonville Jaguars,2026-09-27T17:00:00Z
DeMario Douglas,receptions,5.0,309,New England Patriots @ Jacksonville Jaguars,2026-09-27T17:00:00Z
DeMario Douglas,receptions,6.0,660,New England Patriots @ Jacksonville Jaguars,2026-09-27T17:00:00Z
DeMario Douglas,receptions,7.0,1360,New England Patriots @ Jacksonville Jaguars,2026-09-27T17:00:00Z
DeMario Douglas,receptions,8.0,2500,New England Patriots @ Jacksonville Jaguars,2026-09-27T17:00:00Z
Mack Hollins,receptions,2.0,-521,New England Patriots @ Jacksonville Jaguars,2026-09-27T17:00:00Z
Mack Hollins,receptions,3.0,-166,New England Patriots @ Jacksonville Jaguars,2026-09-27T17:00:00Z
Mack Hollins,receptions,4.0,148,New England Patriots @ Jacksonville Jaguars,2026-09-27T17:00:00Z
Mack Hollins,receptions,5.0,337,New England Patriots @ Jacksonville Jaguars,2026-09-27T17:00:00Z
Mack Hollins,receptions,6.0,730,New England Patriots @ Jacksonville Jaguars,2026-09-27T17:00:00Z
Mack Hollins,receptions,7.0,1440,New England Patriots @ Jacksonville Jaguars,2026-09-27T17:00:00Z
Mack Hollins,receptions,8.0,2600,New England Patriots @ Jacksonville Jaguars,2026-09-27T17:00:00Z
Rhamondre Stevenson,receptions,2.0,-276,New England Patriots @ Jacksonville Jaguars,2026-09-27T17:00:00Z
Rhamondre Stevenson,receptions,3.0,108,New England Patriots @ Jacksonville Jaguars,2026-09-27T17:00:00Z
Rhamondre Stevenson,receptions,4.0,266,New England Patriots @ Jacksonville Jaguars,2026-09-27T17:00:00Z
Rhamondre Stevenson,receptions,5.0,630,New England Patriots @ Jacksonville Jaguars,2026-09-27T17:00:00Z
Rhamondre Stevenson,receptions,6.0,1360,New England Patriots @ Jacksonville Jaguars,2026-09-27T17:00:00Z
Rhamondre Stevenson,receptions,7.0,2500,New England Patriots @ Jacksonville Jaguars,2026-09-27T17:00:00Z
Bhayshul Tuten,receptions,2.0,-117,New England Patriots @ Jacksonville Jaguars,2026-09-27T17:00:00Z
Bhayshul Tuten,receptions,3.0,259,New England Patriots @ Jacksonville Jaguars,2026-09-27T17:00:00Z
Bhayshul Tuten,receptions,4.0,690,New England Patriots @ Jacksonville Jaguars,2026-09-27T17:00:00Z
Bhayshul Tuten,receptions,5.0,1660,New England Patriots @ Jacksonville Jaguars,2026-09-27T17:00:00Z
TreVeyon Henderson,receptions,2.0,-110,New England Patriots @ Jacksonville Jaguars,2026-09-27T17:00:00Z
TreVeyon Henderson,receptions,3.0,276,New England Patriots @ Jacksonville Jaguars,2026-09-27T17:00:00Z
TreVeyon Henderson,receptions,4.0,750,New England Patriots @ Jacksonville Jaguars,2026-09-27T17:00:00Z
TreVeyon Henderson,receptions,5.0,1780,New England Patriots @ Jacksonville Jaguars,2026-09-27T17:00:00Z
Bhayshul Tuten,rush_att,8.0,-1840,New England Patriots @ Jacksonville Jaguars,2026-09-27T17:00:00Z
Bhayshul Tuten,rush_att,10.0,-544,New England Patriots @ Jacksonville Jaguars,2026-09-27T17:00:00Z
Bhayshul Tuten,rush_att,12.0,-218,New England Patriots @ Jacksonville Jaguars,2026-09-27T17:00:00Z
Bhayshul Tuten,rush_att,14.0,100,New England Patriots @ Jacksonville Jaguars,2026-09-27T17:00:00Z
Bhayshul Tuten,rush_att,16.0,215,New England Patriots @ Jacksonville Jaguars,2026-09-27T17:00:00Z
Bhayshul Tuten,rush_att,18.0,459,New England Patriots @ Jacksonville Jaguars,2026-09-27T17:00:00Z
Bhayshul Tuten,rush_att,20.0,940,New England Patriots @ Jacksonville Jaguars,2026-09-27T17:00:00Z
TreVeyon Henderson,rush_att,6.0,-1260,New England Patriots @ Jacksonville Jaguars,2026-09-27T17:00:00Z
TreVeyon Henderson,rush_att,8.0,-323,New England Patriots @ Jacksonville Jaguars,2026-09-27T17:00:00Z
TreVeyon Henderson,rush_att,10.0,-120,New England Patriots @ Jacksonville Jaguars,2026-09-27T17:00:00Z
TreVeyon Henderson,rush_att,12.0,192,New England Patriots @ Jacksonville Jaguars,2026-09-27T17:00:00Z
TreVeyon Henderson,rush_att,14.0,437,New England Patriots @ Jacksonville Jaguars,2026-09-27T17:00:00Z
TreVeyon Henderson,rush_att,16.0,980,New England Patriots @ Jacksonville Jaguars,2026-09-27T17:00:00Z
Rhamondre Stevenson,rush_att,6.0,-660,New England Patriots @ Jacksonville Jaguars,2026-09-27T17:00:00Z
Rhamondre Stevenson,rush_att,8.0,-202,New England Patriots @ Jacksonville Jaguars,2026-09-27T17:00:00Z
Rhamondre Stevenson,rush_att,9.0,-126,New England Patriots @ Jacksonville Jaguars,2026-09-27T17:00:00Z
Rhamondre Stevenson,rush_att,10.0,124,New England Patriots @ Jacksonville Jaguars,2026-09-27T17:00:00Z
Rhamondre Stevenson,rush_att,12.0,282,New England Patriots @ Jacksonville Jaguars,2026-09-27T17:00:00Z
Rhamondre Stevenson,rush_att,14.0,640,New England Patriots @ Jacksonville Jaguars,2026-09-27T17:00:00Z
Rhamondre Stevenson,rush_att,16.0,1400,New England Patriots @ Jacksonville Jaguars,2026-09-27T17:00:00Z
Drake Maye,rush_att,4.0,-593,New England Patriots @ Jacksonville Jaguars,2026-09-27T17:00:00Z
Drake Maye,rush_att,6.0,-133,New England Patriots @ Jacksonville Jaguars,2026-09-27T17:00:00Z
Drake Maye,rush_att,8.0,238,New England Patriots @ Jacksonville Jaguars,2026-09-27T17:00:00Z
Drake Maye,rush_att,10.0,720,New England Patriots @ Jacksonville Jaguars,2026-09-27T17:00:00Z
Bhayshul Tuten,rush_yds,20.0,-2100,New England Patriots @ Jacksonville Jaguars,2026-09-27T17:00:00Z
Bhayshul Tuten,rush_yds,25.0,-1020,New England Patriots @ Jacksonville Jaguars,2026-09-27T17:00:00Z
Bhayshul Tuten,rush_yds,30.0,-610,New England Patriots @ Jacksonville Jaguars,2026-09-27T17:00:00Z
Bhayshul Tuten,rush_yds,40.0,-266,New England Patriots @ Jacksonville Jaguars,2026-09-27T17:00:00Z
Bhayshul Tuten,rush_yds,50.0,-137,New England Patriots @ Jacksonville Jaguars,2026-09-27T17:00:00Z
Bhayshul Tuten,rush_yds,53.0,-115,New England Patriots @ Jacksonville Jaguars,2026-09-27T17:00:00Z
Bhayshul Tuten,rush_yds,60.0,127,New England Patriots @ Jacksonville Jaguars,2026-09-27T17:00:00Z
Bhayshul Tuten,rush_yds,70.0,210,New England Patriots @ Jacksonville Jaguars,2026-09-27T17:00:00Z
Bhayshul Tuten,rush_yds,80.0,332,New England Patriots @ Jacksonville Jaguars,2026-09-27T17:00:00Z
Bhayshul Tuten,rush_yds,90.0,530,New England Patriots @ Jacksonville Jaguars,2026-09-27T17:00:00Z
Bhayshul Tuten,rush_yds,100.0,810,New England Patriots @ Jacksonville Jaguars,2026-09-27T17:00:00Z
Bhayshul Tuten,rush_yds,110.0,1200,New England Patriots @ Jacksonville Jaguars,2026-09-27T17:00:00Z
Bhayshul Tuten,rush_yds,120.0,1800,New England Patriots @ Jacksonville Jaguars,2026-09-27T17:00:00Z
Bhayshul Tuten,rush_yds,130.0,2500,New England Patriots @ Jacksonville Jaguars,2026-09-27T17:00:00Z
Bhayshul Tuten,rush_yds,140.0,3400,New England Patriots @ Jacksonville Jaguars,2026-09-27T17:00:00Z
TreVeyon Henderson,rush_yds,15.0,-1640,New England Patriots @ Jacksonville Jaguars,2026-09-27T17:00:00Z
TreVeyon Henderson,rush_yds,20.0,-790,New England Patriots @ Jacksonville Jaguars,2026-09-27T17:00:00Z
TreVeyon Henderson,rush_yds,25.0,-444,New England Patriots @ Jacksonville Jaguars,2026-09-27T17:00:00Z
TreVeyon Henderson,rush_yds,30.0,-277,New England Patriots @ Jacksonville Jaguars,2026-09-27T17:00:00Z
TreVeyon Henderson,rush_yds,40.0,-130,New England Patriots @ Jacksonville Jaguars,2026-09-27T17:00:00Z
TreVeyon Henderson,rush_yds,42.0,-113,New England Patriots @ Jacksonville Jaguars,2026-09-27T17:00:00Z
TreVeyon Henderson,rush_yds,50.0,143,New England Patriots @ Jacksonville Jaguars,2026-09-27T17:00:00Z
TreVeyon Henderson,rush_yds,60.0,251,New England Patriots @ Jacksonville Jaguars,2026-09-27T17:00:00Z
TreVeyon Henderson,rush_yds,70.0,412,New England Patriots @ Jacksonville Jaguars,2026-09-27T17:00:00Z
TreVeyon Henderson,rush_yds,80.0,650,New England Patriots @ Jacksonville Jaguars,2026-09-27T17:00:00Z
TreVeyon Henderson,rush_yds,90.0,1020,New England Patriots @ Jacksonville Jaguars,2026-09-27T17:00:00Z
TreVeyon Henderson,rush_yds,100.0,1580,New England Patriots @ Jacksonville Jaguars,2026-09-27T17:00:00Z
TreVeyon Henderson,rush_yds,110.0,2200,New England Patriots @ Jacksonville Jaguars,2026-09-27T17:00:00Z
TreVeyon Henderson,rush_yds,120.0,3100,New England Patriots @ Jacksonville Jaguars,2026-09-27T17:00:00Z
Rhamondre Stevenson,rush_yds,10.0,-2700,New England Patriots @ Jacksonville Jaguars,2026-09-27T17:00:00Z
Rhamondre Stevenson,rush_yds,15.0,-1100,New England Patriots @ Jacksonville Jaguars,2026-09-27T17:00:00Z
Rhamondre Stevenson,rush_yds,20.0,-564,New England Patriots @ Jacksonville Jaguars,2026-09-27T17:00:00Z
Rhamondre Stevenson,rush_yds,25.0,-330,New England Patriots @ Jacksonville Jaguars,2026-09-27T17:00:00Z
Rhamondre Stevenson,rush_yds,30.0,-212,New England Patriots @ Jacksonville Jaguars,2026-09-27T17:00:00Z
Rhamondre Stevenson,rush_yds,39.0,-109,New England Patriots @ Jacksonville Jaguars,2026-09-27T17:00:00Z
Rhamondre Stevenson,rush_yds,40.0,-102,New England Patriots @ Jacksonville Jaguars,2026-09-27T17:00:00Z
Rhamondre Stevenson,rush_yds,50.0,180,New England Patriots @ Jacksonville Jaguars,2026-09-27T17:00:00Z
Rhamondre Stevenson,rush_yds,60.0,310,New England Patriots @ Jacksonville Jaguars,2026-09-27T17:00:00Z
Rhamondre Stevenson,rush_yds,70.0,506,New England Patriots @ Jacksonville Jaguars,2026-09-27T17:00:00Z
Rhamondre Stevenson,rush_yds,80.0,810,New England Patriots @ Jacksonville Jaguars,2026-09-27T17:00:00Z
Rhamondre Stevenson,rush_yds,90.0,1220,New England Patriots @ Jacksonville Jaguars,2026-09-27T17:00:00Z
Rhamondre Stevenson,rush_yds,100.0,1860,New England Patriots @ Jacksonville Jaguars,2026-09-27T17:00:00Z
Rhamondre Stevenson,rush_yds,110.0,2800,New England Patriots @ Jacksonville Jaguars,2026-09-27T17:00:00Z
Rhamondre Stevenson,rush_yds,120.0,3800,New England Patriots @ Jacksonville Jaguars,2026-09-27T17:00:00Z
Drake Maye,rush_yds,10.0,-620,New England Patriots @ Jacksonville Jaguars,2026-09-27T17:00:00Z
Drake Maye,rush_yds,15.0,-319,New England Patriots @ Jacksonville Jaguars,2026-09-27T17:00:00Z
Drake Maye,rush_yds,20.0,-193,New England Patriots @ Jacksonville Jaguars,2026-09-27T17:00:00Z
Drake Maye,rush_yds,25.0,-126,New England Patriots @ Jacksonville Jaguars,2026-09-27T17:00:00Z
Drake Maye,rush_yds,26.0,-116,New England Patriots @ Jacksonville Jaguars,2026-09-27T17:00:00Z
Drake Maye,rush_yds,30.0,117,New England Patriots @ Jacksonville Jaguars,2026-09-27T17:00:00Z
Drake Maye,rush_yds,40.0,236,New England Patriots @ Jacksonville Jaguars,2026-09-27T17:00:00Z
Drake Maye,rush_yds,50.0,440,New England Patriots @ Jacksonville Jaguars,2026-09-27T17:00:00Z
Drake Maye,rush_yds,60.0,790,New England Patriots @ Jacksonville Jaguars,2026-09-27T17:00:00Z
Drake Maye,rush_yds,70.0,1400,New England Patriots @ Jacksonville Jaguars,2026-09-27T17:00:00Z
Drake Maye,rush_yds,80.0,2200,New England Patriots @ Jacksonville Jaguars,2026-09-27T17:00:00Z
Drake Maye,rush_yds,90.0,3500,New England Patriots @ Jacksonville Jaguars,2026-09-27T17:00:00Z
Chris Rodriguez Jr.,rush_yds,10.0,-495,New England Patriots @ Jacksonville Jaguars,2026-09-27T17:00:00Z
Chris Rodriguez Jr.,rush_yds,15.0,-236,New England Patriots @ Jacksonville Jaguars,2026-09-27T17:00:00Z
Chris Rodriguez Jr.,rush_yds,20.0,-132,New England Patriots @ Jacksonville Jaguars,2026-09-27T17:00:00Z
Chris Rodriguez Jr.,rush_yds,22.0,-108,New England Patriots @ Jacksonville Jaguars,2026-09-27T17:00:00Z
Chris Rodriguez Jr.,rush_yds,25.0,121,New England Patriots @ Jacksonville Jaguars,2026-09-27T17:00:00Z
Chris Rodriguez Jr.,rush_yds,30.0,182,New England Patriots @ Jacksonville Jaguars,2026-09-27T17:00:00Z
Chris Rodriguez Jr.,rush_yds,40.0,362,New England Patriots @ Jacksonville Jaguars,2026-09-27T17:00:00Z
Chris Rodriguez Jr.,rush_yds,50.0,640,New England Patriots @ Jacksonville Jaguars,2026-09-27T17:00:00Z
Chris Rodriguez Jr.,rush_yds,60.0,1060,New England Patriots @ Jacksonville Jaguars,2026-09-27T17:00:00Z
Chris Rodriguez Jr.,rush_yds,70.0,1700,New England Patriots @ Jacksonville Jaguars,2026-09-27T17:00:00Z
Chris Rodriguez Jr.,rush_yds,80.0,2600,New England Patriots @ Jacksonville Jaguars,2026-09-27T17:00:00Z
Chris Rodriguez Jr.,rush_yds,90.0,3700,New England Patriots @ Jacksonville Jaguars,2026-09-27T17:00:00Z
Trevor Lawrence,rush_yds,10.0,-240,New England Patriots @ Jacksonville Jaguars,2026-09-27T17:00:00Z
Trevor Lawrence,rush_yds,15.0,-123,New England Patriots @ Jacksonville Jaguars,2026-09-27T17:00:00Z
Trevor Lawrence,rush_yds,16.0,-111,New England Patriots @ Jacksonville Jaguars,2026-09-27T17:00:00Z
Trevor Lawrence,rush_yds,20.0,139,New England Patriots @ Jacksonville Jaguars,2026-09-27T17:00:00Z
Trevor Lawrence,rush_yds,25.0,226,New England Patriots @ Jacksonville Jaguars,2026-09-27T17:00:00Z
Trevor Lawrence,rush_yds,30.0,349,New England Patriots @ Jacksonville Jaguars,2026-09-27T17:00:00Z
Trevor Lawrence,rush_yds,40.0,760,New England Patriots @ Jacksonville Jaguars,2026-09-27T17:00:00Z
Trevor Lawrence,rush_yds,50.0,1420,New England Patriots @ Jacksonville Jaguars,2026-09-27T17:00:00Z
Trevor Lawrence,rush_yds,60.0,2300,New England Patriots @ Jacksonville Jaguars,2026-09-27T17:00:00Z
Trevor Lawrence,rush_yds,70.0,3300,New England Patriots @ Jacksonville Jaguars,2026-09-27T17:00:00Z
Dak Prescott,pass_att,28.0,-2400,Baltimore Ravens @ Dallas Cowboys,2026-09-27T20:25:00Z
Dak Prescott,pass_att,30.0,-950,Baltimore Ravens @ Dallas Cowboys,2026-09-27T20:25:00Z
Dak Prescott,pass_att,32.0,-477,Baltimore Ravens @ Dallas Cowboys,2026-09-27T20:25:00Z
Dak Prescott,pass_att,34.0,-270,Baltimore Ravens @ Dallas Cowboys,2026-09-27T20:25:00Z
Dak Prescott,pass_att,36.0,-160,Baltimore Ravens @ Dallas Cowboys,2026-09-27T20:25:00Z
Dak Prescott,pass_att,38.0,-101,Baltimore Ravens @ Dallas Cowboys,2026-09-27T20:25:00Z
Dak Prescott,pass_att,40.0,156,Baltimore Ravens @ Dallas Cowboys,2026-09-27T20:25:00Z
Dak Prescott,pass_att,42.0,240,Baltimore Ravens @ Dallas Cowboys,2026-09-27T20:25:00Z
Dak Prescott,pass_att,44.0,372,Baltimore Ravens @ Dallas Cowboys,2026-09-27T20:25:00Z
Dak Prescott,pass_att,46.0,574,Baltimore Ravens @ Dallas Cowboys,2026-09-27T20:25:00Z
Dak Prescott,pass_att,48.0,880,Baltimore Ravens @ Dallas Cowboys,2026-09-27T20:25:00Z
Dak Prescott,pass_att,50.0,1300,Baltimore Ravens @ Dallas Cowboys,2026-09-27T20:25:00Z
Lamar Jackson,pass_att,22.0,-1540,Baltimore Ravens @ Dallas Cowboys,2026-09-27T20:25:00Z
Lamar Jackson,pass_att,24.0,-630,Baltimore Ravens @ Dallas Cowboys,2026-09-27T20:25:00Z
Lamar Jackson,pass_att,26.0,-315,Baltimore Ravens @ Dallas Cowboys,2026-09-27T20:25:00Z
Lamar Jackson,pass_att,28.0,-175,Baltimore Ravens @ Dallas Cowboys,2026-09-27T20:25:00Z
Lamar Jackson,pass_att,30.0,-101,Baltimore Ravens @ Dallas Cowboys,2026-09-27T20:25:00Z
Lamar Jackson,pass_att,32.0,165,Baltimore Ravens @ Dallas Cowboys,2026-09-27T20:25:00Z
Lamar Jackson,pass_att,34.0,268,Baltimore Ravens @ Dallas Cowboys,2026-09-27T20:25:00Z
Lamar Jackson,pass_att,36.0,432,Baltimore Ravens @ Dallas Cowboys,2026-09-27T20:25:00Z
Lamar Jackson,pass_att,38.0,690,Baltimore Ravens @ Dallas Cowboys,2026-09-27T20:25:00Z
Lamar Jackson,pass_att,40.0,1060,Baltimore Ravens @ Dallas Cowboys,2026-09-27T20:25:00Z
Lamar Jackson,pass_att,42.0,1600,Baltimore Ravens @ Dallas Cowboys,2026-09-27T20:25:00Z
Dak Prescott,pass_cmps,18.0,-3500,Baltimore Ravens @ Dallas Cowboys,2026-09-27T20:25:00Z
Dak Prescott,pass_cmps,20.0,-1020,Baltimore Ravens @ Dallas Cowboys,2026-09-27T20:25:00Z
Dak Prescott,pass_cmps,22.0,-419,Baltimore Ravens @ Dallas Cowboys,2026-09-27T20:25:00Z
Dak Prescott,pass_cmps,24.0,-202,Baltimore Ravens @ Dallas Cowboys,2026-09-27T20:25:00Z
Dak Prescott,pass_cmps,26.0,-105,Baltimore Ravens @ Dallas Cowboys,2026-09-27T20:25:00Z
Dak Prescott,pass_cmps,28.0,176,Baltimore Ravens @ Dallas Cowboys,2026-09-27T20:25:00Z
Dak Prescott,pass_cmps,30.0,319,Baltimore Ravens @ Dallas Cowboys,2026-09-27T20:25:00Z
Dak Prescott,pass_cmps,32.0,580,Baltimore Ravens @ Dallas Cowboys,2026-09-27T20:25:00Z
Dak Prescott,pass_cmps,34.0,1040,Baltimore Ravens @ Dallas Cowboys,2026-09-27T20:25:00Z
Dak Prescott,pass_cmps,36.0,1740,Baltimore Ravens @ Dallas Cowboys,2026-09-27T20:25:00Z
Lamar Jackson,pass_cmps,14.0,-1860,Baltimore Ravens @ Dallas Cowboys,2026-09-27T20:25:00Z
Lamar Jackson,pass_cmps,16.0,-551,Baltimore Ravens @ Dallas Cowboys,2026-09-27T20:25:00Z
Lamar Jackson,pass_cmps,18.0,-218,Baltimore Ravens @ Dallas Cowboys,2026-09-27T20:25:00Z
Lamar Jackson,pass_cmps,20.0,-101,Baltimore Ravens @ Dallas Cowboys,2026-09-27T20:25:00Z
Lamar Jackson,pass_cmps,22.0,207,Baltimore Ravens @ Dallas Cowboys,2026-09-27T20:25:00Z
Lamar Jackson,pass_cmps,24.0,413,Baltimore Ravens @ Dallas Cowboys,2026-09-27T20:25:00Z
Lamar Jackson,pass_cmps,26.0,790,Baltimore Ravens @ Dallas Cowboys,2026-09-27T20:25:00Z
Lamar Jackson,pass_cmps,28.0,1540,Baltimore Ravens @ Dallas Cowboys,2026-09-27T20:25:00Z
Dak Prescott,pass_yds,190.0,-1100,Baltimore Ravens @ Dallas Cowboys,2026-09-27T20:25:00Z
Dak Prescott,pass_yds,200.0,-760,Baltimore Ravens @ Dallas Cowboys,2026-09-27T20:25:00Z
Dak Prescott,pass_yds,210.0,-532,Baltimore Ravens @ Dallas Cowboys,2026-09-27T20:25:00Z
Dak Prescott,pass_yds,220.0,-393,Baltimore Ravens @ Dallas Cowboys,2026-09-27T20:25:00Z
Dak Prescott,pass_yds,230.0,-297,Baltimore Ravens @ Dallas Cowboys,2026-09-27T20:25:00Z
Dak Prescott,pass_yds,240.0,-224,Baltimore Ravens @ Dallas Cowboys,2026-09-27T20:25:00Z
Dak Prescott,pass_yds,250.0,-172,Baltimore Ravens @ Dallas Cowboys,2026-09-27T20:25:00Z
Dak Prescott,pass_yds,260.0,-132,Baltimore Ravens @ Dallas Cowboys,2026-09-27T20:25:00Z
Dak Prescott,pass_yds,267.0,-111,Baltimore Ravens @ Dallas Cowboys,2026-09-27T20:25:00Z
Dak Prescott,pass_yds,270.0,-103,Baltimore Ravens @ Dallas Cowboys,2026-09-27T20:25:00Z
Dak Prescott,pass_yds,280.0,124,Baltimore Ravens @ Dallas Cowboys,2026-09-27T20:25:00Z
Dak Prescott,pass_yds,290.0,158,Baltimore Ravens @ Dallas Cowboys,2026-09-27T20:25:00Z
Dak Prescott,pass_yds,300.0,199,Baltimore Ravens @ Dallas Cowboys,2026-09-27T20:25:00Z
Dak Prescott,pass_yds,310.0,250,Baltimore Ravens @ Dallas Cowboys,2026-09-27T20:25:00Z
Dak Prescott,pass_yds,320.0,318,Baltimore Ravens @ Dallas Cowboys,2026-09-27T20:25:00Z
Dak Prescott,pass_yds,330.0,409,Baltimore Ravens @ Dallas Cowboys,2026-09-27T20:25:00Z
Dak Prescott,pass_yds,340.0,524,Baltimore Ravens @ Dallas Cowboys,2026-09-27T20:25:00Z
Dak Prescott,pass_yds,350.0,650,Baltimore Ravens @ Dallas Cowboys,2026-09-27T20:25:00Z
Dak Prescott,pass_yds,360.0,830,Baltimore Ravens @ Dallas Cowboys,2026-09-27T20:25:00Z
Dak Prescott,pass_yds,370.0,1020,Baltimore Ravens @ Dallas Cowboys,2026-09-27T20:25:00Z
Dak Prescott,pass_yds,380.0,1320,Baltimore Ravens @ Dallas Cowboys,2026-09-27T20:25:00Z
Dak Prescott,pass_yds,390.0,1640,Baltimore Ravens @ Dallas Cowboys,2026-09-27T20:25:00Z
Dak Prescott,pass_yds,400.0,2000,Baltimore Ravens @ Dallas Cowboys,2026-09-27T20:25:00Z
Dak Prescott,pass_yds,410.0,2500,Baltimore Ravens @ Dallas Cowboys,2026-09-27T20:25:00Z
Dak Prescott,pass_yds,420.0,3100,Baltimore Ravens @ Dallas Cowboys,2026-09-27T20:25:00Z
Dak Prescott,pass_yds,430.0,3700,Baltimore Ravens @ Dallas Cowboys,2026-09-27T20:25:00Z
Lamar Jackson,pass_yds,160.0,-1240,Baltimore Ravens @ Dallas Cowboys,2026-09-27T20:25:00Z
Lamar Jackson,pass_yds,170.0,-850,Baltimore Ravens @ Dallas Cowboys,2026-09-27T20:25:00Z
Lamar Jackson,pass_yds,180.0,-597,Baltimore Ravens @ Dallas Cowboys,2026-09-27T20:25:00Z
Lamar Jackson,pass_yds,190.0,-430,Baltimore Ravens @ Dallas Cowboys,2026-09-27T20:25:00Z
Lamar Jackson,pass_yds,200.0,-326,Baltimore Ravens @ Dallas Cowboys,2026-09-27T20:25:00Z
Lamar Jackson,pass_yds,210.0,-248,Baltimore Ravens @ Dallas Cowboys,2026-09-27T20:25:00Z
Lamar Jackson,pass_yds,220.0,-188,Baltimore Ravens @ Dallas Cowboys,2026-09-27T20:25:00Z
Lamar Jackson,pass_yds,230.0,-144,Baltimore Ravens @ Dallas Cowboys,2026-09-27T20:25:00Z
Lamar Jackson,pass_yds,240.0,-112,Baltimore Ravens @ Dallas Cowboys,2026-09-27T20:25:00Z
Lamar Jackson,pass_yds,250.0,113,Baltimore Ravens @ Dallas Cowboys,2026-09-27T20:25:00Z
Lamar Jackson,pass_yds,260.0,142,Baltimore Ravens @ Dallas Cowboys,2026-09-27T20:25:00Z
Lamar Jackson,pass_yds,270.0,180,Baltimore Ravens @ Dallas Cowboys,2026-09-27T20:25:00Z
Lamar Jackson,pass_yds,280.0,229,Baltimore Ravens @ Dallas Cowboys,2026-09-27T20:25:00Z
Lamar Jackson,pass_yds,290.0,290,Baltimore Ravens @ Dallas Cowboys,2026-09-27T20:25:00Z
Lamar Jackson,pass_yds,300.0,359,Baltimore Ravens @ Dallas Cowboys,2026-09-27T20:25:00Z
Lamar Jackson,pass_yds,310.0,461,Baltimore Ravens @ Dallas Cowboys,2026-09-27T20:25:00Z
Lamar Jackson,pass_yds,320.0,585,Baltimore Ravens @ Dallas Cowboys,2026-09-27T20:25:00Z
Lamar Jackson,pass_yds,330.0,740,Baltimore Ravens @ Dallas Cowboys,2026-09-27T20:25:00Z
Lamar Jackson,pass_yds,340.0,960,Baltimore Ravens @ Dallas Cowboys,2026-09-27T20:25:00Z
Lamar Jackson,pass_yds,350.0,1200,Baltimore Ravens @ Dallas Cowboys,2026-09-27T20:25:00Z
Lamar Jackson,pass_yds,360.0,1540,Baltimore Ravens @ Dallas Cowboys,2026-09-27T20:25:00Z
Lamar Jackson,pass_yds,370.0,1940,Baltimore Ravens @ Dallas Cowboys,2026-09-27T20:25:00Z
Lamar Jackson,pass_yds,380.0,2400,Baltimore Ravens @ Dallas Cowboys,2026-09-27T20:25:00Z
Lamar Jackson,pass_yds,390.0,2900,Baltimore Ravens @ Dallas Cowboys,2026-09-27T20:25:00Z
Lamar Jackson,pass_yds,400.0,3400,Baltimore Ravens @ Dallas Cowboys,2026-09-27T20:25:00Z
Zay Flowers,rec_yds,15.0,-1700,Baltimore Ravens @ Dallas Cowboys,2026-09-27T20:25:00Z
Zay Flowers,rec_yds,25.0,-870,Baltimore Ravens @ Dallas Cowboys,2026-09-27T20:25:00Z
Zay Flowers,rec_yds,40.0,-411,Baltimore Ravens @ Dallas Cowboys,2026-09-27T20:25:00Z
Zay Flowers,rec_yds,50.0,-275,Baltimore Ravens @ Dallas Cowboys,2026-09-27T20:25:00Z
Zay Flowers,rec_yds,60.0,-190,Baltimore Ravens @ Dallas Cowboys,2026-09-27T20:25:00Z
Zay Flowers,rec_yds,70.0,-137,Baltimore Ravens @ Dallas Cowboys,2026-09-27T20:25:00Z
Zay Flowers,rec_yds,76.0,-112,Baltimore Ravens @ Dallas Cowboys,2026-09-27T20:25:00Z
Zay Flowers,rec_yds,80.0,100,Baltimore Ravens @ Dallas Cowboys,2026-09-27T20:25:00Z
Zay Flowers,rec_yds,90.0,135,Baltimore Ravens @ Dallas Cowboys,2026-09-27T20:25:00Z
Zay Flowers,rec_yds,100.0,180,Baltimore Ravens @ Dallas Cowboys,2026-09-27T20:25:00Z
Zay Flowers,rec_yds,110.0,237,Baltimore Ravens @ Dallas Cowboys,2026-09-27T20:25:00Z
Zay Flowers,rec_yds,120.0,319,Baltimore Ravens @ Dallas Cowboys,2026-09-27T20:25:00Z
Zay Flowers,rec_yds,130.0,418,Baltimore Ravens @ Dallas Cowboys,2026-09-27T20:25:00Z
Zay Flowers,rec_yds,140.0,557,Baltimore Ravens @ Dallas Cowboys,2026-09-27T20:25:00Z
Zay Flowers,rec_yds,150.0,720,Baltimore Ravens @ Dallas Cowboys,2026-09-27T20:25:00Z
Zay Flowers,rec_yds,160.0,950,Baltimore Ravens @ Dallas Cowboys,2026-09-27T20:25:00Z
Zay Flowers,rec_yds,170.0,1240,Baltimore Ravens @ Dallas Cowboys,2026-09-27T20:25:00Z
Zay Flowers,rec_yds,180.0,1560,Baltimore Ravens @ Dallas Cowboys,2026-09-27T20:25:00Z
Zay Flowers,rec_yds,190.0,2000,Baltimore Ravens @ Dallas Cowboys,2026-09-27T20:25:00Z
Zay Flowers,rec_yds,200.0,2500,Baltimore Ravens @ Dallas Cowboys,2026-09-27T20:25:00Z
CeeDee Lamb,rec_yds,40.0,-1020,Baltimore Ravens @ Dallas Cowboys,2026-09-27T20:25:00Z
CeeDee Lamb,rec_yds,50.0,-541,Baltimore Ravens @ Dallas Cowboys,2026-09-27T20:25:00Z
CeeDee Lamb,rec_yds,60.0,-326,Baltimore Ravens @ Dallas Cowboys,2026-09-27T20:25:00Z
CeeDee Lamb,rec_yds,70.0,-208,Baltimore Ravens @ Dallas Cowboys,2026-09-27T20:25:00Z
CeeDee Lamb,rec_yds,80.0,-140,Baltimore Ravens @ Dallas Cowboys,2026-09-27T20:25:00Z
CeeDee Lamb,rec_yds,86.0,-110,Baltimore Ravens @ Dallas Cowboys,2026-09-27T20:25:00Z
CeeDee Lamb,rec_yds,90.0,105,Baltimore Ravens @ Dallas Cowboys,2026-09-27T20:25:00Z
CeeDee Lamb,rec_yds,100.0,150,Baltimore Ravens @ Dallas Cowboys,2026-09-27T20:25:00Z
CeeDee Lamb,rec_yds,110.0,212,Baltimore Ravens @ Dallas Cowboys,2026-09-27T20:25:00Z
CeeDee Lamb,rec_yds,120.0,297,Baltimore Ravens @ Dallas Cowboys,2026-09-27T20:25:00Z
CeeDee Lamb,rec_yds,130.0,408,Baltimore Ravens @ Dallas Cowboys,2026-09-27T20:25:00Z
CeeDee Lamb,rec_yds,140.0,569,Baltimore Ravens @ Dallas Cowboys,2026-09-27T20:25:00Z
CeeDee Lamb,rec_yds,150.0,800,Baltimore Ravens @ Dallas Cowboys,2026-09-27T20:25:00Z
CeeDee Lamb,rec_yds,160.0,1080,Baltimore Ravens @ Dallas Cowboys,2026-09-27T20:25:00Z
CeeDee Lamb,rec_yds,170.0,1480,Baltimore Ravens @ Dallas Cowboys,2026-09-27T20:25:00Z
CeeDee Lamb,rec_yds,180.0,1900,Baltimore Ravens @ Dallas Cowboys,2026-09-27T20:25:00Z
CeeDee Lamb,rec_yds,190.0,2600,Baltimore Ravens @ Dallas Cowboys,2026-09-27T20:25:00Z
CeeDee Lamb,rec_yds,200.0,3300,Baltimore Ravens @ Dallas Cowboys,2026-09-27T20:25:00Z
George Pickens,rec_yds,15.0,-1440,Baltimore Ravens @ Dallas Cowboys,2026-09-27T20:25:00Z
George Pickens,rec_yds,25.0,-640,Baltimore Ravens @ Dallas Cowboys,2026-09-27T20:25:00Z
George Pickens,rec_yds,40.0,-272,Baltimore Ravens @ Dallas Cowboys,2026-09-27T20:25:00Z
George Pickens,rec_yds,50.0,-168,Baltimore Ravens @ Dallas Cowboys,2026-09-27T20:25:00Z
George Pickens,rec_yds,60.0,-114,Baltimore Ravens @ Dallas Cowboys,2026-09-27T20:25:00Z
George Pickens,rec_yds,70.0,128,Baltimore Ravens @ Dallas Cowboys,2026-09-27T20:25:00Z
George Pickens,rec_yds,80.0,183,Baltimore Ravens @ Dallas Cowboys,2026-09-27T20:25:00Z
George Pickens,rec_yds,90.0,259,Baltimore Ravens @ Dallas Cowboys,2026-09-27T20:25:00Z
George Pickens,rec_yds,100.0,363,Baltimore Ravens @ Dallas Cowboys,2026-09-27T20:25:00Z
George Pickens,rec_yds,110.0,512,Baltimore Ravens @ Dallas Cowboys,2026-09-27T20:25:00Z
George Pickens,rec_yds,120.0,720,Baltimore Ravens @ Dallas Cowboys,2026-09-27T20:25:00Z
George Pickens,rec_yds,130.0,980,Baltimore Ravens @ Dallas Cowboys,2026-09-27T20:25:00Z
George Pickens,rec_yds,140.0,1380,Baltimore Ravens @ Dallas Cowboys,2026-09-27T20:25:00Z
George Pickens,rec_yds,150.0,1820,Baltimore Ravens @ Dallas Cowboys,2026-09-27T20:25:00Z
George Pickens,rec_yds,160.0,2400,Baltimore Ravens @ Dallas Cowboys,2026-09-27T20:25:00Z
George Pickens,rec_yds,170.0,3200,Baltimore Ravens @ Dallas Cowboys,2026-09-27T20:25:00Z
Jake Ferguson,rec_yds,15.0,-335,Baltimore Ravens @ Dallas Cowboys,2026-09-27T20:25:00Z
Jake Ferguson,rec_yds,25.0,-140,Baltimore Ravens @ Dallas Cowboys,2026-09-27T20:25:00Z
Jake Ferguson,rec_yds,28.0,-111,Baltimore Ravens @ Dallas Cowboys,2026-09-27T20:25:00Z
Jake Ferguson,rec_yds,40.0,195,Baltimore Ravens @ Dallas Cowboys,2026-09-27T20:25:00Z
Jake Ferguson,rec_yds,50.0,336,Baltimore Ravens @ Dallas Cowboys,2026-09-27T20:25:00Z
Jake Ferguson,rec_yds,60.0,573,Baltimore Ravens @ Dallas Cowboys,2026-09-27T20:25:00Z
Jake Ferguson,rec_yds,70.0,910,Baltimore Ravens @ Dallas Cowboys,2026-09-27T20:25:00Z
Jake Ferguson,rec_yds,80.0,1400,Baltimore Ravens @ Dallas Cowboys,2026-09-27T20:25:00Z
Jake Ferguson,rec_yds,90.0,2100,Baltimore Ravens @ Dallas Cowboys,2026-09-27T20:25:00Z
Jake Ferguson,rec_yds,100.0,3200,Baltimore Ravens @ Dallas Cowboys,2026-09-27T20:25:00Z
Javonte Williams,rec_yds,15.0,-152,Baltimore Ravens @ Dallas Cowboys,2026-09-27T20:25:00Z
Javonte Williams,rec_yds,18.0,-109,Baltimore Ravens @ Dallas Cowboys,2026-09-27T20:25:00Z
Javonte Williams,rec_yds,25.0,171,Baltimore Ravens @ Dallas Cowboys,2026-09-27T20:25:00Z
Javonte Williams,rec_yds,40.0,518,Baltimore Ravens @ Dallas Cowboys,2026-09-27T20:25:00Z
Javonte Williams,rec_yds,50.0,910,Baltimore Ravens @ Dallas Cowboys,2026-09-27T20:25:00Z
Javonte Williams,rec_yds,60.0,1500,Baltimore Ravens @ Dallas Cowboys,2026-09-27T20:25:00Z
Javonte Williams,rec_yds,70.0,2200,Baltimore Ravens @ Dallas Cowboys,2026-09-27T20:25:00Z
Javonte Williams,rec_yds,80.0,3300,Baltimore Ravens @ Dallas Cowboys,2026-09-27T20:25:00Z
CeeDee Lamb,receptions,4.0,-2100,Baltimore Ravens @ Dallas Cowboys,2026-09-27T20:25:00Z
CeeDee Lamb,receptions,5.0,-680,Baltimore Ravens @ Dallas Cowboys,2026-09-27T20:25:00Z
CeeDee Lamb,receptions,6.0,-307,Baltimore Ravens @ Dallas Cowboys,2026-09-27T20:25:00Z
CeeDee Lamb,receptions,7.0,-158,Baltimore Ravens @ Dallas Cowboys,2026-09-27T20:25:00Z
CeeDee Lamb,receptions,8.0,117,Baltimore Ravens @ Dallas Cowboys,2026-09-27T20:25:00Z
CeeDee Lamb,receptions,9.0,206,Baltimore Ravens @ Dallas Cowboys,2026-09-27T20:25:00Z
CeeDee Lamb,receptions,10.0,355,Baltimore Ravens @ Dallas Cowboys,2026-09-27T20:25:00Z
CeeDee Lamb,receptions,11.0,610,Baltimore Ravens @ Dallas Cowboys,2026-09-27T20:25:00Z
CeeDee Lamb,receptions,12.0,1040,Baltimore Ravens @ Dallas Cowboys,2026-09-27T20:25:00Z
CeeDee Lamb,receptions,13.0,1640,Baltimore Ravens @ Dallas Cowboys,2026-09-27T20:25:00Z
CeeDee Lamb,receptions,14.0,2400,Baltimore Ravens @ Dallas Cowboys,2026-09-27T20:25:00Z
Zay Flowers,receptions,2.0,-10000,Baltimore Ravens @ Dallas Cowboys,2026-09-27T20:25:00Z
Zay Flowers,receptions,3.0,-1420,Baltimore Ravens @ Dallas Cowboys,2026-09-27T20:25:00Z
Zay Flowers,receptions,4.0,-432,Baltimore Ravens @ Dallas Cowboys,2026-09-27T20:25:00Z
Zay Flowers,receptions,5.0,-190,Baltimore Ravens @ Dallas Cowboys,2026-09-27T20:25:00Z
Zay Flowers,receptions,6.0,109,Baltimore Ravens @ Dallas Cowboys,2026-09-27T20:25:00Z
Zay Flowers,receptions,7.0,212,Baltimore Ravens @ Dallas Cowboys,2026-09-27T20:25:00Z
Zay Flowers,receptions,8.0,408,Baltimore Ravens @ Dallas Cowboys,2026-09-27T20:25:00Z
Zay Flowers,receptions,9.0,750,Baltimore Ravens @ Dallas Cowboys,2026-09-27T20:25:00Z
Zay Flowers,receptions,10.0,1380,Baltimore Ravens @ Dallas Cowboys,2026-09-27T20:25:00Z
Zay Flowers,receptions,11.0,2200,Baltimore Ravens @ Dallas Cowboys,2026-09-27T20:25:00Z
George Pickens,receptions,3.0,-1060,Baltimore Ravens @ Dallas Cowboys,2026-09-27T20:25:00Z
George Pickens,receptions,4.0,-357,Baltimore Ravens @ Dallas Cowboys,2026-09-27T20:25:00Z
George Pickens,receptions,5.0,-158,Baltimore Ravens @ Dallas Cowboys,2026-09-27T20:25:00Z
George Pickens,receptions,6.0,125,Baltimore Ravens @ Dallas Cowboys,2026-09-27T20:25:00Z
George Pickens,receptions,7.0,234,Baltimore Ravens @ Dallas Cowboys,2026-09-27T20:25:00Z
George Pickens,receptions,8.0,441,Baltimore Ravens @ Dallas Cowboys,2026-09-27T20:25:00Z
George Pickens,receptions,9.0,810,Baltimore Ravens @ Dallas Cowboys,2026-09-27T20:25:00Z
George Pickens,receptions,10.0,1480,Baltimore Ravens @ Dallas Cowboys,2026-09-27T20:25:00Z
George Pickens,receptions,11.0,2400,Baltimore Ravens @ Dallas Cowboys,2026-09-27T20:25:00Z
Jake Ferguson,receptions,2.0,-960,Baltimore Ravens @ Dallas Cowboys,2026-09-27T20:25:00Z
Jake Ferguson,receptions,3.0,-284,Baltimore Ravens @ Dallas Cowboys,2026-09-27T20:25:00Z
Jake Ferguson,receptions,4.0,-115,Baltimore Ravens @ Dallas Cowboys,2026-09-27T20:25:00Z
Jake Ferguson,receptions,5.0,189,Baltimore Ravens @ Dallas Cowboys,2026-09-27T20:25:00Z
Jake Ferguson,receptions,6.0,389,Baltimore Ravens @ Dallas Cowboys,2026-09-27T20:25:00Z
Jake Ferguson,receptions,7.0,790,Baltimore Ravens @ Dallas Cowboys,2026-09-27T20:25:00Z
Jake Ferguson,receptions,8.0,1440,Baltimore Ravens @ Dallas Cowboys,2026-09-27T20:25:00Z
Jake Ferguson,receptions,9.0,2400,Baltimore Ravens @ Dallas Cowboys,2026-09-27T20:25:00Z
Javonte Williams,receptions,2.0,-533,Baltimore Ravens @ Dallas Cowboys,2026-09-27T20:25:00Z
Javonte Williams,receptions,3.0,-172,Baltimore Ravens @ Dallas Cowboys,2026-09-27T20:25:00Z
Javonte Williams,receptions,4.0,142,Baltimore Ravens @ Dallas Cowboys,2026-09-27T20:25:00Z
Javonte Williams,receptions,5.0,313,Baltimore Ravens @ Dallas Cowboys,2026-09-27T20:25:00Z
Javonte Williams,receptions,6.0,660,Baltimore Ravens @ Dallas Cowboys,2026-09-27T20:25:00Z
Javonte Williams,receptions,7.0,1320,Baltimore Ravens @ Dallas Cowboys,2026-09-27T20:25:00Z
Javonte Williams,receptions,8.0,2300,Baltimore Ravens @ Dallas Cowboys,2026-09-27T20:25:00Z
Derrick Henry,rush_att,12.0,-1300,Baltimore Ravens @ Dallas Cowboys,2026-09-27T20:25:00Z
Derrick Henry,rush_att,14.0,-525,Baltimore Ravens @ Dallas Cowboys,2026-09-27T20:25:00Z
Derrick Henry,rush_att,16.0,-255,Baltimore Ravens @ Dallas Cowboys,2026-09-27T20:25:00Z
Derrick Henry,rush_att,18.0,-134,Baltimore Ravens @ Dallas Cowboys,2026-09-27T20:25:00Z
Derrick Henry,rush_att,19.0,101,Baltimore Ravens @ Dallas Cowboys,2026-09-27T20:25:00Z
Derrick Henry,rush_att,20.0,136,Baltimore Ravens @ Dallas Cowboys,2026-09-27T20:25:00Z
Derrick Henry,rush_att,22.0,246,Baltimore Ravens @ Dallas Cowboys,2026-09-27T20:25:00Z
Derrick Henry,rush_att,24.0,435,Baltimore Ravens @ Dallas Cowboys,2026-09-27T20:25:00Z
Derrick Henry,rush_att,26.0,780,Baltimore Ravens @ Dallas Cowboys,2026-09-27T20:25:00Z
Derrick Henry,rush_att,28.0,1420,Baltimore Ravens @ Dallas Cowboys,2026-09-27T20:25:00Z
Javonte Williams,rush_att,8.0,-3600,Baltimore Ravens @ Dallas Cowboys,2026-09-27T20:25:00Z
Javonte Williams,rush_att,10.0,-800,Baltimore Ravens @ Dallas Cowboys,2026-09-27T20:25:00Z
Javonte Williams,rush_att,12.0,-318,Baltimore Ravens @ Dallas Cowboys,2026-09-27T20:25:00Z
Javonte Williams,rush_att,14.0,-153,Baltimore Ravens @ Dallas Cowboys,2026-09-27T20:25:00Z
Javonte Williams,rush_att,15.0,-110,Baltimore Ravens @ Dallas Cowboys,2026-09-27T20:25:00Z
Javonte Williams,rush_att,16.0,124,Baltimore Ravens @ Dallas Cowboys,2026-09-27T20:25:00Z
Javonte Williams,rush_att,18.0,229,Baltimore Ravens @ Dallas Cowboys,2026-09-27T20:25:00Z
Javonte Williams,rush_att,20.0,425,Baltimore Ravens @ Dallas Cowboys,2026-09-27T20:25:00Z
Javonte Williams,rush_att,22.0,790,Baltimore Ravens @ Dallas Cowboys,2026-09-27T20:25:00Z
Javonte Williams,rush_att,24.0,1440,Baltimore Ravens @ Dallas Cowboys,2026-09-27T20:25:00Z
Lamar Jackson,rush_att,4.0,-830,Baltimore Ravens @ Dallas Cowboys,2026-09-27T20:25:00Z
Lamar Jackson,rush_att,6.0,-176,Baltimore Ravens @ Dallas Cowboys,2026-09-27T20:25:00Z
Lamar Jackson,rush_att,7.0,104,Baltimore Ravens @ Dallas Cowboys,2026-09-27T20:25:00Z
Lamar Jackson,rush_att,8.0,180,Baltimore Ravens @ Dallas Cowboys,2026-09-27T20:25:00Z
Lamar Jackson,rush_att,10.0,524,Baltimore Ravens @ Dallas Cowboys,2026-09-27T20:25:00Z
Lamar Jackson,rush_att,12.0,1440,Baltimore Ravens @ Dallas Cowboys,2026-09-27T20:25:00Z
Dak Prescott,rush_att,2.0,-760,Baltimore Ravens @ Dallas Cowboys,2026-09-27T20:25:00Z
Dak Prescott,rush_att,4.0,-103,Baltimore Ravens @ Dallas Cowboys,2026-09-27T20:25:00Z
Dak Prescott,rush_att,6.0,398,Baltimore Ravens @ Dallas Cowboys,2026-09-27T20:25:00Z
Dak Prescott,rush_att,8.0,1360,Baltimore Ravens @ Dallas Cowboys,2026-09-27T20:25:00Z
Derrick Henry,rush_yds,30.0,-2700,Baltimore Ravens @ Dallas Cowboys,2026-09-27T20:25:00Z
Derrick Henry,rush_yds,40.0,-1120,Baltimore Ravens @ Dallas Cowboys,2026-09-27T20:25:00Z
Derrick Henry,rush_yds,50.0,-585,Baltimore Ravens @ Dallas Cowboys,2026-09-27T20:25:00Z
Derrick Henry,rush_yds,60.0,-345,Baltimore Ravens @ Dallas Cowboys,2026-09-27T20:25:00Z
Derrick Henry,rush_yds,70.0,-224,Baltimore Ravens @ Dallas Cowboys,2026-09-27T20:25:00Z
Derrick Henry,rush_yds,80.0,-153,Baltimore Ravens @ Dallas Cowboys,2026-09-27T20:25:00Z
Derrick Henry,rush_yds,89.0,-111,Baltimore Ravens @ Dallas Cowboys,2026-09-27T20:25:00Z
Derrick Henry,rush_yds,90.0,-107,Baltimore Ravens @ Dallas Cowboys,2026-09-27T20:25:00Z
Derrick Henry,rush_yds,100.0,130,Baltimore Ravens @ Dallas Cowboys,2026-09-27T20:25:00Z
Derrick Henry,rush_yds,110.0,181,Baltimore Ravens @ Dallas Cowboys,2026-09-27T20:25:00Z
Derrick Henry,rush_yds,120.0,248,Baltimore Ravens @ Dallas Cowboys,2026-09-27T20:25:00Z
Derrick Henry,rush_yds,130.0,336,Baltimore Ravens @ Dallas Cowboys,2026-09-27T20:25:00Z
Derrick Henry,rush_yds,140.0,451,Baltimore Ravens @ Dallas Cowboys,2026-09-27T20:25:00Z
Derrick Henry,rush_yds,150.0,600,Baltimore Ravens @ Dallas Cowboys,2026-09-27T20:25:00Z
Derrick Henry,rush_yds,160.0,790,Baltimore Ravens @ Dallas Cowboys,2026-09-27T20:25:00Z
Derrick Henry,rush_yds,170.0,1040,Baltimore Ravens @ Dallas Cowboys,2026-09-27T20:25:00Z
Derrick Henry,rush_yds,180.0,1400,Baltimore Ravens @ Dallas Cowboys,2026-09-27T20:25:00Z
Derrick Henry,rush_yds,190.0,1820,Baltimore Ravens @ Dallas Cowboys,2026-09-27T20:25:00Z
Derrick Henry,rush_yds,200.0,2400,Baltimore Ravens @ Dallas Cowboys,2026-09-27T20:25:00Z
Javonte Williams,rush_yds,25.0,-1460,Baltimore Ravens @ Dallas Cowboys,2026-09-27T20:25:00Z
Javonte Williams,rush_yds,30.0,-820,Baltimore Ravens @ Dallas Cowboys,2026-09-27T20:25:00Z
Javonte Williams,rush_yds,40.0,-353,Baltimore Ravens @ Dallas Cowboys,2026-09-27T20:25:00Z
Javonte Williams,rush_yds,50.0,-184,Baltimore Ravens @ Dallas Cowboys,2026-09-27T20:25:00Z
Javonte Williams,rush_yds,59.0,-111,Baltimore Ravens @ Dallas Cowboys,2026-09-27T20:25:00Z
Javonte Williams,rush_yds,60.0,-105,Baltimore Ravens @ Dallas Cowboys,2026-09-27T20:25:00Z
Javonte Williams,rush_yds,70.0,154,Baltimore Ravens @ Dallas Cowboys,2026-09-27T20:25:00Z
Javonte Williams,rush_yds,80.0,243,Baltimore Ravens @ Dallas Cowboys,2026-09-27T20:25:00Z
Javonte Williams,rush_yds,90.0,370,Baltimore Ravens @ Dallas Cowboys,2026-09-27T20:25:00Z
Javonte Williams,rush_yds,100.0,553,Baltimore Ravens @ Dallas Cowboys,2026-09-27T20:25:00Z
Javonte Williams,rush_yds,110.0,830,Baltimore Ravens @ Dallas Cowboys,2026-09-27T20:25:00Z
Javonte Williams,rush_yds,120.0,1220,Baltimore Ravens @ Dallas Cowboys,2026-09-27T20:25:00Z
Javonte Williams,rush_yds,130.0,1720,Baltimore Ravens @ Dallas Cowboys,2026-09-27T20:25:00Z
Javonte Williams,rush_yds,140.0,2400,Baltimore Ravens @ Dallas Cowboys,2026-09-27T20:25:00Z
Javonte Williams,rush_yds,150.0,3300,Baltimore Ravens @ Dallas Cowboys,2026-09-27T20:25:00Z
Lamar Jackson,rush_yds,10.0,-1280,Baltimore Ravens @ Dallas Cowboys,2026-09-27T20:25:00Z
Lamar Jackson,rush_yds,15.0,-710,Baltimore Ravens @ Dallas Cowboys,2026-09-27T20:25:00Z
Lamar Jackson,rush_yds,20.0,-426,Baltimore Ravens @ Dallas Cowboys,2026-09-27T20:25:00Z
Lamar Jackson,rush_yds,25.0,-283,Baltimore Ravens @ Dallas Cowboys,2026-09-27T20:25:00Z
Lamar Jackson,rush_yds,30.0,-196,Baltimore Ravens @ Dallas Cowboys,2026-09-27T20:25:00Z
Lamar Jackson,rush_yds,39.0,-113,Baltimore Ravens @ Dallas Cowboys,2026-09-27T20:25:00Z
Lamar Jackson,rush_yds,40.0,-106,Baltimore Ravens @ Dallas Cowboys,2026-09-27T20:25:00Z
Lamar Jackson,rush_yds,50.0,164,Baltimore Ravens @ Dallas Cowboys,2026-09-27T20:25:00Z
Lamar Jackson,rush_yds,60.0,268,Baltimore Ravens @ Dallas Cowboys,2026-09-27T20:25:00Z
Lamar Jackson,rush_yds,70.0,433,Baltimore Ravens @ Dallas Cowboys,2026-09-27T20:25:00Z
Lamar Jackson,rush_yds,80.0,680,Baltimore Ravens @ Dallas Cowboys,2026-09-27T20:25:00Z
Lamar Jackson,rush_yds,90.0,1040,Baltimore Ravens @ Dallas Cowboys,2026-09-27T20:25:00Z
Lamar Jackson,rush_yds,100.0,1540,Baltimore Ravens @ Dallas Cowboys,2026-09-27T20:25:00Z
Lamar Jackson,rush_yds,110.0,2300,Baltimore Ravens @ Dallas Cowboys,2026-09-27T20:25:00Z
Lamar Jackson,rush_yds,120.0,3100,Baltimore Ravens @ Dallas Cowboys,2026-09-27T20:25:00Z
Dak Prescott,rush_yds,10.0,-211,Baltimore Ravens @ Dallas Cowboys,2026-09-27T20:25:00Z
Dak Prescott,rush_yds,14.0,-117,Baltimore Ravens @ Dallas Cowboys,2026-09-27T20:25:00Z
Dak Prescott,rush_yds,15.0,-103,Baltimore Ravens @ Dallas Cowboys,2026-09-27T20:25:00Z
Dak Prescott,rush_yds,20.0,174,Baltimore Ravens @ Dallas Cowboys,2026-09-27T20:25:00Z
Dak Prescott,rush_yds,25.0,295,Baltimore Ravens @ Dallas Cowboys,2026-09-27T20:25:00Z
Dak Prescott,rush_yds,30.0,483,Baltimore Ravens @ Dallas Cowboys,2026-09-27T20:25:00Z
Dak Prescott,rush_yds,40.0,1160,Baltimore Ravens @ Dallas Cowboys,2026-09-27T20:25:00Z
Dak Prescott,rush_yds,50.0,2300,Baltimore Ravens @ Dallas Cowboys,2026-09-27T20:25:00Z
Dak Prescott,rush_yds,60.0,3800,Baltimore Ravens @ Dallas Cowboys,2026-09-27T20:25:00Z
Tyler Shough,pass_att,24.0,-3100,Las Vegas Raiders @ New Orleans Saints,2026-09-27T20:25:00Z
Tyler Shough,pass_att,26.0,-1020,Las Vegas Raiders @ New Orleans Saints,2026-09-27T20:25:00Z
Tyler Shough,pass_att,28.0,-463,Las Vegas Raiders @ New Orleans Saints,2026-09-27T20:25:00Z
Tyler Shough,pass_att,30.0,-243,Las Vegas Raiders @ New Orleans Saints,2026-09-27T20:25:00Z
Tyler Shough,pass_att,32.0,-140,Las Vegas Raiders @ New Orleans Saints,2026-09-27T20:25:00Z
Tyler Shough,pass_att,33.0,-107,Las Vegas Raiders @ New Orleans Saints,2026-09-27T20:25:00Z
Tyler Shough,pass_att,34.0,121,Las Vegas Raiders @ New Orleans Saints,2026-09-27T20:25:00Z
Tyler Shough,pass_att,36.0,201,Las Vegas Raiders @ New Orleans Saints,2026-09-27T20:25:00Z
Tyler Shough,pass_att,38.0,327,Las Vegas Raiders @ New Orleans Saints,2026-09-27T20:25:00Z
Tyler Shough,pass_att,40.0,528,Las Vegas Raiders @ New Orleans Saints,2026-09-27T20:25:00Z
Tyler Shough,pass_att,42.0,840,Las Vegas Raiders @ New Orleans Saints,2026-09-27T20:25:00Z
Tyler Shough,pass_att,44.0,1280,Las Vegas Raiders @ New Orleans Saints,2026-09-27T20:25:00Z
Kirk Cousins,pass_att,24.0,-1560,Las Vegas Raiders @ New Orleans Saints,2026-09-27T20:25:00Z
Kirk Cousins,pass_att,26.0,-670,Las Vegas Raiders @ New Orleans Saints,2026-09-27T20:25:00Z
Kirk Cousins,pass_att,28.0,-336,Las Vegas Raiders @ New Orleans Saints,2026-09-27T20:25:00Z
Kirk Cousins,pass_att,30.0,-190,Las Vegas Raiders @ New Orleans Saints,2026-09-27T20:25:00Z
Kirk Cousins,pass_att,32.0,-115,Las Vegas Raiders @ New Orleans Saints,2026-09-27T20:25:00Z
Kirk Cousins,pass_att,34.0,142,Las Vegas Raiders @ New Orleans Saints,2026-09-27T20:25:00Z
Kirk Cousins,pass_att,36.0,222,Las Vegas Raiders @ New Orleans Saints,2026-09-27T20:25:00Z
Kirk Cousins,pass_att,38.0,360,Las Vegas Raiders @ New Orleans Saints,2026-09-27T20:25:00Z
Kirk Cousins,pass_att,40.0,578,Las Vegas Raiders @ New Orleans Saints,2026-09-27T20:25:00Z
Kirk Cousins,pass_att,42.0,900,Las Vegas Raiders @ New Orleans Saints,2026-09-27T20:25:00Z
Kirk Cousins,pass_att,44.0,1380,Las Vegas Raiders @ New Orleans Saints,2026-09-27T20:25:00Z
Tyler Shough,pass_cmps,18.0,-970,Las Vegas Raiders @ New Orleans Saints,2026-09-27T20:25:00Z
Tyler Shough,pass_cmps,20.0,-373,Las Vegas Raiders @ New Orleans Saints,2026-09-27T20:25:00Z
Tyler Shough,pass_cmps,22.0,-174,Las Vegas Raiders @ New Orleans Saints,2026-09-27T20:25:00Z
Tyler Shough,pass_cmps,23.0,-124,Las Vegas Raiders @ New Orleans Saints,2026-09-27T20:25:00Z
Tyler Shough,pass_cmps,24.0,112,Las Vegas Raiders @ New Orleans Saints,2026-09-27T20:25:00Z
Tyler Shough,pass_cmps,26.0,217,Las Vegas Raiders @ New Orleans Saints,2026-09-27T20:25:00Z
Tyler Shough,pass_cmps,28.0,416,Las Vegas Raiders @ New Orleans Saints,2026-09-27T20:25:00Z
Tyler Shough,pass_cmps,30.0,770,Las Vegas Raiders @ New Orleans Saints,2026-09-27T20:25:00Z
Tyler Shough,pass_cmps,32.0,1380,Las Vegas Raiders @ New Orleans Saints,2026-09-27T20:25:00Z
Kirk Cousins,pass_cmps,14.0,-3200,Las Vegas Raiders @ New Orleans Saints,2026-09-27T20:25:00Z
Kirk Cousins,pass_cmps,16.0,-870,Las Vegas Raiders @ New Orleans Saints,2026-09-27T20:25:00Z
Kirk Cousins,pass_cmps,18.0,-353,Las Vegas Raiders @ New Orleans Saints,2026-09-27T20:25:00Z
Kirk Cousins,pass_cmps,20.0,-166,Las Vegas Raiders @ New Orleans Saints,2026-09-27T20:25:00Z
Kirk Cousins,pass_cmps,21.0,-118,Las Vegas Raiders @ New Orleans Saints,2026-09-27T20:25:00Z
Kirk Cousins,pass_cmps,22.0,117,Las Vegas Raiders @ New Orleans Saints,2026-09-27T20:25:00Z
Kirk Cousins,pass_cmps,24.0,224,Las Vegas Raiders @ New Orleans Saints,2026-09-27T20:25:00Z
Kirk Cousins,pass_cmps,26.0,414,Las Vegas Raiders @ New Orleans Saints,2026-09-27T20:25:00Z
Kirk Cousins,pass_cmps,28.0,780,Las Vegas Raiders @ New Orleans Saints,2026-09-27T20:25:00Z
Kirk Cousins,pass_cmps,30.0,1420,Las Vegas Raiders @ New Orleans Saints,2026-09-27T20:25:00Z
Tyler Shough,pass_yds,170.0,-1460,Las Vegas Raiders @ New Orleans Saints,2026-09-27T20:25:00Z
Tyler Shough,pass_yds,180.0,-990,Las Vegas Raiders @ New Orleans Saints,2026-09-27T20:25:00Z
Tyler Shough,pass_yds,190.0,-680,Las Vegas Raiders @ New Orleans Saints,2026-09-27T20:25:00Z
Tyler Shough,pass_yds,200.0,-469,Las Vegas Raiders @ New Orleans Saints,2026-09-27T20:25:00Z
Tyler Shough,pass_yds,210.0,-341,Las Vegas Raiders @ New Orleans Saints,2026-09-27T20:25:00Z
Tyler Shough,pass_yds,220.0,-253,Las Vegas Raiders @ New Orleans Saints,2026-09-27T20:25:00Z
Tyler Shough,pass_yds,230.0,-191,Las Vegas Raiders @ New Orleans Saints,2026-09-27T20:25:00Z
Tyler Shough,pass_yds,240.0,-146,Las Vegas Raiders @ New Orleans Saints,2026-09-27T20:25:00Z
Tyler Shough,pass_yds,250.0,-112,Las Vegas Raiders @ New Orleans Saints,2026-09-27T20:25:00Z
Tyler Shough,pass_yds,260.0,116,Las Vegas Raiders @ New Orleans Saints,2026-09-27T20:25:00Z
Tyler Shough,pass_yds,270.0,150,Las Vegas Raiders @ New Orleans Saints,2026-09-27T20:25:00Z
Tyler Shough,pass_yds,280.0,194,Las Vegas Raiders @ New Orleans Saints,2026-09-27T20:25:00Z
Tyler Shough,pass_yds,290.0,250,Las Vegas Raiders @ New Orleans Saints,2026-09-27T20:25:00Z
Tyler Shough,pass_yds,300.0,320,Las Vegas Raiders @ New Orleans Saints,2026-09-27T20:25:00Z
Tyler Shough,pass_yds,310.0,409,Las Vegas Raiders @ New Orleans Saints,2026-09-27T20:25:00Z
Tyler Shough,pass_yds,320.0,527,Las Vegas Raiders @ New Orleans Saints,2026-09-27T20:25:00Z
Tyler Shough,pass_yds,330.0,680,Las Vegas Raiders @ New Orleans Saints,2026-09-27T20:25:00Z
Tyler Shough,pass_yds,340.0,870,Las Vegas Raiders @ New Orleans Saints,2026-09-27T20:25:00Z
Tyler Shough,pass_yds,350.0,1140,Las Vegas Raiders @ New Orleans Saints,2026-09-27T20:25:00Z
Tyler Shough,pass_yds,360.0,1420,Las Vegas Raiders @ New Orleans Saints,2026-09-27T20:25:00Z
Tyler Shough,pass_yds,370.0,1820,Las Vegas Raiders @ New Orleans Saints,2026-09-27T20:25:00Z
Tyler Shough,pass_yds,380.0,2200,Las Vegas Raiders @ New Orleans Saints,2026-09-27T20:25:00Z
Tyler Shough,pass_yds,390.0,2700,Las Vegas Raiders @ New Orleans Saints,2026-09-27T20:25:00Z
Tyler Shough,pass_yds,400.0,3500,Las Vegas Raiders @ New Orleans Saints,2026-09-27T20:25:00Z
Kirk Cousins,pass_yds,150.0,-940,Las Vegas Raiders @ New Orleans Saints,2026-09-27T20:25:00Z
Kirk Cousins,pass_yds,160.0,-640,Las Vegas Raiders @ New Orleans Saints,2026-09-27T20:25:00Z
Kirk Cousins,pass_yds,170.0,-449,Las Vegas Raiders @ New Orleans Saints,2026-09-27T20:25:00Z
Kirk Cousins,pass_yds,180.0,-324,Las Vegas Raiders @ New Orleans Saints,2026-09-27T20:25:00Z
Kirk Cousins,pass_yds,190.0,-239,Las Vegas Raiders @ New Orleans Saints,2026-09-27T20:25:00Z
Kirk Cousins,pass_yds,200.0,-179,Las Vegas Raiders @ New Orleans Saints,2026-09-27T20:25:00Z
Kirk Cousins,pass_yds,210.0,-136,Las Vegas Raiders @ New Orleans Saints,2026-09-27T20:25:00Z
Kirk Cousins,pass_yds,217.0,-112,Las Vegas Raiders @ New Orleans Saints,2026-09-27T20:25:00Z
Kirk Cousins,pass_yds,220.0,-103,Las Vegas Raiders @ New Orleans Saints,2026-09-27T20:25:00Z
Kirk Cousins,pass_yds,230.0,126,Las Vegas Raiders @ New Orleans Saints,2026-09-27T20:25:00Z
Kirk Cousins,pass_yds,240.0,164,Las Vegas Raiders @ New Orleans Saints,2026-09-27T20:25:00Z
Kirk Cousins,pass_yds,250.0,209,Las Vegas Raiders @ New Orleans Saints,2026-09-27T20:25:00Z
Kirk Cousins,pass_yds,260.0,271,Las Vegas Raiders @ New Orleans Saints,2026-09-27T20:25:00Z
Kirk Cousins,pass_yds,270.0,351,Las Vegas Raiders @ New Orleans Saints,2026-09-27T20:25:00Z
Kirk Cousins,pass_yds,280.0,459,Las Vegas Raiders @ New Orleans Saints,2026-09-27T20:25:00Z
Kirk Cousins,pass_yds,290.0,600,Las Vegas Raiders @ New Orleans Saints,2026-09-27T20:25:00Z
Kirk Cousins,pass_yds,300.0,770,Las Vegas Raiders @ New Orleans Saints,2026-09-27T20:25:00Z
Kirk Cousins,pass_yds,310.0,990,Las Vegas Raiders @ New Orleans Saints,2026-09-27T20:25:00Z
Kirk Cousins,pass_yds,320.0,1280,Las Vegas Raiders @ New Orleans Saints,2026-09-27T20:25:00Z
Kirk Cousins,pass_yds,330.0,1640,Las Vegas Raiders @ New Orleans Saints,2026-09-27T20:25:00Z
Kirk Cousins,pass_yds,340.0,2100,Las Vegas Raiders @ New Orleans Saints,2026-09-27T20:25:00Z
Kirk Cousins,pass_yds,350.0,2600,Las Vegas Raiders @ New Orleans Saints,2026-09-27T20:25:00Z
Kirk Cousins,pass_yds,360.0,3300,Las Vegas Raiders @ New Orleans Saints,2026-09-27T20:25:00Z
Matthew Stafford,pass_att,26.0,-1760,Los Angeles Rams @ Denver Broncos,2026-09-28T00:20:00Z
Matthew Stafford,pass_att,28.0,-740,Los Angeles Rams @ Denver Broncos,2026-09-28T00:20:00Z
Matthew Stafford,pass_att,30.0,-388,Los Angeles Rams @ Denver Broncos,2026-09-28T00:20:00Z
Matthew Stafford,pass_att,32.0,-216,Los Angeles Rams @ Denver Broncos,2026-09-28T00:20:00Z
Matthew Stafford,pass_att,34.0,-130,Los Angeles Rams @ Denver Broncos,2026-09-28T00:20:00Z
Matthew Stafford,pass_att,35.0,-103,Los Angeles Rams @ Denver Broncos,2026-09-28T00:20:00Z
Matthew Stafford,pass_att,36.0,124,Los Angeles Rams @ Denver Broncos,2026-09-28T00:20:00Z
Matthew Stafford,pass_att,38.0,197,Los Angeles Rams @ Denver Broncos,2026-09-28T00:20:00Z
Matthew Stafford,pass_att,40.0,312,Los Angeles Rams @ Denver Broncos,2026-09-28T00:20:00Z
Matthew Stafford,pass_att,42.0,476,Los Angeles Rams @ Denver Broncos,2026-09-28T00:20:00Z
Matthew Stafford,pass_att,44.0,720,Los Angeles Rams @ Denver Broncos,2026-09-28T00:20:00Z
Matthew Stafford,pass_att,46.0,1120,Los Angeles Rams @ Denver Broncos,2026-09-28T00:20:00Z
Matthew Stafford,pass_att,48.0,1620,Los Angeles Rams @ Denver Broncos,2026-09-28T00:20:00Z
Bo Nix,pass_att,24.0,-3400,Los Angeles Rams @ Denver Broncos,2026-09-28T00:20:00Z
Bo Nix,pass_att,26.0,-1180,Los Angeles Rams @ Denver Broncos,2026-09-28T00:20:00Z
Bo Nix,pass_att,28.0,-557,Los Angeles Rams @ Denver Broncos,2026-09-28T00:20:00Z
Bo Nix,pass_att,30.0,-305,Los Angeles Rams @ Denver Broncos,2026-09-28T00:20:00Z
Bo Nix,pass_att,32.0,-178,Los Angeles Rams @ Denver Broncos,2026-09-28T00:20:00Z
Bo Nix,pass_att,34.0,-110,Los Angeles Rams @ Denver Broncos,2026-09-28T00:20:00Z
Bo Nix,pass_att,36.0,142,Los Angeles Rams @ Denver Broncos,2026-09-28T00:20:00Z
Bo Nix,pass_att,38.0,223,Los Angeles Rams @ Denver Broncos,2026-09-28T00:20:00Z
Bo Nix,pass_att,40.0,349,Los Angeles Rams @ Denver Broncos,2026-09-28T00:20:00Z
Bo Nix,pass_att,42.0,540,Los Angeles Rams @ Denver Broncos,2026-09-28T00:20:00Z
Bo Nix,pass_att,44.0,830,Los Angeles Rams @ Denver Broncos,2026-09-28T00:20:00Z
Bo Nix,pass_att,46.0,1260,Los Angeles Rams @ Denver Broncos,2026-09-28T00:20:00Z
Bo Nix,pass_cmps,16.0,-1420,Los Angeles Rams @ Denver Broncos,2026-09-28T00:20:00Z
Bo Nix,pass_cmps,18.0,-489,Los Angeles Rams @ Denver Broncos,2026-09-28T00:20:00Z
Bo Nix,pass_cmps,20.0,-217,Los Angeles Rams @ Denver Broncos,2026-09-28T00:20:00Z
Bo Nix,pass_cmps,22.0,-106,Los Angeles Rams @ Denver Broncos,2026-09-28T00:20:00Z
Bo Nix,pass_cmps,24.0,185,Los Angeles Rams @ Denver Broncos,2026-09-28T00:20:00Z
Bo Nix,pass_cmps,26.0,353,Los Angeles Rams @ Denver Broncos,2026-09-28T00:20:00Z
Bo Nix,pass_cmps,28.0,650,Los Angeles Rams @ Denver Broncos,2026-09-28T00:20:00Z
Bo Nix,pass_cmps,30.0,1180,Los Angeles Rams @ Denver Broncos,2026-09-28T00:20:00Z
Matthew Stafford,pass_cmps,16.0,-1320,Los Angeles Rams @ Denver Broncos,2026-09-28T00:20:00Z
Matthew Stafford,pass_cmps,18.0,-462,Los Angeles Rams @ Denver Broncos,2026-09-28T00:20:00Z
Matthew Stafford,pass_cmps,20.0,-200,Los Angeles Rams @ Denver Broncos,2026-09-28T00:20:00Z
Matthew Stafford,pass_cmps,22.0,104,Los Angeles Rams @ Denver Broncos,2026-09-28T00:20:00Z
Matthew Stafford,pass_cmps,24.0,209,Los Angeles Rams @ Denver Broncos,2026-09-28T00:20:00Z
Matthew Stafford,pass_cmps,26.0,416,Los Angeles Rams @ Denver Broncos,2026-09-28T00:20:00Z
Matthew Stafford,pass_cmps,28.0,830,Los Angeles Rams @ Denver Broncos,2026-09-28T00:20:00Z
Matthew Stafford,pass_cmps,30.0,1520,Los Angeles Rams @ Denver Broncos,2026-09-28T00:20:00Z
Matthew Stafford,pass_yds,170.0,-1160,Los Angeles Rams @ Denver Broncos,2026-09-28T00:20:00Z
Matthew Stafford,pass_yds,180.0,-790,Los Angeles Rams @ Denver Broncos,2026-09-28T00:20:00Z
Matthew Stafford,pass_yds,190.0,-542,Los Angeles Rams @ Denver Broncos,2026-09-28T00:20:00Z
Matthew Stafford,pass_yds,200.0,-388,Los Angeles Rams @ Denver Broncos,2026-09-28T00:20:00Z
Matthew Stafford,pass_yds,210.0,-287,Los Angeles Rams @ Denver Broncos,2026-09-28T00:20:00Z
Matthew Stafford,pass_yds,220.0,-216,Los Angeles Rams @ Denver Broncos,2026-09-28T00:20:00Z
Matthew Stafford,pass_yds,230.0,-164,Los Angeles Rams @ Denver Broncos,2026-09-28T00:20:00Z
Matthew Stafford,pass_yds,240.0,-127,Los Angeles Rams @ Denver Broncos,2026-09-28T00:20:00Z
Matthew Stafford,pass_yds,245.0,-111,Los Angeles Rams @ Denver Broncos,2026-09-28T00:20:00Z
Matthew Stafford,pass_yds,250.0,102,Los Angeles Rams @ Denver Broncos,2026-09-28T00:20:00Z
Matthew Stafford,pass_yds,260.0,132,Los Angeles Rams @ Denver Broncos,2026-09-28T00:20:00Z
Matthew Stafford,pass_yds,270.0,171,Los Angeles Rams @ Denver Broncos,2026-09-28T00:20:00Z
Matthew Stafford,pass_yds,280.0,220,Los Angeles Rams @ Denver Broncos,2026-09-28T00:20:00Z
Matthew Stafford,pass_yds,290.0,287,Los Angeles Rams @ Denver Broncos,2026-09-28T00:20:00Z
Matthew Stafford,pass_yds,300.0,366,Los Angeles Rams @ Denver Broncos,2026-09-28T00:20:00Z
Matthew Stafford,pass_yds,310.0,473,Los Angeles Rams @ Denver Broncos,2026-09-28T00:20:00Z
Matthew Stafford,pass_yds,320.0,594,Los Angeles Rams @ Denver Broncos,2026-09-28T00:20:00Z
Matthew Stafford,pass_yds,330.0,770,Los Angeles Rams @ Denver Broncos,2026-09-28T00:20:00Z
Matthew Stafford,pass_yds,340.0,990,Los Angeles Rams @ Denver Broncos,2026-09-28T00:20:00Z
Matthew Stafford,pass_yds,350.0,1260,Los Angeles Rams @ Denver Broncos,2026-09-28T00:20:00Z
Matthew Stafford,pass_yds,360.0,1680,Los Angeles Rams @ Denver Broncos,2026-09-28T00:20:00Z
Matthew Stafford,pass_yds,370.0,2100,Los Angeles Rams @ Denver Broncos,2026-09-28T00:20:00Z
Matthew Stafford,pass_yds,380.0,2800,Los Angeles Rams @ Denver Broncos,2026-09-28T00:20:00Z
Matthew Stafford,pass_yds,390.0,3500,Los Angeles Rams @ Denver Broncos,2026-09-28T00:20:00Z
Bo Nix,pass_yds,150.0,-950,Los Angeles Rams @ Denver Broncos,2026-09-28T00:20:00Z
Bo Nix,pass_yds,160.0,-630,Los Angeles Rams @ Denver Broncos,2026-09-28T00:20:00Z
Bo Nix,pass_yds,170.0,-429,Los Angeles Rams @ Denver Broncos,2026-09-28T00:20:00Z
Bo Nix,pass_yds,180.0,-307,Los Angeles Rams @ Denver Broncos,2026-09-28T00:20:00Z
Bo Nix,pass_yds,190.0,-224,Los Angeles Rams @ Denver Broncos,2026-09-28T00:20:00Z
Bo Nix,pass_yds,200.0,-166,Los Angeles Rams @ Denver Broncos,2026-09-28T00:20:00Z
Bo Nix,pass_yds,210.0,-123,Los Angeles Rams @ Denver Broncos,2026-09-28T00:20:00Z
Bo Nix,pass_yds,213.0,-113,Los Angeles Rams @ Denver Broncos,2026-09-28T00:20:00Z
Bo Nix,pass_yds,220.0,108,Los Angeles Rams @ Denver Broncos,2026-09-28T00:20:00Z
Bo Nix,pass_yds,230.0,142,Los Angeles Rams @ Denver Broncos,2026-09-28T00:20:00Z
Bo Nix,pass_yds,240.0,184,Los Angeles Rams @ Denver Broncos,2026-09-28T00:20:00Z
Bo Nix,pass_yds,250.0,240,Los Angeles Rams @ Denver Broncos,2026-09-28T00:20:00Z
Bo Nix,pass_yds,260.0,311,Los Angeles Rams @ Denver Broncos,2026-09-28T00:20:00Z
Bo Nix,pass_yds,270.0,404,Los Angeles Rams @ Denver Broncos,2026-09-28T00:20:00Z
Bo Nix,pass_yds,280.0,523,Los Angeles Rams @ Denver Broncos,2026-09-28T00:20:00Z
Bo Nix,pass_yds,290.0,690,Los Angeles Rams @ Denver Broncos,2026-09-28T00:20:00Z
Bo Nix,pass_yds,300.0,910,Los Angeles Rams @ Denver Broncos,2026-09-28T00:20:00Z
Bo Nix,pass_yds,310.0,1200,Los Angeles Rams @ Denver Broncos,2026-09-28T00:20:00Z
Bo Nix,pass_yds,320.0,1580,Los Angeles Rams @ Denver Broncos,2026-09-28T00:20:00Z
Bo Nix,pass_yds,330.0,2000,Los Angeles Rams @ Denver Broncos,2026-09-28T00:20:00Z
Bo Nix,pass_yds,340.0,2600,Los Angeles Rams @ Denver Broncos,2026-09-28T00:20:00Z
Bo Nix,pass_yds,350.0,3200,Los Angeles Rams @ Denver Broncos,2026-09-28T00:20:00Z
Bo Nix,pass_yds,360.0,4000,Los Angeles Rams @ Denver Broncos,2026-09-28T00:20:00Z
Jaylen Waddle,rec_yds,15.0,-2900,Los Angeles Rams @ Denver Broncos,2026-09-28T00:20:00Z
Jaylen Waddle,rec_yds,25.0,-880,Los Angeles Rams @ Denver Broncos,2026-09-28T00:20:00Z
Jaylen Waddle,rec_yds,40.0,-301,Los Angeles Rams @ Denver Broncos,2026-09-28T00:20:00Z
Jaylen Waddle,rec_yds,50.0,-176,Los Angeles Rams @ Denver Broncos,2026-09-28T00:20:00Z
Jaylen Waddle,rec_yds,60.0,-110,Los Angeles Rams @ Denver Broncos,2026-09-28T00:20:00Z
Jaylen Waddle,rec_yds,70.0,144,Los Angeles Rams @ Denver Broncos,2026-09-28T00:20:00Z
Jaylen Waddle,rec_yds,80.0,219,Los Angeles Rams @ Denver Broncos,2026-09-28T00:20:00Z
Jaylen Waddle,rec_yds,90.0,326,Los Angeles Rams @ Denver Broncos,2026-09-28T00:20:00Z
Jaylen Waddle,rec_yds,100.0,480,Los Angeles Rams @ Denver Broncos,2026-09-28T00:20:00Z
Jaylen Waddle,rec_yds,110.0,710,Los Angeles Rams @ Denver Broncos,2026-09-28T00:20:00Z
Jaylen Waddle,rec_yds,120.0,1040,Los Angeles Rams @ Denver Broncos,2026-09-28T00:20:00Z
Jaylen Waddle,rec_yds,130.0,1480,Los Angeles Rams @ Denver Broncos,2026-09-28T00:20:00Z
Jaylen Waddle,rec_yds,140.0,2000,Los Angeles Rams @ Denver Broncos,2026-09-28T00:20:00Z
Jaylen Waddle,rec_yds,150.0,2800,Los Angeles Rams @ Denver Broncos,2026-09-28T00:20:00Z
Jaylen Waddle,rec_yds,160.0,3800,Los Angeles Rams @ Denver Broncos,2026-09-28T00:20:00Z
Jaylen Waddle,receptions,3.0,-1020,Los Angeles Rams @ Denver Broncos,2026-09-28T00:20:00Z
Jaylen Waddle,receptions,4.0,-338,Los Angeles Rams @ Denver Broncos,2026-09-28T00:20:00Z
Jaylen Waddle,receptions,5.0,-150,Los Angeles Rams @ Denver Broncos,2026-09-28T00:20:00Z
Jaylen Waddle,receptions,6.0,135,Los Angeles Rams @ Denver Broncos,2026-09-28T00:20:00Z
Jaylen Waddle,receptions,7.0,258,Los Angeles Rams @ Denver Broncos,2026-09-28T00:20:00Z
Jaylen Waddle,receptions,8.0,488,Los Angeles Rams @ Denver Broncos,2026-09-28T00:20:00Z
Jaylen Waddle,receptions,9.0,910,Los Angeles Rams @ Denver Broncos,2026-09-28T00:20:00Z
Jaylen Waddle,receptions,10.0,1580,Los Angeles Rams @ Denver Broncos,2026-09-28T00:20:00Z
Jaylen Waddle,receptions,11.0,2500,Los Angeles Rams @ Denver Broncos,2026-09-28T00:20:00Z
Kyren Williams,rush_att,8.0,-1620,Los Angeles Rams @ Denver Broncos,2026-09-28T00:20:00Z
Kyren Williams,rush_att,10.0,-512,Los Angeles Rams @ Denver Broncos,2026-09-28T00:20:00Z
Kyren Williams,rush_att,12.0,-220,Los Angeles Rams @ Denver Broncos,2026-09-28T00:20:00Z
Kyren Williams,rush_att,14.0,-108,Los Angeles Rams @ Denver Broncos,2026-09-28T00:20:00Z
Kyren Williams,rush_att,16.0,181,Los Angeles Rams @ Denver Broncos,2026-09-28T00:20:00Z
Kyren Williams,rush_att,18.0,347,Los Angeles Rams @ Denver Broncos,2026-09-28T00:20:00Z
Kyren Williams,rush_att,20.0,680,Los Angeles Rams @ Denver Broncos,2026-09-28T00:20:00Z
Kyren Williams,rush_att,22.0,1260,Los Angeles Rams @ Denver Broncos,2026-09-28T00:20:00Z
Blake Corum,rush_att,6.0,-3000,Los Angeles Rams @ Denver Broncos,2026-09-28T00:20:00Z
Blake Corum,rush_att,8.0,-620,Los Angeles Rams @ Denver Broncos,2026-09-28T00:20:00Z
Blake Corum,rush_att,10.0,-223,Los Angeles Rams @ Denver Broncos,2026-09-28T00:20:00Z
Blake Corum,rush_att,12.0,100,Los Angeles Rams @ Denver Broncos,2026-09-28T00:20:00Z
Blake Corum,rush_att,14.0,210,Los Angeles Rams @ Denver Broncos,2026-09-28T00:20:00Z
Blake Corum,rush_att,16.0,422,Los Angeles Rams @ Denver Broncos,2026-09-28T00:20:00Z
Blake Corum,rush_att,18.0,840,Los Angeles Rams @ Denver Broncos,2026-09-28T00:20:00Z
Blake Corum,rush_att,20.0,1600,Los Angeles Rams @ Denver Broncos,2026-09-28T00:20:00Z
Bo Nix,rush_att,2.0,-2900,Los Angeles Rams @ Denver Broncos,2026-09-28T00:20:00Z
Bo Nix,rush_att,4.0,-279,Los Angeles Rams @ Denver Broncos,2026-09-28T00:20:00Z
Bo Nix,rush_att,5.0,-136,Los Angeles Rams @ Denver Broncos,2026-09-28T00:20:00Z
Bo Nix,rush_att,6.0,139,Los Angeles Rams @ Denver Broncos,2026-09-28T00:20:00Z
Bo Nix,rush_att,8.0,437,Los Angeles Rams @ Denver Broncos,2026-09-28T00:20:00Z
Bo Nix,rush_att,10.0,1280,Los Angeles Rams @ Denver Broncos,2026-09-28T00:20:00Z
Kyren Williams,rush_yds,20.0,-2500,Los Angeles Rams @ Denver Broncos,2026-09-28T00:20:00Z
Kyren Williams,rush_yds,25.0,-1240,Los Angeles Rams @ Denver Broncos,2026-09-28T00:20:00Z
Kyren Williams,rush_yds,30.0,-700,Los Angeles Rams @ Denver Broncos,2026-09-28T00:20:00Z
Kyren Williams,rush_yds,40.0,-305,Los Angeles Rams @ Denver Broncos,2026-09-28T00:20:00Z
Kyren Williams,rush_yds,50.0,-158,Los Angeles Rams @ Denver Broncos,2026-09-28T00:20:00Z
Kyren Williams,rush_yds,56.0,-112,Los Angeles Rams @ Denver Broncos,2026-09-28T00:20:00Z
Kyren Williams,rush_yds,60.0,109,Los Angeles Rams @ Denver Broncos,2026-09-28T00:20:00Z
Kyren Williams,rush_yds,70.0,179,Los Angeles Rams @ Denver Broncos,2026-09-28T00:20:00Z
Kyren Williams,rush_yds,80.0,285,Los Angeles Rams @ Denver Broncos,2026-09-28T00:20:00Z
Kyren Williams,rush_yds,90.0,438,Los Angeles Rams @ Denver Broncos,2026-09-28T00:20:00Z
Kyren Williams,rush_yds,100.0,670,Los Angeles Rams @ Denver Broncos,2026-09-28T00:20:00Z
Kyren Williams,rush_yds,110.0,980,Los Angeles Rams @ Denver Broncos,2026-09-28T00:20:00Z
Kyren Williams,rush_yds,120.0,1440,Los Angeles Rams @ Denver Broncos,2026-09-28T00:20:00Z
Kyren Williams,rush_yds,130.0,2100,Los Angeles Rams @ Denver Broncos,2026-09-28T00:20:00Z
Kyren Williams,rush_yds,140.0,2900,Los Angeles Rams @ Denver Broncos,2026-09-28T00:20:00Z
Kyren Williams,rush_yds,150.0,3800,Los Angeles Rams @ Denver Broncos,2026-09-28T00:20:00Z
Blake Corum,rush_yds,15.0,-2900,Los Angeles Rams @ Denver Broncos,2026-09-28T00:20:00Z
Blake Corum,rush_yds,20.0,-1180,Los Angeles Rams @ Denver Broncos,2026-09-28T00:20:00Z
Blake Corum,rush_yds,25.0,-640,Los Angeles Rams @ Denver Broncos,2026-09-28T00:20:00Z
Blake Corum,rush_yds,30.0,-385,Los Angeles Rams @ Denver Broncos,2026-09-28T00:20:00Z
Blake Corum,rush_yds,40.0,-172,Los Angeles Rams @ Denver Broncos,2026-09-28T00:20:00Z
Blake Corum,rush_yds,47.0,-109,Los Angeles Rams @ Denver Broncos,2026-09-28T00:20:00Z
Blake Corum,rush_yds,50.0,110,Los Angeles Rams @ Denver Broncos,2026-09-28T00:20:00Z
Blake Corum,rush_yds,60.0,190,Los Angeles Rams @ Denver Broncos,2026-09-28T00:20:00Z
Blake Corum,rush_yds,70.0,315,Los Angeles Rams @ Denver Broncos,2026-09-28T00:20:00Z
Blake Corum,rush_yds,80.0,517,Los Angeles Rams @ Denver Broncos,2026-09-28T00:20:00Z
Blake Corum,rush_yds,90.0,820,Los Angeles Rams @ Denver Broncos,2026-09-28T00:20:00Z
Blake Corum,rush_yds,100.0,1260,Los Angeles Rams @ Denver Broncos,2026-09-28T00:20:00Z
Blake Corum,rush_yds,110.0,1920,Los Angeles Rams @ Denver Broncos,2026-09-28T00:20:00Z
Blake Corum,rush_yds,120.0,2700,Los Angeles Rams @ Denver Broncos,2026-09-28T00:20:00Z
Blake Corum,rush_yds,130.0,3900,Los Angeles Rams @ Denver Broncos,2026-09-28T00:20:00Z
Bo Nix,rush_yds,10.0,-297,Los Angeles Rams @ Denver Broncos,2026-09-28T00:20:00Z
Bo Nix,rush_yds,15.0,-159,Los Angeles Rams @ Denver Broncos,2026-09-28T00:20:00Z
Bo Nix,rush_yds,18.0,-117,Los Angeles Rams @ Denver Broncos,2026-09-28T00:20:00Z
Bo Nix,rush_yds,20.0,103,Los Angeles Rams @ Denver Broncos,2026-09-28T00:20:00Z
Bo Nix,rush_yds,25.0,161,Los Angeles Rams @ Denver Broncos,2026-09-28T00:20:00Z
Bo Nix,rush_yds,30.0,240,Los Angeles Rams @ Denver Broncos,2026-09-28T00:20:00Z
Bo Nix,rush_yds,40.0,504,Los Angeles Rams @ Denver Broncos,2026-09-28T00:20:00Z
Bo Nix,rush_yds,50.0,980,Los Angeles Rams @ Denver Broncos,2026-09-28T00:20:00Z
Bo Nix,rush_yds,60.0,1740,Los Angeles Rams @ Denver Broncos,2026-09-28T00:20:00Z
Bo Nix,rush_yds,70.0,2900,Los Angeles Rams @ Denver Broncos,2026-09-28T00:20:00Z
Matthew Stafford,rush_yds,1.0,136,Los Angeles Rams @ Denver Broncos,2026-09-28T00:20:00Z
Matthew Stafford,rush_yds,10.0,720,Los Angeles Rams @ Denver Broncos,2026-09-28T00:20:00Z
Matthew Stafford,rush_yds,15.0,1420,Los Angeles Rams @ Denver Broncos,2026-09-28T00:20:00Z
Matthew Stafford,rush_yds,20.0,2400,Los Angeles Rams @ Denver Broncos,2026-09-28T00:20:00Z
Matthew Stafford,rush_yds,25.0,3600,Los Angeles Rams @ Denver Broncos,2026-09-28T00:20:00Z
